[2025-12-03 09:07:00] local.INFO: All active products count: 1  
[2025-12-03 09:07:00] local.INFO: Product ID 12 (tegfgf): Current stock = 0  
[2025-12-03 09:07:00] local.INFO: Product tegfgf has zero or negative stock: 0  
[2025-12-03 09:07:00] local.INFO: Final Alerts Result: {"critical_count":0,"low_count":0,"total_products_checked":1} 
[2025-12-03 09:07:47] local.INFO: Token refresh edildi  
[2025-12-03 09:07:48] local.INFO: Paraşüt token cache'den alındı  
[2025-12-03 09:07:48] local.INFO: Paraşüt token cache'den alındı  
[2025-12-03 09:07:48] local.INFO: Paraşüt API isteği {"method":"get","url":"https://api.heroku-staging.parasut.com/v4/34746/sales_invoices/2349414"} 
[2025-12-03 09:14:44] local.INFO: Paraşüt token cache'den alındı  
[2025-12-03 09:14:44] local.INFO: Paraşüt token cache'den alındı  
[2025-12-03 09:14:44] local.INFO: Paraşüt token cache'den alındı  
[2025-12-03 09:14:44] local.INFO: Paraşüt API isteği {"method":"get","url":"https://api.heroku-staging.parasut.com/v4/34746/sales_invoices/2349405"} 
[2025-12-03 09:19:40] local.INFO: Paraşüt token cache'den alındı  
[2025-12-03 09:19:40] local.INFO: Paraşüt token cache'den alındı  
[2025-12-03 09:19:40] local.INFO: Müşteri e-fatura durumu kontrol ediliyor {"vkn":"7171717171"} 
[2025-12-03 09:19:40] local.INFO: Paraşüt API isteği {"method":"get","url":"https://api.heroku-staging.parasut.com/v4/34746/e_invoice_inboxes"} 
[2025-12-03 09:19:41] local.INFO: Müşteri e-fatura durumu kontrol edildi {"vkn":"7171717171","is_e_invoice_user":true,"inbox_count":1} 
[2025-12-03 09:19:41] local.INFO: Fatura e-Fatura olarak resmileştiriliyor {"invoice_id":"2349405","vkn":"7171717171","scenario":"basic"} 
[2025-12-03 09:19:41] local.INFO: Paraşüt API isteği {"method":"post","url":"https://api.heroku-staging.parasut.com/v4/34746/e_invoices"} 
[2025-12-03 09:19:41] local.ERROR: Paraşüt API Hatası {"method":"post","endpoint":"e_invoices","error":"API Hatası: {\"errors\":[{\"title\":\"Bad Request\",\"detail\":\"invoice-\\u003edata-\\u003etype must be: sales_invoices\"}]}"} 
[2025-12-03 09:19:41] local.ERROR: e-Fatura resmileştirme hatası: API Hatası: {"errors":[{"title":"Bad Request","detail":"invoice-\u003edata-\u003etype must be: sales_invoices"}]}  
[2025-12-03 09:24:18] local.INFO: Paraşüt token cache'den alındı  
[2025-12-03 09:24:18] local.INFO: Paraşüt token cache'den alındı  
[2025-12-03 09:24:18] local.INFO: Müşteri e-fatura durumu kontrol ediliyor {"vkn":"7171717171"} 
[2025-12-03 09:24:18] local.INFO: Paraşüt API isteği {"method":"get","url":"https://api.heroku-staging.parasut.com/v4/34746/e_invoice_inboxes"} 
[2025-12-03 09:24:19] local.INFO: Müşteri e-fatura durumu kontrol edildi {"vkn":"7171717171","is_e_invoice_user":true,"inbox_count":1} 
[2025-12-03 09:24:19] local.INFO: Fatura e-Fatura olarak resmileştiriliyor {"invoice_id":"2349405","vkn":"7171717171","scenario":"basic"} 
[2025-12-03 09:24:19] local.INFO: Paraşüt API isteği {"method":"post","url":"https://api.heroku-staging.parasut.com/v4/34746/e_invoices"} 
[2025-12-03 09:24:43] local.INFO: Paraşüt token cache'den alındı  
[2025-12-03 09:24:43] local.INFO: Paraşüt token cache'den alındı  
[2025-12-03 09:24:43] local.INFO: Paraşüt API isteği {"method":"get","url":"https://api.heroku-staging.parasut.com/v4/34746/sales_invoices/2349405"} 
[2025-12-03 09:27:25] local.INFO: Paraşüt token cache'den alındı  
[2025-12-03 09:27:25] local.INFO: Paraşüt token cache'den alındı  
[2025-12-03 09:27:25] local.INFO: Müşteri e-fatura durumu kontrol ediliyor {"vkn":"7171717171"} 
[2025-12-03 09:27:25] local.INFO: Paraşüt API isteği {"method":"get","url":"https://api.heroku-staging.parasut.com/v4/34746/e_invoice_inboxes"} 
[2025-12-03 09:27:25] local.INFO: Müşteri e-fatura durumu kontrol edildi {"vkn":"7171717171","is_e_invoice_user":true,"inbox_count":1} 
[2025-12-03 09:27:25] local.INFO: Fatura e-Fatura olarak resmileştiriliyor {"invoice_id":"2349405","vkn":"7171717171","scenario":"basic"} 
[2025-12-03 09:27:25] local.INFO: Paraşüt API isteği {"method":"post","url":"https://api.heroku-staging.parasut.com/v4/34746/e_invoices"} 
[2025-12-03 09:27:42] local.INFO: Paraşüt token cache'den alındı  
[2025-12-03 09:27:42] local.INFO: Paraşüt token cache'den alındı  
[2025-12-03 09:27:42] local.INFO: Paraşüt API isteği {"method":"get","url":"https://api.heroku-staging.parasut.com/v4/34746/sales_invoices/2349405"} 
[2025-12-03 09:29:33] local.INFO: Paraşüt token cache'den alındı  
[2025-12-03 09:29:33] local.INFO: Paraşüt token cache'den alındı  
[2025-12-03 09:29:33] local.INFO: Müşteri e-fatura durumu kontrol ediliyor {"vkn":"7171717171"} 
[2025-12-03 09:29:33] local.INFO: Paraşüt API isteği {"method":"get","url":"https://api.heroku-staging.parasut.com/v4/34746/e_invoice_inboxes"} 
[2025-12-03 09:29:33] local.INFO: Müşteri e-fatura durumu kontrol edildi {"vkn":"7171717171","is_e_invoice_user":true,"inbox_count":1} 
[2025-12-03 09:29:33] local.INFO: Fatura e-Fatura olarak resmileştiriliyor {"invoice_id":"2349405","vkn":"7171717171","scenario":"basic"} 
[2025-12-03 09:29:33] local.INFO: Paraşüt API isteği {"method":"post","url":"https://api.heroku-staging.parasut.com/v4/34746/e_invoices"} 
[2025-12-03 09:29:38] local.INFO: Paraşüt token cache'den alındı  
[2025-12-03 09:29:38] local.INFO: Paraşüt token cache'den alındı  
[2025-12-03 09:29:38] local.INFO: Paraşüt API isteği {"method":"get","url":"https://api.heroku-staging.parasut.com/v4/34746/sales_invoices/2349405"} 
[2025-12-03 09:40:11] local.INFO: Paraşüt token cache'den alındı  
[2025-12-03 09:40:11] local.INFO: Paraşüt token cache'den alındı  
[2025-12-03 09:40:11] local.INFO: Müşteri e-fatura durumu kontrol ediliyor {"vkn":"7171717171"} 
[2025-12-03 09:40:11] local.INFO: Paraşüt API isteği {"method":"get","url":"https://api.heroku-staging.parasut.com/v4/34746/e_invoice_inboxes"} 
[2025-12-03 09:40:12] local.INFO: Müşteri e-fatura durumu kontrol edildi {"vkn":"7171717171","is_e_invoice_user":true,"inbox_count":1} 
[2025-12-03 09:40:12] local.INFO: Fatura e-Fatura olarak resmileştiriliyor {"invoice_id":"2349405","vkn":"7171717171","scenario":"basic"} 
[2025-12-03 09:40:12] local.INFO: Paraşüt API isteği {"method":"post","url":"https://api.heroku-staging.parasut.com/v4/34746/e_invoices"} 
[2025-12-03 09:40:24] local.INFO: Paraşüt token cache'den alındı  
[2025-12-03 09:40:24] local.INFO: Paraşüt token cache'den alındı  
[2025-12-03 09:40:24] local.INFO: Paraşüt API isteği {"method":"get","url":"https://api.heroku-staging.parasut.com/v4/34746/sales_invoices/2349405"} 
[2025-12-03 09:52:44] local.INFO: Paraşüt token cache'den alındı  
[2025-12-03 09:52:44] local.INFO: Paraşüt token cache'den alındı  
[2025-12-03 09:52:44] local.INFO: Müşteri e-fatura durumu kontrol ediliyor {"vkn":"7171717171"} 
[2025-12-03 09:52:44] local.INFO: Paraşüt API isteği {"method":"get","url":"https://api.heroku-staging.parasut.com/v4/34746/e_invoice_inboxes"} 
[2025-12-03 09:52:44] local.INFO: Müşteri e-fatura durumu kontrol edildi {"vkn":"7171717171","is_e_invoice_user":true,"inbox_alias":null,"inbox_count":1} 
[2025-12-03 09:52:44] local.INFO: Fatura e-Fatura olarak resmileştiriliyor {"invoice_id":"2349405","vkn":"7171717171","scenario":"basic"} 
[2025-12-03 09:52:44] local.INFO: E-Fatura inbox alias alınıyor {"vkn":"7171717171"} 
[2025-12-03 09:52:44] local.INFO: Paraşüt API isteği {"method":"get","url":"https://api.heroku-staging.parasut.com/v4/34746/e_invoice_inboxes"} 
[2025-12-03 09:52:45] local.INFO: E-Fatura inbox alias bulundu {"vkn":"7171717171","alias":null} 
[2025-12-03 09:52:45] local.ERROR: e-Fatura resmileştirme hatası: VKN '7171717171' için e-Fatura gelen kutusu bulunamadı. Müşteri e-Fatura mükellefi olmayabilir. {"invoice_id":"2349405","vkn":"7171717171","trace":"#0 C:\\xampp\\htdocs\\serbiscrm\\app\\Http\\Controllers\\Frontend\\InvoicesController.php(1189): App\\Services\\InvoiceIntegrations\\ParasutService->formalizeAsEInvoice('2349405', '7171717171', 'basic')
#1 C:\\xampp\\htdocs\\serbiscrm\\vendor\\laravel\\framework\\src\\Illuminate\\Routing\\Controller.php(54): App\\Http\\Controllers\\Frontend\\InvoicesController->formalizeInvoice(Object(Illuminate\\Http\\Request), '27')
#2 C:\\xampp\\htdocs\\serbiscrm\\vendor\\laravel\\framework\\src\\Illuminate\\Routing\\ControllerDispatcher.php(43): Illuminate\\Routing\\Controller->callAction('formalizeInvoic...', Array)
#3 C:\\xampp\\htdocs\\serbiscrm\\vendor\\laravel\\framework\\src\\Illuminate\\Routing\\Route.php(259): Illuminate\\Routing\\ControllerDispatcher->dispatch(Object(Illuminate\\Routing\\Route), Object(App\\Http\\Controllers\\Frontend\\InvoicesController), 'formalizeInvoic...')
#4 C:\\xampp\\htdocs\\serbiscrm\\vendor\\laravel\\framework\\src\\Illuminate\\Routing\\Route.php(205): Illuminate\\Routing\\Route->runController()
#5 C:\\xampp\\htdocs\\serbiscrm\\vendor\\laravel\\framework\\src\\Illuminate\\Routing\\Router.php(799): Illuminate\\Routing\\Route->run()
#6 C:\\xampp\\htdocs\\serbiscrm\\vendor\\laravel\\framework\\src\\Illuminate\\Pipeline\\Pipeline.php(141): Illuminate\\Routing\\Router->Illuminate\\Routing\\{closure}(Object(Illuminate\\Http\\Request))
#7 C:\\xampp\\htdocs\\serbiscrm\\app\\Http\\Middleware\\CheckTenantStatus.php(40): Illuminate\\Pipeline\\Pipeline->Illuminate\\Pipeline\\{closure}(Object(Illuminate\\Http\\Request))
#8 C:\\xampp\\htdocs\\serbiscrm\\vendor\\laravel\\framework\\src\\Illuminate\\Pipeline\\Pipeline.php(180): App\\Http\\Middleware\\CheckTenantStatus->handle(Object(Illuminate\\Http\\Request), Object(Closure))
#9 C:\\xampp\\htdocs\\serbiscrm\\app\\Http\\Middleware\\HandleRedirectAfterLogin.php(28): Illuminate\\Pipeline\\Pipeline->Illuminate\\Pipeline\\{closure}(Object(Illuminate\\Http\\Request))
#10 C:\\xampp\\htdocs\\serbiscrm\\vendor\\laravel\\framework\\src\\Illuminate\\Pipeline\\Pipeline.php(180): App\\Http\\Middleware\\HandleRedirectAfterLogin->handle(Object(Illuminate\\Http\\Request), Object(Closure))
#11 C:\\xampp\\htdocs\\serbiscrm\\app\\Http\\Middleware\\CheckCompanySubscription.php(32): Illuminate\\Pipeline\\Pipeline->Illuminate\\Pipeline\\{closure}(Object(Illuminate\\Http\\Request))
#12 C:\\xampp\\htdocs\\serbiscrm\\vendor\\laravel\\framework\\src\\Illuminate\\Pipeline\\Pipeline.php(180): App\\Http\\Middleware\\CheckCompanySubscription->handle(Object(Illuminate\\Http\\Request), Object(Closure))
#13 C:\\xampp\\htdocs\\serbiscrm\\app\\Http\\Middleware\\CheckTenantId.php(43): Illuminate\\Pipeline\\Pipeline->Illuminate\\Pipeline\\{closure}(Object(Illuminate\\Http\\Request))
#14 C:\\xampp\\htdocs\\serbiscrm\\vendor\\laravel\\framework\\src\\Illuminate\\Pipeline\\Pipeline.php(180): App\\Http\\Middleware\\CheckTenantId->handle(Object(Illuminate\\Http\\Request), Object(Closure))
#15 C:\\xampp\\htdocs\\serbiscrm\\app\\Http\\Middleware\\CheckTrialStatus.php(28): Illuminate\\Pipeline\\Pipeline->Illuminate\\Pipeline\\{closure}(Object(Illuminate\\Http\\Request))
#16 C:\\xampp\\htdocs\\serbiscrm\\vendor\\laravel\\framework\\src\\Illuminate\\Pipeline\\Pipeline.php(180): App\\Http\\Middleware\\CheckTrialStatus->handle(Object(Illuminate\\Http\\Request), Object(Closure))
#17 C:\\xampp\\htdocs\\serbiscrm\\vendor\\laravel\\framework\\src\\Illuminate\\Routing\\Middleware\\SubstituteBindings.php(50): Illuminate\\Pipeline\\Pipeline->Illuminate\\Pipeline\\{closure}(Object(Illuminate\\Http\\Request))
#18 C:\\xampp\\htdocs\\serbiscrm\\vendor\\laravel\\framework\\src\\Illuminate\\Pipeline\\Pipeline.php(180): Illuminate\\Routing\\Middleware\\SubstituteBindings->handle(Object(Illuminate\\Http\\Request), Object(Closure))
#19 C:\\xampp\\htdocs\\serbiscrm\\vendor\\laravel\\framework\\src\\Illuminate\\Auth\\Middleware\\Authenticate.php(57): Illuminate\\Pipeline\\Pipeline->Illuminate\\Pipeline\\{closure}(Object(Illuminate\\Http\\Request))
#20 C:\\xampp\\htdocs\\serbiscrm\\vendor\\laravel\\framework\\src\\Illuminate\\Pipeline\\Pipeline.php(180): Illuminate\\Auth\\Middleware\\Authenticate->handle(Object(Illuminate\\Http\\Request), Object(Closure))
#21 C:\\xampp\\htdocs\\serbiscrm\\vendor\\laravel\\framework\\src\\Illuminate\\Foundation\\Http\\Middleware\\VerifyCsrfToken.php(78): Illuminate\\Pipeline\\Pipeline->Illuminate\\Pipeline\\{closure}(Object(Illuminate\\Http\\Request))
#22 C:\\xampp\\htdocs\\serbiscrm\\vendor\\laravel\\framework\\src\\Illuminate\\Pipeline\\Pipeline.php(180): Illuminate\\Foundation\\Http\\Middleware\\VerifyCsrfToken->handle(Object(Illuminate\\Http\\Request), Object(Closure))
#23 C:\\xampp\\htdocs\\serbiscrm\\vendor\\laravel\\framework\\src\\Illuminate\\View\\Middleware\\ShareErrorsFromSession.php(49): Illuminate\\Pipeline\\Pipeline->Illuminate\\Pipeline\\{closure}(Object(Illuminate\\Http\\Request))
#24 C:\\xampp\\htdocs\\serbiscrm\\vendor\\laravel\\framework\\src\\Illuminate\\Pipeline\\Pipeline.php(180): Illuminate\\View\\Middleware\\ShareErrorsFromSession->handle(Object(Illuminate\\Http\\Request), Object(Closure))
#25 C:\\xampp\\htdocs\\serbiscrm\\vendor\\laravel\\framework\\src\\Illuminate\\Session\\Middleware\\StartSession.php(121): Illuminate\\Pipeline\\Pipeline->Illuminate\\Pipeline\\{closure}(Object(Illuminate\\Http\\Request))
#26 C:\\xampp\\htdocs\\serbiscrm\\vendor\\laravel\\framework\\src\\Illuminate\\Session\\Middleware\\StartSession.php(64): Illuminate\\Session\\Middleware\\StartSession->handleStatefulRequest(Object(Illuminate\\Http\\Request), Object(Illuminate\\Session\\Store), Object(Closure))
#27 C:\\xampp\\htdocs\\serbiscrm\\vendor\\laravel\\framework\\src\\Illuminate\\Pipeline\\Pipeline.php(180): Illuminate\\Session\\Middleware\\StartSession->handle(Object(Illuminate\\Http\\Request), Object(Closure))
#28 C:\\xampp\\htdocs\\serbiscrm\\vendor\\laravel\\framework\\src\\Illuminate\\Cookie\\Middleware\\AddQueuedCookiesToResponse.php(37): Illuminate\\Pipeline\\Pipeline->Illuminate\\Pipeline\\{closure}(Object(Illuminate\\Http\\Request))
#29 C:\\xampp\\htdocs\\serbiscrm\\vendor\\laravel\\framework\\src\\Illuminate\\Pipeline\\Pipeline.php(180): Illuminate\\Cookie\\Middleware\\AddQueuedCookiesToResponse->handle(Object(Illuminate\\Http\\Request), Object(Closure))
#30 C:\\xampp\\htdocs\\serbiscrm\\vendor\\laravel\\framework\\src\\Illuminate\\Cookie\\Middleware\\EncryptCookies.php(67): Illuminate\\Pipeline\\Pipeline->Illuminate\\Pipeline\\{closure}(Object(Illuminate\\Http\\Request))
#31 C:\\xampp\\htdocs\\serbiscrm\\vendor\\laravel\\framework\\src\\Illuminate\\Pipeline\\Pipeline.php(180): Illuminate\\Cookie\\Middleware\\EncryptCookies->handle(Object(Illuminate\\Http\\Request), Object(Closure))
#32 C:\\xampp\\htdocs\\serbiscrm\\vendor\\laravel\\framework\\src\\Illuminate\\Pipeline\\Pipeline.php(116): Illuminate\\Pipeline\\Pipeline->Illuminate\\Pipeline\\{closure}(Object(Illuminate\\Http\\Request))
#33 C:\\xampp\\htdocs\\serbiscrm\\vendor\\laravel\\framework\\src\\Illuminate\\Routing\\Router.php(798): Illuminate\\Pipeline\\Pipeline->then(Object(Closure))
#34 C:\\xampp\\htdocs\\serbiscrm\\vendor\\laravel\\framework\\src\\Illuminate\\Routing\\Router.php(777): Illuminate\\Routing\\Router->runRouteWithinStack(Object(Illuminate\\Routing\\Route), Object(Illuminate\\Http\\Request))
#35 C:\\xampp\\htdocs\\serbiscrm\\vendor\\laravel\\framework\\src\\Illuminate\\Routing\\Router.php(741): Illuminate\\Routing\\Router->runRoute(Object(Illuminate\\Http\\Request), Object(Illuminate\\Routing\\Route))
#36 C:\\xampp\\htdocs\\serbiscrm\\vendor\\laravel\\framework\\src\\Illuminate\\Routing\\Router.php(730): Illuminate\\Routing\\Router->dispatchToRoute(Object(Illuminate\\Http\\Request))
#37 C:\\xampp\\htdocs\\serbiscrm\\vendor\\laravel\\framework\\src\\Illuminate\\Foundation\\Http\\Kernel.php(200): Illuminate\\Routing\\Router->dispatch(Object(Illuminate\\Http\\Request))
#38 C:\\xampp\\htdocs\\serbiscrm\\vendor\\laravel\\framework\\src\\Illuminate\\Pipeline\\Pipeline.php(141): Illuminate\\Foundation\\Http\\Kernel->Illuminate\\Foundation\\Http\\{closure}(Object(Illuminate\\Http\\Request))
#39 C:\\xampp\\htdocs\\serbiscrm\\app\\Http\\Middleware\\ImpersonationMiddleware.php(51): Illuminate\\Pipeline\\Pipeline->Illuminate\\Pipeline\\{closure}(Object(Illuminate\\Http\\Request))
#40 C:\\xampp\\htdocs\\serbiscrm\\vendor\\laravel\\framework\\src\\Illuminate\\Pipeline\\Pipeline.php(180): App\\Http\\Middleware\\ImpersonationMiddleware->handle(Object(Illuminate\\Http\\Request), Object(Closure))
#41 C:\\xampp\\htdocs\\serbiscrm\\vendor\\laravel\\framework\\src\\Illuminate\\Foundation\\Http\\Middleware\\TransformsRequest.php(21): Illuminate\\Pipeline\\Pipeline->Illuminate\\Pipeline\\{closure}(Object(Illuminate\\Http\\Request))
#42 C:\\xampp\\htdocs\\serbiscrm\\vendor\\laravel\\framework\\src\\Illuminate\\Foundation\\Http\\Middleware\\ConvertEmptyStringsToNull.php(31): Illuminate\\Foundation\\Http\\Middleware\\TransformsRequest->handle(Object(Illuminate\\Http\\Request), Object(Closure))
#43 C:\\xampp\\htdocs\\serbiscrm\\vendor\\laravel\\framework\\src\\Illuminate\\Pipeline\\Pipeline.php(180): Illuminate\\Foundation\\Http\\Middleware\\ConvertEmptyStringsToNull->handle(Object(Illuminate\\Http\\Request), Object(Closure))
#44 C:\\xampp\\htdocs\\serbiscrm\\vendor\\laravel\\framework\\src\\Illuminate\\Foundation\\Http\\Middleware\\TransformsRequest.php(21): Illuminate\\Pipeline\\Pipeline->Illuminate\\Pipeline\\{closure}(Object(Illuminate\\Http\\Request))
#45 C:\\xampp\\htdocs\\serbiscrm\\vendor\\laravel\\framework\\src\\Illuminate\\Foundation\\Http\\Middleware\\TrimStrings.php(40): Illuminate\\Foundation\\Http\\Middleware\\TransformsRequest->handle(Object(Illuminate\\Http\\Request), Object(Closure))
#46 C:\\xampp\\htdocs\\serbiscrm\\vendor\\laravel\\framework\\src\\Illuminate\\Pipeline\\Pipeline.php(180): Illuminate\\Foundation\\Http\\Middleware\\TrimStrings->handle(Object(Illuminate\\Http\\Request), Object(Closure))
#47 C:\\xampp\\htdocs\\serbiscrm\\vendor\\laravel\\framework\\src\\Illuminate\\Foundation\\Http\\Middleware\\ValidatePostSize.php(27): Illuminate\\Pipeline\\Pipeline->Illuminate\\Pipeline\\{closure}(Object(Illuminate\\Http\\Request))
#48 C:\\xampp\\htdocs\\serbiscrm\\vendor\\laravel\\framework\\src\\Illuminate\\Pipeline\\Pipeline.php(180): Illuminate\\Foundation\\Http\\Middleware\\ValidatePostSize->handle(Object(Illuminate\\Http\\Request), Object(Closure))
#49 C:\\xampp\\htdocs\\serbiscrm\\vendor\\laravel\\framework\\src\\Illuminate\\Foundation\\Http\\Middleware\\PreventRequestsDuringMaintenance.php(99): Illuminate\\Pipeline\\Pipeline->Illuminate\\Pipeline\\{closure}(Object(Illuminate\\Http\\Request))
#50 C:\\xampp\\htdocs\\serbiscrm\\vendor\\laravel\\framework\\src\\Illuminate\\Pipeline\\Pipeline.php(180): Illuminate\\Foundation\\Http\\Middleware\\PreventRequestsDuringMaintenance->handle(Object(Illuminate\\Http\\Request), Object(Closure))
#51 C:\\xampp\\htdocs\\serbiscrm\\vendor\\laravel\\framework\\src\\Illuminate\\Http\\Middleware\\HandleCors.php(49): Illuminate\\Pipeline\\Pipeline->Illuminate\\Pipeline\\{closure}(Object(Illuminate\\Http\\Request))
#52 C:\\xampp\\htdocs\\serbiscrm\\vendor\\laravel\\framework\\src\\Illuminate\\Pipeline\\Pipeline.php(180): Illuminate\\Http\\Middleware\\HandleCors->handle(Object(Illuminate\\Http\\Request), Object(Closure))
#53 C:\\xampp\\htdocs\\serbiscrm\\vendor\\laravel\\framework\\src\\Illuminate\\Http\\Middleware\\TrustProxies.php(39): Illuminate\\Pipeline\\Pipeline->Illuminate\\Pipeline\\{closure}(Object(Illuminate\\Http\\Request))
#54 C:\\xampp\\htdocs\\serbiscrm\\vendor\\laravel\\framework\\src\\Illuminate\\Pipeline\\Pipeline.php(180): Illuminate\\Http\\Middleware\\TrustProxies->handle(Object(Illuminate\\Http\\Request), Object(Closure))
#55 C:\\xampp\\htdocs\\serbiscrm\\vendor\\laravel\\framework\\src\\Illuminate\\Pipeline\\Pipeline.php(116): Illuminate\\Pipeline\\Pipeline->Illuminate\\Pipeline\\{closure}(Object(Illuminate\\Http\\Request))
#56 C:\\xampp\\htdocs\\serbiscrm\\vendor\\laravel\\framework\\src\\Illuminate\\Foundation\\Http\\Kernel.php(175): Illuminate\\Pipeline\\Pipeline->then(Object(Closure))
#57 C:\\xampp\\htdocs\\serbiscrm\\vendor\\laravel\\framework\\src\\Illuminate\\Foundation\\Http\\Kernel.php(144): Illuminate\\Foundation\\Http\\Kernel->sendRequestThroughRouter(Object(Illuminate\\Http\\Request))
#58 C:\\xampp\\htdocs\\serbiscrm\\public\\index.php(51): Illuminate\\Foundation\\Http\\Kernel->handle(Object(Illuminate\\Http\\Request))
#59 C:\\xampp\\htdocs\\serbiscrm\\vendor\\laravel\\framework\\src\\Illuminate\\Foundation\\resources\\server.php(16): require_once('C:\\\\xampp\\\\htdocs...')
#60 {main}"} 
[2025-12-03 09:56:18] local.INFO: Paraşüt token cache'den alındı  
[2025-12-03 09:56:18] local.INFO: Paraşüt token cache'den alındı  
[2025-12-03 09:56:18] local.INFO: Müşteri e-fatura durumu kontrol ediliyor {"vkn":"7171717171"} 
[2025-12-03 09:56:18] local.INFO: Paraşüt API isteği {"method":"get","url":"https://api.heroku-staging.parasut.com/v4/34746/e_invoice_inboxes"} 
[2025-12-03 09:56:19] local.INFO: Müşteri e-fatura durumu kontrol edildi {"vkn":"7171717171","is_e_invoice_user":true,"e_invoice_address":"urn:mail:test1pk@mikro.com.tr","inbox_count":1} 
[2025-12-03 09:56:19] local.INFO: Fatura e-Fatura olarak resmileştiriliyor {"invoice_id":"2349405","vkn":"7171717171","scenario":"basic"} 
[2025-12-03 09:56:19] local.INFO: E-Fatura adresi alınıyor {"vkn":"7171717171"} 
[2025-12-03 09:56:19] local.INFO: Paraşüt API isteği {"method":"get","url":"https://api.heroku-staging.parasut.com/v4/34746/e_invoice_inboxes"} 
[2025-12-03 09:56:19] local.INFO: E-Fatura adresi bulundu {"vkn":"7171717171","e_invoice_address":"urn:mail:test1pk@mikro.com.tr"} 
[2025-12-03 09:56:19] local.INFO: e-Fatura API isteği gönderiliyor {"invoice_id":"2349405","to":"urn:mail:test1pk@mikro.com.tr","scenario":"basic"} 
[2025-12-03 09:56:19] local.INFO: Paraşüt API isteği {"method":"post","url":"https://api.heroku-staging.parasut.com/v4/34746/e_invoices"} 
[2025-12-03 09:56:20] local.INFO: e-Fatura resmileştirme kuyruğa alındı {"job_id":"a922d3f1655b94a806b30ab4","invoice_id":"2349405"} 
[2025-12-03 09:56:48] local.INFO: Paraşüt token cache'den alındı  
[2025-12-03 09:56:48] local.INFO: Paraşüt token cache'den alındı  
[2025-12-03 09:56:48] local.INFO: Paraşüt API isteği {"method":"get","url":"https://api.heroku-staging.parasut.com/v4/34746/sales_invoices/2349405"} 
[2025-12-03 09:56:49] local.INFO: Paraşüt API isteği {"method":"get","url":"https://api.heroku-staging.parasut.com/v4/34746/e_invoices/37636"} 
[2025-12-03 09:56:49] local.INFO: Fatura numarası Paraşüt ile senkronize edildi {"old":null,"new":"AA12025068366657"} 
[2025-12-03 12:02:19] local.INFO: All active products count: 1  
[2025-12-03 12:02:19] local.INFO: Product ID 12 (tegfgf): Current stock = 0  
[2025-12-03 12:02:19] local.INFO: Product tegfgf has zero or negative stock: 0  
[2025-12-03 12:02:19] local.INFO: Final Alerts Result: {"critical_count":0,"low_count":0,"total_products_checked":1} 
[2025-12-03 12:02:33] local.ERROR: Class App\Services\InvoiceIntegrations\ParasutService contains 1 abstract method and must therefore be declared abstract or implement the remaining methods (App\Contracts\InvoiceIntegrationInterface::updateInvoiceStatus) {"userId":47,"exception":"[object] (Symfony\\Component\\ErrorHandler\\Error\\FatalError(code: 0): Class App\\Services\\InvoiceIntegrations\\ParasutService contains 1 abstract method and must therefore be declared abstract or implement the remaining methods (App\\Contracts\\InvoiceIntegrationInterface::updateInvoiceStatus) at C:\\xampp\\htdocs\\serbiscrm\\app\\Services\\InvoiceIntegrations\\ParasutService.php:13)
[stacktrace]
#0 {main}
"} 
[2025-12-03 12:02:42] local.ERROR: Class App\Services\InvoiceIntegrations\ParasutService contains 1 abstract method and must therefore be declared abstract or implement the remaining methods (App\Contracts\InvoiceIntegrationInterface::updateInvoiceStatus) {"userId":47,"exception":"[object] (Symfony\\Component\\ErrorHandler\\Error\\FatalError(code: 0): Class App\\Services\\InvoiceIntegrations\\ParasutService contains 1 abstract method and must therefore be declared abstract or implement the remaining methods (App\\Contracts\\InvoiceIntegrationInterface::updateInvoiceStatus) at C:\\xampp\\htdocs\\serbiscrm\\app\\Services\\InvoiceIntegrations\\ParasutService.php:13)
[stacktrace]
#0 {main}
"} 
[2025-12-03 12:03:05] local.ERROR: Class App\Services\InvoiceIntegrations\ParasutService contains 1 abstract method and must therefore be declared abstract or implement the remaining methods (App\Contracts\InvoiceIntegrationInterface::updateInvoiceStatus) {"userId":47,"exception":"[object] (Symfony\\Component\\ErrorHandler\\Error\\FatalError(code: 0): Class App\\Services\\InvoiceIntegrations\\ParasutService contains 1 abstract method and must therefore be declared abstract or implement the remaining methods (App\\Contracts\\InvoiceIntegrationInterface::updateInvoiceStatus) at C:\\xampp\\htdocs\\serbiscrm\\app\\Services\\InvoiceIntegrations\\ParasutService.php:13)
[stacktrace]
#0 {main}
"} 
[2025-12-03 12:06:23] local.INFO: Token refresh edildi  
[2025-12-03 12:06:23] local.INFO: Paraşüt token cache'den alındı  
[2025-12-03 12:06:23] local.INFO: Paraşüt token cache'den alındı  
[2025-12-03 12:06:23] local.INFO: Paraşüt API isteği {"method":"get","url":"https://api.heroku-staging.parasut.com/v4/34746/sales_invoices/2349414"} 
[2025-12-03 12:07:27] local.INFO: Paraşüt token cache'den alındı  
[2025-12-03 12:07:27] local.INFO: Paraşüt token cache'den alındı  
[2025-12-03 12:07:27] local.INFO: Paraşüt API isteği {"method":"get","url":"https://api.heroku-staging.parasut.com/v4/34746/sales_invoices/2349414"} 
[2025-12-03 12:07:28] local.INFO: Paraşüt API isteği {"method":"get","url":"https://api.heroku-staging.parasut.com/v4/34746/e_archives/185086"} 
[2025-12-03 12:07:29] local.INFO: Fatura numarası Paraşüt ile senkronize edildi {"old":"BB02025000000005","new":"BB02025000000005"} 
[2025-12-03 12:07:35] local.INFO: Paraşüt token cache'den alındı  
[2025-12-03 12:07:35] local.INFO: Paraşüt token cache'den alındı  
[2025-12-03 12:07:35] local.INFO: Paraşüt API isteği {"method":"get","url":"https://api.heroku-staging.parasut.com/v4/34746/sales_invoices/2349414"} 
[2025-12-03 12:07:35] local.INFO: Paraşüt API isteği {"method":"get","url":"https://api.heroku-staging.parasut.com/v4/34746/e_archives/185086"} 
[2025-12-03 12:07:36] local.INFO: Fatura numarası Paraşüt ile senkronize edildi {"old":"BB02025000000005","new":"BB02025000000005"} 
[2025-12-03 12:07:39] local.INFO: Paraşüt token cache'den alındı  
[2025-12-03 12:07:39] local.INFO: Paraşüt token cache'den alındı  
[2025-12-03 12:07:39] local.INFO: Paraşüt API isteği {"method":"get","url":"https://api.heroku-staging.parasut.com/v4/34746/sales_invoices/2349414"} 
[2025-12-03 12:07:39] local.INFO: Paraşüt API isteği {"method":"get","url":"https://api.heroku-staging.parasut.com/v4/34746/e_archives/185086"} 
[2025-12-03 12:07:40] local.INFO: Fatura numarası Paraşüt ile senkronize edildi {"old":"BB02025000000005","new":"BB02025000000005"} 
[2025-12-03 12:09:10] local.INFO: Paraşüt token cache'den alındı  
[2025-12-03 12:09:11] local.INFO: Paraşüt token cache'den alındı  
[2025-12-03 12:09:11] local.INFO: Paraşüt token cache'den alındı  
[2025-12-03 12:09:11] local.INFO: Paraşüt API isteği {"method":"get","url":"https://api.heroku-staging.parasut.com/v4/34746/sales_invoices/2349414"} 
[2025-12-03 12:11:47] local.INFO: Paraşüt token cache'den alındı  
[2025-12-03 12:11:47] local.INFO: Paraşüt token cache'den alındı  
[2025-12-03 12:11:47] local.INFO: Paraşüt API isteği {"method":"get","url":"https://api.heroku-staging.parasut.com/v4/34746/sales_invoices/2349414"} 
[2025-12-03 12:11:47] local.INFO: Paraşüt API isteği {"method":"get","url":"https://api.heroku-staging.parasut.com/v4/34746/e_archives/185086"} 
[2025-12-03 12:11:47] local.INFO: Fatura numarası Paraşüt ile senkronize edildi {"old":"BB02025000000005","new":"BB02025000000005"} 
[2025-12-03 12:11:47] local.ERROR: Durum kontrol hatası: Undefined array key "pdf_expires_at"  
[2025-12-03 12:12:02] local.INFO: Paraşüt token cache'den alındı  
[2025-12-03 12:12:02] local.INFO: Paraşüt token cache'den alındı  
[2025-12-03 12:12:02] local.INFO: Paraşüt API isteği {"method":"get","url":"https://api.heroku-staging.parasut.com/v4/34746/sales_invoices/2349414"} 
[2025-12-03 12:12:03] local.INFO: Paraşüt API isteği {"method":"get","url":"https://api.heroku-staging.parasut.com/v4/34746/e_archives/185086"} 
[2025-12-03 12:12:04] local.INFO: Fatura numarası Paraşüt ile senkronize edildi {"old":"BB02025000000005","new":"BB02025000000005"} 
[2025-12-03 12:12:10] local.INFO: Paraşüt token cache'den alındı  
[2025-12-03 12:12:10] local.INFO: Paraşüt token cache'den alındı  
[2025-12-03 12:12:10] local.INFO: Paraşüt API isteği {"method":"get","url":"https://api.heroku-staging.parasut.com/v4/34746/sales_invoices/2349405"} 
[2025-12-03 12:12:11] local.INFO: Paraşüt API isteği {"method":"get","url":"https://api.heroku-staging.parasut.com/v4/34746/e_invoices/37636"} 
[2025-12-03 12:12:11] local.INFO: Fatura numarası Paraşüt ile senkronize edildi {"old":"AA12025068366657","new":"AA12025068366657"} 
[2025-12-03 12:13:32] local.INFO: Paraşüt token cache'den alındı  
[2025-12-03 12:13:32] local.INFO: Paraşüt token cache'den alındı  
[2025-12-03 12:13:32] local.INFO: Paraşüt API isteği {"method":"get","url":"https://api.heroku-staging.parasut.com/v4/34746/sales_invoices/2349405"} 
[2025-12-03 12:13:32] local.INFO: Paraşüt API isteği {"method":"get","url":"https://api.heroku-staging.parasut.com/v4/34746/e_invoices/37636"} 
[2025-12-03 12:13:32] local.INFO: Fatura numarası Paraşüt ile senkronize edildi {"old":"AA12025068366657","new":"AA12025068366657"} 
[2025-12-03 12:13:38] local.INFO: Paraşüt token cache'den alındı  
[2025-12-03 12:13:38] local.INFO: Paraşüt token cache'den alındı  
[2025-12-03 12:13:38] local.INFO: Paraşüt API isteği {"method":"get","url":"https://api.heroku-staging.parasut.com/v4/34746/sales_invoices/2349414"} 
[2025-12-03 12:13:38] local.INFO: Paraşüt API isteği {"method":"get","url":"https://api.heroku-staging.parasut.com/v4/34746/e_archives/185086"} 
[2025-12-03 12:13:39] local.INFO: Fatura numarası Paraşüt ile senkronize edildi {"old":"BB02025000000005","new":"BB02025000000005"} 
[2025-12-03 12:14:56] local.INFO: Paraşüt token cache'den alındı  
[2025-12-03 12:15:05] local.INFO: Paraşüt token cache'den alındı  
[2025-12-03 12:15:05] local.INFO: Paraşüt token cache'den alındı  
[2025-12-03 12:15:05] local.INFO: Paraşüt API isteği {"method":"get","url":"https://api.heroku-staging.parasut.com/v4/34746/sales_invoices/2349405"} 
[2025-12-03 12:15:05] local.INFO: Paraşüt API isteği {"method":"get","url":"https://api.heroku-staging.parasut.com/v4/34746/e_invoices/37636"} 
[2025-12-03 12:15:06] local.INFO: Fatura numarası Paraşüt ile senkronize edildi {"old":"AA12025068366657","new":"AA12025068366657"} 
[2025-12-03 12:15:17] local.INFO: Paraşüt token cache'den alındı  
[2025-12-03 12:15:17] local.INFO: Paraşüt token cache'den alındı  
[2025-12-03 12:15:17] local.INFO: Paraşüt API isteği {"method":"get","url":"https://api.heroku-staging.parasut.com/v4/34746/sales_invoices/2349414"} 
[2025-12-03 12:15:17] local.INFO: Paraşüt API isteği {"method":"get","url":"https://api.heroku-staging.parasut.com/v4/34746/e_archives/185086"} 
[2025-12-03 12:15:18] local.INFO: Fatura numarası Paraşüt ile senkronize edildi {"old":"BB02025000000005","new":"BB02025000000005"} 
[2025-12-03 12:15:43] local.INFO: Paraşüt token cache'den alındı  
[2025-12-03 12:15:43] local.INFO: Paraşüt token cache'den alındı  
[2025-12-03 12:15:43] local.INFO: Paraşüt API isteği {"method":"get","url":"https://api.heroku-staging.parasut.com/v4/34746/sales_invoices/2349405"} 
[2025-12-03 12:15:43] local.INFO: Paraşüt API isteği {"method":"get","url":"https://api.heroku-staging.parasut.com/v4/34746/e_invoices/37636"} 
[2025-12-03 12:15:44] local.INFO: Fatura numarası Paraşüt ile senkronize edildi {"old":"AA12025068366657","new":"AA12025068366657"} 
[2025-12-03 12:16:10] local.INFO: Paraşüt token cache'den alındı  
[2025-12-03 12:16:10] local.INFO: Paraşüt token cache'den alındı  
[2025-12-03 12:16:10] local.INFO: Paraşüt API isteği {"method":"get","url":"https://api.heroku-staging.parasut.com/v4/34746/sales_invoices/2349405"} 
[2025-12-03 12:16:11] local.INFO: Paraşüt API isteği {"method":"get","url":"https://api.heroku-staging.parasut.com/v4/34746/e_invoices/37636"} 
[2025-12-03 12:16:11] local.INFO: Fatura numarası Paraşüt ile senkronize edildi {"old":"AA12025068366657","new":"AA12025068366657"} 
[2025-12-03 12:19:00] local.INFO: Paraşüt token cache'den alındı  
[2025-12-03 12:19:00] local.INFO: Paraşüt token cache'den alındı  
[2025-12-03 12:19:00] local.INFO: Paraşüt API isteği {"method":"get","url":"https://api.heroku-staging.parasut.com/v4/34746/sales_invoices/2349405"} 
[2025-12-03 12:19:01] local.INFO: Paraşüt API isteği {"method":"get","url":"https://api.heroku-staging.parasut.com/v4/34746/e_invoices/37636"} 
[2025-12-03 12:19:01] local.INFO: Fatura numarası Paraşüt ile senkronize edildi {"old":"AA12025068366657","new":"AA12025068366657"} 
[2025-12-03 12:19:04] local.INFO: Paraşüt token cache'den alındı  
[2025-12-03 12:19:04] local.INFO: Paraşüt token cache'den alındı  
[2025-12-03 12:19:04] local.INFO: Paraşüt API isteği {"method":"get","url":"https://api.heroku-staging.parasut.com/v4/34746/sales_invoices/2349414"} 
[2025-12-03 12:19:05] local.INFO: Paraşüt API isteği {"method":"get","url":"https://api.heroku-staging.parasut.com/v4/34746/e_archives/185086"} 
[2025-12-03 12:19:05] local.INFO: Fatura numarası Paraşüt ile senkronize edildi {"old":"BB02025000000005","new":"BB02025000000005"} 
[2025-12-03 12:19:14] local.INFO: Paraşüt token cache'den alındı  
[2025-12-03 12:19:14] local.INFO: Paraşüt token cache'den alındı  
[2025-12-03 12:19:14] local.INFO: Paraşüt token cache'den alındı  
[2025-12-03 12:19:14] local.INFO: Paraşüt API isteği {"method":"get","url":"https://api.heroku-staging.parasut.com/v4/34746/sales_invoices/2349414"} 
[2025-12-03 12:19:21] local.INFO: Paraşüt token cache'den alındı  
[2025-12-03 12:19:22] local.INFO: Paraşüt token cache'den alındı  
[2025-12-03 12:19:22] local.INFO: Paraşüt token cache'den alındı  
[2025-12-03 12:19:22] local.INFO: Paraşüt API isteği {"method":"get","url":"https://api.heroku-staging.parasut.com/v4/34746/sales_invoices/2349149"} 
[2025-12-03 12:19:23] local.INFO: Paraşüt token cache'den alındı  
[2025-12-03 12:19:23] local.INFO: Paraşüt token cache'den alındı  
[2025-12-03 12:19:23] local.INFO: Paraşüt API isteği {"method":"get","url":"https://api.heroku-staging.parasut.com/v4/34746/sales_invoices/2349149"} 
[2025-12-03 12:19:24] local.INFO: Paraşüt API isteği {"method":"get","url":"https://api.heroku-staging.parasut.com/v4/34746/e_archives/185085"} 
[2025-12-03 12:19:24] local.INFO: Fatura numarası Paraşüt ile senkronize edildi {"old":"BB02025000000004","new":"BB02025000000004"} 
[2025-12-03 12:19:24] local.INFO: Paraşüt token cache'den alındı  
[2025-12-03 12:19:24] local.INFO: Paraşüt token cache'den alındı  
[2025-12-03 12:19:24] local.INFO: Paraşüt API isteği {"method":"get","url":"https://api.heroku-staging.parasut.com/v4/34746/sales_invoices/2349149"} 
[2025-12-03 12:19:25] local.INFO: Paraşüt API isteği {"method":"get","url":"https://api.heroku-staging.parasut.com/v4/34746/e_archives/185085"} 
[2025-12-03 12:19:25] local.INFO: Fatura numarası Paraşüt ile senkronize edildi {"old":"BB02025000000004","new":"BB02025000000004"} 
[2025-12-03 12:19:32] local.INFO: Paraşüt token cache'den alındı  
[2025-12-03 12:19:32] local.INFO: Paraşüt token cache'den alındı  
[2025-12-03 12:19:32] local.INFO: Paraşüt API isteği {"method":"get","url":"https://api.heroku-staging.parasut.com/v4/34746/sales_invoices/2349149"} 
[2025-12-03 12:19:33] local.INFO: Paraşüt API isteği {"method":"get","url":"https://api.heroku-staging.parasut.com/v4/34746/e_archives/185085"} 
[2025-12-03 12:19:33] local.INFO: Fatura numarası Paraşüt ile senkronize edildi {"old":"BB02025000000004","new":"BB02025000000004"} 
[2025-12-03 12:19:34] local.INFO: Paraşüt token cache'den alındı  
[2025-12-03 12:19:34] local.INFO: Paraşüt token cache'den alındı  
[2025-12-03 12:19:34] local.INFO: Paraşüt API isteği {"method":"get","url":"https://api.heroku-staging.parasut.com/v4/34746/sales_invoices/2349149"} 
[2025-12-03 12:19:34] local.INFO: Paraşüt API isteği {"method":"get","url":"https://api.heroku-staging.parasut.com/v4/34746/e_archives/185085"} 
[2025-12-03 12:19:35] local.INFO: Fatura numarası Paraşüt ile senkronize edildi {"old":"BB02025000000004","new":"BB02025000000004"} 
[2025-12-03 12:19:56] local.INFO: Paraşüt token cache'den alındı  
[2025-12-03 12:19:57] local.INFO: Paraşüt token cache'den alındı  
[2025-12-03 12:19:57] local.INFO: Paraşüt token cache'den alındı  
[2025-12-03 12:19:57] local.INFO: Paraşüt API isteği {"method":"get","url":"https://api.heroku-staging.parasut.com/v4/34746/sales_invoices/2349414"} 
[2025-12-03 12:20:02] local.INFO: Paraşüt token cache'den alındı  
[2025-12-03 12:20:02] local.INFO: Paraşüt token cache'den alındı  
[2025-12-03 12:20:02] local.INFO: Paraşüt token cache'den alındı  
[2025-12-03 12:20:02] local.INFO: Paraşüt API isteği {"method":"get","url":"https://api.heroku-staging.parasut.com/v4/34746/sales_invoices/2349149"} 
[2025-12-03 12:20:05] local.INFO: Paraşüt token cache'den alındı  
[2025-12-03 12:20:05] local.INFO: Paraşüt token cache'den alındı  
[2025-12-03 12:20:05] local.INFO: Paraşüt API isteği {"method":"get","url":"https://api.heroku-staging.parasut.com/v4/34746/sales_invoices/2349149"} 
[2025-12-03 12:20:06] local.INFO: Paraşüt API isteği {"method":"get","url":"https://api.heroku-staging.parasut.com/v4/34746/e_archives/185085"} 
[2025-12-03 12:20:06] local.INFO: Fatura numarası Paraşüt ile senkronize edildi {"old":"BB02025000000004","new":"BB02025000000004"} 
[2025-12-03 12:20:09] local.INFO: Paraşüt token cache'den alındı  
[2025-12-03 12:20:09] local.INFO: Paraşüt token cache'den alındı  
[2025-12-03 12:20:09] local.INFO: Paraşüt API isteği {"method":"get","url":"https://api.heroku-staging.parasut.com/v4/34746/sales_invoices/2349405"} 
[2025-12-03 12:20:10] local.INFO: Paraşüt API isteği {"method":"get","url":"https://api.heroku-staging.parasut.com/v4/34746/e_invoices/37636"} 
[2025-12-03 12:20:11] local.INFO: Fatura numarası Paraşüt ile senkronize edildi {"old":"AA12025068366657","new":"AA12025068366657"} 
[2025-12-03 12:22:08] local.INFO: Paraşüt token cache'den alındı  
[2025-12-03 12:22:08] local.INFO: Paraşüt token cache'den alındı  
[2025-12-03 12:22:08] local.INFO: Paraşüt API isteği {"method":"get","url":"https://api.heroku-staging.parasut.com/v4/34746/sales_invoices/2349149"} 
[2025-12-03 12:22:08] local.INFO: Paraşüt API isteği {"method":"get","url":"https://api.heroku-staging.parasut.com/v4/34746/e_archives/185085"} 
[2025-12-03 12:22:09] local.INFO: Fatura numarası Paraşüt ile senkronize edildi {"old":"BB02025000000004","new":"BB02025000000004"} 
[2025-12-03 12:22:12] local.INFO: Paraşüt token cache'den alındı  
[2025-12-03 12:22:12] local.INFO: Paraşüt token cache'den alındı  
[2025-12-03 12:22:12] local.INFO: Paraşüt API isteği {"method":"get","url":"https://api.heroku-staging.parasut.com/v4/34746/sales_invoices/2349405"} 
[2025-12-03 12:22:12] local.INFO: Paraşüt API isteği {"method":"get","url":"https://api.heroku-staging.parasut.com/v4/34746/e_invoices/37636"} 
[2025-12-03 12:22:13] local.INFO: Fatura numarası Paraşüt ile senkronize edildi {"old":"AA12025068366657","new":"AA12025068366657"} 
[2025-12-03 12:22:16] local.INFO: Paraşüt token cache'den alındı  
[2025-12-03 12:22:16] local.INFO: Paraşüt token cache'den alındı  
[2025-12-03 12:22:16] local.INFO: Paraşüt API isteği {"method":"get","url":"https://api.heroku-staging.parasut.com/v4/34746/sales_invoices/2349414"} 
[2025-12-03 12:22:16] local.INFO: Paraşüt API isteği {"method":"get","url":"https://api.heroku-staging.parasut.com/v4/34746/e_archives/185086"} 
[2025-12-03 12:22:17] local.INFO: Fatura numarası Paraşüt ile senkronize edildi {"old":"BB02025000000005","new":"BB02025000000005"} 
[2025-12-03 12:22:20] local.INFO: Paraşüt token cache'den alındı  
[2025-12-03 12:22:20] local.INFO: Paraşüt token cache'den alındı  
[2025-12-03 12:22:20] local.INFO: Paraşüt token cache'den alındı  
[2025-12-03 12:22:20] local.INFO: Paraşüt API isteği {"method":"get","url":"https://api.heroku-staging.parasut.com/v4/34746/sales_invoices/2349414"} 
[2025-12-03 12:27:55] local.INFO: Paraşüt token cache'den alındı  
[2025-12-03 12:27:55] local.INFO: Paraşüt token cache'den alındı  
[2025-12-03 12:28:38] local.INFO: Paraşüt token cache'den alındı  
[2025-12-03 12:28:38] local.INFO: Fatura entegrasyona gönderiliyor (senkron) {"invoice_id":40,"tenant_id":"27"} 
[2025-12-03 12:28:38] local.INFO: Paraşüt token cache'den alındı  
[2025-12-03 12:28:38] local.INFO: Fatura oluşturuluyor {"invoice_number":null} 
[2025-12-03 12:28:38] local.INFO: TC No ile müşteri aranıyor {"tcNo":"11111111111"} 
[2025-12-03 12:28:38] local.INFO: Paraşüt API isteği {"method":"get","url":"https://api.heroku-staging.parasut.com/v4/34746/contacts"} 
[2025-12-03 12:28:39] local.INFO: Müşteri TC No ile bulundu {"customer_id":"2047425"} 
[2025-12-03 12:28:39] local.INFO: Müşteri Paraşüt'te zaten mevcut {"customer_id":"2047425","name":"Test Müşteri"} 
[2025-12-03 12:28:39] local.INFO: Müşteri durumu {"customer_id":"2047425","action":"found","message":"Müşteri zaten Paraşüt'te kayıtlı"} 
[2025-12-03 12:28:39] local.INFO: Paraşüt API isteği {"method":"get","url":"https://api.heroku-staging.parasut.com/v4/34746/products"} 
[2025-12-03 12:28:39] local.ERROR: Paraşüt API Hatası {"method":"get","endpoint":"products","error":"API Hatası: {\"status\":500,\"error\":\"Internal Server Error\"}"} 
[2025-12-03 12:28:39] local.INFO: Paraşüt API isteği {"method":"post","url":"https://api.heroku-staging.parasut.com/v4/34746/products"} 
[2025-12-03 12:28:40] local.ERROR: Paraşüt API Hatası {"method":"post","endpoint":"products","error":"API Hatası: {\"status\":500,\"error\":\"Internal Server Error\"}"} 
[2025-12-03 12:28:40] local.ERROR: Ürün senkronizasyon hatası {"product_name":"TEST TEST","error":"API Hatası: {\"status\":500,\"error\":\"Internal Server Error\"}"} 
[2025-12-03 12:28:40] local.INFO: Paraşüt API'ye fatura gönderiliyor {"customer_id":"2047425","items_count":1,"total":1500.0} 
[2025-12-03 12:28:40] local.INFO: Paraşüt API isteği {"method":"post","url":"https://api.heroku-staging.parasut.com/v4/34746/sales_invoices"} 
[2025-12-03 12:28:40] local.ERROR: Paraşüt API Hatası {"method":"post","endpoint":"sales_invoices","error":"API Hatası: {\"errors\":[{\"detail\":\"Ürün/hizmet doldurulmalı\"}]}"} 
[2025-12-03 12:28:40] local.ERROR: Paraşüt fatura oluşturma hatası: API Hatası: {"errors":[{"detail":"Ürün/hizmet doldurulmalı"}]} {"invoice_data":{"id":40,"faturaNumarasi":null,"faturaTarihi":"2025-12-03","indirim":0.0,"odemeDurum":null,"toplamTutar":1500.0,"genelToplam":1500.0,"kasaId":1,"customer":{"adSoyad":"medine hane","musteriTipi":"1","email":null,"tel1":"444 433 3555","vergiNo":null,"vergiDairesi":null,"tcNo":"11111111111","adres":"ataşehir merkez mah.","il":"İSTANBUL","ilce":"ATAŞEHİR"},"items":[{"aciklama":"TEST TEST","miktar":"1","fiyat":1250.0,"tutar":1250.0}],"vat_rate":null,"vat_withholding_rate":"0"},"trace":"#0 C:\\xampp\\htdocs\\serbiscrm\\app\\Services\\InvoiceIntegrations\\ParasutService.php(510): App\\Services\\InvoiceIntegrations\\ParasutService->makeRequest('post', 'sales_invoices', Array)
#1 C:\\xampp\\htdocs\\serbiscrm\\app\\Http\\Controllers\\Frontend\\InvoicesController.php(642): App\\Services\\InvoiceIntegrations\\ParasutService->createInvoice(Array)
#2 C:\\xampp\\htdocs\\serbiscrm\\vendor\\laravel\\framework\\src\\Illuminate\\Routing\\Controller.php(54): App\\Http\\Controllers\\Frontend\\InvoicesController->StoreInvoice(Object(Illuminate\\Http\\Request), '27')
#3 C:\\xampp\\htdocs\\serbiscrm\\vendor\\laravel\\framework\\src\\Illuminate\\Routing\\ControllerDispatcher.php(43): Illuminate\\Routing\\Controller->callAction('StoreInvoice', Array)
#4 C:\\xampp\\htdocs\\serbiscrm\\vendor\\laravel\\framework\\src\\Illuminate\\Routing\\Route.php(259): Illuminate\\Routing\\ControllerDispatcher->dispatch(Object(Illuminate\\Routing\\Route), Object(App\\Http\\Controllers\\Frontend\\InvoicesController), 'StoreInvoice')
#5 C:\\xampp\\htdocs\\serbiscrm\\vendor\\laravel\\framework\\src\\Illuminate\\Routing\\Route.php(205): Illuminate\\Routing\\Route->runController()
#6 C:\\xampp\\htdocs\\serbiscrm\\vendor\\laravel\\framework\\src\\Illuminate\\Routing\\Router.php(799): Illuminate\\Routing\\Route->run()
#7 C:\\xampp\\htdocs\\serbiscrm\\vendor\\laravel\\framework\\src\\Illuminate\\Pipeline\\Pipeline.php(141): Illuminate\\Routing\\Router->Illuminate\\Routing\\{closure}(Object(Illuminate\\Http\\Request))
#8 C:\\xampp\\htdocs\\serbiscrm\\app\\Http\\Middleware\\CheckStorageLimit.php(20): Illuminate\\Pipeline\\Pipeline->Illuminate\\Pipeline\\{closure}(Object(Illuminate\\Http\\Request))
#9 C:\\xampp\\htdocs\\serbiscrm\\vendor\\laravel\\framework\\src\\Illuminate\\Pipeline\\Pipeline.php(180): App\\Http\\Middleware\\CheckStorageLimit->handle(Object(Illuminate\\Http\\Request), Object(Closure))
#10 C:\\xampp\\htdocs\\serbiscrm\\app\\Http\\Middleware\\CheckTenantStatus.php(40): Illuminate\\Pipeline\\Pipeline->Illuminate\\Pipeline\\{closure}(Object(Illuminate\\Http\\Request))
#11 C:\\xampp\\htdocs\\serbiscrm\\vendor\\laravel\\framework\\src\\Illuminate\\Pipeline\\Pipeline.php(180): App\\Http\\Middleware\\CheckTenantStatus->handle(Object(Illuminate\\Http\\Request), Object(Closure))
#12 C:\\xampp\\htdocs\\serbiscrm\\app\\Http\\Middleware\\HandleRedirectAfterLogin.php(28): Illuminate\\Pipeline\\Pipeline->Illuminate\\Pipeline\\{closure}(Object(Illuminate\\Http\\Request))
#13 C:\\xampp\\htdocs\\serbiscrm\\vendor\\laravel\\framework\\src\\Illuminate\\Pipeline\\Pipeline.php(180): App\\Http\\Middleware\\HandleRedirectAfterLogin->handle(Object(Illuminate\\Http\\Request), Object(Closure))
#14 C:\\xampp\\htdocs\\serbiscrm\\app\\Http\\Middleware\\CheckCompanySubscription.php(32): Illuminate\\Pipeline\\Pipeline->Illuminate\\Pipeline\\{closure}(Object(Illuminate\\Http\\Request))
#15 C:\\xampp\\htdocs\\serbiscrm\\vendor\\laravel\\framework\\src\\Illuminate\\Pipeline\\Pipeline.php(180): App\\Http\\Middleware\\CheckCompanySubscription->handle(Object(Illuminate\\Http\\Request), Object(Closure))
#16 C:\\xampp\\htdocs\\serbiscrm\\app\\Http\\Middleware\\CheckTenantId.php(43): Illuminate\\Pipeline\\Pipeline->Illuminate\\Pipeline\\{closure}(Object(Illuminate\\Http\\Request))
#17 C:\\xampp\\htdocs\\serbiscrm\\vendor\\laravel\\framework\\src\\Illuminate\\Pipeline\\Pipeline.php(180): App\\Http\\Middleware\\CheckTenantId->handle(Object(Illuminate\\Http\\Request), Object(Closure))
#18 C:\\xampp\\htdocs\\serbiscrm\\app\\Http\\Middleware\\CheckTrialStatus.php(28): Illuminate\\Pipeline\\Pipeline->Illuminate\\Pipeline\\{closure}(Object(Illuminate\\Http\\Request))
#19 C:\\xampp\\htdocs\\serbiscrm\\vendor\\laravel\\framework\\src\\Illuminate\\Pipeline\\Pipeline.php(180): App\\Http\\Middleware\\CheckTrialStatus->handle(Object(Illuminate\\Http\\Request), Object(Closure))
#20 C:\\xampp\\htdocs\\serbiscrm\\vendor\\laravel\\framework\\src\\Illuminate\\Routing\\Middleware\\SubstituteBindings.php(50): Illuminate\\Pipeline\\Pipeline->Illuminate\\Pipeline\\{closure}(Object(Illuminate\\Http\\Request))
#21 C:\\xampp\\htdocs\\serbiscrm\\vendor\\laravel\\framework\\src\\Illuminate\\Pipeline\\Pipeline.php(180): Illuminate\\Routing\\Middleware\\SubstituteBindings->handle(Object(Illuminate\\Http\\Request), Object(Closure))
#22 C:\\xampp\\htdocs\\serbiscrm\\vendor\\laravel\\framework\\src\\Illuminate\\Auth\\Middleware\\Authenticate.php(57): Illuminate\\Pipeline\\Pipeline->Illuminate\\Pipeline\\{closure}(Object(Illuminate\\Http\\Request))
#23 C:\\xampp\\htdocs\\serbiscrm\\vendor\\laravel\\framework\\src\\Illuminate\\Pipeline\\Pipeline.php(180): Illuminate\\Auth\\Middleware\\Authenticate->handle(Object(Illuminate\\Http\\Request), Object(Closure))
#24 C:\\xampp\\htdocs\\serbiscrm\\vendor\\laravel\\framework\\src\\Illuminate\\Foundation\\Http\\Middleware\\VerifyCsrfToken.php(78): Illuminate\\Pipeline\\Pipeline->Illuminate\\Pipeline\\{closure}(Object(Illuminate\\Http\\Request))
#25 C:\\xampp\\htdocs\\serbiscrm\\vendor\\laravel\\framework\\src\\Illuminate\\Pipeline\\Pipeline.php(180): Illuminate\\Foundation\\Http\\Middleware\\VerifyCsrfToken->handle(Object(Illuminate\\Http\\Request), Object(Closure))
#26 C:\\xampp\\htdocs\\serbiscrm\\vendor\\laravel\\framework\\src\\Illuminate\\View\\Middleware\\ShareErrorsFromSession.php(49): Illuminate\\Pipeline\\Pipeline->Illuminate\\Pipeline\\{closure}(Object(Illuminate\\Http\\Request))
#27 C:\\xampp\\htdocs\\serbiscrm\\vendor\\laravel\\framework\\src\\Illuminate\\Pipeline\\Pipeline.php(180): Illuminate\\View\\Middleware\\ShareErrorsFromSession->handle(Object(Illuminate\\Http\\Request), Object(Closure))
#28 C:\\xampp\\htdocs\\serbiscrm\\vendor\\laravel\\framework\\src\\Illuminate\\Session\\Middleware\\StartSession.php(121): Illuminate\\Pipeline\\Pipeline->Illuminate\\Pipeline\\{closure}(Object(Illuminate\\Http\\Request))
#29 C:\\xampp\\htdocs\\serbiscrm\\vendor\\laravel\\framework\\src\\Illuminate\\Session\\Middleware\\StartSession.php(64): Illuminate\\Session\\Middleware\\StartSession->handleStatefulRequest(Object(Illuminate\\Http\\Request), Object(Illuminate\\Session\\Store), Object(Closure))
#30 C:\\xampp\\htdocs\\serbiscrm\\vendor\\laravel\\framework\\src\\Illuminate\\Pipeline\\Pipeline.php(180): Illuminate\\Session\\Middleware\\StartSession->handle(Object(Illuminate\\Http\\Request), Object(Closure))
#31 C:\\xampp\\htdocs\\serbiscrm\\vendor\\laravel\\framework\\src\\Illuminate\\Cookie\\Middleware\\AddQueuedCookiesToResponse.php(37): Illuminate\\Pipeline\\Pipeline->Illuminate\\Pipeline\\{closure}(Object(Illuminate\\Http\\Request))
#32 C:\\xampp\\htdocs\\serbiscrm\\vendor\\laravel\\framework\\src\\Illuminate\\Pipeline\\Pipeline.php(180): Illuminate\\Cookie\\Middleware\\AddQueuedCookiesToResponse->handle(Object(Illuminate\\Http\\Request), Object(Closure))
#33 C:\\xampp\\htdocs\\serbiscrm\\vendor\\laravel\\framework\\src\\Illuminate\\Cookie\\Middleware\\EncryptCookies.php(67): Illuminate\\Pipeline\\Pipeline->Illuminate\\Pipeline\\{closure}(Object(Illuminate\\Http\\Request))
#34 C:\\xampp\\htdocs\\serbiscrm\\vendor\\laravel\\framework\\src\\Illuminate\\Pipeline\\Pipeline.php(180): Illuminate\\Cookie\\Middleware\\EncryptCookies->handle(Object(Illuminate\\Http\\Request), Object(Closure))
#35 C:\\xampp\\htdocs\\serbiscrm\\vendor\\laravel\\framework\\src\\Illuminate\\Pipeline\\Pipeline.php(116): Illuminate\\Pipeline\\Pipeline->Illuminate\\Pipeline\\{closure}(Object(Illuminate\\Http\\Request))
#36 C:\\xampp\\htdocs\\serbiscrm\\vendor\\laravel\\framework\\src\\Illuminate\\Routing\\Router.php(798): Illuminate\\Pipeline\\Pipeline->then(Object(Closure))
#37 C:\\xampp\\htdocs\\serbiscrm\\vendor\\laravel\\framework\\src\\Illuminate\\Routing\\Router.php(777): Illuminate\\Routing\\Router->runRouteWithinStack(Object(Illuminate\\Routing\\Route), Object(Illuminate\\Http\\Request))
#38 C:\\xampp\\htdocs\\serbiscrm\\vendor\\laravel\\framework\\src\\Illuminate\\Routing\\Router.php(741): Illuminate\\Routing\\Router->runRoute(Object(Illuminate\\Http\\Request), Object(Illuminate\\Routing\\Route))
#39 C:\\xampp\\htdocs\\serbiscrm\\vendor\\laravel\\framework\\src\\Illuminate\\Routing\\Router.php(730): Illuminate\\Routing\\Router->dispatchToRoute(Object(Illuminate\\Http\\Request))
#40 C:\\xampp\\htdocs\\serbiscrm\\vendor\\laravel\\framework\\src\\Illuminate\\Foundation\\Http\\Kernel.php(200): Illuminate\\Routing\\Router->dispatch(Object(Illuminate\\Http\\Request))
#41 C:\\xampp\\htdocs\\serbiscrm\\vendor\\laravel\\framework\\src\\Illuminate\\Pipeline\\Pipeline.php(141): Illuminate\\Foundation\\Http\\Kernel->Illuminate\\Foundation\\Http\\{closure}(Object(Illuminate\\Http\\Request))
#42 C:\\xampp\\htdocs\\serbiscrm\\app\\Http\\Middleware\\ImpersonationMiddleware.php(51): Illuminate\\Pipeline\\Pipeline->Illuminate\\Pipeline\\{closure}(Object(Illuminate\\Http\\Request))
#43 C:\\xampp\\htdocs\\serbiscrm\\vendor\\laravel\\framework\\src\\Illuminate\\Pipeline\\Pipeline.php(180): App\\Http\\Middleware\\ImpersonationMiddleware->handle(Object(Illuminate\\Http\\Request), Object(Closure))
#44 C:\\xampp\\htdocs\\serbiscrm\\vendor\\laravel\\framework\\src\\Illuminate\\Foundation\\Http\\Middleware\\TransformsRequest.php(21): Illuminate\\Pipeline\\Pipeline->Illuminate\\Pipeline\\{closure}(Object(Illuminate\\Http\\Request))
#45 C:\\xampp\\htdocs\\serbiscrm\\vendor\\laravel\\framework\\src\\Illuminate\\Foundation\\Http\\Middleware\\ConvertEmptyStringsToNull.php(31): Illuminate\\Foundation\\Http\\Middleware\\TransformsRequest->handle(Object(Illuminate\\Http\\Request), Object(Closure))
#46 C:\\xampp\\htdocs\\serbiscrm\\vendor\\laravel\\framework\\src\\Illuminate\\Pipeline\\Pipeline.php(180): Illuminate\\Foundation\\Http\\Middleware\\ConvertEmptyStringsToNull->handle(Object(Illuminate\\Http\\Request), Object(Closure))
#47 C:\\xampp\\htdocs\\serbiscrm\\vendor\\laravel\\framework\\src\\Illuminate\\Foundation\\Http\\Middleware\\TransformsRequest.php(21): Illuminate\\Pipeline\\Pipeline->Illuminate\\Pipeline\\{closure}(Object(Illuminate\\Http\\Request))
#48 C:\\xampp\\htdocs\\serbiscrm\\vendor\\laravel\\framework\\src\\Illuminate\\Foundation\\Http\\Middleware\\TrimStrings.php(40): Illuminate\\Foundation\\Http\\Middleware\\TransformsRequest->handle(Object(Illuminate\\Http\\Request), Object(Closure))
#49 C:\\xampp\\htdocs\\serbiscrm\\vendor\\laravel\\framework\\src\\Illuminate\\Pipeline\\Pipeline.php(180): Illuminate\\Foundation\\Http\\Middleware\\TrimStrings->handle(Object(Illuminate\\Http\\Request), Object(Closure))
#50 C:\\xampp\\htdocs\\serbiscrm\\vendor\\laravel\\framework\\src\\Illuminate\\Foundation\\Http\\Middleware\\ValidatePostSize.php(27): Illuminate\\Pipeline\\Pipeline->Illuminate\\Pipeline\\{closure}(Object(Illuminate\\Http\\Request))
#51 C:\\xampp\\htdocs\\serbiscrm\\vendor\\laravel\\framework\\src\\Illuminate\\Pipeline\\Pipeline.php(180): Illuminate\\Foundation\\Http\\Middleware\\ValidatePostSize->handle(Object(Illuminate\\Http\\Request), Object(Closure))
#52 C:\\xampp\\htdocs\\serbiscrm\\vendor\\laravel\\framework\\src\\Illuminate\\Foundation\\Http\\Middleware\\PreventRequestsDuringMaintenance.php(99): Illuminate\\Pipeline\\Pipeline->Illuminate\\Pipeline\\{closure}(Object(Illuminate\\Http\\Request))
#53 C:\\xampp\\htdocs\\serbiscrm\\vendor\\laravel\\framework\\src\\Illuminate\\Pipeline\\Pipeline.php(180): Illuminate\\Foundation\\Http\\Middleware\\PreventRequestsDuringMaintenance->handle(Object(Illuminate\\Http\\Request), Object(Closure))
#54 C:\\xampp\\htdocs\\serbiscrm\\vendor\\laravel\\framework\\src\\Illuminate\\Http\\Middleware\\HandleCors.php(49): Illuminate\\Pipeline\\Pipeline->Illuminate\\Pipeline\\{closure}(Object(Illuminate\\Http\\Request))
#55 C:\\xampp\\htdocs\\serbiscrm\\vendor\\laravel\\framework\\src\\Illuminate\\Pipeline\\Pipeline.php(180): Illuminate\\Http\\Middleware\\HandleCors->handle(Object(Illuminate\\Http\\Request), Object(Closure))
#56 C:\\xampp\\htdocs\\serbiscrm\\vendor\\laravel\\framework\\src\\Illuminate\\Http\\Middleware\\TrustProxies.php(39): Illuminate\\Pipeline\\Pipeline->Illuminate\\Pipeline\\{closure}(Object(Illuminate\\Http\\Request))
#57 C:\\xampp\\htdocs\\serbiscrm\\vendor\\laravel\\framework\\src\\Illuminate\\Pipeline\\Pipeline.php(180): Illuminate\\Http\\Middleware\\TrustProxies->handle(Object(Illuminate\\Http\\Request), Object(Closure))
#58 C:\\xampp\\htdocs\\serbiscrm\\vendor\\laravel\\framework\\src\\Illuminate\\Pipeline\\Pipeline.php(116): Illuminate\\Pipeline\\Pipeline->Illuminate\\Pipeline\\{closure}(Object(Illuminate\\Http\\Request))
#59 C:\\xampp\\htdocs\\serbiscrm\\vendor\\laravel\\framework\\src\\Illuminate\\Foundation\\Http\\Kernel.php(175): Illuminate\\Pipeline\\Pipeline->then(Object(Closure))
#60 C:\\xampp\\htdocs\\serbiscrm\\vendor\\laravel\\framework\\src\\Illuminate\\Foundation\\Http\\Kernel.php(144): Illuminate\\Foundation\\Http\\Kernel->sendRequestThroughRouter(Object(Illuminate\\Http\\Request))
#61 C:\\xampp\\htdocs\\serbiscrm\\public\\index.php(51): Illuminate\\Foundation\\Http\\Kernel->handle(Object(Illuminate\\Http\\Request))
#62 C:\\xampp\\htdocs\\serbiscrm\\vendor\\laravel\\framework\\src\\Illuminate\\Foundation\\resources\\server.php(16): require_once('C:\\\\xampp\\\\htdocs...')
#63 {main}"} 
[2025-12-03 12:28:40] local.ERROR: Fatura entegrasyona gönderilemedi {"invoice_id":40,"error":"API Hatası: {\"errors\":[{\"detail\":\"Ürün/hizmet doldurulmalı\"}]}"} 
[2025-12-03 12:29:50] local.INFO: Paraşüt token cache'den alındı  
[2025-12-03 12:29:50] local.INFO: Paraşüt token cache'den alındı  
[2025-12-03 12:29:50] local.INFO: Paraşüt token cache'den alındı  
[2025-12-03 12:29:50] local.WARNING: Fatura numarası boş olduğu için Paraşüt'te arama yapılamadı. {"local_invoice_id":40} 
[2025-12-03 12:30:04] local.INFO: Paraşüt token cache'den alındı  
[2025-12-03 12:30:04] local.INFO: Paraşüt token cache'den alındı  
[2025-12-03 12:30:30] local.INFO: Paraşüt token cache'den alındı  
[2025-12-03 12:30:30] local.INFO: Fatura entegrasyona gönderiliyor (senkron) {"invoice_id":41,"tenant_id":"27"} 
[2025-12-03 12:30:30] local.INFO: Paraşüt token cache'den alındı  
[2025-12-03 12:30:30] local.INFO: Fatura oluşturuluyor {"invoice_number":null} 
[2025-12-03 12:30:30] local.INFO: İsim ile müşteri aranıyor {"name":"ESRA TEKIR"} 
[2025-12-03 12:30:30] local.INFO: Paraşüt API isteği {"method":"get","url":"https://api.heroku-staging.parasut.com/v4/34746/contacts"} 
[2025-12-03 12:30:31] local.INFO: Müşteri isim ve telefon ile bulundu {"customer_id":"2048285"} 
[2025-12-03 12:30:31] local.INFO: Müşteri Paraşüt'te zaten mevcut {"customer_id":"2048285","name":"ESRA TEKIR"} 
[2025-12-03 12:30:31] local.INFO: Müşteri durumu {"customer_id":"2048285","action":"found","message":"Müşteri zaten Paraşüt'te kayıtlı"} 
[2025-12-03 12:30:31] local.INFO: Paraşüt API isteği {"method":"get","url":"https://api.heroku-staging.parasut.com/v4/34746/products"} 
[2025-12-03 12:30:31] local.ERROR: Paraşüt API Hatası {"method":"get","endpoint":"products","error":"API Hatası: {\"status\":500,\"error\":\"Internal Server Error\"}"} 
[2025-12-03 12:30:31] local.INFO: Paraşüt API isteği {"method":"post","url":"https://api.heroku-staging.parasut.com/v4/34746/products"} 
[2025-12-03 12:30:32] local.ERROR: Paraşüt API Hatası {"method":"post","endpoint":"products","error":"API Hatası: {\"status\":500,\"error\":\"Internal Server Error\"}"} 
[2025-12-03 12:30:32] local.ERROR: Ürün senkronizasyon hatası {"product_name":"DENEME TEST","error":"API Hatası: {\"status\":500,\"error\":\"Internal Server Error\"}"} 
[2025-12-03 12:30:32] local.INFO: Paraşüt API'ye fatura gönderiliyor {"customer_id":"2048285","items_count":1,"total":1560.0} 
[2025-12-03 12:30:32] local.INFO: Paraşüt API isteği {"method":"post","url":"https://api.heroku-staging.parasut.com/v4/34746/sales_invoices"} 
[2025-12-03 12:30:33] local.ERROR: Paraşüt API Hatası {"method":"post","endpoint":"sales_invoices","error":"API Hatası: {\"errors\":[{\"detail\":\"Ürün/hizmet doldurulmalı\"}]}"} 
[2025-12-03 12:30:33] local.ERROR: Paraşüt fatura oluşturma hatası: API Hatası: {"errors":[{"detail":"Ürün/hizmet doldurulmalı"}]} {"invoice_data":{"id":41,"faturaNumarasi":null,"faturaTarihi":"2025-12-03","indirim":0.0,"odemeDurum":null,"toplamTutar":1560.0,"genelToplam":1560.0,"kasaId":1,"customer":{"adSoyad":"ESRA TEKIR","musteriTipi":"1","email":null,"tel1":"553 856 5151","vergiNo":null,"vergiDairesi":null,"tcNo":null,"adres":"arnavutköy merkez mah.","il":"İSTANBUL","ilce":"ARNAVUTKÖY"},"items":[{"aciklama":"DENEME TEST","miktar":"1","fiyat":1300.0,"tutar":1300.0}],"vat_rate":null,"vat_withholding_rate":"0"},"trace":"#0 C:\\xampp\\htdocs\\serbiscrm\\app\\Services\\InvoiceIntegrations\\ParasutService.php(510): App\\Services\\InvoiceIntegrations\\ParasutService->makeRequest('post', 'sales_invoices', Array)
#1 C:\\xampp\\htdocs\\serbiscrm\\app\\Http\\Controllers\\Frontend\\InvoicesController.php(642): App\\Services\\InvoiceIntegrations\\ParasutService->createInvoice(Array)
#2 C:\\xampp\\htdocs\\serbiscrm\\vendor\\laravel\\framework\\src\\Illuminate\\Routing\\Controller.php(54): App\\Http\\Controllers\\Frontend\\InvoicesController->StoreInvoice(Object(Illuminate\\Http\\Request), '27')
#3 C:\\xampp\\htdocs\\serbiscrm\\vendor\\laravel\\framework\\src\\Illuminate\\Routing\\ControllerDispatcher.php(43): Illuminate\\Routing\\Controller->callAction('StoreInvoice', Array)
#4 C:\\xampp\\htdocs\\serbiscrm\\vendor\\laravel\\framework\\src\\Illuminate\\Routing\\Route.php(259): Illuminate\\Routing\\ControllerDispatcher->dispatch(Object(Illuminate\\Routing\\Route), Object(App\\Http\\Controllers\\Frontend\\InvoicesController), 'StoreInvoice')
#5 C:\\xampp\\htdocs\\serbiscrm\\vendor\\laravel\\framework\\src\\Illuminate\\Routing\\Route.php(205): Illuminate\\Routing\\Route->runController()
#6 C:\\xampp\\htdocs\\serbiscrm\\vendor\\laravel\\framework\\src\\Illuminate\\Routing\\Router.php(799): Illuminate\\Routing\\Route->run()
#7 C:\\xampp\\htdocs\\serbiscrm\\vendor\\laravel\\framework\\src\\Illuminate\\Pipeline\\Pipeline.php(141): Illuminate\\Routing\\Router->Illuminate\\Routing\\{closure}(Object(Illuminate\\Http\\Request))
#8 C:\\xampp\\htdocs\\serbiscrm\\app\\Http\\Middleware\\CheckStorageLimit.php(20): Illuminate\\Pipeline\\Pipeline->Illuminate\\Pipeline\\{closure}(Object(Illuminate\\Http\\Request))
#9 C:\\xampp\\htdocs\\serbiscrm\\vendor\\laravel\\framework\\src\\Illuminate\\Pipeline\\Pipeline.php(180): App\\Http\\Middleware\\CheckStorageLimit->handle(Object(Illuminate\\Http\\Request), Object(Closure))
#10 C:\\xampp\\htdocs\\serbiscrm\\app\\Http\\Middleware\\CheckTenantStatus.php(40): Illuminate\\Pipeline\\Pipeline->Illuminate\\Pipeline\\{closure}(Object(Illuminate\\Http\\Request))
#11 C:\\xampp\\htdocs\\serbiscrm\\vendor\\laravel\\framework\\src\\Illuminate\\Pipeline\\Pipeline.php(180): App\\Http\\Middleware\\CheckTenantStatus->handle(Object(Illuminate\\Http\\Request), Object(Closure))
#12 C:\\xampp\\htdocs\\serbiscrm\\app\\Http\\Middleware\\HandleRedirectAfterLogin.php(28): Illuminate\\Pipeline\\Pipeline->Illuminate\\Pipeline\\{closure}(Object(Illuminate\\Http\\Request))
#13 C:\\xampp\\htdocs\\serbiscrm\\vendor\\laravel\\framework\\src\\Illuminate\\Pipeline\\Pipeline.php(180): App\\Http\\Middleware\\HandleRedirectAfterLogin->handle(Object(Illuminate\\Http\\Request), Object(Closure))
#14 C:\\xampp\\htdocs\\serbiscrm\\app\\Http\\Middleware\\CheckCompanySubscription.php(32): Illuminate\\Pipeline\\Pipeline->Illuminate\\Pipeline\\{closure}(Object(Illuminate\\Http\\Request))
#15 C:\\xampp\\htdocs\\serbiscrm\\vendor\\laravel\\framework\\src\\Illuminate\\Pipeline\\Pipeline.php(180): App\\Http\\Middleware\\CheckCompanySubscription->handle(Object(Illuminate\\Http\\Request), Object(Closure))
#16 C:\\xampp\\htdocs\\serbiscrm\\app\\Http\\Middleware\\CheckTenantId.php(43): Illuminate\\Pipeline\\Pipeline->Illuminate\\Pipeline\\{closure}(Object(Illuminate\\Http\\Request))
#17 C:\\xampp\\htdocs\\serbiscrm\\vendor\\laravel\\framework\\src\\Illuminate\\Pipeline\\Pipeline.php(180): App\\Http\\Middleware\\CheckTenantId->handle(Object(Illuminate\\Http\\Request), Object(Closure))
#18 C:\\xampp\\htdocs\\serbiscrm\\app\\Http\\Middleware\\CheckTrialStatus.php(28): Illuminate\\Pipeline\\Pipeline->Illuminate\\Pipeline\\{closure}(Object(Illuminate\\Http\\Request))
#19 C:\\xampp\\htdocs\\serbiscrm\\vendor\\laravel\\framework\\src\\Illuminate\\Pipeline\\Pipeline.php(180): App\\Http\\Middleware\\CheckTrialStatus->handle(Object(Illuminate\\Http\\Request), Object(Closure))
#20 C:\\xampp\\htdocs\\serbiscrm\\vendor\\laravel\\framework\\src\\Illuminate\\Routing\\Middleware\\SubstituteBindings.php(50): Illuminate\\Pipeline\\Pipeline->Illuminate\\Pipeline\\{closure}(Object(Illuminate\\Http\\Request))
#21 C:\\xampp\\htdocs\\serbiscrm\\vendor\\laravel\\framework\\src\\Illuminate\\Pipeline\\Pipeline.php(180): Illuminate\\Routing\\Middleware\\SubstituteBindings->handle(Object(Illuminate\\Http\\Request), Object(Closure))
#22 C:\\xampp\\htdocs\\serbiscrm\\vendor\\laravel\\framework\\src\\Illuminate\\Auth\\Middleware\\Authenticate.php(57): Illuminate\\Pipeline\\Pipeline->Illuminate\\Pipeline\\{closure}(Object(Illuminate\\Http\\Request))
#23 C:\\xampp\\htdocs\\serbiscrm\\vendor\\laravel\\framework\\src\\Illuminate\\Pipeline\\Pipeline.php(180): Illuminate\\Auth\\Middleware\\Authenticate->handle(Object(Illuminate\\Http\\Request), Object(Closure))
#24 C:\\xampp\\htdocs\\serbiscrm\\vendor\\laravel\\framework\\src\\Illuminate\\Foundation\\Http\\Middleware\\VerifyCsrfToken.php(78): Illuminate\\Pipeline\\Pipeline->Illuminate\\Pipeline\\{closure}(Object(Illuminate\\Http\\Request))
#25 C:\\xampp\\htdocs\\serbiscrm\\vendor\\laravel\\framework\\src\\Illuminate\\Pipeline\\Pipeline.php(180): Illuminate\\Foundation\\Http\\Middleware\\VerifyCsrfToken->handle(Object(Illuminate\\Http\\Request), Object(Closure))
#26 C:\\xampp\\htdocs\\serbiscrm\\vendor\\laravel\\framework\\src\\Illuminate\\View\\Middleware\\ShareErrorsFromSession.php(49): Illuminate\\Pipeline\\Pipeline->Illuminate\\Pipeline\\{closure}(Object(Illuminate\\Http\\Request))
#27 C:\\xampp\\htdocs\\serbiscrm\\vendor\\laravel\\framework\\src\\Illuminate\\Pipeline\\Pipeline.php(180): Illuminate\\View\\Middleware\\ShareErrorsFromSession->handle(Object(Illuminate\\Http\\Request), Object(Closure))
#28 C:\\xampp\\htdocs\\serbiscrm\\vendor\\laravel\\framework\\src\\Illuminate\\Session\\Middleware\\StartSession.php(121): Illuminate\\Pipeline\\Pipeline->Illuminate\\Pipeline\\{closure}(Object(Illuminate\\Http\\Request))
#29 C:\\xampp\\htdocs\\serbiscrm\\vendor\\laravel\\framework\\src\\Illuminate\\Session\\Middleware\\StartSession.php(64): Illuminate\\Session\\Middleware\\StartSession->handleStatefulRequest(Object(Illuminate\\Http\\Request), Object(Illuminate\\Session\\Store), Object(Closure))
#30 C:\\xampp\\htdocs\\serbiscrm\\vendor\\laravel\\framework\\src\\Illuminate\\Pipeline\\Pipeline.php(180): Illuminate\\Session\\Middleware\\StartSession->handle(Object(Illuminate\\Http\\Request), Object(Closure))
#31 C:\\xampp\\htdocs\\serbiscrm\\vendor\\laravel\\framework\\src\\Illuminate\\Cookie\\Middleware\\AddQueuedCookiesToResponse.php(37): Illuminate\\Pipeline\\Pipeline->Illuminate\\Pipeline\\{closure}(Object(Illuminate\\Http\\Request))
#32 C:\\xampp\\htdocs\\serbiscrm\\vendor\\laravel\\framework\\src\\Illuminate\\Pipeline\\Pipeline.php(180): Illuminate\\Cookie\\Middleware\\AddQueuedCookiesToResponse->handle(Object(Illuminate\\Http\\Request), Object(Closure))
#33 C:\\xampp\\htdocs\\serbiscrm\\vendor\\laravel\\framework\\src\\Illuminate\\Cookie\\Middleware\\EncryptCookies.php(67): Illuminate\\Pipeline\\Pipeline->Illuminate\\Pipeline\\{closure}(Object(Illuminate\\Http\\Request))
#34 C:\\xampp\\htdocs\\serbiscrm\\vendor\\laravel\\framework\\src\\Illuminate\\Pipeline\\Pipeline.php(180): Illuminate\\Cookie\\Middleware\\EncryptCookies->handle(Object(Illuminate\\Http\\Request), Object(Closure))
#35 C:\\xampp\\htdocs\\serbiscrm\\vendor\\laravel\\framework\\src\\Illuminate\\Pipeline\\Pipeline.php(116): Illuminate\\Pipeline\\Pipeline->Illuminate\\Pipeline\\{closure}(Object(Illuminate\\Http\\Request))
#36 C:\\xampp\\htdocs\\serbiscrm\\vendor\\laravel\\framework\\src\\Illuminate\\Routing\\Router.php(798): Illuminate\\Pipeline\\Pipeline->then(Object(Closure))
#37 C:\\xampp\\htdocs\\serbiscrm\\vendor\\laravel\\framework\\src\\Illuminate\\Routing\\Router.php(777): Illuminate\\Routing\\Router->runRouteWithinStack(Object(Illuminate\\Routing\\Route), Object(Illuminate\\Http\\Request))
#38 C:\\xampp\\htdocs\\serbiscrm\\vendor\\laravel\\framework\\src\\Illuminate\\Routing\\Router.php(741): Illuminate\\Routing\\Router->runRoute(Object(Illuminate\\Http\\Request), Object(Illuminate\\Routing\\Route))
#39 C:\\xampp\\htdocs\\serbiscrm\\vendor\\laravel\\framework\\src\\Illuminate\\Routing\\Router.php(730): Illuminate\\Routing\\Router->dispatchToRoute(Object(Illuminate\\Http\\Request))
#40 C:\\xampp\\htdocs\\serbiscrm\\vendor\\laravel\\framework\\src\\Illuminate\\Foundation\\Http\\Kernel.php(200): Illuminate\\Routing\\Router->dispatch(Object(Illuminate\\Http\\Request))
#41 C:\\xampp\\htdocs\\serbiscrm\\vendor\\laravel\\framework\\src\\Illuminate\\Pipeline\\Pipeline.php(141): Illuminate\\Foundation\\Http\\Kernel->Illuminate\\Foundation\\Http\\{closure}(Object(Illuminate\\Http\\Request))
#42 C:\\xampp\\htdocs\\serbiscrm\\app\\Http\\Middleware\\ImpersonationMiddleware.php(51): Illuminate\\Pipeline\\Pipeline->Illuminate\\Pipeline\\{closure}(Object(Illuminate\\Http\\Request))
#43 C:\\xampp\\htdocs\\serbiscrm\\vendor\\laravel\\framework\\src\\Illuminate\\Pipeline\\Pipeline.php(180): App\\Http\\Middleware\\ImpersonationMiddleware->handle(Object(Illuminate\\Http\\Request), Object(Closure))
#44 C:\\xampp\\htdocs\\serbiscrm\\vendor\\laravel\\framework\\src\\Illuminate\\Foundation\\Http\\Middleware\\TransformsRequest.php(21): Illuminate\\Pipeline\\Pipeline->Illuminate\\Pipeline\\{closure}(Object(Illuminate\\Http\\Request))
#45 C:\\xampp\\htdocs\\serbiscrm\\vendor\\laravel\\framework\\src\\Illuminate\\Foundation\\Http\\Middleware\\ConvertEmptyStringsToNull.php(31): Illuminate\\Foundation\\Http\\Middleware\\TransformsRequest->handle(Object(Illuminate\\Http\\Request), Object(Closure))
#46 C:\\xampp\\htdocs\\serbiscrm\\vendor\\laravel\\framework\\src\\Illuminate\\Pipeline\\Pipeline.php(180): Illuminate\\Foundation\\Http\\Middleware\\ConvertEmptyStringsToNull->handle(Object(Illuminate\\Http\\Request), Object(Closure))
#47 C:\\xampp\\htdocs\\serbiscrm\\vendor\\laravel\\framework\\src\\Illuminate\\Foundation\\Http\\Middleware\\TransformsRequest.php(21): Illuminate\\Pipeline\\Pipeline->Illuminate\\Pipeline\\{closure}(Object(Illuminate\\Http\\Request))
#48 C:\\xampp\\htdocs\\serbiscrm\\vendor\\laravel\\framework\\src\\Illuminate\\Foundation\\Http\\Middleware\\TrimStrings.php(40): Illuminate\\Foundation\\Http\\Middleware\\TransformsRequest->handle(Object(Illuminate\\Http\\Request), Object(Closure))
#49 C:\\xampp\\htdocs\\serbiscrm\\vendor\\laravel\\framework\\src\\Illuminate\\Pipeline\\Pipeline.php(180): Illuminate\\Foundation\\Http\\Middleware\\TrimStrings->handle(Object(Illuminate\\Http\\Request), Object(Closure))
#50 C:\\xampp\\htdocs\\serbiscrm\\vendor\\laravel\\framework\\src\\Illuminate\\Foundation\\Http\\Middleware\\ValidatePostSize.php(27): Illuminate\\Pipeline\\Pipeline->Illuminate\\Pipeline\\{closure}(Object(Illuminate\\Http\\Request))
#51 C:\\xampp\\htdocs\\serbiscrm\\vendor\\laravel\\framework\\src\\Illuminate\\Pipeline\\Pipeline.php(180): Illuminate\\Foundation\\Http\\Middleware\\ValidatePostSize->handle(Object(Illuminate\\Http\\Request), Object(Closure))
#52 C:\\xampp\\htdocs\\serbiscrm\\vendor\\laravel\\framework\\src\\Illuminate\\Foundation\\Http\\Middleware\\PreventRequestsDuringMaintenance.php(99): Illuminate\\Pipeline\\Pipeline->Illuminate\\Pipeline\\{closure}(Object(Illuminate\\Http\\Request))
#53 C:\\xampp\\htdocs\\serbiscrm\\vendor\\laravel\\framework\\src\\Illuminate\\Pipeline\\Pipeline.php(180): Illuminate\\Foundation\\Http\\Middleware\\PreventRequestsDuringMaintenance->handle(Object(Illuminate\\Http\\Request), Object(Closure))
#54 C:\\xampp\\htdocs\\serbiscrm\\vendor\\laravel\\framework\\src\\Illuminate\\Http\\Middleware\\HandleCors.php(49): Illuminate\\Pipeline\\Pipeline->Illuminate\\Pipeline\\{closure}(Object(Illuminate\\Http\\Request))
#55 C:\\xampp\\htdocs\\serbiscrm\\vendor\\laravel\\framework\\src\\Illuminate\\Pipeline\\Pipeline.php(180): Illuminate\\Http\\Middleware\\HandleCors->handle(Object(Illuminate\\Http\\Request), Object(Closure))
#56 C:\\xampp\\htdocs\\serbiscrm\\vendor\\laravel\\framework\\src\\Illuminate\\Http\\Middleware\\TrustProxies.php(39): Illuminate\\Pipeline\\Pipeline->Illuminate\\Pipeline\\{closure}(Object(Illuminate\\Http\\Request))
#57 C:\\xampp\\htdocs\\serbiscrm\\vendor\\laravel\\framework\\src\\Illuminate\\Pipeline\\Pipeline.php(180): Illuminate\\Http\\Middleware\\TrustProxies->handle(Object(Illuminate\\Http\\Request), Object(Closure))
#58 C:\\xampp\\htdocs\\serbiscrm\\vendor\\laravel\\framework\\src\\Illuminate\\Pipeline\\Pipeline.php(116): Illuminate\\Pipeline\\Pipeline->Illuminate\\Pipeline\\{closure}(Object(Illuminate\\Http\\Request))
#59 C:\\xampp\\htdocs\\serbiscrm\\vendor\\laravel\\framework\\src\\Illuminate\\Foundation\\Http\\Kernel.php(175): Illuminate\\Pipeline\\Pipeline->then(Object(Closure))
#60 C:\\xampp\\htdocs\\serbiscrm\\vendor\\laravel\\framework\\src\\Illuminate\\Foundation\\Http\\Kernel.php(144): Illuminate\\Foundation\\Http\\Kernel->sendRequestThroughRouter(Object(Illuminate\\Http\\Request))
#61 C:\\xampp\\htdocs\\serbiscrm\\public\\index.php(51): Illuminate\\Foundation\\Http\\Kernel->handle(Object(Illuminate\\Http\\Request))
#62 C:\\xampp\\htdocs\\serbiscrm\\vendor\\laravel\\framework\\src\\Illuminate\\Foundation\\resources\\server.php(16): require_once('C:\\\\xampp\\\\htdocs...')
#63 {main}"} 
[2025-12-03 12:30:33] local.ERROR: Fatura entegrasyona gönderilemedi {"invoice_id":41,"error":"API Hatası: {\"errors\":[{\"detail\":\"Ürün/hizmet doldurulmalı\"}]}"} 
[2025-12-03 12:32:04] local.INFO: Paraşüt token cache'den alındı  
[2025-12-03 12:32:05] local.INFO: Paraşüt token cache'den alındı  
[2025-12-03 12:32:05] local.INFO: Paraşüt token cache'den alındı  
[2025-12-03 12:32:05] local.WARNING: Fatura numarası boş olduğu için Paraşüt'te arama yapılamadı. {"local_invoice_id":41} 
[2025-12-03 13:17:55] local.INFO: Token refresh edildi  
[2025-12-03 13:17:55] local.INFO: Paraşüt token cache'den alındı  
[2025-12-03 13:18:18] local.INFO: Paraşüt token cache'den alındı  
[2025-12-03 13:18:18] local.INFO: Fatura entegrasyona gönderiliyor (senkron) {"invoice_id":42,"tenant_id":"27"} 
[2025-12-03 13:18:18] local.INFO: Paraşüt token cache'den alındı  
[2025-12-03 13:18:18] local.INFO: Fatura oluşturuluyor {"invoice_number":null} 
[2025-12-03 13:18:18] local.INFO: TC No ile müşteri aranıyor {"tcNo":"11111111111"} 
[2025-12-03 13:18:18] local.INFO: Paraşüt API isteği {"method":"get","url":"https://api.heroku-staging.parasut.com/v4/34746/contacts"} 
[2025-12-03 13:18:19] local.INFO: Müşteri TC No ile bulundu {"customer_id":"2047425"} 
[2025-12-03 13:18:19] local.INFO: Müşteri Paraşüt'te zaten mevcut {"customer_id":"2047425","name":"Test Müşteri"} 
[2025-12-03 13:18:19] local.INFO: Müşteri durumu {"customer_id":"2047425","action":"found","message":"Müşteri zaten Paraşüt'te kayıtlı"} 
[2025-12-03 13:18:19] local.INFO: Paraşüt API isteği {"method":"get","url":"https://api.heroku-staging.parasut.com/v4/34746/products"} 
[2025-12-03 13:18:19] local.ERROR: Paraşüt API Hatası {"method":"get","endpoint":"products","error":"API Hatası: {\"status\":500,\"error\":\"Internal Server Error\"}"} 
[2025-12-03 13:18:19] local.INFO: Paraşüt API isteği {"method":"post","url":"https://api.heroku-staging.parasut.com/v4/34746/products"} 
[2025-12-03 13:18:20] local.ERROR: Paraşüt API Hatası {"method":"post","endpoint":"products","error":"API Hatası: {\"status\":500,\"error\":\"Internal Server Error\"}"} 
[2025-12-03 13:18:20] local.ERROR: Ürün senkronizasyon hatası {"product_name":"DENEME TEST","error":"API Hatası: {\"status\":500,\"error\":\"Internal Server Error\"}"} 
[2025-12-03 13:18:20] local.INFO: Paraşüt API'ye fatura gönderiliyor {"customer_id":"2047425","items_count":1,"total":147.6} 
[2025-12-03 13:18:20] local.INFO: Paraşüt API isteği {"method":"post","url":"https://api.heroku-staging.parasut.com/v4/34746/sales_invoices"} 
[2025-12-03 13:18:20] local.ERROR: Paraşüt API Hatası {"method":"post","endpoint":"sales_invoices","error":"API Hatası: {\"errors\":[{\"detail\":\"Ürün/hizmet doldurulmalı\"}]}"} 
[2025-12-03 13:18:20] local.ERROR: Paraşüt fatura oluşturma hatası: API Hatası: {"errors":[{"detail":"Ürün/hizmet doldurulmalı"}]} {"invoice_data":{"id":42,"faturaNumarasi":null,"faturaTarihi":"2025-12-03","indirim":0.0,"odemeDurum":null,"toplamTutar":147.6,"genelToplam":147.6,"kasaId":1,"customer":{"adSoyad":"medine hane","musteriTipi":"1","email":null,"tel1":"444 433 3555","vergiNo":null,"vergiDairesi":null,"tcNo":"11111111111","adres":"ataşehir merkez mah.","il":"İSTANBUL","ilce":"ATAŞEHİR"},"items":[{"aciklama":"DENEME TEST","miktar":"1","fiyat":123.0,"tutar":123.0}],"vat_rate":null,"vat_withholding_rate":"0"},"trace":"#0 C:\\xampp\\htdocs\\serbiscrm\\app\\Services\\InvoiceIntegrations\\ParasutService.php(510): App\\Services\\InvoiceIntegrations\\ParasutService->makeRequest('post', 'sales_invoices', Array)
#1 C:\\xampp\\htdocs\\serbiscrm\\app\\Http\\Controllers\\Frontend\\InvoicesController.php(642): App\\Services\\InvoiceIntegrations\\ParasutService->createInvoice(Array)
#2 C:\\xampp\\htdocs\\serbiscrm\\vendor\\laravel\\framework\\src\\Illuminate\\Routing\\Controller.php(54): App\\Http\\Controllers\\Frontend\\InvoicesController->StoreInvoice(Object(Illuminate\\Http\\Request), '27')
#3 C:\\xampp\\htdocs\\serbiscrm\\vendor\\laravel\\framework\\src\\Illuminate\\Routing\\ControllerDispatcher.php(43): Illuminate\\Routing\\Controller->callAction('StoreInvoice', Array)
#4 C:\\xampp\\htdocs\\serbiscrm\\vendor\\laravel\\framework\\src\\Illuminate\\Routing\\Route.php(259): Illuminate\\Routing\\ControllerDispatcher->dispatch(Object(Illuminate\\Routing\\Route), Object(App\\Http\\Controllers\\Frontend\\InvoicesController), 'StoreInvoice')
#5 C:\\xampp\\htdocs\\serbiscrm\\vendor\\laravel\\framework\\src\\Illuminate\\Routing\\Route.php(205): Illuminate\\Routing\\Route->runController()
#6 C:\\xampp\\htdocs\\serbiscrm\\vendor\\laravel\\framework\\src\\Illuminate\\Routing\\Router.php(799): Illuminate\\Routing\\Route->run()
#7 C:\\xampp\\htdocs\\serbiscrm\\vendor\\laravel\\framework\\src\\Illuminate\\Pipeline\\Pipeline.php(141): Illuminate\\Routing\\Router->Illuminate\\Routing\\{closure}(Object(Illuminate\\Http\\Request))
#8 C:\\xampp\\htdocs\\serbiscrm\\app\\Http\\Middleware\\CheckStorageLimit.php(20): Illuminate\\Pipeline\\Pipeline->Illuminate\\Pipeline\\{closure}(Object(Illuminate\\Http\\Request))
#9 C:\\xampp\\htdocs\\serbiscrm\\vendor\\laravel\\framework\\src\\Illuminate\\Pipeline\\Pipeline.php(180): App\\Http\\Middleware\\CheckStorageLimit->handle(Object(Illuminate\\Http\\Request), Object(Closure))
#10 C:\\xampp\\htdocs\\serbiscrm\\app\\Http\\Middleware\\CheckTenantStatus.php(40): Illuminate\\Pipeline\\Pipeline->Illuminate\\Pipeline\\{closure}(Object(Illuminate\\Http\\Request))
#11 C:\\xampp\\htdocs\\serbiscrm\\vendor\\laravel\\framework\\src\\Illuminate\\Pipeline\\Pipeline.php(180): App\\Http\\Middleware\\CheckTenantStatus->handle(Object(Illuminate\\Http\\Request), Object(Closure))
#12 C:\\xampp\\htdocs\\serbiscrm\\app\\Http\\Middleware\\HandleRedirectAfterLogin.php(28): Illuminate\\Pipeline\\Pipeline->Illuminate\\Pipeline\\{closure}(Object(Illuminate\\Http\\Request))
#13 C:\\xampp\\htdocs\\serbiscrm\\vendor\\laravel\\framework\\src\\Illuminate\\Pipeline\\Pipeline.php(180): App\\Http\\Middleware\\HandleRedirectAfterLogin->handle(Object(Illuminate\\Http\\Request), Object(Closure))
#14 C:\\xampp\\htdocs\\serbiscrm\\app\\Http\\Middleware\\CheckCompanySubscription.php(32): Illuminate\\Pipeline\\Pipeline->Illuminate\\Pipeline\\{closure}(Object(Illuminate\\Http\\Request))
#15 C:\\xampp\\htdocs\\serbiscrm\\vendor\\laravel\\framework\\src\\Illuminate\\Pipeline\\Pipeline.php(180): App\\Http\\Middleware\\CheckCompanySubscription->handle(Object(Illuminate\\Http\\Request), Object(Closure))
#16 C:\\xampp\\htdocs\\serbiscrm\\app\\Http\\Middleware\\CheckTenantId.php(43): Illuminate\\Pipeline\\Pipeline->Illuminate\\Pipeline\\{closure}(Object(Illuminate\\Http\\Request))
#17 C:\\xampp\\htdocs\\serbiscrm\\vendor\\laravel\\framework\\src\\Illuminate\\Pipeline\\Pipeline.php(180): App\\Http\\Middleware\\CheckTenantId->handle(Object(Illuminate\\Http\\Request), Object(Closure))
#18 C:\\xampp\\htdocs\\serbiscrm\\app\\Http\\Middleware\\CheckTrialStatus.php(28): Illuminate\\Pipeline\\Pipeline->Illuminate\\Pipeline\\{closure}(Object(Illuminate\\Http\\Request))
#19 C:\\xampp\\htdocs\\serbiscrm\\vendor\\laravel\\framework\\src\\Illuminate\\Pipeline\\Pipeline.php(180): App\\Http\\Middleware\\CheckTrialStatus->handle(Object(Illuminate\\Http\\Request), Object(Closure))
#20 C:\\xampp\\htdocs\\serbiscrm\\vendor\\laravel\\framework\\src\\Illuminate\\Routing\\Middleware\\SubstituteBindings.php(50): Illuminate\\Pipeline\\Pipeline->Illuminate\\Pipeline\\{closure}(Object(Illuminate\\Http\\Request))
#21 C:\\xampp\\htdocs\\serbiscrm\\vendor\\laravel\\framework\\src\\Illuminate\\Pipeline\\Pipeline.php(180): Illuminate\\Routing\\Middleware\\SubstituteBindings->handle(Object(Illuminate\\Http\\Request), Object(Closure))
#22 C:\\xampp\\htdocs\\serbiscrm\\vendor\\laravel\\framework\\src\\Illuminate\\Auth\\Middleware\\Authenticate.php(57): Illuminate\\Pipeline\\Pipeline->Illuminate\\Pipeline\\{closure}(Object(Illuminate\\Http\\Request))
#23 C:\\xampp\\htdocs\\serbiscrm\\vendor\\laravel\\framework\\src\\Illuminate\\Pipeline\\Pipeline.php(180): Illuminate\\Auth\\Middleware\\Authenticate->handle(Object(Illuminate\\Http\\Request), Object(Closure))
#24 C:\\xampp\\htdocs\\serbiscrm\\vendor\\laravel\\framework\\src\\Illuminate\\Foundation\\Http\\Middleware\\VerifyCsrfToken.php(78): Illuminate\\Pipeline\\Pipeline->Illuminate\\Pipeline\\{closure}(Object(Illuminate\\Http\\Request))
#25 C:\\xampp\\htdocs\\serbiscrm\\vendor\\laravel\\framework\\src\\Illuminate\\Pipeline\\Pipeline.php(180): Illuminate\\Foundation\\Http\\Middleware\\VerifyCsrfToken->handle(Object(Illuminate\\Http\\Request), Object(Closure))
#26 C:\\xampp\\htdocs\\serbiscrm\\vendor\\laravel\\framework\\src\\Illuminate\\View\\Middleware\\ShareErrorsFromSession.php(49): Illuminate\\Pipeline\\Pipeline->Illuminate\\Pipeline\\{closure}(Object(Illuminate\\Http\\Request))
#27 C:\\xampp\\htdocs\\serbiscrm\\vendor\\laravel\\framework\\src\\Illuminate\\Pipeline\\Pipeline.php(180): Illuminate\\View\\Middleware\\ShareErrorsFromSession->handle(Object(Illuminate\\Http\\Request), Object(Closure))
#28 C:\\xampp\\htdocs\\serbiscrm\\vendor\\laravel\\framework\\src\\Illuminate\\Session\\Middleware\\StartSession.php(121): Illuminate\\Pipeline\\Pipeline->Illuminate\\Pipeline\\{closure}(Object(Illuminate\\Http\\Request))
#29 C:\\xampp\\htdocs\\serbiscrm\\vendor\\laravel\\framework\\src\\Illuminate\\Session\\Middleware\\StartSession.php(64): Illuminate\\Session\\Middleware\\StartSession->handleStatefulRequest(Object(Illuminate\\Http\\Request), Object(Illuminate\\Session\\Store), Object(Closure))
#30 C:\\xampp\\htdocs\\serbiscrm\\vendor\\laravel\\framework\\src\\Illuminate\\Pipeline\\Pipeline.php(180): Illuminate\\Session\\Middleware\\StartSession->handle(Object(Illuminate\\Http\\Request), Object(Closure))
#31 C:\\xampp\\htdocs\\serbiscrm\\vendor\\laravel\\framework\\src\\Illuminate\\Cookie\\Middleware\\AddQueuedCookiesToResponse.php(37): Illuminate\\Pipeline\\Pipeline->Illuminate\\Pipeline\\{closure}(Object(Illuminate\\Http\\Request))
#32 C:\\xampp\\htdocs\\serbiscrm\\vendor\\laravel\\framework\\src\\Illuminate\\Pipeline\\Pipeline.php(180): Illuminate\\Cookie\\Middleware\\AddQueuedCookiesToResponse->handle(Object(Illuminate\\Http\\Request), Object(Closure))
#33 C:\\xampp\\htdocs\\serbiscrm\\vendor\\laravel\\framework\\src\\Illuminate\\Cookie\\Middleware\\EncryptCookies.php(67): Illuminate\\Pipeline\\Pipeline->Illuminate\\Pipeline\\{closure}(Object(Illuminate\\Http\\Request))
#34 C:\\xampp\\htdocs\\serbiscrm\\vendor\\laravel\\framework\\src\\Illuminate\\Pipeline\\Pipeline.php(180): Illuminate\\Cookie\\Middleware\\EncryptCookies->handle(Object(Illuminate\\Http\\Request), Object(Closure))
#35 C:\\xampp\\htdocs\\serbiscrm\\vendor\\laravel\\framework\\src\\Illuminate\\Pipeline\\Pipeline.php(116): Illuminate\\Pipeline\\Pipeline->Illuminate\\Pipeline\\{closure}(Object(Illuminate\\Http\\Request))
#36 C:\\xampp\\htdocs\\serbiscrm\\vendor\\laravel\\framework\\src\\Illuminate\\Routing\\Router.php(798): Illuminate\\Pipeline\\Pipeline->then(Object(Closure))
#37 C:\\xampp\\htdocs\\serbiscrm\\vendor\\laravel\\framework\\src\\Illuminate\\Routing\\Router.php(777): Illuminate\\Routing\\Router->runRouteWithinStack(Object(Illuminate\\Routing\\Route), Object(Illuminate\\Http\\Request))
#38 C:\\xampp\\htdocs\\serbiscrm\\vendor\\laravel\\framework\\src\\Illuminate\\Routing\\Router.php(741): Illuminate\\Routing\\Router->runRoute(Object(Illuminate\\Http\\Request), Object(Illuminate\\Routing\\Route))
#39 C:\\xampp\\htdocs\\serbiscrm\\vendor\\laravel\\framework\\src\\Illuminate\\Routing\\Router.php(730): Illuminate\\Routing\\Router->dispatchToRoute(Object(Illuminate\\Http\\Request))
#40 C:\\xampp\\htdocs\\serbiscrm\\vendor\\laravel\\framework\\src\\Illuminate\\Foundation\\Http\\Kernel.php(200): Illuminate\\Routing\\Router->dispatch(Object(Illuminate\\Http\\Request))
#41 C:\\xampp\\htdocs\\serbiscrm\\vendor\\laravel\\framework\\src\\Illuminate\\Pipeline\\Pipeline.php(141): Illuminate\\Foundation\\Http\\Kernel->Illuminate\\Foundation\\Http\\{closure}(Object(Illuminate\\Http\\Request))
#42 C:\\xampp\\htdocs\\serbiscrm\\app\\Http\\Middleware\\ImpersonationMiddleware.php(51): Illuminate\\Pipeline\\Pipeline->Illuminate\\Pipeline\\{closure}(Object(Illuminate\\Http\\Request))
#43 C:\\xampp\\htdocs\\serbiscrm\\vendor\\laravel\\framework\\src\\Illuminate\\Pipeline\\Pipeline.php(180): App\\Http\\Middleware\\ImpersonationMiddleware->handle(Object(Illuminate\\Http\\Request), Object(Closure))
#44 C:\\xampp\\htdocs\\serbiscrm\\vendor\\laravel\\framework\\src\\Illuminate\\Foundation\\Http\\Middleware\\TransformsRequest.php(21): Illuminate\\Pipeline\\Pipeline->Illuminate\\Pipeline\\{closure}(Object(Illuminate\\Http\\Request))
#45 C:\\xampp\\htdocs\\serbiscrm\\vendor\\laravel\\framework\\src\\Illuminate\\Foundation\\Http\\Middleware\\ConvertEmptyStringsToNull.php(31): Illuminate\\Foundation\\Http\\Middleware\\TransformsRequest->handle(Object(Illuminate\\Http\\Request), Object(Closure))
#46 C:\\xampp\\htdocs\\serbiscrm\\vendor\\laravel\\framework\\src\\Illuminate\\Pipeline\\Pipeline.php(180): Illuminate\\Foundation\\Http\\Middleware\\ConvertEmptyStringsToNull->handle(Object(Illuminate\\Http\\Request), Object(Closure))
#47 C:\\xampp\\htdocs\\serbiscrm\\vendor\\laravel\\framework\\src\\Illuminate\\Foundation\\Http\\Middleware\\TransformsRequest.php(21): Illuminate\\Pipeline\\Pipeline->Illuminate\\Pipeline\\{closure}(Object(Illuminate\\Http\\Request))
#48 C:\\xampp\\htdocs\\serbiscrm\\vendor\\laravel\\framework\\src\\Illuminate\\Foundation\\Http\\Middleware\\TrimStrings.php(40): Illuminate\\Foundation\\Http\\Middleware\\TransformsRequest->handle(Object(Illuminate\\Http\\Request), Object(Closure))
#49 C:\\xampp\\htdocs\\serbiscrm\\vendor\\laravel\\framework\\src\\Illuminate\\Pipeline\\Pipeline.php(180): Illuminate\\Foundation\\Http\\Middleware\\TrimStrings->handle(Object(Illuminate\\Http\\Request), Object(Closure))
#50 C:\\xampp\\htdocs\\serbiscrm\\vendor\\laravel\\framework\\src\\Illuminate\\Foundation\\Http\\Middleware\\ValidatePostSize.php(27): Illuminate\\Pipeline\\Pipeline->Illuminate\\Pipeline\\{closure}(Object(Illuminate\\Http\\Request))
#51 C:\\xampp\\htdocs\\serbiscrm\\vendor\\laravel\\framework\\src\\Illuminate\\Pipeline\\Pipeline.php(180): Illuminate\\Foundation\\Http\\Middleware\\ValidatePostSize->handle(Object(Illuminate\\Http\\Request), Object(Closure))
#52 C:\\xampp\\htdocs\\serbiscrm\\vendor\\laravel\\framework\\src\\Illuminate\\Foundation\\Http\\Middleware\\PreventRequestsDuringMaintenance.php(99): Illuminate\\Pipeline\\Pipeline->Illuminate\\Pipeline\\{closure}(Object(Illuminate\\Http\\Request))
#53 C:\\xampp\\htdocs\\serbiscrm\\vendor\\laravel\\framework\\src\\Illuminate\\Pipeline\\Pipeline.php(180): Illuminate\\Foundation\\Http\\Middleware\\PreventRequestsDuringMaintenance->handle(Object(Illuminate\\Http\\Request), Object(Closure))
#54 C:\\xampp\\htdocs\\serbiscrm\\vendor\\laravel\\framework\\src\\Illuminate\\Http\\Middleware\\HandleCors.php(49): Illuminate\\Pipeline\\Pipeline->Illuminate\\Pipeline\\{closure}(Object(Illuminate\\Http\\Request))
#55 C:\\xampp\\htdocs\\serbiscrm\\vendor\\laravel\\framework\\src\\Illuminate\\Pipeline\\Pipeline.php(180): Illuminate\\Http\\Middleware\\HandleCors->handle(Object(Illuminate\\Http\\Request), Object(Closure))
#56 C:\\xampp\\htdocs\\serbiscrm\\vendor\\laravel\\framework\\src\\Illuminate\\Http\\Middleware\\TrustProxies.php(39): Illuminate\\Pipeline\\Pipeline->Illuminate\\Pipeline\\{closure}(Object(Illuminate\\Http\\Request))
#57 C:\\xampp\\htdocs\\serbiscrm\\vendor\\laravel\\framework\\src\\Illuminate\\Pipeline\\Pipeline.php(180): Illuminate\\Http\\Middleware\\TrustProxies->handle(Object(Illuminate\\Http\\Request), Object(Closure))
#58 C:\\xampp\\htdocs\\serbiscrm\\vendor\\laravel\\framework\\src\\Illuminate\\Pipeline\\Pipeline.php(116): Illuminate\\Pipeline\\Pipeline->Illuminate\\Pipeline\\{closure}(Object(Illuminate\\Http\\Request))
#59 C:\\xampp\\htdocs\\serbiscrm\\vendor\\laravel\\framework\\src\\Illuminate\\Foundation\\Http\\Kernel.php(175): Illuminate\\Pipeline\\Pipeline->then(Object(Closure))
#60 C:\\xampp\\htdocs\\serbiscrm\\vendor\\laravel\\framework\\src\\Illuminate\\Foundation\\Http\\Kernel.php(144): Illuminate\\Foundation\\Http\\Kernel->sendRequestThroughRouter(Object(Illuminate\\Http\\Request))
#61 C:\\xampp\\htdocs\\serbiscrm\\public\\index.php(51): Illuminate\\Foundation\\Http\\Kernel->handle(Object(Illuminate\\Http\\Request))
#62 C:\\xampp\\htdocs\\serbiscrm\\vendor\\laravel\\framework\\src\\Illuminate\\Foundation\\resources\\server.php(16): require_once('C:\\\\xampp\\\\htdocs...')
#63 {main}"} 
[2025-12-03 13:18:20] local.ERROR: Fatura entegrasyona gönderilemedi {"invoice_id":42,"error":"API Hatası: {\"errors\":[{\"detail\":\"Ürün/hizmet doldurulmalı\"}]}"} 
[2025-12-03 13:20:38] local.INFO: Paraşüt token cache'den alındı  
[2025-12-03 13:20:38] local.INFO: Paraşüt token cache'den alındı  
[2025-12-03 13:20:50] local.INFO: Paraşüt token cache'den alındı  
[2025-12-03 13:20:50] local.INFO: Paraşüt token cache'den alındı  
[2025-12-03 13:21:25] local.INFO: Paraşüt token cache'den alındı  
[2025-12-03 13:21:25] local.INFO: Fatura entegrasyona gönderiliyor (senkron) {"invoice_id":43,"tenant_id":"27"} 
[2025-12-03 13:21:25] local.INFO: Paraşüt token cache'den alındı  
[2025-12-03 13:21:25] local.INFO: Fatura oluşturuluyor {"invoice_number":null} 
[2025-12-03 13:21:25] local.INFO: İsim ile müşteri aranıyor {"name":"ESRA TEKIR"} 
[2025-12-03 13:21:25] local.INFO: Paraşüt API isteği {"method":"get","url":"https://api.heroku-staging.parasut.com/v4/34746/contacts"} 
[2025-12-03 13:21:25] local.INFO: Müşteri isim ve telefon ile bulundu {"customer_id":"2048285"} 
[2025-12-03 13:21:25] local.INFO: Müşteri Paraşüt'te zaten mevcut {"customer_id":"2048285","name":"ESRA TEKIR"} 
[2025-12-03 13:21:25] local.INFO: Müşteri durumu {"customer_id":"2048285","action":"found","message":"Müşteri zaten Paraşüt'te kayıtlı"} 
[2025-12-03 13:21:25] local.INFO: Paraşüt API isteği {"method":"get","url":"https://api.heroku-staging.parasut.com/v4/34746/products"} 
[2025-12-03 13:21:26] local.ERROR: Paraşüt API Hatası {"method":"get","endpoint":"products","error":"API Hatası: {\"status\":500,\"error\":\"Internal Server Error\"}"} 
[2025-12-03 13:21:26] local.INFO: Paraşüt API isteği {"method":"post","url":"https://api.heroku-staging.parasut.com/v4/34746/products"} 
[2025-12-03 13:21:27] local.ERROR: Paraşüt API Hatası {"method":"post","endpoint":"products","error":"API Hatası: {\"status\":500,\"error\":\"Internal Server Error\"}"} 
[2025-12-03 13:21:27] local.ERROR: Ürün senkronizasyon hatası {"product_name":"DENEME TEST","error":"API Hatası: {\"status\":500,\"error\":\"Internal Server Error\"}"} 
[2025-12-03 13:21:27] local.INFO: Paraşüt API'ye fatura gönderiliyor {"customer_id":"2048285","items_count":1,"total":6000.0,"details":[{"type":"sales_invoice_details","attributes":{"quantity":2.0,"unit_price":2500.0,"vat_rate":20.0,"description":"DENEME TEST"}}]} 
[2025-12-03 13:21:27] local.INFO: Paraşüt API isteği {"method":"post","url":"https://api.heroku-staging.parasut.com/v4/34746/sales_invoices"} 
[2025-12-03 13:21:27] local.ERROR: Paraşüt API Hatası {"method":"post","endpoint":"sales_invoices","error":"API Hatası: {\"errors\":[{\"detail\":\"Ürün/hizmet doldurulmalı\"}]}"} 
[2025-12-03 13:21:27] local.ERROR: Paraşüt fatura oluşturma hatası: API Hatası: {"errors":[{"detail":"Ürün/hizmet doldurulmalı"}]} {"invoice_data":{"id":43,"faturaNumarasi":null,"faturaTarihi":"2025-12-03","indirim":0.0,"odemeDurum":null,"toplamTutar":6000.0,"genelToplam":6000.0,"kasaId":1,"customer":{"adSoyad":"ESRA TEKIR","musteriTipi":"1","email":null,"tel1":"553 856 5151","vergiNo":null,"vergiDairesi":null,"tcNo":null,"adres":"arnavutköy merkez mah.","il":"İSTANBUL","ilce":"ARNAVUTKÖY"},"items":[{"aciklama":"DENEME TEST","miktar":"2","fiyat":2500.0,"tutar":5000.0}],"vat_rate":null,"vat_withholding_rate":"0"},"trace":"#0 C:\\xampp\\htdocs\\serbiscrm\\app\\Services\\InvoiceIntegrations\\ParasutService.php(511): App\\Services\\InvoiceIntegrations\\ParasutService->makeRequest('post', 'sales_invoices', Array)
#1 C:\\xampp\\htdocs\\serbiscrm\\app\\Http\\Controllers\\Frontend\\InvoicesController.php(642): App\\Services\\InvoiceIntegrations\\ParasutService->createInvoice(Array)
#2 C:\\xampp\\htdocs\\serbiscrm\\vendor\\laravel\\framework\\src\\Illuminate\\Routing\\Controller.php(54): App\\Http\\Controllers\\Frontend\\InvoicesController->StoreInvoice(Object(Illuminate\\Http\\Request), '27')
#3 C:\\xampp\\htdocs\\serbiscrm\\vendor\\laravel\\framework\\src\\Illuminate\\Routing\\ControllerDispatcher.php(43): Illuminate\\Routing\\Controller->callAction('StoreInvoice', Array)
#4 C:\\xampp\\htdocs\\serbiscrm\\vendor\\laravel\\framework\\src\\Illuminate\\Routing\\Route.php(259): Illuminate\\Routing\\ControllerDispatcher->dispatch(Object(Illuminate\\Routing\\Route), Object(App\\Http\\Controllers\\Frontend\\InvoicesController), 'StoreInvoice')
#5 C:\\xampp\\htdocs\\serbiscrm\\vendor\\laravel\\framework\\src\\Illuminate\\Routing\\Route.php(205): Illuminate\\Routing\\Route->runController()
#6 C:\\xampp\\htdocs\\serbiscrm\\vendor\\laravel\\framework\\src\\Illuminate\\Routing\\Router.php(799): Illuminate\\Routing\\Route->run()
#7 C:\\xampp\\htdocs\\serbiscrm\\vendor\\laravel\\framework\\src\\Illuminate\\Pipeline\\Pipeline.php(141): Illuminate\\Routing\\Router->Illuminate\\Routing\\{closure}(Object(Illuminate\\Http\\Request))
#8 C:\\xampp\\htdocs\\serbiscrm\\app\\Http\\Middleware\\CheckStorageLimit.php(20): Illuminate\\Pipeline\\Pipeline->Illuminate\\Pipeline\\{closure}(Object(Illuminate\\Http\\Request))
#9 C:\\xampp\\htdocs\\serbiscrm\\vendor\\laravel\\framework\\src\\Illuminate\\Pipeline\\Pipeline.php(180): App\\Http\\Middleware\\CheckStorageLimit->handle(Object(Illuminate\\Http\\Request), Object(Closure))
#10 C:\\xampp\\htdocs\\serbiscrm\\app\\Http\\Middleware\\CheckTenantStatus.php(40): Illuminate\\Pipeline\\Pipeline->Illuminate\\Pipeline\\{closure}(Object(Illuminate\\Http\\Request))
#11 C:\\xampp\\htdocs\\serbiscrm\\vendor\\laravel\\framework\\src\\Illuminate\\Pipeline\\Pipeline.php(180): App\\Http\\Middleware\\CheckTenantStatus->handle(Object(Illuminate\\Http\\Request), Object(Closure))
#12 C:\\xampp\\htdocs\\serbiscrm\\app\\Http\\Middleware\\HandleRedirectAfterLogin.php(28): Illuminate\\Pipeline\\Pipeline->Illuminate\\Pipeline\\{closure}(Object(Illuminate\\Http\\Request))
#13 C:\\xampp\\htdocs\\serbiscrm\\vendor\\laravel\\framework\\src\\Illuminate\\Pipeline\\Pipeline.php(180): App\\Http\\Middleware\\HandleRedirectAfterLogin->handle(Object(Illuminate\\Http\\Request), Object(Closure))
#14 C:\\xampp\\htdocs\\serbiscrm\\app\\Http\\Middleware\\CheckCompanySubscription.php(32): Illuminate\\Pipeline\\Pipeline->Illuminate\\Pipeline\\{closure}(Object(Illuminate\\Http\\Request))
#15 C:\\xampp\\htdocs\\serbiscrm\\vendor\\laravel\\framework\\src\\Illuminate\\Pipeline\\Pipeline.php(180): App\\Http\\Middleware\\CheckCompanySubscription->handle(Object(Illuminate\\Http\\Request), Object(Closure))
#16 C:\\xampp\\htdocs\\serbiscrm\\app\\Http\\Middleware\\CheckTenantId.php(43): Illuminate\\Pipeline\\Pipeline->Illuminate\\Pipeline\\{closure}(Object(Illuminate\\Http\\Request))
#17 C:\\xampp\\htdocs\\serbiscrm\\vendor\\laravel\\framework\\src\\Illuminate\\Pipeline\\Pipeline.php(180): App\\Http\\Middleware\\CheckTenantId->handle(Object(Illuminate\\Http\\Request), Object(Closure))
#18 C:\\xampp\\htdocs\\serbiscrm\\app\\Http\\Middleware\\CheckTrialStatus.php(28): Illuminate\\Pipeline\\Pipeline->Illuminate\\Pipeline\\{closure}(Object(Illuminate\\Http\\Request))
#19 C:\\xampp\\htdocs\\serbiscrm\\vendor\\laravel\\framework\\src\\Illuminate\\Pipeline\\Pipeline.php(180): App\\Http\\Middleware\\CheckTrialStatus->handle(Object(Illuminate\\Http\\Request), Object(Closure))
#20 C:\\xampp\\htdocs\\serbiscrm\\vendor\\laravel\\framework\\src\\Illuminate\\Routing\\Middleware\\SubstituteBindings.php(50): Illuminate\\Pipeline\\Pipeline->Illuminate\\Pipeline\\{closure}(Object(Illuminate\\Http\\Request))
#21 C:\\xampp\\htdocs\\serbiscrm\\vendor\\laravel\\framework\\src\\Illuminate\\Pipeline\\Pipeline.php(180): Illuminate\\Routing\\Middleware\\SubstituteBindings->handle(Object(Illuminate\\Http\\Request), Object(Closure))
#22 C:\\xampp\\htdocs\\serbiscrm\\vendor\\laravel\\framework\\src\\Illuminate\\Auth\\Middleware\\Authenticate.php(57): Illuminate\\Pipeline\\Pipeline->Illuminate\\Pipeline\\{closure}(Object(Illuminate\\Http\\Request))
#23 C:\\xampp\\htdocs\\serbiscrm\\vendor\\laravel\\framework\\src\\Illuminate\\Pipeline\\Pipeline.php(180): Illuminate\\Auth\\Middleware\\Authenticate->handle(Object(Illuminate\\Http\\Request), Object(Closure))
#24 C:\\xampp\\htdocs\\serbiscrm\\vendor\\laravel\\framework\\src\\Illuminate\\Foundation\\Http\\Middleware\\VerifyCsrfToken.php(78): Illuminate\\Pipeline\\Pipeline->Illuminate\\Pipeline\\{closure}(Object(Illuminate\\Http\\Request))
#25 C:\\xampp\\htdocs\\serbiscrm\\vendor\\laravel\\framework\\src\\Illuminate\\Pipeline\\Pipeline.php(180): Illuminate\\Foundation\\Http\\Middleware\\VerifyCsrfToken->handle(Object(Illuminate\\Http\\Request), Object(Closure))
#26 C:\\xampp\\htdocs\\serbiscrm\\vendor\\laravel\\framework\\src\\Illuminate\\View\\Middleware\\ShareErrorsFromSession.php(49): Illuminate\\Pipeline\\Pipeline->Illuminate\\Pipeline\\{closure}(Object(Illuminate\\Http\\Request))
#27 C:\\xampp\\htdocs\\serbiscrm\\vendor\\laravel\\framework\\src\\Illuminate\\Pipeline\\Pipeline.php(180): Illuminate\\View\\Middleware\\ShareErrorsFromSession->handle(Object(Illuminate\\Http\\Request), Object(Closure))
#28 C:\\xampp\\htdocs\\serbiscrm\\vendor\\laravel\\framework\\src\\Illuminate\\Session\\Middleware\\StartSession.php(121): Illuminate\\Pipeline\\Pipeline->Illuminate\\Pipeline\\{closure}(Object(Illuminate\\Http\\Request))
#29 C:\\xampp\\htdocs\\serbiscrm\\vendor\\laravel\\framework\\src\\Illuminate\\Session\\Middleware\\StartSession.php(64): Illuminate\\Session\\Middleware\\StartSession->handleStatefulRequest(Object(Illuminate\\Http\\Request), Object(Illuminate\\Session\\Store), Object(Closure))
#30 C:\\xampp\\htdocs\\serbiscrm\\vendor\\laravel\\framework\\src\\Illuminate\\Pipeline\\Pipeline.php(180): Illuminate\\Session\\Middleware\\StartSession->handle(Object(Illuminate\\Http\\Request), Object(Closure))
#31 C:\\xampp\\htdocs\\serbiscrm\\vendor\\laravel\\framework\\src\\Illuminate\\Cookie\\Middleware\\AddQueuedCookiesToResponse.php(37): Illuminate\\Pipeline\\Pipeline->Illuminate\\Pipeline\\{closure}(Object(Illuminate\\Http\\Request))
#32 C:\\xampp\\htdocs\\serbiscrm\\vendor\\laravel\\framework\\src\\Illuminate\\Pipeline\\Pipeline.php(180): Illuminate\\Cookie\\Middleware\\AddQueuedCookiesToResponse->handle(Object(Illuminate\\Http\\Request), Object(Closure))
#33 C:\\xampp\\htdocs\\serbiscrm\\vendor\\laravel\\framework\\src\\Illuminate\\Cookie\\Middleware\\EncryptCookies.php(67): Illuminate\\Pipeline\\Pipeline->Illuminate\\Pipeline\\{closure}(Object(Illuminate\\Http\\Request))
#34 C:\\xampp\\htdocs\\serbiscrm\\vendor\\laravel\\framework\\src\\Illuminate\\Pipeline\\Pipeline.php(180): Illuminate\\Cookie\\Middleware\\EncryptCookies->handle(Object(Illuminate\\Http\\Request), Object(Closure))
#35 C:\\xampp\\htdocs\\serbiscrm\\vendor\\laravel\\framework\\src\\Illuminate\\Pipeline\\Pipeline.php(116): Illuminate\\Pipeline\\Pipeline->Illuminate\\Pipeline\\{closure}(Object(Illuminate\\Http\\Request))
#36 C:\\xampp\\htdocs\\serbiscrm\\vendor\\laravel\\framework\\src\\Illuminate\\Routing\\Router.php(798): Illuminate\\Pipeline\\Pipeline->then(Object(Closure))
#37 C:\\xampp\\htdocs\\serbiscrm\\vendor\\laravel\\framework\\src\\Illuminate\\Routing\\Router.php(777): Illuminate\\Routing\\Router->runRouteWithinStack(Object(Illuminate\\Routing\\Route), Object(Illuminate\\Http\\Request))
#38 C:\\xampp\\htdocs\\serbiscrm\\vendor\\laravel\\framework\\src\\Illuminate\\Routing\\Router.php(741): Illuminate\\Routing\\Router->runRoute(Object(Illuminate\\Http\\Request), Object(Illuminate\\Routing\\Route))
#39 C:\\xampp\\htdocs\\serbiscrm\\vendor\\laravel\\framework\\src\\Illuminate\\Routing\\Router.php(730): Illuminate\\Routing\\Router->dispatchToRoute(Object(Illuminate\\Http\\Request))
#40 C:\\xampp\\htdocs\\serbiscrm\\vendor\\laravel\\framework\\src\\Illuminate\\Foundation\\Http\\Kernel.php(200): Illuminate\\Routing\\Router->dispatch(Object(Illuminate\\Http\\Request))
#41 C:\\xampp\\htdocs\\serbiscrm\\vendor\\laravel\\framework\\src\\Illuminate\\Pipeline\\Pipeline.php(141): Illuminate\\Foundation\\Http\\Kernel->Illuminate\\Foundation\\Http\\{closure}(Object(Illuminate\\Http\\Request))
#42 C:\\xampp\\htdocs\\serbiscrm\\app\\Http\\Middleware\\ImpersonationMiddleware.php(51): Illuminate\\Pipeline\\Pipeline->Illuminate\\Pipeline\\{closure}(Object(Illuminate\\Http\\Request))
#43 C:\\xampp\\htdocs\\serbiscrm\\vendor\\laravel\\framework\\src\\Illuminate\\Pipeline\\Pipeline.php(180): App\\Http\\Middleware\\ImpersonationMiddleware->handle(Object(Illuminate\\Http\\Request), Object(Closure))
#44 C:\\xampp\\htdocs\\serbiscrm\\vendor\\laravel\\framework\\src\\Illuminate\\Foundation\\Http\\Middleware\\TransformsRequest.php(21): Illuminate\\Pipeline\\Pipeline->Illuminate\\Pipeline\\{closure}(Object(Illuminate\\Http\\Request))
#45 C:\\xampp\\htdocs\\serbiscrm\\vendor\\laravel\\framework\\src\\Illuminate\\Foundation\\Http\\Middleware\\ConvertEmptyStringsToNull.php(31): Illuminate\\Foundation\\Http\\Middleware\\TransformsRequest->handle(Object(Illuminate\\Http\\Request), Object(Closure))
#46 C:\\xampp\\htdocs\\serbiscrm\\vendor\\laravel\\framework\\src\\Illuminate\\Pipeline\\Pipeline.php(180): Illuminate\\Foundation\\Http\\Middleware\\ConvertEmptyStringsToNull->handle(Object(Illuminate\\Http\\Request), Object(Closure))
#47 C:\\xampp\\htdocs\\serbiscrm\\vendor\\laravel\\framework\\src\\Illuminate\\Foundation\\Http\\Middleware\\TransformsRequest.php(21): Illuminate\\Pipeline\\Pipeline->Illuminate\\Pipeline\\{closure}(Object(Illuminate\\Http\\Request))
#48 C:\\xampp\\htdocs\\serbiscrm\\vendor\\laravel\\framework\\src\\Illuminate\\Foundation\\Http\\Middleware\\TrimStrings.php(40): Illuminate\\Foundation\\Http\\Middleware\\TransformsRequest->handle(Object(Illuminate\\Http\\Request), Object(Closure))
#49 C:\\xampp\\htdocs\\serbiscrm\\vendor\\laravel\\framework\\src\\Illuminate\\Pipeline\\Pipeline.php(180): Illuminate\\Foundation\\Http\\Middleware\\TrimStrings->handle(Object(Illuminate\\Http\\Request), Object(Closure))
#50 C:\\xampp\\htdocs\\serbiscrm\\vendor\\laravel\\framework\\src\\Illuminate\\Foundation\\Http\\Middleware\\ValidatePostSize.php(27): Illuminate\\Pipeline\\Pipeline->Illuminate\\Pipeline\\{closure}(Object(Illuminate\\Http\\Request))
#51 C:\\xampp\\htdocs\\serbiscrm\\vendor\\laravel\\framework\\src\\Illuminate\\Pipeline\\Pipeline.php(180): Illuminate\\Foundation\\Http\\Middleware\\ValidatePostSize->handle(Object(Illuminate\\Http\\Request), Object(Closure))
#52 C:\\xampp\\htdocs\\serbiscrm\\vendor\\laravel\\framework\\src\\Illuminate\\Foundation\\Http\\Middleware\\PreventRequestsDuringMaintenance.php(99): Illuminate\\Pipeline\\Pipeline->Illuminate\\Pipeline\\{closure}(Object(Illuminate\\Http\\Request))
#53 C:\\xampp\\htdocs\\serbiscrm\\vendor\\laravel\\framework\\src\\Illuminate\\Pipeline\\Pipeline.php(180): Illuminate\\Foundation\\Http\\Middleware\\PreventRequestsDuringMaintenance->handle(Object(Illuminate\\Http\\Request), Object(Closure))
#54 C:\\xampp\\htdocs\\serbiscrm\\vendor\\laravel\\framework\\src\\Illuminate\\Http\\Middleware\\HandleCors.php(49): Illuminate\\Pipeline\\Pipeline->Illuminate\\Pipeline\\{closure}(Object(Illuminate\\Http\\Request))
#55 C:\\xampp\\htdocs\\serbiscrm\\vendor\\laravel\\framework\\src\\Illuminate\\Pipeline\\Pipeline.php(180): Illuminate\\Http\\Middleware\\HandleCors->handle(Object(Illuminate\\Http\\Request), Object(Closure))
#56 C:\\xampp\\htdocs\\serbiscrm\\vendor\\laravel\\framework\\src\\Illuminate\\Http\\Middleware\\TrustProxies.php(39): Illuminate\\Pipeline\\Pipeline->Illuminate\\Pipeline\\{closure}(Object(Illuminate\\Http\\Request))
#57 C:\\xampp\\htdocs\\serbiscrm\\vendor\\laravel\\framework\\src\\Illuminate\\Pipeline\\Pipeline.php(180): Illuminate\\Http\\Middleware\\TrustProxies->handle(Object(Illuminate\\Http\\Request), Object(Closure))
#58 C:\\xampp\\htdocs\\serbiscrm\\vendor\\laravel\\framework\\src\\Illuminate\\Pipeline\\Pipeline.php(116): Illuminate\\Pipeline\\Pipeline->Illuminate\\Pipeline\\{closure}(Object(Illuminate\\Http\\Request))
#59 C:\\xampp\\htdocs\\serbiscrm\\vendor\\laravel\\framework\\src\\Illuminate\\Foundation\\Http\\Kernel.php(175): Illuminate\\Pipeline\\Pipeline->then(Object(Closure))
#60 C:\\xampp\\htdocs\\serbiscrm\\vendor\\laravel\\framework\\src\\Illuminate\\Foundation\\Http\\Kernel.php(144): Illuminate\\Foundation\\Http\\Kernel->sendRequestThroughRouter(Object(Illuminate\\Http\\Request))
#61 C:\\xampp\\htdocs\\serbiscrm\\public\\index.php(51): Illuminate\\Foundation\\Http\\Kernel->handle(Object(Illuminate\\Http\\Request))
#62 C:\\xampp\\htdocs\\serbiscrm\\vendor\\laravel\\framework\\src\\Illuminate\\Foundation\\resources\\server.php(16): require_once('C:\\\\xampp\\\\htdocs...')
#63 {main}"} 
[2025-12-03 13:21:27] local.ERROR: Fatura entegrasyona gönderilemedi {"invoice_id":43,"error":"API Hatası: {\"errors\":[{\"detail\":\"Ürün/hizmet doldurulmalı\"}]}"} 
[2025-12-03 13:25:30] local.INFO: Paraşüt token cache'den alındı  
[2025-12-03 13:25:30] local.INFO: Paraşüt token cache'den alındı  
[2025-12-03 13:25:53] local.INFO: Paraşüt token cache'den alındı  
[2025-12-03 13:25:53] local.INFO: Fatura entegrasyona gönderiliyor (senkron) {"invoice_id":44,"tenant_id":"27"} 
[2025-12-03 13:25:53] local.INFO: Paraşüt token cache'den alındı  
[2025-12-03 13:25:53] local.INFO: 🔵 Fatura oluşturuluyor {"invoice_number":null,"items":[{"aciklama":"DENEME TEST 5656","miktar":"1","fiyat":1200.0,"tutar":1200.0}]} 
[2025-12-03 13:25:53] local.INFO: İsim ile müşteri aranıyor {"name":"ESRA TEKIR"} 
[2025-12-03 13:25:53] local.INFO: Paraşüt API isteği {"method":"get","url":"https://api.heroku-staging.parasut.com/v4/34746/contacts"} 
[2025-12-03 13:25:54] local.INFO: Müşteri isim ve telefon ile bulundu {"customer_id":"2048285"} 
[2025-12-03 13:25:54] local.INFO: Müşteri Paraşüt'te zaten mevcut {"customer_id":"2048285","name":"ESRA TEKIR"} 
[2025-12-03 13:25:54] local.INFO: ✅ Müşteri durumu {"customer_id":"2048285","action":"found"} 
[2025-12-03 13:25:54] local.INFO: Paraşüt API isteği {"method":"get","url":"https://api.heroku-staging.parasut.com/v4/34746/products"} 
[2025-12-03 13:25:54] local.INFO: Paraşüt API isteği {"method":"post","url":"https://api.heroku-staging.parasut.com/v4/34746/products"} 
[2025-12-03 13:25:55] local.ERROR: Paraşüt API Hatası {"method":"post","endpoint":"products","error":"API Hatası: {\"status\":500,\"error\":\"Internal Server Error\"}"} 
[2025-12-03 13:25:55] local.ERROR: Ürün senkronizasyon hatası {"product_name":"DENEME TEST 5656","error":"API Hatası: {\"status\":500,\"error\":\"Internal Server Error\"}"} 
[2025-12-03 13:25:55] local.INFO: 🔷 Ürün senkronizasyonu tamamlandı {"product_ids":[null],"count":1} 
[2025-12-03 13:25:55] local.INFO: 🔹 Item #0 işleniyor {"aciklama":"DENEME TEST 5656","product_id":null,"miktar":"1","fiyat":1200.0} 
[2025-12-03 13:25:55] local.INFO:   → Description eklendi {"description":"DENEME TEST 5656"} 
[2025-12-03 13:25:55] local.INFO: 🟢 Fatura detayları hazırlandı {"details_count":1,"details":[{"type":"sales_invoice_details","attributes":{"quantity":1.0,"unit_price":1200.0,"vat_rate":20.0,"description":"DENEME TEST 5656"}}]} 
[2025-12-03 13:25:55] local.INFO: 📤 Paraşüt API'ye gönderiliyor {"customer_id":"2048285","items_count":1,"full_payload":"{
    \"data\": {
        \"type\": \"sales_invoices\",
        \"attributes\": {
            \"item_type\": \"invoice\",
            \"description\": \"Servis Faturası\",
            \"issue_date\": \"2025-12-03\",
            \"due_date\": \"2025-12-03\",
            \"currency\": \"TRL\",
            \"withholding_rate\": 0,
            \"vat_withholding_rate\": 0,
            \"invoice_discount_type\": \"amount\",
            \"invoice_discount\": 0
        },
        \"relationships\": {
            \"contact\": {
                \"data\": {
                    \"type\": \"contacts\",
                    \"id\": \"2048285\"
                }
            },
            \"details\": {
                \"data\": [
                    {
                        \"type\": \"sales_invoice_details\",
                        \"attributes\": {
                            \"quantity\": 1,
                            \"unit_price\": 1200,
                            \"vat_rate\": 20,
                            \"description\": \"DENEME TEST 5656\"
                        }
                    }
                ]
            }
        }
    }
}"} 
[2025-12-03 13:25:55] local.INFO: Paraşüt API isteği {"method":"post","url":"https://api.heroku-staging.parasut.com/v4/34746/sales_invoices"} 
[2025-12-03 13:25:56] local.ERROR: Paraşüt API Hatası {"method":"post","endpoint":"sales_invoices","error":"API Hatası: {\"errors\":[{\"detail\":\"Ürün/hizmet doldurulmalı\"}]}"} 
[2025-12-03 13:25:56] local.ERROR: ❌ Paraşüt fatura oluşturma hatası: API Hatası: {"errors":[{"detail":"Ürün/hizmet doldurulmalı"}]} {"invoice_data":{"id":44,"faturaNumarasi":null,"faturaTarihi":"2025-12-03","indirim":0.0,"odemeDurum":null,"toplamTutar":1440.0,"genelToplam":1440.0,"kasaId":1,"customer":{"adSoyad":"ESRA TEKIR","musteriTipi":"1","email":null,"tel1":"553 856 5151","vergiNo":null,"vergiDairesi":null,"tcNo":null,"adres":"arnavutköy merkez mah.","il":"İSTANBUL","ilce":"ARNAVUTKÖY"},"items":[{"aciklama":"DENEME TEST 5656","miktar":"1","fiyat":1200.0,"tutar":1200.0}],"vat_rate":null,"vat_withholding_rate":"0"},"trace":"#0 C:\\xampp\\htdocs\\serbiscrm\\app\\Services\\InvoiceIntegrations\\ParasutService.php(536): App\\Services\\InvoiceIntegrations\\ParasutService->makeRequest('post', 'sales_invoices', Array)
#1 C:\\xampp\\htdocs\\serbiscrm\\app\\Http\\Controllers\\Frontend\\InvoicesController.php(642): App\\Services\\InvoiceIntegrations\\ParasutService->createInvoice(Array)
#2 C:\\xampp\\htdocs\\serbiscrm\\vendor\\laravel\\framework\\src\\Illuminate\\Routing\\Controller.php(54): App\\Http\\Controllers\\Frontend\\InvoicesController->StoreInvoice(Object(Illuminate\\Http\\Request), '27')
#3 C:\\xampp\\htdocs\\serbiscrm\\vendor\\laravel\\framework\\src\\Illuminate\\Routing\\ControllerDispatcher.php(43): Illuminate\\Routing\\Controller->callAction('StoreInvoice', Array)
#4 C:\\xampp\\htdocs\\serbiscrm\\vendor\\laravel\\framework\\src\\Illuminate\\Routing\\Route.php(259): Illuminate\\Routing\\ControllerDispatcher->dispatch(Object(Illuminate\\Routing\\Route), Object(App\\Http\\Controllers\\Frontend\\InvoicesController), 'StoreInvoice')
#5 C:\\xampp\\htdocs\\serbiscrm\\vendor\\laravel\\framework\\src\\Illuminate\\Routing\\Route.php(205): Illuminate\\Routing\\Route->runController()
#6 C:\\xampp\\htdocs\\serbiscrm\\vendor\\laravel\\framework\\src\\Illuminate\\Routing\\Router.php(799): Illuminate\\Routing\\Route->run()
#7 C:\\xampp\\htdocs\\serbiscrm\\vendor\\laravel\\framework\\src\\Illuminate\\Pipeline\\Pipeline.php(141): Illuminate\\Routing\\Router->Illuminate\\Routing\\{closure}(Object(Illuminate\\Http\\Request))
#8 C:\\xampp\\htdocs\\serbiscrm\\app\\Http\\Middleware\\CheckStorageLimit.php(20): Illuminate\\Pipeline\\Pipeline->Illuminate\\Pipeline\\{closure}(Object(Illuminate\\Http\\Request))
#9 C:\\xampp\\htdocs\\serbiscrm\\vendor\\laravel\\framework\\src\\Illuminate\\Pipeline\\Pipeline.php(180): App\\Http\\Middleware\\CheckStorageLimit->handle(Object(Illuminate\\Http\\Request), Object(Closure))
#10 C:\\xampp\\htdocs\\serbiscrm\\app\\Http\\Middleware\\CheckTenantStatus.php(40): Illuminate\\Pipeline\\Pipeline->Illuminate\\Pipeline\\{closure}(Object(Illuminate\\Http\\Request))
#11 C:\\xampp\\htdocs\\serbiscrm\\vendor\\laravel\\framework\\src\\Illuminate\\Pipeline\\Pipeline.php(180): App\\Http\\Middleware\\CheckTenantStatus->handle(Object(Illuminate\\Http\\Request), Object(Closure))
#12 C:\\xampp\\htdocs\\serbiscrm\\app\\Http\\Middleware\\HandleRedirectAfterLogin.php(28): Illuminate\\Pipeline\\Pipeline->Illuminate\\Pipeline\\{closure}(Object(Illuminate\\Http\\Request))
#13 C:\\xampp\\htdocs\\serbiscrm\\vendor\\laravel\\framework\\src\\Illuminate\\Pipeline\\Pipeline.php(180): App\\Http\\Middleware\\HandleRedirectAfterLogin->handle(Object(Illuminate\\Http\\Request), Object(Closure))
#14 C:\\xampp\\htdocs\\serbiscrm\\app\\Http\\Middleware\\CheckCompanySubscription.php(32): Illuminate\\Pipeline\\Pipeline->Illuminate\\Pipeline\\{closure}(Object(Illuminate\\Http\\Request))
#15 C:\\xampp\\htdocs\\serbiscrm\\vendor\\laravel\\framework\\src\\Illuminate\\Pipeline\\Pipeline.php(180): App\\Http\\Middleware\\CheckCompanySubscription->handle(Object(Illuminate\\Http\\Request), Object(Closure))
#16 C:\\xampp\\htdocs\\serbiscrm\\app\\Http\\Middleware\\CheckTenantId.php(43): Illuminate\\Pipeline\\Pipeline->Illuminate\\Pipeline\\{closure}(Object(Illuminate\\Http\\Request))
#17 C:\\xampp\\htdocs\\serbiscrm\\vendor\\laravel\\framework\\src\\Illuminate\\Pipeline\\Pipeline.php(180): App\\Http\\Middleware\\CheckTenantId->handle(Object(Illuminate\\Http\\Request), Object(Closure))
#18 C:\\xampp\\htdocs\\serbiscrm\\app\\Http\\Middleware\\CheckTrialStatus.php(28): Illuminate\\Pipeline\\Pipeline->Illuminate\\Pipeline\\{closure}(Object(Illuminate\\Http\\Request))
#19 C:\\xampp\\htdocs\\serbiscrm\\vendor\\laravel\\framework\\src\\Illuminate\\Pipeline\\Pipeline.php(180): App\\Http\\Middleware\\CheckTrialStatus->handle(Object(Illuminate\\Http\\Request), Object(Closure))
#20 C:\\xampp\\htdocs\\serbiscrm\\vendor\\laravel\\framework\\src\\Illuminate\\Routing\\Middleware\\SubstituteBindings.php(50): Illuminate\\Pipeline\\Pipeline->Illuminate\\Pipeline\\{closure}(Object(Illuminate\\Http\\Request))
#21 C:\\xampp\\htdocs\\serbiscrm\\vendor\\laravel\\framework\\src\\Illuminate\\Pipeline\\Pipeline.php(180): Illuminate\\Routing\\Middleware\\SubstituteBindings->handle(Object(Illuminate\\Http\\Request), Object(Closure))
#22 C:\\xampp\\htdocs\\serbiscrm\\vendor\\laravel\\framework\\src\\Illuminate\\Auth\\Middleware\\Authenticate.php(57): Illuminate\\Pipeline\\Pipeline->Illuminate\\Pipeline\\{closure}(Object(Illuminate\\Http\\Request))
#23 C:\\xampp\\htdocs\\serbiscrm\\vendor\\laravel\\framework\\src\\Illuminate\\Pipeline\\Pipeline.php(180): Illuminate\\Auth\\Middleware\\Authenticate->handle(Object(Illuminate\\Http\\Request), Object(Closure))
#24 C:\\xampp\\htdocs\\serbiscrm\\vendor\\laravel\\framework\\src\\Illuminate\\Foundation\\Http\\Middleware\\VerifyCsrfToken.php(78): Illuminate\\Pipeline\\Pipeline->Illuminate\\Pipeline\\{closure}(Object(Illuminate\\Http\\Request))
#25 C:\\xampp\\htdocs\\serbiscrm\\vendor\\laravel\\framework\\src\\Illuminate\\Pipeline\\Pipeline.php(180): Illuminate\\Foundation\\Http\\Middleware\\VerifyCsrfToken->handle(Object(Illuminate\\Http\\Request), Object(Closure))
#26 C:\\xampp\\htdocs\\serbiscrm\\vendor\\laravel\\framework\\src\\Illuminate\\View\\Middleware\\ShareErrorsFromSession.php(49): Illuminate\\Pipeline\\Pipeline->Illuminate\\Pipeline\\{closure}(Object(Illuminate\\Http\\Request))
#27 C:\\xampp\\htdocs\\serbiscrm\\vendor\\laravel\\framework\\src\\Illuminate\\Pipeline\\Pipeline.php(180): Illuminate\\View\\Middleware\\ShareErrorsFromSession->handle(Object(Illuminate\\Http\\Request), Object(Closure))
#28 C:\\xampp\\htdocs\\serbiscrm\\vendor\\laravel\\framework\\src\\Illuminate\\Session\\Middleware\\StartSession.php(121): Illuminate\\Pipeline\\Pipeline->Illuminate\\Pipeline\\{closure}(Object(Illuminate\\Http\\Request))
#29 C:\\xampp\\htdocs\\serbiscrm\\vendor\\laravel\\framework\\src\\Illuminate\\Session\\Middleware\\StartSession.php(64): Illuminate\\Session\\Middleware\\StartSession->handleStatefulRequest(Object(Illuminate\\Http\\Request), Object(Illuminate\\Session\\Store), Object(Closure))
#30 C:\\xampp\\htdocs\\serbiscrm\\vendor\\laravel\\framework\\src\\Illuminate\\Pipeline\\Pipeline.php(180): Illuminate\\Session\\Middleware\\StartSession->handle(Object(Illuminate\\Http\\Request), Object(Closure))
#31 C:\\xampp\\htdocs\\serbiscrm\\vendor\\laravel\\framework\\src\\Illuminate\\Cookie\\Middleware\\AddQueuedCookiesToResponse.php(37): Illuminate\\Pipeline\\Pipeline->Illuminate\\Pipeline\\{closure}(Object(Illuminate\\Http\\Request))
#32 C:\\xampp\\htdocs\\serbiscrm\\vendor\\laravel\\framework\\src\\Illuminate\\Pipeline\\Pipeline.php(180): Illuminate\\Cookie\\Middleware\\AddQueuedCookiesToResponse->handle(Object(Illuminate\\Http\\Request), Object(Closure))
#33 C:\\xampp\\htdocs\\serbiscrm\\vendor\\laravel\\framework\\src\\Illuminate\\Cookie\\Middleware\\EncryptCookies.php(67): Illuminate\\Pipeline\\Pipeline->Illuminate\\Pipeline\\{closure}(Object(Illuminate\\Http\\Request))
#34 C:\\xampp\\htdocs\\serbiscrm\\vendor\\laravel\\framework\\src\\Illuminate\\Pipeline\\Pipeline.php(180): Illuminate\\Cookie\\Middleware\\EncryptCookies->handle(Object(Illuminate\\Http\\Request), Object(Closure))
#35 C:\\xampp\\htdocs\\serbiscrm\\vendor\\laravel\\framework\\src\\Illuminate\\Pipeline\\Pipeline.php(116): Illuminate\\Pipeline\\Pipeline->Illuminate\\Pipeline\\{closure}(Object(Illuminate\\Http\\Request))
#36 C:\\xampp\\htdocs\\serbiscrm\\vendor\\laravel\\framework\\src\\Illuminate\\Routing\\Router.php(798): Illuminate\\Pipeline\\Pipeline->then(Object(Closure))
#37 C:\\xampp\\htdocs\\serbiscrm\\vendor\\laravel\\framework\\src\\Illuminate\\Routing\\Router.php(777): Illuminate\\Routing\\Router->runRouteWithinStack(Object(Illuminate\\Routing\\Route), Object(Illuminate\\Http\\Request))
#38 C:\\xampp\\htdocs\\serbiscrm\\vendor\\laravel\\framework\\src\\Illuminate\\Routing\\Router.php(741): Illuminate\\Routing\\Router->runRoute(Object(Illuminate\\Http\\Request), Object(Illuminate\\Routing\\Route))
#39 C:\\xampp\\htdocs\\serbiscrm\\vendor\\laravel\\framework\\src\\Illuminate\\Routing\\Router.php(730): Illuminate\\Routing\\Router->dispatchToRoute(Object(Illuminate\\Http\\Request))
#40 C:\\xampp\\htdocs\\serbiscrm\\vendor\\laravel\\framework\\src\\Illuminate\\Foundation\\Http\\Kernel.php(200): Illuminate\\Routing\\Router->dispatch(Object(Illuminate\\Http\\Request))
#41 C:\\xampp\\htdocs\\serbiscrm\\vendor\\laravel\\framework\\src\\Illuminate\\Pipeline\\Pipeline.php(141): Illuminate\\Foundation\\Http\\Kernel->Illuminate\\Foundation\\Http\\{closure}(Object(Illuminate\\Http\\Request))
#42 C:\\xampp\\htdocs\\serbiscrm\\app\\Http\\Middleware\\ImpersonationMiddleware.php(51): Illuminate\\Pipeline\\Pipeline->Illuminate\\Pipeline\\{closure}(Object(Illuminate\\Http\\Request))
#43 C:\\xampp\\htdocs\\serbiscrm\\vendor\\laravel\\framework\\src\\Illuminate\\Pipeline\\Pipeline.php(180): App\\Http\\Middleware\\ImpersonationMiddleware->handle(Object(Illuminate\\Http\\Request), Object(Closure))
#44 C:\\xampp\\htdocs\\serbiscrm\\vendor\\laravel\\framework\\src\\Illuminate\\Foundation\\Http\\Middleware\\TransformsRequest.php(21): Illuminate\\Pipeline\\Pipeline->Illuminate\\Pipeline\\{closure}(Object(Illuminate\\Http\\Request))
#45 C:\\xampp\\htdocs\\serbiscrm\\vendor\\laravel\\framework\\src\\Illuminate\\Foundation\\Http\\Middleware\\ConvertEmptyStringsToNull.php(31): Illuminate\\Foundation\\Http\\Middleware\\TransformsRequest->handle(Object(Illuminate\\Http\\Request), Object(Closure))
#46 C:\\xampp\\htdocs\\serbiscrm\\vendor\\laravel\\framework\\src\\Illuminate\\Pipeline\\Pipeline.php(180): Illuminate\\Foundation\\Http\\Middleware\\ConvertEmptyStringsToNull->handle(Object(Illuminate\\Http\\Request), Object(Closure))
#47 C:\\xampp\\htdocs\\serbiscrm\\vendor\\laravel\\framework\\src\\Illuminate\\Foundation\\Http\\Middleware\\TransformsRequest.php(21): Illuminate\\Pipeline\\Pipeline->Illuminate\\Pipeline\\{closure}(Object(Illuminate\\Http\\Request))
#48 C:\\xampp\\htdocs\\serbiscrm\\vendor\\laravel\\framework\\src\\Illuminate\\Foundation\\Http\\Middleware\\TrimStrings.php(40): Illuminate\\Foundation\\Http\\Middleware\\TransformsRequest->handle(Object(Illuminate\\Http\\Request), Object(Closure))
#49 C:\\xampp\\htdocs\\serbiscrm\\vendor\\laravel\\framework\\src\\Illuminate\\Pipeline\\Pipeline.php(180): Illuminate\\Foundation\\Http\\Middleware\\TrimStrings->handle(Object(Illuminate\\Http\\Request), Object(Closure))
#50 C:\\xampp\\htdocs\\serbiscrm\\vendor\\laravel\\framework\\src\\Illuminate\\Foundation\\Http\\Middleware\\ValidatePostSize.php(27): Illuminate\\Pipeline\\Pipeline->Illuminate\\Pipeline\\{closure}(Object(Illuminate\\Http\\Request))
#51 C:\\xampp\\htdocs\\serbiscrm\\vendor\\laravel\\framework\\src\\Illuminate\\Pipeline\\Pipeline.php(180): Illuminate\\Foundation\\Http\\Middleware\\ValidatePostSize->handle(Object(Illuminate\\Http\\Request), Object(Closure))
#52 C:\\xampp\\htdocs\\serbiscrm\\vendor\\laravel\\framework\\src\\Illuminate\\Foundation\\Http\\Middleware\\PreventRequestsDuringMaintenance.php(99): Illuminate\\Pipeline\\Pipeline->Illuminate\\Pipeline\\{closure}(Object(Illuminate\\Http\\Request))
#53 C:\\xampp\\htdocs\\serbiscrm\\vendor\\laravel\\framework\\src\\Illuminate\\Pipeline\\Pipeline.php(180): Illuminate\\Foundation\\Http\\Middleware\\PreventRequestsDuringMaintenance->handle(Object(Illuminate\\Http\\Request), Object(Closure))
#54 C:\\xampp\\htdocs\\serbiscrm\\vendor\\laravel\\framework\\src\\Illuminate\\Http\\Middleware\\HandleCors.php(49): Illuminate\\Pipeline\\Pipeline->Illuminate\\Pipeline\\{closure}(Object(Illuminate\\Http\\Request))
#55 C:\\xampp\\htdocs\\serbiscrm\\vendor\\laravel\\framework\\src\\Illuminate\\Pipeline\\Pipeline.php(180): Illuminate\\Http\\Middleware\\HandleCors->handle(Object(Illuminate\\Http\\Request), Object(Closure))
#56 C:\\xampp\\htdocs\\serbiscrm\\vendor\\laravel\\framework\\src\\Illuminate\\Http\\Middleware\\TrustProxies.php(39): Illuminate\\Pipeline\\Pipeline->Illuminate\\Pipeline\\{closure}(Object(Illuminate\\Http\\Request))
#57 C:\\xampp\\htdocs\\serbiscrm\\vendor\\laravel\\framework\\src\\Illuminate\\Pipeline\\Pipeline.php(180): Illuminate\\Http\\Middleware\\TrustProxies->handle(Object(Illuminate\\Http\\Request), Object(Closure))
#58 C:\\xampp\\htdocs\\serbiscrm\\vendor\\laravel\\framework\\src\\Illuminate\\Pipeline\\Pipeline.php(116): Illuminate\\Pipeline\\Pipeline->Illuminate\\Pipeline\\{closure}(Object(Illuminate\\Http\\Request))
#59 C:\\xampp\\htdocs\\serbiscrm\\vendor\\laravel\\framework\\src\\Illuminate\\Foundation\\Http\\Kernel.php(175): Illuminate\\Pipeline\\Pipeline->then(Object(Closure))
#60 C:\\xampp\\htdocs\\serbiscrm\\vendor\\laravel\\framework\\src\\Illuminate\\Foundation\\Http\\Kernel.php(144): Illuminate\\Foundation\\Http\\Kernel->sendRequestThroughRouter(Object(Illuminate\\Http\\Request))
#61 C:\\xampp\\htdocs\\serbiscrm\\public\\index.php(51): Illuminate\\Foundation\\Http\\Kernel->handle(Object(Illuminate\\Http\\Request))
#62 C:\\xampp\\htdocs\\serbiscrm\\vendor\\laravel\\framework\\src\\Illuminate\\Foundation\\resources\\server.php(16): require_once('C:\\\\xampp\\\\htdocs...')
#63 {main}"} 
[2025-12-03 13:25:56] local.ERROR: Fatura entegrasyona gönderilemedi {"invoice_id":44,"error":"API Hatası: {\"errors\":[{\"detail\":\"Ürün/hizmet doldurulmalı\"}]}"} 
[2025-12-03 13:28:38] local.INFO: Paraşüt token cache'den alındı  
[2025-12-03 13:28:38] local.INFO: Paraşüt token cache'den alındı  
[2025-12-03 13:29:06] local.INFO: Paraşüt token cache'den alındı  
[2025-12-03 13:29:06] local.INFO: Fatura entegrasyona gönderiliyor (senkron) {"invoice_id":45,"tenant_id":"27"} 
[2025-12-03 13:29:06] local.INFO: Paraşüt token cache'den alındı  
[2025-12-03 13:29:06] local.INFO: 🔵 Fatura oluşturuluyor {"invoice_number":null} 
[2025-12-03 13:29:06] local.INFO: İsim ile müşteri aranıyor {"name":"ESRA TEKIR"} 
[2025-12-03 13:29:06] local.INFO: Paraşüt API isteği {"method":"get","url":"https://api.heroku-staging.parasut.com/v4/34746/contacts"} 
[2025-12-03 13:29:06] local.INFO: Müşteri isim ve telefon ile bulundu {"customer_id":"2048285"} 
[2025-12-03 13:29:06] local.INFO: Müşteri Paraşüt'te zaten mevcut {"customer_id":"2048285","name":"ESRA TEKIR"} 
[2025-12-03 13:29:06] local.INFO: Paraşüt API isteği {"method":"get","url":"https://api.heroku-staging.parasut.com/v4/34746/products"} 
[2025-12-03 13:29:07] local.INFO: Paraşüt API isteği {"method":"post","url":"https://api.heroku-staging.parasut.com/v4/34746/products"} 
[2025-12-03 13:29:07] local.ERROR: Paraşüt API Hatası {"method":"post","endpoint":"products","error":"API Hatası: {\"status\":500,\"error\":\"Internal Server Error\"}"} 
[2025-12-03 13:29:07] local.ERROR: Genel hizmet ürünü oluşturulamadı: API Hatası: {"status":500,"error":"Internal Server Error"}  
[2025-12-03 13:29:07] local.ERROR: ❌ Paraşüt fatura oluşturma hatası: Hizmet ürünü oluşturulamadı {"trace":"#0 C:\\xampp\\htdocs\\serbiscrm\\app\\Http\\Controllers\\Frontend\\InvoicesController.php(642): App\\Services\\InvoiceIntegrations\\ParasutService->createInvoice(Array)
#1 C:\\xampp\\htdocs\\serbiscrm\\vendor\\laravel\\framework\\src\\Illuminate\\Routing\\Controller.php(54): App\\Http\\Controllers\\Frontend\\InvoicesController->StoreInvoice(Object(Illuminate\\Http\\Request), '27')
#2 C:\\xampp\\htdocs\\serbiscrm\\vendor\\laravel\\framework\\src\\Illuminate\\Routing\\ControllerDispatcher.php(43): Illuminate\\Routing\\Controller->callAction('StoreInvoice', Array)
#3 C:\\xampp\\htdocs\\serbiscrm\\vendor\\laravel\\framework\\src\\Illuminate\\Routing\\Route.php(259): Illuminate\\Routing\\ControllerDispatcher->dispatch(Object(Illuminate\\Routing\\Route), Object(App\\Http\\Controllers\\Frontend\\InvoicesController), 'StoreInvoice')
#4 C:\\xampp\\htdocs\\serbiscrm\\vendor\\laravel\\framework\\src\\Illuminate\\Routing\\Route.php(205): Illuminate\\Routing\\Route->runController()
#5 C:\\xampp\\htdocs\\serbiscrm\\vendor\\laravel\\framework\\src\\Illuminate\\Routing\\Router.php(799): Illuminate\\Routing\\Route->run()
#6 C:\\xampp\\htdocs\\serbiscrm\\vendor\\laravel\\framework\\src\\Illuminate\\Pipeline\\Pipeline.php(141): Illuminate\\Routing\\Router->Illuminate\\Routing\\{closure}(Object(Illuminate\\Http\\Request))
#7 C:\\xampp\\htdocs\\serbiscrm\\app\\Http\\Middleware\\CheckStorageLimit.php(20): Illuminate\\Pipeline\\Pipeline->Illuminate\\Pipeline\\{closure}(Object(Illuminate\\Http\\Request))
#8 C:\\xampp\\htdocs\\serbiscrm\\vendor\\laravel\\framework\\src\\Illuminate\\Pipeline\\Pipeline.php(180): App\\Http\\Middleware\\CheckStorageLimit->handle(Object(Illuminate\\Http\\Request), Object(Closure))
#9 C:\\xampp\\htdocs\\serbiscrm\\app\\Http\\Middleware\\CheckTenantStatus.php(40): Illuminate\\Pipeline\\Pipeline->Illuminate\\Pipeline\\{closure}(Object(Illuminate\\Http\\Request))
#10 C:\\xampp\\htdocs\\serbiscrm\\vendor\\laravel\\framework\\src\\Illuminate\\Pipeline\\Pipeline.php(180): App\\Http\\Middleware\\CheckTenantStatus->handle(Object(Illuminate\\Http\\Request), Object(Closure))
#11 C:\\xampp\\htdocs\\serbiscrm\\app\\Http\\Middleware\\HandleRedirectAfterLogin.php(28): Illuminate\\Pipeline\\Pipeline->Illuminate\\Pipeline\\{closure}(Object(Illuminate\\Http\\Request))
#12 C:\\xampp\\htdocs\\serbiscrm\\vendor\\laravel\\framework\\src\\Illuminate\\Pipeline\\Pipeline.php(180): App\\Http\\Middleware\\HandleRedirectAfterLogin->handle(Object(Illuminate\\Http\\Request), Object(Closure))
#13 C:\\xampp\\htdocs\\serbiscrm\\app\\Http\\Middleware\\CheckCompanySubscription.php(32): Illuminate\\Pipeline\\Pipeline->Illuminate\\Pipeline\\{closure}(Object(Illuminate\\Http\\Request))
#14 C:\\xampp\\htdocs\\serbiscrm\\vendor\\laravel\\framework\\src\\Illuminate\\Pipeline\\Pipeline.php(180): App\\Http\\Middleware\\CheckCompanySubscription->handle(Object(Illuminate\\Http\\Request), Object(Closure))
#15 C:\\xampp\\htdocs\\serbiscrm\\app\\Http\\Middleware\\CheckTenantId.php(43): Illuminate\\Pipeline\\Pipeline->Illuminate\\Pipeline\\{closure}(Object(Illuminate\\Http\\Request))
#16 C:\\xampp\\htdocs\\serbiscrm\\vendor\\laravel\\framework\\src\\Illuminate\\Pipeline\\Pipeline.php(180): App\\Http\\Middleware\\CheckTenantId->handle(Object(Illuminate\\Http\\Request), Object(Closure))
#17 C:\\xampp\\htdocs\\serbiscrm\\app\\Http\\Middleware\\CheckTrialStatus.php(28): Illuminate\\Pipeline\\Pipeline->Illuminate\\Pipeline\\{closure}(Object(Illuminate\\Http\\Request))
#18 C:\\xampp\\htdocs\\serbiscrm\\vendor\\laravel\\framework\\src\\Illuminate\\Pipeline\\Pipeline.php(180): App\\Http\\Middleware\\CheckTrialStatus->handle(Object(Illuminate\\Http\\Request), Object(Closure))
#19 C:\\xampp\\htdocs\\serbiscrm\\vendor\\laravel\\framework\\src\\Illuminate\\Routing\\Middleware\\SubstituteBindings.php(50): Illuminate\\Pipeline\\Pipeline->Illuminate\\Pipeline\\{closure}(Object(Illuminate\\Http\\Request))
#20 C:\\xampp\\htdocs\\serbiscrm\\vendor\\laravel\\framework\\src\\Illuminate\\Pipeline\\Pipeline.php(180): Illuminate\\Routing\\Middleware\\SubstituteBindings->handle(Object(Illuminate\\Http\\Request), Object(Closure))
#21 C:\\xampp\\htdocs\\serbiscrm\\vendor\\laravel\\framework\\src\\Illuminate\\Auth\\Middleware\\Authenticate.php(57): Illuminate\\Pipeline\\Pipeline->Illuminate\\Pipeline\\{closure}(Object(Illuminate\\Http\\Request))
#22 C:\\xampp\\htdocs\\serbiscrm\\vendor\\laravel\\framework\\src\\Illuminate\\Pipeline\\Pipeline.php(180): Illuminate\\Auth\\Middleware\\Authenticate->handle(Object(Illuminate\\Http\\Request), Object(Closure))
#23 C:\\xampp\\htdocs\\serbiscrm\\vendor\\laravel\\framework\\src\\Illuminate\\Foundation\\Http\\Middleware\\VerifyCsrfToken.php(78): Illuminate\\Pipeline\\Pipeline->Illuminate\\Pipeline\\{closure}(Object(Illuminate\\Http\\Request))
#24 C:\\xampp\\htdocs\\serbiscrm\\vendor\\laravel\\framework\\src\\Illuminate\\Pipeline\\Pipeline.php(180): Illuminate\\Foundation\\Http\\Middleware\\VerifyCsrfToken->handle(Object(Illuminate\\Http\\Request), Object(Closure))
#25 C:\\xampp\\htdocs\\serbiscrm\\vendor\\laravel\\framework\\src\\Illuminate\\View\\Middleware\\ShareErrorsFromSession.php(49): Illuminate\\Pipeline\\Pipeline->Illuminate\\Pipeline\\{closure}(Object(Illuminate\\Http\\Request))
#26 C:\\xampp\\htdocs\\serbiscrm\\vendor\\laravel\\framework\\src\\Illuminate\\Pipeline\\Pipeline.php(180): Illuminate\\View\\Middleware\\ShareErrorsFromSession->handle(Object(Illuminate\\Http\\Request), Object(Closure))
#27 C:\\xampp\\htdocs\\serbiscrm\\vendor\\laravel\\framework\\src\\Illuminate\\Session\\Middleware\\StartSession.php(121): Illuminate\\Pipeline\\Pipeline->Illuminate\\Pipeline\\{closure}(Object(Illuminate\\Http\\Request))
#28 C:\\xampp\\htdocs\\serbiscrm\\vendor\\laravel\\framework\\src\\Illuminate\\Session\\Middleware\\StartSession.php(64): Illuminate\\Session\\Middleware\\StartSession->handleStatefulRequest(Object(Illuminate\\Http\\Request), Object(Illuminate\\Session\\Store), Object(Closure))
#29 C:\\xampp\\htdocs\\serbiscrm\\vendor\\laravel\\framework\\src\\Illuminate\\Pipeline\\Pipeline.php(180): Illuminate\\Session\\Middleware\\StartSession->handle(Object(Illuminate\\Http\\Request), Object(Closure))
#30 C:\\xampp\\htdocs\\serbiscrm\\vendor\\laravel\\framework\\src\\Illuminate\\Cookie\\Middleware\\AddQueuedCookiesToResponse.php(37): Illuminate\\Pipeline\\Pipeline->Illuminate\\Pipeline\\{closure}(Object(Illuminate\\Http\\Request))
#31 C:\\xampp\\htdocs\\serbiscrm\\vendor\\laravel\\framework\\src\\Illuminate\\Pipeline\\Pipeline.php(180): Illuminate\\Cookie\\Middleware\\AddQueuedCookiesToResponse->handle(Object(Illuminate\\Http\\Request), Object(Closure))
#32 C:\\xampp\\htdocs\\serbiscrm\\vendor\\laravel\\framework\\src\\Illuminate\\Cookie\\Middleware\\EncryptCookies.php(67): Illuminate\\Pipeline\\Pipeline->Illuminate\\Pipeline\\{closure}(Object(Illuminate\\Http\\Request))
#33 C:\\xampp\\htdocs\\serbiscrm\\vendor\\laravel\\framework\\src\\Illuminate\\Pipeline\\Pipeline.php(180): Illuminate\\Cookie\\Middleware\\EncryptCookies->handle(Object(Illuminate\\Http\\Request), Object(Closure))
#34 C:\\xampp\\htdocs\\serbiscrm\\vendor\\laravel\\framework\\src\\Illuminate\\Pipeline\\Pipeline.php(116): Illuminate\\Pipeline\\Pipeline->Illuminate\\Pipeline\\{closure}(Object(Illuminate\\Http\\Request))
#35 C:\\xampp\\htdocs\\serbiscrm\\vendor\\laravel\\framework\\src\\Illuminate\\Routing\\Router.php(798): Illuminate\\Pipeline\\Pipeline->then(Object(Closure))
#36 C:\\xampp\\htdocs\\serbiscrm\\vendor\\laravel\\framework\\src\\Illuminate\\Routing\\Router.php(777): Illuminate\\Routing\\Router->runRouteWithinStack(Object(Illuminate\\Routing\\Route), Object(Illuminate\\Http\\Request))
#37 C:\\xampp\\htdocs\\serbiscrm\\vendor\\laravel\\framework\\src\\Illuminate\\Routing\\Router.php(741): Illuminate\\Routing\\Router->runRoute(Object(Illuminate\\Http\\Request), Object(Illuminate\\Routing\\Route))
#38 C:\\xampp\\htdocs\\serbiscrm\\vendor\\laravel\\framework\\src\\Illuminate\\Routing\\Router.php(730): Illuminate\\Routing\\Router->dispatchToRoute(Object(Illuminate\\Http\\Request))
#39 C:\\xampp\\htdocs\\serbiscrm\\vendor\\laravel\\framework\\src\\Illuminate\\Foundation\\Http\\Kernel.php(200): Illuminate\\Routing\\Router->dispatch(Object(Illuminate\\Http\\Request))
#40 C:\\xampp\\htdocs\\serbiscrm\\vendor\\laravel\\framework\\src\\Illuminate\\Pipeline\\Pipeline.php(141): Illuminate\\Foundation\\Http\\Kernel->Illuminate\\Foundation\\Http\\{closure}(Object(Illuminate\\Http\\Request))
#41 C:\\xampp\\htdocs\\serbiscrm\\app\\Http\\Middleware\\ImpersonationMiddleware.php(51): Illuminate\\Pipeline\\Pipeline->Illuminate\\Pipeline\\{closure}(Object(Illuminate\\Http\\Request))
#42 C:\\xampp\\htdocs\\serbiscrm\\vendor\\laravel\\framework\\src\\Illuminate\\Pipeline\\Pipeline.php(180): App\\Http\\Middleware\\ImpersonationMiddleware->handle(Object(Illuminate\\Http\\Request), Object(Closure))
#43 C:\\xampp\\htdocs\\serbiscrm\\vendor\\laravel\\framework\\src\\Illuminate\\Foundation\\Http\\Middleware\\TransformsRequest.php(21): Illuminate\\Pipeline\\Pipeline->Illuminate\\Pipeline\\{closure}(Object(Illuminate\\Http\\Request))
#44 C:\\xampp\\htdocs\\serbiscrm\\vendor\\laravel\\framework\\src\\Illuminate\\Foundation\\Http\\Middleware\\ConvertEmptyStringsToNull.php(31): Illuminate\\Foundation\\Http\\Middleware\\TransformsRequest->handle(Object(Illuminate\\Http\\Request), Object(Closure))
#45 C:\\xampp\\htdocs\\serbiscrm\\vendor\\laravel\\framework\\src\\Illuminate\\Pipeline\\Pipeline.php(180): Illuminate\\Foundation\\Http\\Middleware\\ConvertEmptyStringsToNull->handle(Object(Illuminate\\Http\\Request), Object(Closure))
#46 C:\\xampp\\htdocs\\serbiscrm\\vendor\\laravel\\framework\\src\\Illuminate\\Foundation\\Http\\Middleware\\TransformsRequest.php(21): Illuminate\\Pipeline\\Pipeline->Illuminate\\Pipeline\\{closure}(Object(Illuminate\\Http\\Request))
#47 C:\\xampp\\htdocs\\serbiscrm\\vendor\\laravel\\framework\\src\\Illuminate\\Foundation\\Http\\Middleware\\TrimStrings.php(40): Illuminate\\Foundation\\Http\\Middleware\\TransformsRequest->handle(Object(Illuminate\\Http\\Request), Object(Closure))
#48 C:\\xampp\\htdocs\\serbiscrm\\vendor\\laravel\\framework\\src\\Illuminate\\Pipeline\\Pipeline.php(180): Illuminate\\Foundation\\Http\\Middleware\\TrimStrings->handle(Object(Illuminate\\Http\\Request), Object(Closure))
#49 C:\\xampp\\htdocs\\serbiscrm\\vendor\\laravel\\framework\\src\\Illuminate\\Foundation\\Http\\Middleware\\ValidatePostSize.php(27): Illuminate\\Pipeline\\Pipeline->Illuminate\\Pipeline\\{closure}(Object(Illuminate\\Http\\Request))
#50 C:\\xampp\\htdocs\\serbiscrm\\vendor\\laravel\\framework\\src\\Illuminate\\Pipeline\\Pipeline.php(180): Illuminate\\Foundation\\Http\\Middleware\\ValidatePostSize->handle(Object(Illuminate\\Http\\Request), Object(Closure))
#51 C:\\xampp\\htdocs\\serbiscrm\\vendor\\laravel\\framework\\src\\Illuminate\\Foundation\\Http\\Middleware\\PreventRequestsDuringMaintenance.php(99): Illuminate\\Pipeline\\Pipeline->Illuminate\\Pipeline\\{closure}(Object(Illuminate\\Http\\Request))
#52 C:\\xampp\\htdocs\\serbiscrm\\vendor\\laravel\\framework\\src\\Illuminate\\Pipeline\\Pipeline.php(180): Illuminate\\Foundation\\Http\\Middleware\\PreventRequestsDuringMaintenance->handle(Object(Illuminate\\Http\\Request), Object(Closure))
#53 C:\\xampp\\htdocs\\serbiscrm\\vendor\\laravel\\framework\\src\\Illuminate\\Http\\Middleware\\HandleCors.php(49): Illuminate\\Pipeline\\Pipeline->Illuminate\\Pipeline\\{closure}(Object(Illuminate\\Http\\Request))
#54 C:\\xampp\\htdocs\\serbiscrm\\vendor\\laravel\\framework\\src\\Illuminate\\Pipeline\\Pipeline.php(180): Illuminate\\Http\\Middleware\\HandleCors->handle(Object(Illuminate\\Http\\Request), Object(Closure))
#55 C:\\xampp\\htdocs\\serbiscrm\\vendor\\laravel\\framework\\src\\Illuminate\\Http\\Middleware\\TrustProxies.php(39): Illuminate\\Pipeline\\Pipeline->Illuminate\\Pipeline\\{closure}(Object(Illuminate\\Http\\Request))
#56 C:\\xampp\\htdocs\\serbiscrm\\vendor\\laravel\\framework\\src\\Illuminate\\Pipeline\\Pipeline.php(180): Illuminate\\Http\\Middleware\\TrustProxies->handle(Object(Illuminate\\Http\\Request), Object(Closure))
#57 C:\\xampp\\htdocs\\serbiscrm\\vendor\\laravel\\framework\\src\\Illuminate\\Pipeline\\Pipeline.php(116): Illuminate\\Pipeline\\Pipeline->Illuminate\\Pipeline\\{closure}(Object(Illuminate\\Http\\Request))
#58 C:\\xampp\\htdocs\\serbiscrm\\vendor\\laravel\\framework\\src\\Illuminate\\Foundation\\Http\\Kernel.php(175): Illuminate\\Pipeline\\Pipeline->then(Object(Closure))
#59 C:\\xampp\\htdocs\\serbiscrm\\vendor\\laravel\\framework\\src\\Illuminate\\Foundation\\Http\\Kernel.php(144): Illuminate\\Foundation\\Http\\Kernel->sendRequestThroughRouter(Object(Illuminate\\Http\\Request))
#60 C:\\xampp\\htdocs\\serbiscrm\\public\\index.php(51): Illuminate\\Foundation\\Http\\Kernel->handle(Object(Illuminate\\Http\\Request))
#61 C:\\xampp\\htdocs\\serbiscrm\\vendor\\laravel\\framework\\src\\Illuminate\\Foundation\\resources\\server.php(16): require_once('C:\\\\xampp\\\\htdocs...')
#62 {main}"} 
[2025-12-03 13:29:07] local.ERROR: Fatura entegrasyona gönderilemedi {"invoice_id":45,"error":"Hizmet ürünü oluşturulamadı"} 
[2025-12-03 13:29:26] local.INFO: Paraşüt token cache'den alındı  
[2025-12-03 13:29:27] local.INFO: Paraşüt token cache'den alındı  
[2025-12-03 13:29:27] local.INFO: Paraşüt token cache'den alındı  
[2025-12-03 13:29:27] local.WARNING: Fatura numarası boş olduğu için Paraşüt'te arama yapılamadı. {"local_invoice_id":45} 
[2025-12-03 13:31:06] local.INFO: All active products count: 1  
[2025-12-03 13:31:06] local.INFO: Product ID 12 (tegfgf): Current stock = 0  
[2025-12-03 13:31:06] local.INFO: Product tegfgf has zero or negative stock: 0  
[2025-12-03 13:31:06] local.INFO: Final Alerts Result: {"critical_count":0,"low_count":0,"total_products_checked":1} 
[2025-12-03 13:31:22] local.INFO: Token refresh edildi  
[2025-12-03 13:31:22] local.INFO: Paraşüt token cache'den alındı  
[2025-12-03 13:31:42] local.INFO: Paraşüt token cache'den alındı  
[2025-12-03 13:31:42] local.INFO: Fatura entegrasyona gönderiliyor (senkron) {"invoice_id":46,"tenant_id":"27"} 
[2025-12-03 13:31:42] local.INFO: Paraşüt token cache'den alındı  
[2025-12-03 13:31:42] local.INFO: Fatura oluşturuluyor {"invoice_number":null} 
[2025-12-03 13:31:42] local.INFO: İsim ile müşteri aranıyor {"name":"ESRA TEKIR"} 
[2025-12-03 13:31:42] local.INFO: Paraşüt API isteği {"method":"get","url":"https://api.heroku-staging.parasut.com/v4/34746/contacts"} 
[2025-12-03 13:31:42] local.INFO: Müşteri isim ve telefon ile bulundu {"customer_id":"2048285"} 
[2025-12-03 13:31:42] local.INFO: Müşteri Paraşüt'te zaten mevcut {"customer_id":"2048285","name":"ESRA TEKIR"} 
[2025-12-03 13:31:42] local.INFO: Müşteri durumu {"customer_id":"2048285","action":"found","message":"Müşteri zaten Paraşüt'te kayıtlı"} 
[2025-12-03 13:31:42] local.INFO: Paraşüt API isteği {"method":"get","url":"https://api.heroku-staging.parasut.com/v4/34746/products"} 
[2025-12-03 13:31:43] local.INFO: Paraşüt API isteği {"method":"post","url":"https://api.heroku-staging.parasut.com/v4/34746/products"} 
[2025-12-03 13:31:43] local.ERROR: Paraşüt API Hatası {"method":"post","endpoint":"products","error":"API Hatası: {\"status\":500,\"error\":\"Internal Server Error\"}"} 
[2025-12-03 13:31:43] local.ERROR: Ürün senkronizasyon hatası {"product_name":"DFGDFGDFG","error":"API Hatası: {\"status\":500,\"error\":\"Internal Server Error\"}"} 
[2025-12-03 13:31:43] local.INFO: Paraşüt API'ye fatura gönderiliyor {"customer_id":"2048285","items_count":1,"total":159.6} 
[2025-12-03 13:31:43] local.INFO: Paraşüt API isteği {"method":"post","url":"https://api.heroku-staging.parasut.com/v4/34746/sales_invoices"} 
[2025-12-03 13:31:44] local.ERROR: Paraşüt API Hatası {"method":"post","endpoint":"sales_invoices","error":"API Hatası: {\"errors\":[{\"detail\":\"Ürün/hizmet doldurulmalı\"}]}"} 
[2025-12-03 13:31:44] local.ERROR: Paraşüt fatura oluşturma hatası: API Hatası: {"errors":[{"detail":"Ürün/hizmet doldurulmalı"}]} {"invoice_data":{"id":46,"faturaNumarasi":null,"faturaTarihi":"2025-12-03","indirim":0.0,"odemeDurum":null,"toplamTutar":159.6,"genelToplam":159.6,"kasaId":1,"customer":{"adSoyad":"ESRA TEKIR","musteriTipi":"1","email":null,"tel1":"553 856 5151","vergiNo":null,"vergiDairesi":null,"tcNo":null,"adres":"arnavutköy merkez mah.","il":"İSTANBUL","ilce":"ARNAVUTKÖY"},"items":[{"aciklama":"DFGDFGDFG","miktar":"1","fiyat":133.0,"tutar":133.0}],"vat_rate":null,"vat_withholding_rate":"0"},"trace":"#0 C:\\xampp\\htdocs\\serbiscrm\\app\\Services\\InvoiceIntegrations\\ParasutService.php(510): App\\Services\\InvoiceIntegrations\\ParasutService->makeRequest('post', 'sales_invoices', Array)
#1 C:\\xampp\\htdocs\\serbiscrm\\app\\Http\\Controllers\\Frontend\\InvoicesController.php(642): App\\Services\\InvoiceIntegrations\\ParasutService->createInvoice(Array)
#2 C:\\xampp\\htdocs\\serbiscrm\\vendor\\laravel\\framework\\src\\Illuminate\\Routing\\Controller.php(54): App\\Http\\Controllers\\Frontend\\InvoicesController->StoreInvoice(Object(Illuminate\\Http\\Request), '27')
#3 C:\\xampp\\htdocs\\serbiscrm\\vendor\\laravel\\framework\\src\\Illuminate\\Routing\\ControllerDispatcher.php(43): Illuminate\\Routing\\Controller->callAction('StoreInvoice', Array)
#4 C:\\xampp\\htdocs\\serbiscrm\\vendor\\laravel\\framework\\src\\Illuminate\\Routing\\Route.php(259): Illuminate\\Routing\\ControllerDispatcher->dispatch(Object(Illuminate\\Routing\\Route), Object(App\\Http\\Controllers\\Frontend\\InvoicesController), 'StoreInvoice')
#5 C:\\xampp\\htdocs\\serbiscrm\\vendor\\laravel\\framework\\src\\Illuminate\\Routing\\Route.php(205): Illuminate\\Routing\\Route->runController()
#6 C:\\xampp\\htdocs\\serbiscrm\\vendor\\laravel\\framework\\src\\Illuminate\\Routing\\Router.php(799): Illuminate\\Routing\\Route->run()
#7 C:\\xampp\\htdocs\\serbiscrm\\vendor\\laravel\\framework\\src\\Illuminate\\Pipeline\\Pipeline.php(141): Illuminate\\Routing\\Router->Illuminate\\Routing\\{closure}(Object(Illuminate\\Http\\Request))
#8 C:\\xampp\\htdocs\\serbiscrm\\app\\Http\\Middleware\\CheckStorageLimit.php(20): Illuminate\\Pipeline\\Pipeline->Illuminate\\Pipeline\\{closure}(Object(Illuminate\\Http\\Request))
#9 C:\\xampp\\htdocs\\serbiscrm\\vendor\\laravel\\framework\\src\\Illuminate\\Pipeline\\Pipeline.php(180): App\\Http\\Middleware\\CheckStorageLimit->handle(Object(Illuminate\\Http\\Request), Object(Closure))
#10 C:\\xampp\\htdocs\\serbiscrm\\app\\Http\\Middleware\\CheckTenantStatus.php(40): Illuminate\\Pipeline\\Pipeline->Illuminate\\Pipeline\\{closure}(Object(Illuminate\\Http\\Request))
#11 C:\\xampp\\htdocs\\serbiscrm\\vendor\\laravel\\framework\\src\\Illuminate\\Pipeline\\Pipeline.php(180): App\\Http\\Middleware\\CheckTenantStatus->handle(Object(Illuminate\\Http\\Request), Object(Closure))
#12 C:\\xampp\\htdocs\\serbiscrm\\app\\Http\\Middleware\\HandleRedirectAfterLogin.php(28): Illuminate\\Pipeline\\Pipeline->Illuminate\\Pipeline\\{closure}(Object(Illuminate\\Http\\Request))
#13 C:\\xampp\\htdocs\\serbiscrm\\vendor\\laravel\\framework\\src\\Illuminate\\Pipeline\\Pipeline.php(180): App\\Http\\Middleware\\HandleRedirectAfterLogin->handle(Object(Illuminate\\Http\\Request), Object(Closure))
#14 C:\\xampp\\htdocs\\serbiscrm\\app\\Http\\Middleware\\CheckCompanySubscription.php(32): Illuminate\\Pipeline\\Pipeline->Illuminate\\Pipeline\\{closure}(Object(Illuminate\\Http\\Request))
#15 C:\\xampp\\htdocs\\serbiscrm\\vendor\\laravel\\framework\\src\\Illuminate\\Pipeline\\Pipeline.php(180): App\\Http\\Middleware\\CheckCompanySubscription->handle(Object(Illuminate\\Http\\Request), Object(Closure))
#16 C:\\xampp\\htdocs\\serbiscrm\\app\\Http\\Middleware\\CheckTenantId.php(43): Illuminate\\Pipeline\\Pipeline->Illuminate\\Pipeline\\{closure}(Object(Illuminate\\Http\\Request))
#17 C:\\xampp\\htdocs\\serbiscrm\\vendor\\laravel\\framework\\src\\Illuminate\\Pipeline\\Pipeline.php(180): App\\Http\\Middleware\\CheckTenantId->handle(Object(Illuminate\\Http\\Request), Object(Closure))
#18 C:\\xampp\\htdocs\\serbiscrm\\app\\Http\\Middleware\\CheckTrialStatus.php(28): Illuminate\\Pipeline\\Pipeline->Illuminate\\Pipeline\\{closure}(Object(Illuminate\\Http\\Request))
#19 C:\\xampp\\htdocs\\serbiscrm\\vendor\\laravel\\framework\\src\\Illuminate\\Pipeline\\Pipeline.php(180): App\\Http\\Middleware\\CheckTrialStatus->handle(Object(Illuminate\\Http\\Request), Object(Closure))
#20 C:\\xampp\\htdocs\\serbiscrm\\vendor\\laravel\\framework\\src\\Illuminate\\Routing\\Middleware\\SubstituteBindings.php(50): Illuminate\\Pipeline\\Pipeline->Illuminate\\Pipeline\\{closure}(Object(Illuminate\\Http\\Request))
#21 C:\\xampp\\htdocs\\serbiscrm\\vendor\\laravel\\framework\\src\\Illuminate\\Pipeline\\Pipeline.php(180): Illuminate\\Routing\\Middleware\\SubstituteBindings->handle(Object(Illuminate\\Http\\Request), Object(Closure))
#22 C:\\xampp\\htdocs\\serbiscrm\\vendor\\laravel\\framework\\src\\Illuminate\\Auth\\Middleware\\Authenticate.php(57): Illuminate\\Pipeline\\Pipeline->Illuminate\\Pipeline\\{closure}(Object(Illuminate\\Http\\Request))
#23 C:\\xampp\\htdocs\\serbiscrm\\vendor\\laravel\\framework\\src\\Illuminate\\Pipeline\\Pipeline.php(180): Illuminate\\Auth\\Middleware\\Authenticate->handle(Object(Illuminate\\Http\\Request), Object(Closure))
#24 C:\\xampp\\htdocs\\serbiscrm\\vendor\\laravel\\framework\\src\\Illuminate\\Foundation\\Http\\Middleware\\VerifyCsrfToken.php(78): Illuminate\\Pipeline\\Pipeline->Illuminate\\Pipeline\\{closure}(Object(Illuminate\\Http\\Request))
#25 C:\\xampp\\htdocs\\serbiscrm\\vendor\\laravel\\framework\\src\\Illuminate\\Pipeline\\Pipeline.php(180): Illuminate\\Foundation\\Http\\Middleware\\VerifyCsrfToken->handle(Object(Illuminate\\Http\\Request), Object(Closure))
#26 C:\\xampp\\htdocs\\serbiscrm\\vendor\\laravel\\framework\\src\\Illuminate\\View\\Middleware\\ShareErrorsFromSession.php(49): Illuminate\\Pipeline\\Pipeline->Illuminate\\Pipeline\\{closure}(Object(Illuminate\\Http\\Request))
#27 C:\\xampp\\htdocs\\serbiscrm\\vendor\\laravel\\framework\\src\\Illuminate\\Pipeline\\Pipeline.php(180): Illuminate\\View\\Middleware\\ShareErrorsFromSession->handle(Object(Illuminate\\Http\\Request), Object(Closure))
#28 C:\\xampp\\htdocs\\serbiscrm\\vendor\\laravel\\framework\\src\\Illuminate\\Session\\Middleware\\StartSession.php(121): Illuminate\\Pipeline\\Pipeline->Illuminate\\Pipeline\\{closure}(Object(Illuminate\\Http\\Request))
#29 C:\\xampp\\htdocs\\serbiscrm\\vendor\\laravel\\framework\\src\\Illuminate\\Session\\Middleware\\StartSession.php(64): Illuminate\\Session\\Middleware\\StartSession->handleStatefulRequest(Object(Illuminate\\Http\\Request), Object(Illuminate\\Session\\Store), Object(Closure))
#30 C:\\xampp\\htdocs\\serbiscrm\\vendor\\laravel\\framework\\src\\Illuminate\\Pipeline\\Pipeline.php(180): Illuminate\\Session\\Middleware\\StartSession->handle(Object(Illuminate\\Http\\Request), Object(Closure))
#31 C:\\xampp\\htdocs\\serbiscrm\\vendor\\laravel\\framework\\src\\Illuminate\\Cookie\\Middleware\\AddQueuedCookiesToResponse.php(37): Illuminate\\Pipeline\\Pipeline->Illuminate\\Pipeline\\{closure}(Object(Illuminate\\Http\\Request))
#32 C:\\xampp\\htdocs\\serbiscrm\\vendor\\laravel\\framework\\src\\Illuminate\\Pipeline\\Pipeline.php(180): Illuminate\\Cookie\\Middleware\\AddQueuedCookiesToResponse->handle(Object(Illuminate\\Http\\Request), Object(Closure))
#33 C:\\xampp\\htdocs\\serbiscrm\\vendor\\laravel\\framework\\src\\Illuminate\\Cookie\\Middleware\\EncryptCookies.php(67): Illuminate\\Pipeline\\Pipeline->Illuminate\\Pipeline\\{closure}(Object(Illuminate\\Http\\Request))
#34 C:\\xampp\\htdocs\\serbiscrm\\vendor\\laravel\\framework\\src\\Illuminate\\Pipeline\\Pipeline.php(180): Illuminate\\Cookie\\Middleware\\EncryptCookies->handle(Object(Illuminate\\Http\\Request), Object(Closure))
#35 C:\\xampp\\htdocs\\serbiscrm\\vendor\\laravel\\framework\\src\\Illuminate\\Pipeline\\Pipeline.php(116): Illuminate\\Pipeline\\Pipeline->Illuminate\\Pipeline\\{closure}(Object(Illuminate\\Http\\Request))
#36 C:\\xampp\\htdocs\\serbiscrm\\vendor\\laravel\\framework\\src\\Illuminate\\Routing\\Router.php(798): Illuminate\\Pipeline\\Pipeline->then(Object(Closure))
#37 C:\\xampp\\htdocs\\serbiscrm\\vendor\\laravel\\framework\\src\\Illuminate\\Routing\\Router.php(777): Illuminate\\Routing\\Router->runRouteWithinStack(Object(Illuminate\\Routing\\Route), Object(Illuminate\\Http\\Request))
#38 C:\\xampp\\htdocs\\serbiscrm\\vendor\\laravel\\framework\\src\\Illuminate\\Routing\\Router.php(741): Illuminate\\Routing\\Router->runRoute(Object(Illuminate\\Http\\Request), Object(Illuminate\\Routing\\Route))
#39 C:\\xampp\\htdocs\\serbiscrm\\vendor\\laravel\\framework\\src\\Illuminate\\Routing\\Router.php(730): Illuminate\\Routing\\Router->dispatchToRoute(Object(Illuminate\\Http\\Request))
#40 C:\\xampp\\htdocs\\serbiscrm\\vendor\\laravel\\framework\\src\\Illuminate\\Foundation\\Http\\Kernel.php(200): Illuminate\\Routing\\Router->dispatch(Object(Illuminate\\Http\\Request))
#41 C:\\xampp\\htdocs\\serbiscrm\\vendor\\laravel\\framework\\src\\Illuminate\\Pipeline\\Pipeline.php(141): Illuminate\\Foundation\\Http\\Kernel->Illuminate\\Foundation\\Http\\{closure}(Object(Illuminate\\Http\\Request))
#42 C:\\xampp\\htdocs\\serbiscrm\\app\\Http\\Middleware\\ImpersonationMiddleware.php(51): Illuminate\\Pipeline\\Pipeline->Illuminate\\Pipeline\\{closure}(Object(Illuminate\\Http\\Request))
#43 C:\\xampp\\htdocs\\serbiscrm\\vendor\\laravel\\framework\\src\\Illuminate\\Pipeline\\Pipeline.php(180): App\\Http\\Middleware\\ImpersonationMiddleware->handle(Object(Illuminate\\Http\\Request), Object(Closure))
#44 C:\\xampp\\htdocs\\serbiscrm\\vendor\\laravel\\framework\\src\\Illuminate\\Foundation\\Http\\Middleware\\TransformsRequest.php(21): Illuminate\\Pipeline\\Pipeline->Illuminate\\Pipeline\\{closure}(Object(Illuminate\\Http\\Request))
#45 C:\\xampp\\htdocs\\serbiscrm\\vendor\\laravel\\framework\\src\\Illuminate\\Foundation\\Http\\Middleware\\ConvertEmptyStringsToNull.php(31): Illuminate\\Foundation\\Http\\Middleware\\TransformsRequest->handle(Object(Illuminate\\Http\\Request), Object(Closure))
#46 C:\\xampp\\htdocs\\serbiscrm\\vendor\\laravel\\framework\\src\\Illuminate\\Pipeline\\Pipeline.php(180): Illuminate\\Foundation\\Http\\Middleware\\ConvertEmptyStringsToNull->handle(Object(Illuminate\\Http\\Request), Object(Closure))
#47 C:\\xampp\\htdocs\\serbiscrm\\vendor\\laravel\\framework\\src\\Illuminate\\Foundation\\Http\\Middleware\\TransformsRequest.php(21): Illuminate\\Pipeline\\Pipeline->Illuminate\\Pipeline\\{closure}(Object(Illuminate\\Http\\Request))
#48 C:\\xampp\\htdocs\\serbiscrm\\vendor\\laravel\\framework\\src\\Illuminate\\Foundation\\Http\\Middleware\\TrimStrings.php(40): Illuminate\\Foundation\\Http\\Middleware\\TransformsRequest->handle(Object(Illuminate\\Http\\Request), Object(Closure))
#49 C:\\xampp\\htdocs\\serbiscrm\\vendor\\laravel\\framework\\src\\Illuminate\\Pipeline\\Pipeline.php(180): Illuminate\\Foundation\\Http\\Middleware\\TrimStrings->handle(Object(Illuminate\\Http\\Request), Object(Closure))
#50 C:\\xampp\\htdocs\\serbiscrm\\vendor\\laravel\\framework\\src\\Illuminate\\Foundation\\Http\\Middleware\\ValidatePostSize.php(27): Illuminate\\Pipeline\\Pipeline->Illuminate\\Pipeline\\{closure}(Object(Illuminate\\Http\\Request))
#51 C:\\xampp\\htdocs\\serbiscrm\\vendor\\laravel\\framework\\src\\Illuminate\\Pipeline\\Pipeline.php(180): Illuminate\\Foundation\\Http\\Middleware\\ValidatePostSize->handle(Object(Illuminate\\Http\\Request), Object(Closure))
#52 C:\\xampp\\htdocs\\serbiscrm\\vendor\\laravel\\framework\\src\\Illuminate\\Foundation\\Http\\Middleware\\PreventRequestsDuringMaintenance.php(99): Illuminate\\Pipeline\\Pipeline->Illuminate\\Pipeline\\{closure}(Object(Illuminate\\Http\\Request))
#53 C:\\xampp\\htdocs\\serbiscrm\\vendor\\laravel\\framework\\src\\Illuminate\\Pipeline\\Pipeline.php(180): Illuminate\\Foundation\\Http\\Middleware\\PreventRequestsDuringMaintenance->handle(Object(Illuminate\\Http\\Request), Object(Closure))
#54 C:\\xampp\\htdocs\\serbiscrm\\vendor\\laravel\\framework\\src\\Illuminate\\Http\\Middleware\\HandleCors.php(49): Illuminate\\Pipeline\\Pipeline->Illuminate\\Pipeline\\{closure}(Object(Illuminate\\Http\\Request))
#55 C:\\xampp\\htdocs\\serbiscrm\\vendor\\laravel\\framework\\src\\Illuminate\\Pipeline\\Pipeline.php(180): Illuminate\\Http\\Middleware\\HandleCors->handle(Object(Illuminate\\Http\\Request), Object(Closure))
#56 C:\\xampp\\htdocs\\serbiscrm\\vendor\\laravel\\framework\\src\\Illuminate\\Http\\Middleware\\TrustProxies.php(39): Illuminate\\Pipeline\\Pipeline->Illuminate\\Pipeline\\{closure}(Object(Illuminate\\Http\\Request))
#57 C:\\xampp\\htdocs\\serbiscrm\\vendor\\laravel\\framework\\src\\Illuminate\\Pipeline\\Pipeline.php(180): Illuminate\\Http\\Middleware\\TrustProxies->handle(Object(Illuminate\\Http\\Request), Object(Closure))
#58 C:\\xampp\\htdocs\\serbiscrm\\vendor\\laravel\\framework\\src\\Illuminate\\Pipeline\\Pipeline.php(116): Illuminate\\Pipeline\\Pipeline->Illuminate\\Pipeline\\{closure}(Object(Illuminate\\Http\\Request))
#59 C:\\xampp\\htdocs\\serbiscrm\\vendor\\laravel\\framework\\src\\Illuminate\\Foundation\\Http\\Kernel.php(175): Illuminate\\Pipeline\\Pipeline->then(Object(Closure))
#60 C:\\xampp\\htdocs\\serbiscrm\\vendor\\laravel\\framework\\src\\Illuminate\\Foundation\\Http\\Kernel.php(144): Illuminate\\Foundation\\Http\\Kernel->sendRequestThroughRouter(Object(Illuminate\\Http\\Request))
#61 C:\\xampp\\htdocs\\serbiscrm\\public\\index.php(51): Illuminate\\Foundation\\Http\\Kernel->handle(Object(Illuminate\\Http\\Request))
#62 C:\\xampp\\htdocs\\serbiscrm\\vendor\\laravel\\framework\\src\\Illuminate\\Foundation\\resources\\server.php(16): require_once('C:\\\\xampp\\\\htdocs...')
#63 {main}"} 
[2025-12-03 13:31:44] local.ERROR: Fatura entegrasyona gönderilemedi {"invoice_id":46,"error":"API Hatası: {\"errors\":[{\"detail\":\"Ürün/hizmet doldurulmalı\"}]}"} 
[2025-12-03 14:01:13] local.INFO: Paraşüt token cache'den alındı  
[2025-12-03 14:01:13] local.INFO: Paraşüt token cache'den alındı  
[2025-12-03 14:01:34] local.INFO: Paraşüt token cache'den alındı  
[2025-12-03 14:01:34] local.INFO: Fatura entegrasyona gönderiliyor (senkron) {"invoice_id":47,"tenant_id":"27"} 
[2025-12-03 14:01:34] local.INFO: Paraşüt token cache'den alındı  
[2025-12-03 14:01:34] local.INFO: Fatura oluşturuluyor {"invoice_number":null} 
[2025-12-03 14:01:34] local.INFO: TC No ile müşteri aranıyor {"tcNo":"11111111111"} 
[2025-12-03 14:01:34] local.INFO: Paraşüt API isteği {"method":"get","url":"https://api.heroku-staging.parasut.com/v4/34746/contacts"} 
[2025-12-03 14:01:34] local.INFO: Müşteri TC No ile bulundu {"customer_id":"2047425"} 
[2025-12-03 14:01:34] local.INFO: Müşteri Paraşüt'te zaten mevcut {"customer_id":"2047425","name":"Test Müşteri"} 
[2025-12-03 14:01:34] local.INFO: Müşteri durumu {"customer_id":"2047425","action":"found","message":"Müşteri zaten Paraşüt'te kayıtlı"} 
[2025-12-03 14:01:34] local.INFO: Paraşüt API isteği {"method":"get","url":"https://api.heroku-staging.parasut.com/v4/34746/products"} 
[2025-12-03 14:01:35] local.INFO: Paraşüt API isteği {"method":"post","url":"https://api.heroku-staging.parasut.com/v4/34746/products"} 
[2025-12-03 14:01:36] local.ERROR: Paraşüt API Hatası {"method":"post","endpoint":"products","error":"API Hatası: {\"status\":500,\"error\":\"Internal Server Error\"}"} 
[2025-12-03 14:01:36] local.ERROR: Ürün senkronizasyon hatası {"product_name":"HFHDFHDFH","error":"API Hatası: {\"status\":500,\"error\":\"Internal Server Error\"}"} 
[2025-12-03 14:01:36] local.INFO: Paraşüt API'ye fatura gönderiliyor {"customer_id":"2047425","items_count":1,"total":282.0} 
[2025-12-03 14:01:36] local.INFO: Paraşüt API isteği {"method":"post","url":"https://api.heroku-staging.parasut.com/v4/34746/sales_invoices"} 
[2025-12-03 14:01:36] local.ERROR: Paraşüt API Hatası {"method":"post","endpoint":"sales_invoices","error":"API Hatası: {\"errors\":[{\"detail\":\"Ürün/hizmet doldurulmalı\"}]}"} 
[2025-12-03 14:01:36] local.ERROR: Paraşüt fatura oluşturma hatası: API Hatası: {"errors":[{"detail":"Ürün/hizmet doldurulmalı"}]} {"invoice_data":{"id":47,"faturaNumarasi":null,"faturaTarihi":"2025-12-03","indirim":0.0,"odemeDurum":null,"toplamTutar":282.0,"genelToplam":282.0,"kasaId":1,"customer":{"adSoyad":"hatice çapacı","musteriTipi":"1","email":null,"tel1":"566 544 4444","vergiNo":null,"vergiDairesi":null,"tcNo":"11111111111","adres":"hdfhfd","il":"İSTANBUL","ilce":"ARNAVUTKÖY"},"items":[{"aciklama":"HFHDFHDFH","miktar":"1","fiyat":235.0,"tutar":235.0}],"vat_rate":null,"vat_withholding_rate":"0"},"trace":"#0 C:\\xampp\\htdocs\\serbiscrm\\app\\Services\\InvoiceIntegrations\\ParasutService.php(510): App\\Services\\InvoiceIntegrations\\ParasutService->makeRequest('post', 'sales_invoices', Array)
#1 C:\\xampp\\htdocs\\serbiscrm\\app\\Http\\Controllers\\Frontend\\InvoicesController.php(642): App\\Services\\InvoiceIntegrations\\ParasutService->createInvoice(Array)
#2 C:\\xampp\\htdocs\\serbiscrm\\vendor\\laravel\\framework\\src\\Illuminate\\Routing\\Controller.php(54): App\\Http\\Controllers\\Frontend\\InvoicesController->StoreInvoice(Object(Illuminate\\Http\\Request), '27')
#3 C:\\xampp\\htdocs\\serbiscrm\\vendor\\laravel\\framework\\src\\Illuminate\\Routing\\ControllerDispatcher.php(43): Illuminate\\Routing\\Controller->callAction('StoreInvoice', Array)
#4 C:\\xampp\\htdocs\\serbiscrm\\vendor\\laravel\\framework\\src\\Illuminate\\Routing\\Route.php(259): Illuminate\\Routing\\ControllerDispatcher->dispatch(Object(Illuminate\\Routing\\Route), Object(App\\Http\\Controllers\\Frontend\\InvoicesController), 'StoreInvoice')
#5 C:\\xampp\\htdocs\\serbiscrm\\vendor\\laravel\\framework\\src\\Illuminate\\Routing\\Route.php(205): Illuminate\\Routing\\Route->runController()
#6 C:\\xampp\\htdocs\\serbiscrm\\vendor\\laravel\\framework\\src\\Illuminate\\Routing\\Router.php(799): Illuminate\\Routing\\Route->run()
#7 C:\\xampp\\htdocs\\serbiscrm\\vendor\\laravel\\framework\\src\\Illuminate\\Pipeline\\Pipeline.php(141): Illuminate\\Routing\\Router->Illuminate\\Routing\\{closure}(Object(Illuminate\\Http\\Request))
#8 C:\\xampp\\htdocs\\serbiscrm\\app\\Http\\Middleware\\CheckStorageLimit.php(20): Illuminate\\Pipeline\\Pipeline->Illuminate\\Pipeline\\{closure}(Object(Illuminate\\Http\\Request))
#9 C:\\xampp\\htdocs\\serbiscrm\\vendor\\laravel\\framework\\src\\Illuminate\\Pipeline\\Pipeline.php(180): App\\Http\\Middleware\\CheckStorageLimit->handle(Object(Illuminate\\Http\\Request), Object(Closure))
#10 C:\\xampp\\htdocs\\serbiscrm\\app\\Http\\Middleware\\CheckTenantStatus.php(40): Illuminate\\Pipeline\\Pipeline->Illuminate\\Pipeline\\{closure}(Object(Illuminate\\Http\\Request))
#11 C:\\xampp\\htdocs\\serbiscrm\\vendor\\laravel\\framework\\src\\Illuminate\\Pipeline\\Pipeline.php(180): App\\Http\\Middleware\\CheckTenantStatus->handle(Object(Illuminate\\Http\\Request), Object(Closure))
#12 C:\\xampp\\htdocs\\serbiscrm\\app\\Http\\Middleware\\HandleRedirectAfterLogin.php(28): Illuminate\\Pipeline\\Pipeline->Illuminate\\Pipeline\\{closure}(Object(Illuminate\\Http\\Request))
#13 C:\\xampp\\htdocs\\serbiscrm\\vendor\\laravel\\framework\\src\\Illuminate\\Pipeline\\Pipeline.php(180): App\\Http\\Middleware\\HandleRedirectAfterLogin->handle(Object(Illuminate\\Http\\Request), Object(Closure))
#14 C:\\xampp\\htdocs\\serbiscrm\\app\\Http\\Middleware\\CheckCompanySubscription.php(32): Illuminate\\Pipeline\\Pipeline->Illuminate\\Pipeline\\{closure}(Object(Illuminate\\Http\\Request))
#15 C:\\xampp\\htdocs\\serbiscrm\\vendor\\laravel\\framework\\src\\Illuminate\\Pipeline\\Pipeline.php(180): App\\Http\\Middleware\\CheckCompanySubscription->handle(Object(Illuminate\\Http\\Request), Object(Closure))
#16 C:\\xampp\\htdocs\\serbiscrm\\app\\Http\\Middleware\\CheckTenantId.php(43): Illuminate\\Pipeline\\Pipeline->Illuminate\\Pipeline\\{closure}(Object(Illuminate\\Http\\Request))
#17 C:\\xampp\\htdocs\\serbiscrm\\vendor\\laravel\\framework\\src\\Illuminate\\Pipeline\\Pipeline.php(180): App\\Http\\Middleware\\CheckTenantId->handle(Object(Illuminate\\Http\\Request), Object(Closure))
#18 C:\\xampp\\htdocs\\serbiscrm\\app\\Http\\Middleware\\CheckTrialStatus.php(28): Illuminate\\Pipeline\\Pipeline->Illuminate\\Pipeline\\{closure}(Object(Illuminate\\Http\\Request))
#19 C:\\xampp\\htdocs\\serbiscrm\\vendor\\laravel\\framework\\src\\Illuminate\\Pipeline\\Pipeline.php(180): App\\Http\\Middleware\\CheckTrialStatus->handle(Object(Illuminate\\Http\\Request), Object(Closure))
#20 C:\\xampp\\htdocs\\serbiscrm\\vendor\\laravel\\framework\\src\\Illuminate\\Routing\\Middleware\\SubstituteBindings.php(50): Illuminate\\Pipeline\\Pipeline->Illuminate\\Pipeline\\{closure}(Object(Illuminate\\Http\\Request))
#21 C:\\xampp\\htdocs\\serbiscrm\\vendor\\laravel\\framework\\src\\Illuminate\\Pipeline\\Pipeline.php(180): Illuminate\\Routing\\Middleware\\SubstituteBindings->handle(Object(Illuminate\\Http\\Request), Object(Closure))
#22 C:\\xampp\\htdocs\\serbiscrm\\vendor\\laravel\\framework\\src\\Illuminate\\Auth\\Middleware\\Authenticate.php(57): Illuminate\\Pipeline\\Pipeline->Illuminate\\Pipeline\\{closure}(Object(Illuminate\\Http\\Request))
#23 C:\\xampp\\htdocs\\serbiscrm\\vendor\\laravel\\framework\\src\\Illuminate\\Pipeline\\Pipeline.php(180): Illuminate\\Auth\\Middleware\\Authenticate->handle(Object(Illuminate\\Http\\Request), Object(Closure))
#24 C:\\xampp\\htdocs\\serbiscrm\\vendor\\laravel\\framework\\src\\Illuminate\\Foundation\\Http\\Middleware\\VerifyCsrfToken.php(78): Illuminate\\Pipeline\\Pipeline->Illuminate\\Pipeline\\{closure}(Object(Illuminate\\Http\\Request))
#25 C:\\xampp\\htdocs\\serbiscrm\\vendor\\laravel\\framework\\src\\Illuminate\\Pipeline\\Pipeline.php(180): Illuminate\\Foundation\\Http\\Middleware\\VerifyCsrfToken->handle(Object(Illuminate\\Http\\Request), Object(Closure))
#26 C:\\xampp\\htdocs\\serbiscrm\\vendor\\laravel\\framework\\src\\Illuminate\\View\\Middleware\\ShareErrorsFromSession.php(49): Illuminate\\Pipeline\\Pipeline->Illuminate\\Pipeline\\{closure}(Object(Illuminate\\Http\\Request))
#27 C:\\xampp\\htdocs\\serbiscrm\\vendor\\laravel\\framework\\src\\Illuminate\\Pipeline\\Pipeline.php(180): Illuminate\\View\\Middleware\\ShareErrorsFromSession->handle(Object(Illuminate\\Http\\Request), Object(Closure))
#28 C:\\xampp\\htdocs\\serbiscrm\\vendor\\laravel\\framework\\src\\Illuminate\\Session\\Middleware\\StartSession.php(121): Illuminate\\Pipeline\\Pipeline->Illuminate\\Pipeline\\{closure}(Object(Illuminate\\Http\\Request))
#29 C:\\xampp\\htdocs\\serbiscrm\\vendor\\laravel\\framework\\src\\Illuminate\\Session\\Middleware\\StartSession.php(64): Illuminate\\Session\\Middleware\\StartSession->handleStatefulRequest(Object(Illuminate\\Http\\Request), Object(Illuminate\\Session\\Store), Object(Closure))
#30 C:\\xampp\\htdocs\\serbiscrm\\vendor\\laravel\\framework\\src\\Illuminate\\Pipeline\\Pipeline.php(180): Illuminate\\Session\\Middleware\\StartSession->handle(Object(Illuminate\\Http\\Request), Object(Closure))
#31 C:\\xampp\\htdocs\\serbiscrm\\vendor\\laravel\\framework\\src\\Illuminate\\Cookie\\Middleware\\AddQueuedCookiesToResponse.php(37): Illuminate\\Pipeline\\Pipeline->Illuminate\\Pipeline\\{closure}(Object(Illuminate\\Http\\Request))
#32 C:\\xampp\\htdocs\\serbiscrm\\vendor\\laravel\\framework\\src\\Illuminate\\Pipeline\\Pipeline.php(180): Illuminate\\Cookie\\Middleware\\AddQueuedCookiesToResponse->handle(Object(Illuminate\\Http\\Request), Object(Closure))
#33 C:\\xampp\\htdocs\\serbiscrm\\vendor\\laravel\\framework\\src\\Illuminate\\Cookie\\Middleware\\EncryptCookies.php(67): Illuminate\\Pipeline\\Pipeline->Illuminate\\Pipeline\\{closure}(Object(Illuminate\\Http\\Request))
#34 C:\\xampp\\htdocs\\serbiscrm\\vendor\\laravel\\framework\\src\\Illuminate\\Pipeline\\Pipeline.php(180): Illuminate\\Cookie\\Middleware\\EncryptCookies->handle(Object(Illuminate\\Http\\Request), Object(Closure))
#35 C:\\xampp\\htdocs\\serbiscrm\\vendor\\laravel\\framework\\src\\Illuminate\\Pipeline\\Pipeline.php(116): Illuminate\\Pipeline\\Pipeline->Illuminate\\Pipeline\\{closure}(Object(Illuminate\\Http\\Request))
#36 C:\\xampp\\htdocs\\serbiscrm\\vendor\\laravel\\framework\\src\\Illuminate\\Routing\\Router.php(798): Illuminate\\Pipeline\\Pipeline->then(Object(Closure))
#37 C:\\xampp\\htdocs\\serbiscrm\\vendor\\laravel\\framework\\src\\Illuminate\\Routing\\Router.php(777): Illuminate\\Routing\\Router->runRouteWithinStack(Object(Illuminate\\Routing\\Route), Object(Illuminate\\Http\\Request))
#38 C:\\xampp\\htdocs\\serbiscrm\\vendor\\laravel\\framework\\src\\Illuminate\\Routing\\Router.php(741): Illuminate\\Routing\\Router->runRoute(Object(Illuminate\\Http\\Request), Object(Illuminate\\Routing\\Route))
#39 C:\\xampp\\htdocs\\serbiscrm\\vendor\\laravel\\framework\\src\\Illuminate\\Routing\\Router.php(730): Illuminate\\Routing\\Router->dispatchToRoute(Object(Illuminate\\Http\\Request))
#40 C:\\xampp\\htdocs\\serbiscrm\\vendor\\laravel\\framework\\src\\Illuminate\\Foundation\\Http\\Kernel.php(200): Illuminate\\Routing\\Router->dispatch(Object(Illuminate\\Http\\Request))
#41 C:\\xampp\\htdocs\\serbiscrm\\vendor\\laravel\\framework\\src\\Illuminate\\Pipeline\\Pipeline.php(141): Illuminate\\Foundation\\Http\\Kernel->Illuminate\\Foundation\\Http\\{closure}(Object(Illuminate\\Http\\Request))
#42 C:\\xampp\\htdocs\\serbiscrm\\app\\Http\\Middleware\\ImpersonationMiddleware.php(51): Illuminate\\Pipeline\\Pipeline->Illuminate\\Pipeline\\{closure}(Object(Illuminate\\Http\\Request))
#43 C:\\xampp\\htdocs\\serbiscrm\\vendor\\laravel\\framework\\src\\Illuminate\\Pipeline\\Pipeline.php(180): App\\Http\\Middleware\\ImpersonationMiddleware->handle(Object(Illuminate\\Http\\Request), Object(Closure))
#44 C:\\xampp\\htdocs\\serbiscrm\\vendor\\laravel\\framework\\src\\Illuminate\\Foundation\\Http\\Middleware\\TransformsRequest.php(21): Illuminate\\Pipeline\\Pipeline->Illuminate\\Pipeline\\{closure}(Object(Illuminate\\Http\\Request))
#45 C:\\xampp\\htdocs\\serbiscrm\\vendor\\laravel\\framework\\src\\Illuminate\\Foundation\\Http\\Middleware\\ConvertEmptyStringsToNull.php(31): Illuminate\\Foundation\\Http\\Middleware\\TransformsRequest->handle(Object(Illuminate\\Http\\Request), Object(Closure))
#46 C:\\xampp\\htdocs\\serbiscrm\\vendor\\laravel\\framework\\src\\Illuminate\\Pipeline\\Pipeline.php(180): Illuminate\\Foundation\\Http\\Middleware\\ConvertEmptyStringsToNull->handle(Object(Illuminate\\Http\\Request), Object(Closure))
#47 C:\\xampp\\htdocs\\serbiscrm\\vendor\\laravel\\framework\\src\\Illuminate\\Foundation\\Http\\Middleware\\TransformsRequest.php(21): Illuminate\\Pipeline\\Pipeline->Illuminate\\Pipeline\\{closure}(Object(Illuminate\\Http\\Request))
#48 C:\\xampp\\htdocs\\serbiscrm\\vendor\\laravel\\framework\\src\\Illuminate\\Foundation\\Http\\Middleware\\TrimStrings.php(40): Illuminate\\Foundation\\Http\\Middleware\\TransformsRequest->handle(Object(Illuminate\\Http\\Request), Object(Closure))
#49 C:\\xampp\\htdocs\\serbiscrm\\vendor\\laravel\\framework\\src\\Illuminate\\Pipeline\\Pipeline.php(180): Illuminate\\Foundation\\Http\\Middleware\\TrimStrings->handle(Object(Illuminate\\Http\\Request), Object(Closure))
#50 C:\\xampp\\htdocs\\serbiscrm\\vendor\\laravel\\framework\\src\\Illuminate\\Foundation\\Http\\Middleware\\ValidatePostSize.php(27): Illuminate\\Pipeline\\Pipeline->Illuminate\\Pipeline\\{closure}(Object(Illuminate\\Http\\Request))
#51 C:\\xampp\\htdocs\\serbiscrm\\vendor\\laravel\\framework\\src\\Illuminate\\Pipeline\\Pipeline.php(180): Illuminate\\Foundation\\Http\\Middleware\\ValidatePostSize->handle(Object(Illuminate\\Http\\Request), Object(Closure))
#52 C:\\xampp\\htdocs\\serbiscrm\\vendor\\laravel\\framework\\src\\Illuminate\\Foundation\\Http\\Middleware\\PreventRequestsDuringMaintenance.php(99): Illuminate\\Pipeline\\Pipeline->Illuminate\\Pipeline\\{closure}(Object(Illuminate\\Http\\Request))
#53 C:\\xampp\\htdocs\\serbiscrm\\vendor\\laravel\\framework\\src\\Illuminate\\Pipeline\\Pipeline.php(180): Illuminate\\Foundation\\Http\\Middleware\\PreventRequestsDuringMaintenance->handle(Object(Illuminate\\Http\\Request), Object(Closure))
#54 C:\\xampp\\htdocs\\serbiscrm\\vendor\\laravel\\framework\\src\\Illuminate\\Http\\Middleware\\HandleCors.php(49): Illuminate\\Pipeline\\Pipeline->Illuminate\\Pipeline\\{closure}(Object(Illuminate\\Http\\Request))
#55 C:\\xampp\\htdocs\\serbiscrm\\vendor\\laravel\\framework\\src\\Illuminate\\Pipeline\\Pipeline.php(180): Illuminate\\Http\\Middleware\\HandleCors->handle(Object(Illuminate\\Http\\Request), Object(Closure))
#56 C:\\xampp\\htdocs\\serbiscrm\\vendor\\laravel\\framework\\src\\Illuminate\\Http\\Middleware\\TrustProxies.php(39): Illuminate\\Pipeline\\Pipeline->Illuminate\\Pipeline\\{closure}(Object(Illuminate\\Http\\Request))
#57 C:\\xampp\\htdocs\\serbiscrm\\vendor\\laravel\\framework\\src\\Illuminate\\Pipeline\\Pipeline.php(180): Illuminate\\Http\\Middleware\\TrustProxies->handle(Object(Illuminate\\Http\\Request), Object(Closure))
#58 C:\\xampp\\htdocs\\serbiscrm\\vendor\\laravel\\framework\\src\\Illuminate\\Pipeline\\Pipeline.php(116): Illuminate\\Pipeline\\Pipeline->Illuminate\\Pipeline\\{closure}(Object(Illuminate\\Http\\Request))
#59 C:\\xampp\\htdocs\\serbiscrm\\vendor\\laravel\\framework\\src\\Illuminate\\Foundation\\Http\\Kernel.php(175): Illuminate\\Pipeline\\Pipeline->then(Object(Closure))
#60 C:\\xampp\\htdocs\\serbiscrm\\vendor\\laravel\\framework\\src\\Illuminate\\Foundation\\Http\\Kernel.php(144): Illuminate\\Foundation\\Http\\Kernel->sendRequestThroughRouter(Object(Illuminate\\Http\\Request))
#61 C:\\xampp\\htdocs\\serbiscrm\\public\\index.php(51): Illuminate\\Foundation\\Http\\Kernel->handle(Object(Illuminate\\Http\\Request))
#62 C:\\xampp\\htdocs\\serbiscrm\\vendor\\laravel\\framework\\src\\Illuminate\\Foundation\\resources\\server.php(16): require_once('C:\\\\xampp\\\\htdocs...')
#63 {main}"} 
[2025-12-03 14:01:36] local.ERROR: Fatura entegrasyona gönderilemedi {"invoice_id":47,"error":"API Hatası: {\"errors\":[{\"detail\":\"Ürün/hizmet doldurulmalı\"}]}"} 
[2025-12-03 14:06:28] local.INFO: Paraşüt token cache'den alındı  
[2025-12-03 14:06:28] local.INFO: Paraşüt token cache'den alındı  
[2025-12-03 14:06:47] local.INFO: Paraşüt token cache'den alındı  
[2025-12-03 14:06:47] local.INFO: Fatura entegrasyona gönderiliyor (senkron) {"invoice_id":48,"tenant_id":"27"} 
[2025-12-03 14:06:47] local.INFO: Paraşüt token cache'den alındı  
[2025-12-03 14:06:47] local.INFO: Fatura oluşturuluyor {"invoice_number":null} 
[2025-12-03 14:06:47] local.INFO: TC No ile müşteri aranıyor {"tcNo":"11111111111"} 
[2025-12-03 14:06:47] local.INFO: Paraşüt API isteği {"method":"get","url":"https://api.heroku-staging.parasut.com/v4/34746/contacts"} 
[2025-12-03 14:06:48] local.INFO: Müşteri TC No ile bulundu {"customer_id":"2047425"} 
[2025-12-03 14:06:48] local.INFO: Müşteri Paraşüt'te zaten mevcut {"customer_id":"2047425","name":"Test Müşteri"} 
[2025-12-03 14:06:48] local.INFO: Müşteri durumu {"customer_id":"2047425","action":"found","message":"Müşteri zaten Paraşüt'te kayıtlı"} 
[2025-12-03 14:06:48] local.INFO: Paraşüt API isteği {"method":"get","url":"https://api.heroku-staging.parasut.com/v4/34746/products"} 
[2025-12-03 14:06:48] local.ERROR: Paraşüt API Hatası {"method":"get","endpoint":"products","error":"API Hatası: {\"status\":500,\"error\":\"Internal Server Error\"}"} 
[2025-12-03 14:06:48] local.INFO: Paraşüt API isteği {"method":"post","url":"https://api.heroku-staging.parasut.com/v4/34746/products"} 
[2025-12-03 14:06:49] local.ERROR: Paraşüt API Hatası {"method":"post","endpoint":"products","error":"API Hatası: {\"status\":500,\"error\":\"Internal Server Error\"}"} 
[2025-12-03 14:06:49] local.ERROR: Ürün senkronizasyon hatası {"product_name":"TEST TEST","error":"API Hatası: {\"status\":500,\"error\":\"Internal Server Error\"}"} 
[2025-12-03 14:06:49] local.INFO: Paraşüt API'ye fatura gönderiliyor {"customer_id":"2047425","items_count":1,"total":186.0} 
[2025-12-03 14:06:49] local.INFO: Paraşüt API isteği {"method":"post","url":"https://api.heroku-staging.parasut.com/v4/34746/sales_invoices"} 
[2025-12-03 14:06:50] local.ERROR: Paraşüt API Hatası {"method":"post","endpoint":"sales_invoices","error":"API Hatası: {\"errors\":[{\"detail\":\"Ürün/hizmet doldurulmalı\"}]}"} 
[2025-12-03 14:06:50] local.ERROR: Paraşüt fatura oluşturma hatası: API Hatası: {"errors":[{"detail":"Ürün/hizmet doldurulmalı"}]} {"invoice_data":{"id":48,"faturaNumarasi":null,"faturaTarihi":"2025-12-03","indirim":0.0,"odemeDurum":null,"toplamTutar":186.0,"genelToplam":186.0,"kasaId":1,"kdvTutar":"20","faturaAciklama":"dfhdfh","customer":{"adSoyad":"hatice çapacı","musteriTipi":"1","email":null,"tel1":"566 544 4444","vergiNo":null,"vergiDairesi":null,"tcNo":"11111111111","adres":"hdfhfd","il":"İSTANBUL","ilce":"ARNAVUTKÖY"},"items":[{"aciklama":"TEST TEST","miktar":"1","fiyat":155.0,"tutar":155.0}],"vat_rate":null,"vat_withholding_rate":"0"},"trace":"#0 C:\\xampp\\htdocs\\serbiscrm\\app\\Services\\InvoiceIntegrations\\ParasutService.php(510): App\\Services\\InvoiceIntegrations\\ParasutService->makeRequest('post', 'sales_invoices', Array)
#1 C:\\xampp\\htdocs\\serbiscrm\\app\\Http\\Controllers\\Frontend\\InvoicesController.php(671): App\\Services\\InvoiceIntegrations\\ParasutService->createInvoice(Array)
#2 C:\\xampp\\htdocs\\serbiscrm\\vendor\\laravel\\framework\\src\\Illuminate\\Routing\\Controller.php(54): App\\Http\\Controllers\\Frontend\\InvoicesController->StoreInvoice(Object(Illuminate\\Http\\Request), '27')
#3 C:\\xampp\\htdocs\\serbiscrm\\vendor\\laravel\\framework\\src\\Illuminate\\Routing\\ControllerDispatcher.php(43): Illuminate\\Routing\\Controller->callAction('StoreInvoice', Array)
#4 C:\\xampp\\htdocs\\serbiscrm\\vendor\\laravel\\framework\\src\\Illuminate\\Routing\\Route.php(259): Illuminate\\Routing\\ControllerDispatcher->dispatch(Object(Illuminate\\Routing\\Route), Object(App\\Http\\Controllers\\Frontend\\InvoicesController), 'StoreInvoice')
#5 C:\\xampp\\htdocs\\serbiscrm\\vendor\\laravel\\framework\\src\\Illuminate\\Routing\\Route.php(205): Illuminate\\Routing\\Route->runController()
#6 C:\\xampp\\htdocs\\serbiscrm\\vendor\\laravel\\framework\\src\\Illuminate\\Routing\\Router.php(799): Illuminate\\Routing\\Route->run()
#7 C:\\xampp\\htdocs\\serbiscrm\\vendor\\laravel\\framework\\src\\Illuminate\\Pipeline\\Pipeline.php(141): Illuminate\\Routing\\Router->Illuminate\\Routing\\{closure}(Object(Illuminate\\Http\\Request))
#8 C:\\xampp\\htdocs\\serbiscrm\\app\\Http\\Middleware\\CheckStorageLimit.php(20): Illuminate\\Pipeline\\Pipeline->Illuminate\\Pipeline\\{closure}(Object(Illuminate\\Http\\Request))
#9 C:\\xampp\\htdocs\\serbiscrm\\vendor\\laravel\\framework\\src\\Illuminate\\Pipeline\\Pipeline.php(180): App\\Http\\Middleware\\CheckStorageLimit->handle(Object(Illuminate\\Http\\Request), Object(Closure))
#10 C:\\xampp\\htdocs\\serbiscrm\\app\\Http\\Middleware\\CheckTenantStatus.php(40): Illuminate\\Pipeline\\Pipeline->Illuminate\\Pipeline\\{closure}(Object(Illuminate\\Http\\Request))
#11 C:\\xampp\\htdocs\\serbiscrm\\vendor\\laravel\\framework\\src\\Illuminate\\Pipeline\\Pipeline.php(180): App\\Http\\Middleware\\CheckTenantStatus->handle(Object(Illuminate\\Http\\Request), Object(Closure))
#12 C:\\xampp\\htdocs\\serbiscrm\\app\\Http\\Middleware\\HandleRedirectAfterLogin.php(28): Illuminate\\Pipeline\\Pipeline->Illuminate\\Pipeline\\{closure}(Object(Illuminate\\Http\\Request))
#13 C:\\xampp\\htdocs\\serbiscrm\\vendor\\laravel\\framework\\src\\Illuminate\\Pipeline\\Pipeline.php(180): App\\Http\\Middleware\\HandleRedirectAfterLogin->handle(Object(Illuminate\\Http\\Request), Object(Closure))
#14 C:\\xampp\\htdocs\\serbiscrm\\app\\Http\\Middleware\\CheckCompanySubscription.php(32): Illuminate\\Pipeline\\Pipeline->Illuminate\\Pipeline\\{closure}(Object(Illuminate\\Http\\Request))
#15 C:\\xampp\\htdocs\\serbiscrm\\vendor\\laravel\\framework\\src\\Illuminate\\Pipeline\\Pipeline.php(180): App\\Http\\Middleware\\CheckCompanySubscription->handle(Object(Illuminate\\Http\\Request), Object(Closure))
#16 C:\\xampp\\htdocs\\serbiscrm\\app\\Http\\Middleware\\CheckTenantId.php(43): Illuminate\\Pipeline\\Pipeline->Illuminate\\Pipeline\\{closure}(Object(Illuminate\\Http\\Request))
#17 C:\\xampp\\htdocs\\serbiscrm\\vendor\\laravel\\framework\\src\\Illuminate\\Pipeline\\Pipeline.php(180): App\\Http\\Middleware\\CheckTenantId->handle(Object(Illuminate\\Http\\Request), Object(Closure))
#18 C:\\xampp\\htdocs\\serbiscrm\\app\\Http\\Middleware\\CheckTrialStatus.php(28): Illuminate\\Pipeline\\Pipeline->Illuminate\\Pipeline\\{closure}(Object(Illuminate\\Http\\Request))
#19 C:\\xampp\\htdocs\\serbiscrm\\vendor\\laravel\\framework\\src\\Illuminate\\Pipeline\\Pipeline.php(180): App\\Http\\Middleware\\CheckTrialStatus->handle(Object(Illuminate\\Http\\Request), Object(Closure))
#20 C:\\xampp\\htdocs\\serbiscrm\\vendor\\laravel\\framework\\src\\Illuminate\\Routing\\Middleware\\SubstituteBindings.php(50): Illuminate\\Pipeline\\Pipeline->Illuminate\\Pipeline\\{closure}(Object(Illuminate\\Http\\Request))
#21 C:\\xampp\\htdocs\\serbiscrm\\vendor\\laravel\\framework\\src\\Illuminate\\Pipeline\\Pipeline.php(180): Illuminate\\Routing\\Middleware\\SubstituteBindings->handle(Object(Illuminate\\Http\\Request), Object(Closure))
#22 C:\\xampp\\htdocs\\serbiscrm\\vendor\\laravel\\framework\\src\\Illuminate\\Auth\\Middleware\\Authenticate.php(57): Illuminate\\Pipeline\\Pipeline->Illuminate\\Pipeline\\{closure}(Object(Illuminate\\Http\\Request))
#23 C:\\xampp\\htdocs\\serbiscrm\\vendor\\laravel\\framework\\src\\Illuminate\\Pipeline\\Pipeline.php(180): Illuminate\\Auth\\Middleware\\Authenticate->handle(Object(Illuminate\\Http\\Request), Object(Closure))
#24 C:\\xampp\\htdocs\\serbiscrm\\vendor\\laravel\\framework\\src\\Illuminate\\Foundation\\Http\\Middleware\\VerifyCsrfToken.php(78): Illuminate\\Pipeline\\Pipeline->Illuminate\\Pipeline\\{closure}(Object(Illuminate\\Http\\Request))
#25 C:\\xampp\\htdocs\\serbiscrm\\vendor\\laravel\\framework\\src\\Illuminate\\Pipeline\\Pipeline.php(180): Illuminate\\Foundation\\Http\\Middleware\\VerifyCsrfToken->handle(Object(Illuminate\\Http\\Request), Object(Closure))
#26 C:\\xampp\\htdocs\\serbiscrm\\vendor\\laravel\\framework\\src\\Illuminate\\View\\Middleware\\ShareErrorsFromSession.php(49): Illuminate\\Pipeline\\Pipeline->Illuminate\\Pipeline\\{closure}(Object(Illuminate\\Http\\Request))
#27 C:\\xampp\\htdocs\\serbiscrm\\vendor\\laravel\\framework\\src\\Illuminate\\Pipeline\\Pipeline.php(180): Illuminate\\View\\Middleware\\ShareErrorsFromSession->handle(Object(Illuminate\\Http\\Request), Object(Closure))
#28 C:\\xampp\\htdocs\\serbiscrm\\vendor\\laravel\\framework\\src\\Illuminate\\Session\\Middleware\\StartSession.php(121): Illuminate\\Pipeline\\Pipeline->Illuminate\\Pipeline\\{closure}(Object(Illuminate\\Http\\Request))
#29 C:\\xampp\\htdocs\\serbiscrm\\vendor\\laravel\\framework\\src\\Illuminate\\Session\\Middleware\\StartSession.php(64): Illuminate\\Session\\Middleware\\StartSession->handleStatefulRequest(Object(Illuminate\\Http\\Request), Object(Illuminate\\Session\\Store), Object(Closure))
#30 C:\\xampp\\htdocs\\serbiscrm\\vendor\\laravel\\framework\\src\\Illuminate\\Pipeline\\Pipeline.php(180): Illuminate\\Session\\Middleware\\StartSession->handle(Object(Illuminate\\Http\\Request), Object(Closure))
#31 C:\\xampp\\htdocs\\serbiscrm\\vendor\\laravel\\framework\\src\\Illuminate\\Cookie\\Middleware\\AddQueuedCookiesToResponse.php(37): Illuminate\\Pipeline\\Pipeline->Illuminate\\Pipeline\\{closure}(Object(Illuminate\\Http\\Request))
#32 C:\\xampp\\htdocs\\serbiscrm\\vendor\\laravel\\framework\\src\\Illuminate\\Pipeline\\Pipeline.php(180): Illuminate\\Cookie\\Middleware\\AddQueuedCookiesToResponse->handle(Object(Illuminate\\Http\\Request), Object(Closure))
#33 C:\\xampp\\htdocs\\serbiscrm\\vendor\\laravel\\framework\\src\\Illuminate\\Cookie\\Middleware\\EncryptCookies.php(67): Illuminate\\Pipeline\\Pipeline->Illuminate\\Pipeline\\{closure}(Object(Illuminate\\Http\\Request))
#34 C:\\xampp\\htdocs\\serbiscrm\\vendor\\laravel\\framework\\src\\Illuminate\\Pipeline\\Pipeline.php(180): Illuminate\\Cookie\\Middleware\\EncryptCookies->handle(Object(Illuminate\\Http\\Request), Object(Closure))
#35 C:\\xampp\\htdocs\\serbiscrm\\vendor\\laravel\\framework\\src\\Illuminate\\Pipeline\\Pipeline.php(116): Illuminate\\Pipeline\\Pipeline->Illuminate\\Pipeline\\{closure}(Object(Illuminate\\Http\\Request))
#36 C:\\xampp\\htdocs\\serbiscrm\\vendor\\laravel\\framework\\src\\Illuminate\\Routing\\Router.php(798): Illuminate\\Pipeline\\Pipeline->then(Object(Closure))
#37 C:\\xampp\\htdocs\\serbiscrm\\vendor\\laravel\\framework\\src\\Illuminate\\Routing\\Router.php(777): Illuminate\\Routing\\Router->runRouteWithinStack(Object(Illuminate\\Routing\\Route), Object(Illuminate\\Http\\Request))
#38 C:\\xampp\\htdocs\\serbiscrm\\vendor\\laravel\\framework\\src\\Illuminate\\Routing\\Router.php(741): Illuminate\\Routing\\Router->runRoute(Object(Illuminate\\Http\\Request), Object(Illuminate\\Routing\\Route))
#39 C:\\xampp\\htdocs\\serbiscrm\\vendor\\laravel\\framework\\src\\Illuminate\\Routing\\Router.php(730): Illuminate\\Routing\\Router->dispatchToRoute(Object(Illuminate\\Http\\Request))
#40 C:\\xampp\\htdocs\\serbiscrm\\vendor\\laravel\\framework\\src\\Illuminate\\Foundation\\Http\\Kernel.php(200): Illuminate\\Routing\\Router->dispatch(Object(Illuminate\\Http\\Request))
#41 C:\\xampp\\htdocs\\serbiscrm\\vendor\\laravel\\framework\\src\\Illuminate\\Pipeline\\Pipeline.php(141): Illuminate\\Foundation\\Http\\Kernel->Illuminate\\Foundation\\Http\\{closure}(Object(Illuminate\\Http\\Request))
#42 C:\\xampp\\htdocs\\serbiscrm\\app\\Http\\Middleware\\ImpersonationMiddleware.php(51): Illuminate\\Pipeline\\Pipeline->Illuminate\\Pipeline\\{closure}(Object(Illuminate\\Http\\Request))
#43 C:\\xampp\\htdocs\\serbiscrm\\vendor\\laravel\\framework\\src\\Illuminate\\Pipeline\\Pipeline.php(180): App\\Http\\Middleware\\ImpersonationMiddleware->handle(Object(Illuminate\\Http\\Request), Object(Closure))
#44 C:\\xampp\\htdocs\\serbiscrm\\vendor\\laravel\\framework\\src\\Illuminate\\Foundation\\Http\\Middleware\\TransformsRequest.php(21): Illuminate\\Pipeline\\Pipeline->Illuminate\\Pipeline\\{closure}(Object(Illuminate\\Http\\Request))
#45 C:\\xampp\\htdocs\\serbiscrm\\vendor\\laravel\\framework\\src\\Illuminate\\Foundation\\Http\\Middleware\\ConvertEmptyStringsToNull.php(31): Illuminate\\Foundation\\Http\\Middleware\\TransformsRequest->handle(Object(Illuminate\\Http\\Request), Object(Closure))
#46 C:\\xampp\\htdocs\\serbiscrm\\vendor\\laravel\\framework\\src\\Illuminate\\Pipeline\\Pipeline.php(180): Illuminate\\Foundation\\Http\\Middleware\\ConvertEmptyStringsToNull->handle(Object(Illuminate\\Http\\Request), Object(Closure))
#47 C:\\xampp\\htdocs\\serbiscrm\\vendor\\laravel\\framework\\src\\Illuminate\\Foundation\\Http\\Middleware\\TransformsRequest.php(21): Illuminate\\Pipeline\\Pipeline->Illuminate\\Pipeline\\{closure}(Object(Illuminate\\Http\\Request))
#48 C:\\xampp\\htdocs\\serbiscrm\\vendor\\laravel\\framework\\src\\Illuminate\\Foundation\\Http\\Middleware\\TrimStrings.php(40): Illuminate\\Foundation\\Http\\Middleware\\TransformsRequest->handle(Object(Illuminate\\Http\\Request), Object(Closure))
#49 C:\\xampp\\htdocs\\serbiscrm\\vendor\\laravel\\framework\\src\\Illuminate\\Pipeline\\Pipeline.php(180): Illuminate\\Foundation\\Http\\Middleware\\TrimStrings->handle(Object(Illuminate\\Http\\Request), Object(Closure))
#50 C:\\xampp\\htdocs\\serbiscrm\\vendor\\laravel\\framework\\src\\Illuminate\\Foundation\\Http\\Middleware\\ValidatePostSize.php(27): Illuminate\\Pipeline\\Pipeline->Illuminate\\Pipeline\\{closure}(Object(Illuminate\\Http\\Request))
#51 C:\\xampp\\htdocs\\serbiscrm\\vendor\\laravel\\framework\\src\\Illuminate\\Pipeline\\Pipeline.php(180): Illuminate\\Foundation\\Http\\Middleware\\ValidatePostSize->handle(Object(Illuminate\\Http\\Request), Object(Closure))
#52 C:\\xampp\\htdocs\\serbiscrm\\vendor\\laravel\\framework\\src\\Illuminate\\Foundation\\Http\\Middleware\\PreventRequestsDuringMaintenance.php(99): Illuminate\\Pipeline\\Pipeline->Illuminate\\Pipeline\\{closure}(Object(Illuminate\\Http\\Request))
#53 C:\\xampp\\htdocs\\serbiscrm\\vendor\\laravel\\framework\\src\\Illuminate\\Pipeline\\Pipeline.php(180): Illuminate\\Foundation\\Http\\Middleware\\PreventRequestsDuringMaintenance->handle(Object(Illuminate\\Http\\Request), Object(Closure))
#54 C:\\xampp\\htdocs\\serbiscrm\\vendor\\laravel\\framework\\src\\Illuminate\\Http\\Middleware\\HandleCors.php(49): Illuminate\\Pipeline\\Pipeline->Illuminate\\Pipeline\\{closure}(Object(Illuminate\\Http\\Request))
#55 C:\\xampp\\htdocs\\serbiscrm\\vendor\\laravel\\framework\\src\\Illuminate\\Pipeline\\Pipeline.php(180): Illuminate\\Http\\Middleware\\HandleCors->handle(Object(Illuminate\\Http\\Request), Object(Closure))
#56 C:\\xampp\\htdocs\\serbiscrm\\vendor\\laravel\\framework\\src\\Illuminate\\Http\\Middleware\\TrustProxies.php(39): Illuminate\\Pipeline\\Pipeline->Illuminate\\Pipeline\\{closure}(Object(Illuminate\\Http\\Request))
#57 C:\\xampp\\htdocs\\serbiscrm\\vendor\\laravel\\framework\\src\\Illuminate\\Pipeline\\Pipeline.php(180): Illuminate\\Http\\Middleware\\TrustProxies->handle(Object(Illuminate\\Http\\Request), Object(Closure))
#58 C:\\xampp\\htdocs\\serbiscrm\\vendor\\laravel\\framework\\src\\Illuminate\\Pipeline\\Pipeline.php(116): Illuminate\\Pipeline\\Pipeline->Illuminate\\Pipeline\\{closure}(Object(Illuminate\\Http\\Request))
#59 C:\\xampp\\htdocs\\serbiscrm\\vendor\\laravel\\framework\\src\\Illuminate\\Foundation\\Http\\Kernel.php(175): Illuminate\\Pipeline\\Pipeline->then(Object(Closure))
#60 C:\\xampp\\htdocs\\serbiscrm\\vendor\\laravel\\framework\\src\\Illuminate\\Foundation\\Http\\Kernel.php(144): Illuminate\\Foundation\\Http\\Kernel->sendRequestThroughRouter(Object(Illuminate\\Http\\Request))
#61 C:\\xampp\\htdocs\\serbiscrm\\public\\index.php(51): Illuminate\\Foundation\\Http\\Kernel->handle(Object(Illuminate\\Http\\Request))
#62 C:\\xampp\\htdocs\\serbiscrm\\vendor\\laravel\\framework\\src\\Illuminate\\Foundation\\resources\\server.php(16): require_once('C:\\\\xampp\\\\htdocs...')
#63 {main}"} 
[2025-12-03 14:06:50] local.ERROR: Fatura entegrasyona gönderilemedi {"invoice_id":48,"error":"API Hatası: {\"errors\":[{\"detail\":\"Ürün/hizmet doldurulmalı\"}]}"} 
[2025-12-03 14:09:12] local.INFO: Paraşüt token cache'den alındı  
[2025-12-03 14:09:12] local.INFO: Paraşüt token cache'den alındı  
[2025-12-03 14:09:35] local.INFO: Paraşüt token cache'den alındı  
[2025-12-03 14:09:35] local.INFO: Fatura entegrasyona gönderiliyor (senkron) {"invoice_id":49,"tenant_id":"27"} 
[2025-12-03 14:09:35] local.INFO: Paraşüt token cache'den alındı  
[2025-12-03 14:09:35] local.INFO: Fatura oluşturuluyor {"invoice_number":null} 
[2025-12-03 14:09:35] local.INFO: TC No ile müşteri aranıyor {"tcNo":"11111111111"} 
[2025-12-03 14:09:35] local.INFO: Paraşüt API isteği {"method":"get","url":"https://api.heroku-staging.parasut.com/v4/34746/contacts"} 
[2025-12-03 14:09:35] local.INFO: Müşteri TC No ile bulundu {"customer_id":"2047425"} 
[2025-12-03 14:09:35] local.INFO: Müşteri Paraşüt'te zaten mevcut {"customer_id":"2047425","name":"Test Müşteri"} 
[2025-12-03 14:09:35] local.INFO: Müşteri durumu {"customer_id":"2047425","action":"found","message":"Müşteri zaten Paraşüt'te kayıtlı"} 
[2025-12-03 14:09:35] local.INFO: Paraşüt API isteği {"method":"get","url":"https://api.heroku-staging.parasut.com/v4/34746/products"} 
[2025-12-03 14:09:36] local.INFO: Paraşüt API isteği {"method":"post","url":"https://api.heroku-staging.parasut.com/v4/34746/products"} 
[2025-12-03 14:09:36] local.ERROR: Paraşüt API Hatası {"method":"post","endpoint":"products","error":"API Hatası: {\"status\":500,\"error\":\"Internal Server Error\"}"} 
[2025-12-03 14:09:36] local.ERROR: Ürün senkronizasyon hatası {"product_name":"DFGDFGD","error":"API Hatası: {\"status\":500,\"error\":\"Internal Server Error\"}"} 
[2025-12-03 14:09:36] local.INFO: Paraşüt API'ye fatura gönderiliyor {"customer_id":"2047425","items_count":1,"total":1466.4} 
[2025-12-03 14:09:36] local.INFO: Paraşüt API isteği {"method":"post","url":"https://api.heroku-staging.parasut.com/v4/34746/sales_invoices"} 
[2025-12-03 14:09:37] local.ERROR: Paraşüt API Hatası {"method":"post","endpoint":"sales_invoices","error":"API Hatası: {\"errors\":[{\"detail\":\"Ürün/hizmet doldurulmalı\"}]}"} 
[2025-12-03 14:09:37] local.ERROR: Paraşüt fatura oluşturma hatası: API Hatası: {"errors":[{"detail":"Ürün/hizmet doldurulmalı"}]} {"invoice_data":{"id":49,"faturaNumarasi":null,"faturaTarihi":"2025-12-03","indirim":0.0,"odemeDurum":null,"toplamTutar":1466.4,"genelToplam":1466.4,"kasaId":1,"kdvTutar":"20","faturaAciklama":null,"customer":{"adSoyad":"hatice çapacı","musteriTipi":"1","email":null,"tel1":"566 544 4444","vergiNo":null,"vergiDairesi":null,"tcNo":"11111111111","adres":"hdfhfd","il":"İSTANBUL","ilce":"ARNAVUTKÖY"},"items":[{"aciklama":"DFGDFGD","miktar":"1","fiyat":1222.0,"tutar":1222.0}],"vat_rate":null,"vat_withholding_rate":"0"},"trace":"#0 C:\\xampp\\htdocs\\serbiscrm\\app\\Services\\InvoiceIntegrations\\ParasutService.php(510): App\\Services\\InvoiceIntegrations\\ParasutService->makeRequest('post', 'sales_invoices', Array)
#1 C:\\xampp\\htdocs\\serbiscrm\\app\\Http\\Controllers\\Frontend\\InvoicesController.php(671): App\\Services\\InvoiceIntegrations\\ParasutService->createInvoice(Array)
#2 C:\\xampp\\htdocs\\serbiscrm\\vendor\\laravel\\framework\\src\\Illuminate\\Routing\\Controller.php(54): App\\Http\\Controllers\\Frontend\\InvoicesController->StoreInvoice(Object(Illuminate\\Http\\Request), '27')
#3 C:\\xampp\\htdocs\\serbiscrm\\vendor\\laravel\\framework\\src\\Illuminate\\Routing\\ControllerDispatcher.php(43): Illuminate\\Routing\\Controller->callAction('StoreInvoice', Array)
#4 C:\\xampp\\htdocs\\serbiscrm\\vendor\\laravel\\framework\\src\\Illuminate\\Routing\\Route.php(259): Illuminate\\Routing\\ControllerDispatcher->dispatch(Object(Illuminate\\Routing\\Route), Object(App\\Http\\Controllers\\Frontend\\InvoicesController), 'StoreInvoice')
#5 C:\\xampp\\htdocs\\serbiscrm\\vendor\\laravel\\framework\\src\\Illuminate\\Routing\\Route.php(205): Illuminate\\Routing\\Route->runController()
#6 C:\\xampp\\htdocs\\serbiscrm\\vendor\\laravel\\framework\\src\\Illuminate\\Routing\\Router.php(799): Illuminate\\Routing\\Route->run()
#7 C:\\xampp\\htdocs\\serbiscrm\\vendor\\laravel\\framework\\src\\Illuminate\\Pipeline\\Pipeline.php(141): Illuminate\\Routing\\Router->Illuminate\\Routing\\{closure}(Object(Illuminate\\Http\\Request))
#8 C:\\xampp\\htdocs\\serbiscrm\\app\\Http\\Middleware\\CheckStorageLimit.php(20): Illuminate\\Pipeline\\Pipeline->Illuminate\\Pipeline\\{closure}(Object(Illuminate\\Http\\Request))
#9 C:\\xampp\\htdocs\\serbiscrm\\vendor\\laravel\\framework\\src\\Illuminate\\Pipeline\\Pipeline.php(180): App\\Http\\Middleware\\CheckStorageLimit->handle(Object(Illuminate\\Http\\Request), Object(Closure))
#10 C:\\xampp\\htdocs\\serbiscrm\\app\\Http\\Middleware\\CheckTenantStatus.php(40): Illuminate\\Pipeline\\Pipeline->Illuminate\\Pipeline\\{closure}(Object(Illuminate\\Http\\Request))
#11 C:\\xampp\\htdocs\\serbiscrm\\vendor\\laravel\\framework\\src\\Illuminate\\Pipeline\\Pipeline.php(180): App\\Http\\Middleware\\CheckTenantStatus->handle(Object(Illuminate\\Http\\Request), Object(Closure))
#12 C:\\xampp\\htdocs\\serbiscrm\\app\\Http\\Middleware\\HandleRedirectAfterLogin.php(28): Illuminate\\Pipeline\\Pipeline->Illuminate\\Pipeline\\{closure}(Object(Illuminate\\Http\\Request))
#13 C:\\xampp\\htdocs\\serbiscrm\\vendor\\laravel\\framework\\src\\Illuminate\\Pipeline\\Pipeline.php(180): App\\Http\\Middleware\\HandleRedirectAfterLogin->handle(Object(Illuminate\\Http\\Request), Object(Closure))
#14 C:\\xampp\\htdocs\\serbiscrm\\app\\Http\\Middleware\\CheckCompanySubscription.php(32): Illuminate\\Pipeline\\Pipeline->Illuminate\\Pipeline\\{closure}(Object(Illuminate\\Http\\Request))
#15 C:\\xampp\\htdocs\\serbiscrm\\vendor\\laravel\\framework\\src\\Illuminate\\Pipeline\\Pipeline.php(180): App\\Http\\Middleware\\CheckCompanySubscription->handle(Object(Illuminate\\Http\\Request), Object(Closure))
#16 C:\\xampp\\htdocs\\serbiscrm\\app\\Http\\Middleware\\CheckTenantId.php(43): Illuminate\\Pipeline\\Pipeline->Illuminate\\Pipeline\\{closure}(Object(Illuminate\\Http\\Request))
#17 C:\\xampp\\htdocs\\serbiscrm\\vendor\\laravel\\framework\\src\\Illuminate\\Pipeline\\Pipeline.php(180): App\\Http\\Middleware\\CheckTenantId->handle(Object(Illuminate\\Http\\Request), Object(Closure))
#18 C:\\xampp\\htdocs\\serbiscrm\\app\\Http\\Middleware\\CheckTrialStatus.php(28): Illuminate\\Pipeline\\Pipeline->Illuminate\\Pipeline\\{closure}(Object(Illuminate\\Http\\Request))
#19 C:\\xampp\\htdocs\\serbiscrm\\vendor\\laravel\\framework\\src\\Illuminate\\Pipeline\\Pipeline.php(180): App\\Http\\Middleware\\CheckTrialStatus->handle(Object(Illuminate\\Http\\Request), Object(Closure))
#20 C:\\xampp\\htdocs\\serbiscrm\\vendor\\laravel\\framework\\src\\Illuminate\\Routing\\Middleware\\SubstituteBindings.php(50): Illuminate\\Pipeline\\Pipeline->Illuminate\\Pipeline\\{closure}(Object(Illuminate\\Http\\Request))
#21 C:\\xampp\\htdocs\\serbiscrm\\vendor\\laravel\\framework\\src\\Illuminate\\Pipeline\\Pipeline.php(180): Illuminate\\Routing\\Middleware\\SubstituteBindings->handle(Object(Illuminate\\Http\\Request), Object(Closure))
#22 C:\\xampp\\htdocs\\serbiscrm\\vendor\\laravel\\framework\\src\\Illuminate\\Auth\\Middleware\\Authenticate.php(57): Illuminate\\Pipeline\\Pipeline->Illuminate\\Pipeline\\{closure}(Object(Illuminate\\Http\\Request))
#23 C:\\xampp\\htdocs\\serbiscrm\\vendor\\laravel\\framework\\src\\Illuminate\\Pipeline\\Pipeline.php(180): Illuminate\\Auth\\Middleware\\Authenticate->handle(Object(Illuminate\\Http\\Request), Object(Closure))
#24 C:\\xampp\\htdocs\\serbiscrm\\vendor\\laravel\\framework\\src\\Illuminate\\Foundation\\Http\\Middleware\\VerifyCsrfToken.php(78): Illuminate\\Pipeline\\Pipeline->Illuminate\\Pipeline\\{closure}(Object(Illuminate\\Http\\Request))
#25 C:\\xampp\\htdocs\\serbiscrm\\vendor\\laravel\\framework\\src\\Illuminate\\Pipeline\\Pipeline.php(180): Illuminate\\Foundation\\Http\\Middleware\\VerifyCsrfToken->handle(Object(Illuminate\\Http\\Request), Object(Closure))
#26 C:\\xampp\\htdocs\\serbiscrm\\vendor\\laravel\\framework\\src\\Illuminate\\View\\Middleware\\ShareErrorsFromSession.php(49): Illuminate\\Pipeline\\Pipeline->Illuminate\\Pipeline\\{closure}(Object(Illuminate\\Http\\Request))
#27 C:\\xampp\\htdocs\\serbiscrm\\vendor\\laravel\\framework\\src\\Illuminate\\Pipeline\\Pipeline.php(180): Illuminate\\View\\Middleware\\ShareErrorsFromSession->handle(Object(Illuminate\\Http\\Request), Object(Closure))
#28 C:\\xampp\\htdocs\\serbiscrm\\vendor\\laravel\\framework\\src\\Illuminate\\Session\\Middleware\\StartSession.php(121): Illuminate\\Pipeline\\Pipeline->Illuminate\\Pipeline\\{closure}(Object(Illuminate\\Http\\Request))
#29 C:\\xampp\\htdocs\\serbiscrm\\vendor\\laravel\\framework\\src\\Illuminate\\Session\\Middleware\\StartSession.php(64): Illuminate\\Session\\Middleware\\StartSession->handleStatefulRequest(Object(Illuminate\\Http\\Request), Object(Illuminate\\Session\\Store), Object(Closure))
#30 C:\\xampp\\htdocs\\serbiscrm\\vendor\\laravel\\framework\\src\\Illuminate\\Pipeline\\Pipeline.php(180): Illuminate\\Session\\Middleware\\StartSession->handle(Object(Illuminate\\Http\\Request), Object(Closure))
#31 C:\\xampp\\htdocs\\serbiscrm\\vendor\\laravel\\framework\\src\\Illuminate\\Cookie\\Middleware\\AddQueuedCookiesToResponse.php(37): Illuminate\\Pipeline\\Pipeline->Illuminate\\Pipeline\\{closure}(Object(Illuminate\\Http\\Request))
#32 C:\\xampp\\htdocs\\serbiscrm\\vendor\\laravel\\framework\\src\\Illuminate\\Pipeline\\Pipeline.php(180): Illuminate\\Cookie\\Middleware\\AddQueuedCookiesToResponse->handle(Object(Illuminate\\Http\\Request), Object(Closure))
#33 C:\\xampp\\htdocs\\serbiscrm\\vendor\\laravel\\framework\\src\\Illuminate\\Cookie\\Middleware\\EncryptCookies.php(67): Illuminate\\Pipeline\\Pipeline->Illuminate\\Pipeline\\{closure}(Object(Illuminate\\Http\\Request))
#34 C:\\xampp\\htdocs\\serbiscrm\\vendor\\laravel\\framework\\src\\Illuminate\\Pipeline\\Pipeline.php(180): Illuminate\\Cookie\\Middleware\\EncryptCookies->handle(Object(Illuminate\\Http\\Request), Object(Closure))
#35 C:\\xampp\\htdocs\\serbiscrm\\vendor\\laravel\\framework\\src\\Illuminate\\Pipeline\\Pipeline.php(116): Illuminate\\Pipeline\\Pipeline->Illuminate\\Pipeline\\{closure}(Object(Illuminate\\Http\\Request))
#36 C:\\xampp\\htdocs\\serbiscrm\\vendor\\laravel\\framework\\src\\Illuminate\\Routing\\Router.php(798): Illuminate\\Pipeline\\Pipeline->then(Object(Closure))
#37 C:\\xampp\\htdocs\\serbiscrm\\vendor\\laravel\\framework\\src\\Illuminate\\Routing\\Router.php(777): Illuminate\\Routing\\Router->runRouteWithinStack(Object(Illuminate\\Routing\\Route), Object(Illuminate\\Http\\Request))
#38 C:\\xampp\\htdocs\\serbiscrm\\vendor\\laravel\\framework\\src\\Illuminate\\Routing\\Router.php(741): Illuminate\\Routing\\Router->runRoute(Object(Illuminate\\Http\\Request), Object(Illuminate\\Routing\\Route))
#39 C:\\xampp\\htdocs\\serbiscrm\\vendor\\laravel\\framework\\src\\Illuminate\\Routing\\Router.php(730): Illuminate\\Routing\\Router->dispatchToRoute(Object(Illuminate\\Http\\Request))
#40 C:\\xampp\\htdocs\\serbiscrm\\vendor\\laravel\\framework\\src\\Illuminate\\Foundation\\Http\\Kernel.php(200): Illuminate\\Routing\\Router->dispatch(Object(Illuminate\\Http\\Request))
#41 C:\\xampp\\htdocs\\serbiscrm\\vendor\\laravel\\framework\\src\\Illuminate\\Pipeline\\Pipeline.php(141): Illuminate\\Foundation\\Http\\Kernel->Illuminate\\Foundation\\Http\\{closure}(Object(Illuminate\\Http\\Request))
#42 C:\\xampp\\htdocs\\serbiscrm\\app\\Http\\Middleware\\ImpersonationMiddleware.php(51): Illuminate\\Pipeline\\Pipeline->Illuminate\\Pipeline\\{closure}(Object(Illuminate\\Http\\Request))
#43 C:\\xampp\\htdocs\\serbiscrm\\vendor\\laravel\\framework\\src\\Illuminate\\Pipeline\\Pipeline.php(180): App\\Http\\Middleware\\ImpersonationMiddleware->handle(Object(Illuminate\\Http\\Request), Object(Closure))
#44 C:\\xampp\\htdocs\\serbiscrm\\vendor\\laravel\\framework\\src\\Illuminate\\Foundation\\Http\\Middleware\\TransformsRequest.php(21): Illuminate\\Pipeline\\Pipeline->Illuminate\\Pipeline\\{closure}(Object(Illuminate\\Http\\Request))
#45 C:\\xampp\\htdocs\\serbiscrm\\vendor\\laravel\\framework\\src\\Illuminate\\Foundation\\Http\\Middleware\\ConvertEmptyStringsToNull.php(31): Illuminate\\Foundation\\Http\\Middleware\\TransformsRequest->handle(Object(Illuminate\\Http\\Request), Object(Closure))
#46 C:\\xampp\\htdocs\\serbiscrm\\vendor\\laravel\\framework\\src\\Illuminate\\Pipeline\\Pipeline.php(180): Illuminate\\Foundation\\Http\\Middleware\\ConvertEmptyStringsToNull->handle(Object(Illuminate\\Http\\Request), Object(Closure))
#47 C:\\xampp\\htdocs\\serbiscrm\\vendor\\laravel\\framework\\src\\Illuminate\\Foundation\\Http\\Middleware\\TransformsRequest.php(21): Illuminate\\Pipeline\\Pipeline->Illuminate\\Pipeline\\{closure}(Object(Illuminate\\Http\\Request))
#48 C:\\xampp\\htdocs\\serbiscrm\\vendor\\laravel\\framework\\src\\Illuminate\\Foundation\\Http\\Middleware\\TrimStrings.php(40): Illuminate\\Foundation\\Http\\Middleware\\TransformsRequest->handle(Object(Illuminate\\Http\\Request), Object(Closure))
#49 C:\\xampp\\htdocs\\serbiscrm\\vendor\\laravel\\framework\\src\\Illuminate\\Pipeline\\Pipeline.php(180): Illuminate\\Foundation\\Http\\Middleware\\TrimStrings->handle(Object(Illuminate\\Http\\Request), Object(Closure))
#50 C:\\xampp\\htdocs\\serbiscrm\\vendor\\laravel\\framework\\src\\Illuminate\\Foundation\\Http\\Middleware\\ValidatePostSize.php(27): Illuminate\\Pipeline\\Pipeline->Illuminate\\Pipeline\\{closure}(Object(Illuminate\\Http\\Request))
#51 C:\\xampp\\htdocs\\serbiscrm\\vendor\\laravel\\framework\\src\\Illuminate\\Pipeline\\Pipeline.php(180): Illuminate\\Foundation\\Http\\Middleware\\ValidatePostSize->handle(Object(Illuminate\\Http\\Request), Object(Closure))
#52 C:\\xampp\\htdocs\\serbiscrm\\vendor\\laravel\\framework\\src\\Illuminate\\Foundation\\Http\\Middleware\\PreventRequestsDuringMaintenance.php(99): Illuminate\\Pipeline\\Pipeline->Illuminate\\Pipeline\\{closure}(Object(Illuminate\\Http\\Request))
#53 C:\\xampp\\htdocs\\serbiscrm\\vendor\\laravel\\framework\\src\\Illuminate\\Pipeline\\Pipeline.php(180): Illuminate\\Foundation\\Http\\Middleware\\PreventRequestsDuringMaintenance->handle(Object(Illuminate\\Http\\Request), Object(Closure))
#54 C:\\xampp\\htdocs\\serbiscrm\\vendor\\laravel\\framework\\src\\Illuminate\\Http\\Middleware\\HandleCors.php(49): Illuminate\\Pipeline\\Pipeline->Illuminate\\Pipeline\\{closure}(Object(Illuminate\\Http\\Request))
#55 C:\\xampp\\htdocs\\serbiscrm\\vendor\\laravel\\framework\\src\\Illuminate\\Pipeline\\Pipeline.php(180): Illuminate\\Http\\Middleware\\HandleCors->handle(Object(Illuminate\\Http\\Request), Object(Closure))
#56 C:\\xampp\\htdocs\\serbiscrm\\vendor\\laravel\\framework\\src\\Illuminate\\Http\\Middleware\\TrustProxies.php(39): Illuminate\\Pipeline\\Pipeline->Illuminate\\Pipeline\\{closure}(Object(Illuminate\\Http\\Request))
#57 C:\\xampp\\htdocs\\serbiscrm\\vendor\\laravel\\framework\\src\\Illuminate\\Pipeline\\Pipeline.php(180): Illuminate\\Http\\Middleware\\TrustProxies->handle(Object(Illuminate\\Http\\Request), Object(Closure))
#58 C:\\xampp\\htdocs\\serbiscrm\\vendor\\laravel\\framework\\src\\Illuminate\\Pipeline\\Pipeline.php(116): Illuminate\\Pipeline\\Pipeline->Illuminate\\Pipeline\\{closure}(Object(Illuminate\\Http\\Request))
#59 C:\\xampp\\htdocs\\serbiscrm\\vendor\\laravel\\framework\\src\\Illuminate\\Foundation\\Http\\Kernel.php(175): Illuminate\\Pipeline\\Pipeline->then(Object(Closure))
#60 C:\\xampp\\htdocs\\serbiscrm\\vendor\\laravel\\framework\\src\\Illuminate\\Foundation\\Http\\Kernel.php(144): Illuminate\\Foundation\\Http\\Kernel->sendRequestThroughRouter(Object(Illuminate\\Http\\Request))
#61 C:\\xampp\\htdocs\\serbiscrm\\public\\index.php(51): Illuminate\\Foundation\\Http\\Kernel->handle(Object(Illuminate\\Http\\Request))
#62 C:\\xampp\\htdocs\\serbiscrm\\vendor\\laravel\\framework\\src\\Illuminate\\Foundation\\resources\\server.php(16): require_once('C:\\\\xampp\\\\htdocs...')
#63 {main}"} 
[2025-12-03 14:09:37] local.ERROR: Fatura entegrasyona gönderilemedi {"invoice_id":49,"error":"API Hatası: {\"errors\":[{\"detail\":\"Ürün/hizmet doldurulmalı\"}]}"} 
[2025-12-03 14:22:20] local.INFO: Paraşüt token cache'den alındı  
[2025-12-03 14:22:20] local.INFO: Paraşüt token cache'den alındı  
[2025-12-03 14:22:34] local.INFO: Paraşüt token cache'den alındı  
[2025-12-03 14:22:34] local.INFO: Fatura entegrasyona gönderiliyor (senkron) {"invoice_id":50,"tenant_id":"27"} 
[2025-12-03 14:22:34] local.INFO: Paraşüt token cache'den alındı  
[2025-12-03 14:22:34] local.INFO: Fatura oluşturuluyor {"invoice_number":null} 
[2025-12-03 14:22:34] local.INFO: TC No ile müşteri aranıyor {"tcNo":"11111111111"} 
[2025-12-03 14:22:34] local.INFO: Paraşüt API isteği {"method":"get","url":"https://api.heroku-staging.parasut.com/v4/34746/contacts"} 
[2025-12-03 14:22:35] local.INFO: Müşteri TC No ile bulundu {"customer_id":"2047425"} 
[2025-12-03 14:22:35] local.INFO: Müşteri Paraşüt'te zaten mevcut {"customer_id":"2047425","name":"Test Müşteri"} 
[2025-12-03 14:22:35] local.INFO: Müşteri durumu {"customer_id":"2047425","action":"found","message":"Müşteri zaten Paraşüt'te kayıtlı"} 
[2025-12-03 14:22:35] local.INFO: Paraşüt API isteği {"method":"get","url":"https://api.heroku-staging.parasut.com/v4/34746/products"} 
[2025-12-03 14:22:35] local.INFO: Paraşüt API isteği {"method":"post","url":"https://api.heroku-staging.parasut.com/v4/34746/products"} 
[2025-12-03 14:22:36] local.ERROR: Paraşüt API Hatası {"method":"post","endpoint":"products","error":"API Hatası: {\"status\":500,\"error\":\"Internal Server Error\"}"} 
[2025-12-03 14:22:36] local.ERROR: Ürün senkronizasyon hatası - İşlem durduruluyor {"product_name":"DFDFHDF","product_index":0,"error":"API Hatası: {\"status\":500,\"error\":\"Internal Server Error\"}"} 
[2025-12-03 14:22:36] local.ERROR: Paraşüt fatura oluşturma hatası: Ürün senkronizasyonu başarısız: 'DFDFHDF' ürünü Paraşüt'e eklenemedi. Hata: API Hatası: {"status":500,"error":"Internal Server Error"} {"invoice_data":{"id":50,"faturaNumarasi":null,"faturaTarihi":"2025-12-03","indirim":0.0,"odemeDurum":null,"toplamTutar":146.4,"genelToplam":146.4,"kasaId":1,"customer":{"adSoyad":"hatice çapacı","musteriTipi":"1","email":null,"tel1":"566 544 4444","vergiNo":null,"vergiDairesi":null,"tcNo":"11111111111","adres":"hdfhfd","il":"İSTANBUL","ilce":"ARNAVUTKÖY"},"items":[{"aciklama":"DFDFHDF","miktar":"1","fiyat":122.0,"tutar":122.0}],"vat_rate":null,"vat_withholding_rate":"0"},"trace":"#0 C:\\xampp\\htdocs\\serbiscrm\\app\\Services\\InvoiceIntegrations\\ParasutService.php(446): App\\Services\\InvoiceIntegrations\\ParasutService->syncProducts(Array)
#1 C:\\xampp\\htdocs\\serbiscrm\\app\\Http\\Controllers\\Frontend\\InvoicesController.php(643): App\\Services\\InvoiceIntegrations\\ParasutService->createInvoice(Array)
#2 C:\\xampp\\htdocs\\serbiscrm\\vendor\\laravel\\framework\\src\\Illuminate\\Routing\\Controller.php(54): App\\Http\\Controllers\\Frontend\\InvoicesController->StoreInvoice(Object(Illuminate\\Http\\Request), '27')
#3 C:\\xampp\\htdocs\\serbiscrm\\vendor\\laravel\\framework\\src\\Illuminate\\Routing\\ControllerDispatcher.php(43): Illuminate\\Routing\\Controller->callAction('StoreInvoice', Array)
#4 C:\\xampp\\htdocs\\serbiscrm\\vendor\\laravel\\framework\\src\\Illuminate\\Routing\\Route.php(259): Illuminate\\Routing\\ControllerDispatcher->dispatch(Object(Illuminate\\Routing\\Route), Object(App\\Http\\Controllers\\Frontend\\InvoicesController), 'StoreInvoice')
#5 C:\\xampp\\htdocs\\serbiscrm\\vendor\\laravel\\framework\\src\\Illuminate\\Routing\\Route.php(205): Illuminate\\Routing\\Route->runController()
#6 C:\\xampp\\htdocs\\serbiscrm\\vendor\\laravel\\framework\\src\\Illuminate\\Routing\\Router.php(799): Illuminate\\Routing\\Route->run()
#7 C:\\xampp\\htdocs\\serbiscrm\\vendor\\laravel\\framework\\src\\Illuminate\\Pipeline\\Pipeline.php(141): Illuminate\\Routing\\Router->Illuminate\\Routing\\{closure}(Object(Illuminate\\Http\\Request))
#8 C:\\xampp\\htdocs\\serbiscrm\\app\\Http\\Middleware\\CheckStorageLimit.php(20): Illuminate\\Pipeline\\Pipeline->Illuminate\\Pipeline\\{closure}(Object(Illuminate\\Http\\Request))
#9 C:\\xampp\\htdocs\\serbiscrm\\vendor\\laravel\\framework\\src\\Illuminate\\Pipeline\\Pipeline.php(180): App\\Http\\Middleware\\CheckStorageLimit->handle(Object(Illuminate\\Http\\Request), Object(Closure))
#10 C:\\xampp\\htdocs\\serbiscrm\\app\\Http\\Middleware\\CheckTenantStatus.php(40): Illuminate\\Pipeline\\Pipeline->Illuminate\\Pipeline\\{closure}(Object(Illuminate\\Http\\Request))
#11 C:\\xampp\\htdocs\\serbiscrm\\vendor\\laravel\\framework\\src\\Illuminate\\Pipeline\\Pipeline.php(180): App\\Http\\Middleware\\CheckTenantStatus->handle(Object(Illuminate\\Http\\Request), Object(Closure))
#12 C:\\xampp\\htdocs\\serbiscrm\\app\\Http\\Middleware\\HandleRedirectAfterLogin.php(28): Illuminate\\Pipeline\\Pipeline->Illuminate\\Pipeline\\{closure}(Object(Illuminate\\Http\\Request))
#13 C:\\xampp\\htdocs\\serbiscrm\\vendor\\laravel\\framework\\src\\Illuminate\\Pipeline\\Pipeline.php(180): App\\Http\\Middleware\\HandleRedirectAfterLogin->handle(Object(Illuminate\\Http\\Request), Object(Closure))
#14 C:\\xampp\\htdocs\\serbiscrm\\app\\Http\\Middleware\\CheckCompanySubscription.php(32): Illuminate\\Pipeline\\Pipeline->Illuminate\\Pipeline\\{closure}(Object(Illuminate\\Http\\Request))
#15 C:\\xampp\\htdocs\\serbiscrm\\vendor\\laravel\\framework\\src\\Illuminate\\Pipeline\\Pipeline.php(180): App\\Http\\Middleware\\CheckCompanySubscription->handle(Object(Illuminate\\Http\\Request), Object(Closure))
#16 C:\\xampp\\htdocs\\serbiscrm\\app\\Http\\Middleware\\CheckTenantId.php(43): Illuminate\\Pipeline\\Pipeline->Illuminate\\Pipeline\\{closure}(Object(Illuminate\\Http\\Request))
#17 C:\\xampp\\htdocs\\serbiscrm\\vendor\\laravel\\framework\\src\\Illuminate\\Pipeline\\Pipeline.php(180): App\\Http\\Middleware\\CheckTenantId->handle(Object(Illuminate\\Http\\Request), Object(Closure))
#18 C:\\xampp\\htdocs\\serbiscrm\\app\\Http\\Middleware\\CheckTrialStatus.php(28): Illuminate\\Pipeline\\Pipeline->Illuminate\\Pipeline\\{closure}(Object(Illuminate\\Http\\Request))
#19 C:\\xampp\\htdocs\\serbiscrm\\vendor\\laravel\\framework\\src\\Illuminate\\Pipeline\\Pipeline.php(180): App\\Http\\Middleware\\CheckTrialStatus->handle(Object(Illuminate\\Http\\Request), Object(Closure))
#20 C:\\xampp\\htdocs\\serbiscrm\\vendor\\laravel\\framework\\src\\Illuminate\\Routing\\Middleware\\SubstituteBindings.php(50): Illuminate\\Pipeline\\Pipeline->Illuminate\\Pipeline\\{closure}(Object(Illuminate\\Http\\Request))
#21 C:\\xampp\\htdocs\\serbiscrm\\vendor\\laravel\\framework\\src\\Illuminate\\Pipeline\\Pipeline.php(180): Illuminate\\Routing\\Middleware\\SubstituteBindings->handle(Object(Illuminate\\Http\\Request), Object(Closure))
#22 C:\\xampp\\htdocs\\serbiscrm\\vendor\\laravel\\framework\\src\\Illuminate\\Auth\\Middleware\\Authenticate.php(57): Illuminate\\Pipeline\\Pipeline->Illuminate\\Pipeline\\{closure}(Object(Illuminate\\Http\\Request))
#23 C:\\xampp\\htdocs\\serbiscrm\\vendor\\laravel\\framework\\src\\Illuminate\\Pipeline\\Pipeline.php(180): Illuminate\\Auth\\Middleware\\Authenticate->handle(Object(Illuminate\\Http\\Request), Object(Closure))
#24 C:\\xampp\\htdocs\\serbiscrm\\vendor\\laravel\\framework\\src\\Illuminate\\Foundation\\Http\\Middleware\\VerifyCsrfToken.php(78): Illuminate\\Pipeline\\Pipeline->Illuminate\\Pipeline\\{closure}(Object(Illuminate\\Http\\Request))
#25 C:\\xampp\\htdocs\\serbiscrm\\vendor\\laravel\\framework\\src\\Illuminate\\Pipeline\\Pipeline.php(180): Illuminate\\Foundation\\Http\\Middleware\\VerifyCsrfToken->handle(Object(Illuminate\\Http\\Request), Object(Closure))
#26 C:\\xampp\\htdocs\\serbiscrm\\vendor\\laravel\\framework\\src\\Illuminate\\View\\Middleware\\ShareErrorsFromSession.php(49): Illuminate\\Pipeline\\Pipeline->Illuminate\\Pipeline\\{closure}(Object(Illuminate\\Http\\Request))
#27 C:\\xampp\\htdocs\\serbiscrm\\vendor\\laravel\\framework\\src\\Illuminate\\Pipeline\\Pipeline.php(180): Illuminate\\View\\Middleware\\ShareErrorsFromSession->handle(Object(Illuminate\\Http\\Request), Object(Closure))
#28 C:\\xampp\\htdocs\\serbiscrm\\vendor\\laravel\\framework\\src\\Illuminate\\Session\\Middleware\\StartSession.php(121): Illuminate\\Pipeline\\Pipeline->Illuminate\\Pipeline\\{closure}(Object(Illuminate\\Http\\Request))
#29 C:\\xampp\\htdocs\\serbiscrm\\vendor\\laravel\\framework\\src\\Illuminate\\Session\\Middleware\\StartSession.php(64): Illuminate\\Session\\Middleware\\StartSession->handleStatefulRequest(Object(Illuminate\\Http\\Request), Object(Illuminate\\Session\\Store), Object(Closure))
#30 C:\\xampp\\htdocs\\serbiscrm\\vendor\\laravel\\framework\\src\\Illuminate\\Pipeline\\Pipeline.php(180): Illuminate\\Session\\Middleware\\StartSession->handle(Object(Illuminate\\Http\\Request), Object(Closure))
#31 C:\\xampp\\htdocs\\serbiscrm\\vendor\\laravel\\framework\\src\\Illuminate\\Cookie\\Middleware\\AddQueuedCookiesToResponse.php(37): Illuminate\\Pipeline\\Pipeline->Illuminate\\Pipeline\\{closure}(Object(Illuminate\\Http\\Request))
#32 C:\\xampp\\htdocs\\serbiscrm\\vendor\\laravel\\framework\\src\\Illuminate\\Pipeline\\Pipeline.php(180): Illuminate\\Cookie\\Middleware\\AddQueuedCookiesToResponse->handle(Object(Illuminate\\Http\\Request), Object(Closure))
#33 C:\\xampp\\htdocs\\serbiscrm\\vendor\\laravel\\framework\\src\\Illuminate\\Cookie\\Middleware\\EncryptCookies.php(67): Illuminate\\Pipeline\\Pipeline->Illuminate\\Pipeline\\{closure}(Object(Illuminate\\Http\\Request))
#34 C:\\xampp\\htdocs\\serbiscrm\\vendor\\laravel\\framework\\src\\Illuminate\\Pipeline\\Pipeline.php(180): Illuminate\\Cookie\\Middleware\\EncryptCookies->handle(Object(Illuminate\\Http\\Request), Object(Closure))
#35 C:\\xampp\\htdocs\\serbiscrm\\vendor\\laravel\\framework\\src\\Illuminate\\Pipeline\\Pipeline.php(116): Illuminate\\Pipeline\\Pipeline->Illuminate\\Pipeline\\{closure}(Object(Illuminate\\Http\\Request))
#36 C:\\xampp\\htdocs\\serbiscrm\\vendor\\laravel\\framework\\src\\Illuminate\\Routing\\Router.php(798): Illuminate\\Pipeline\\Pipeline->then(Object(Closure))
#37 C:\\xampp\\htdocs\\serbiscrm\\vendor\\laravel\\framework\\src\\Illuminate\\Routing\\Router.php(777): Illuminate\\Routing\\Router->runRouteWithinStack(Object(Illuminate\\Routing\\Route), Object(Illuminate\\Http\\Request))
#38 C:\\xampp\\htdocs\\serbiscrm\\vendor\\laravel\\framework\\src\\Illuminate\\Routing\\Router.php(741): Illuminate\\Routing\\Router->runRoute(Object(Illuminate\\Http\\Request), Object(Illuminate\\Routing\\Route))
#39 C:\\xampp\\htdocs\\serbiscrm\\vendor\\laravel\\framework\\src\\Illuminate\\Routing\\Router.php(730): Illuminate\\Routing\\Router->dispatchToRoute(Object(Illuminate\\Http\\Request))
#40 C:\\xampp\\htdocs\\serbiscrm\\vendor\\laravel\\framework\\src\\Illuminate\\Foundation\\Http\\Kernel.php(200): Illuminate\\Routing\\Router->dispatch(Object(Illuminate\\Http\\Request))
#41 C:\\xampp\\htdocs\\serbiscrm\\vendor\\laravel\\framework\\src\\Illuminate\\Pipeline\\Pipeline.php(141): Illuminate\\Foundation\\Http\\Kernel->Illuminate\\Foundation\\Http\\{closure}(Object(Illuminate\\Http\\Request))
#42 C:\\xampp\\htdocs\\serbiscrm\\app\\Http\\Middleware\\ImpersonationMiddleware.php(51): Illuminate\\Pipeline\\Pipeline->Illuminate\\Pipeline\\{closure}(Object(Illuminate\\Http\\Request))
#43 C:\\xampp\\htdocs\\serbiscrm\\vendor\\laravel\\framework\\src\\Illuminate\\Pipeline\\Pipeline.php(180): App\\Http\\Middleware\\ImpersonationMiddleware->handle(Object(Illuminate\\Http\\Request), Object(Closure))
#44 C:\\xampp\\htdocs\\serbiscrm\\vendor\\laravel\\framework\\src\\Illuminate\\Foundation\\Http\\Middleware\\TransformsRequest.php(21): Illuminate\\Pipeline\\Pipeline->Illuminate\\Pipeline\\{closure}(Object(Illuminate\\Http\\Request))
#45 C:\\xampp\\htdocs\\serbiscrm\\vendor\\laravel\\framework\\src\\Illuminate\\Foundation\\Http\\Middleware\\ConvertEmptyStringsToNull.php(31): Illuminate\\Foundation\\Http\\Middleware\\TransformsRequest->handle(Object(Illuminate\\Http\\Request), Object(Closure))
#46 C:\\xampp\\htdocs\\serbiscrm\\vendor\\laravel\\framework\\src\\Illuminate\\Pipeline\\Pipeline.php(180): Illuminate\\Foundation\\Http\\Middleware\\ConvertEmptyStringsToNull->handle(Object(Illuminate\\Http\\Request), Object(Closure))
#47 C:\\xampp\\htdocs\\serbiscrm\\vendor\\laravel\\framework\\src\\Illuminate\\Foundation\\Http\\Middleware\\TransformsRequest.php(21): Illuminate\\Pipeline\\Pipeline->Illuminate\\Pipeline\\{closure}(Object(Illuminate\\Http\\Request))
#48 C:\\xampp\\htdocs\\serbiscrm\\vendor\\laravel\\framework\\src\\Illuminate\\Foundation\\Http\\Middleware\\TrimStrings.php(40): Illuminate\\Foundation\\Http\\Middleware\\TransformsRequest->handle(Object(Illuminate\\Http\\Request), Object(Closure))
#49 C:\\xampp\\htdocs\\serbiscrm\\vendor\\laravel\\framework\\src\\Illuminate\\Pipeline\\Pipeline.php(180): Illuminate\\Foundation\\Http\\Middleware\\TrimStrings->handle(Object(Illuminate\\Http\\Request), Object(Closure))
#50 C:\\xampp\\htdocs\\serbiscrm\\vendor\\laravel\\framework\\src\\Illuminate\\Foundation\\Http\\Middleware\\ValidatePostSize.php(27): Illuminate\\Pipeline\\Pipeline->Illuminate\\Pipeline\\{closure}(Object(Illuminate\\Http\\Request))
#51 C:\\xampp\\htdocs\\serbiscrm\\vendor\\laravel\\framework\\src\\Illuminate\\Pipeline\\Pipeline.php(180): Illuminate\\Foundation\\Http\\Middleware\\ValidatePostSize->handle(Object(Illuminate\\Http\\Request), Object(Closure))
#52 C:\\xampp\\htdocs\\serbiscrm\\vendor\\laravel\\framework\\src\\Illuminate\\Foundation\\Http\\Middleware\\PreventRequestsDuringMaintenance.php(99): Illuminate\\Pipeline\\Pipeline->Illuminate\\Pipeline\\{closure}(Object(Illuminate\\Http\\Request))
#53 C:\\xampp\\htdocs\\serbiscrm\\vendor\\laravel\\framework\\src\\Illuminate\\Pipeline\\Pipeline.php(180): Illuminate\\Foundation\\Http\\Middleware\\PreventRequestsDuringMaintenance->handle(Object(Illuminate\\Http\\Request), Object(Closure))
#54 C:\\xampp\\htdocs\\serbiscrm\\vendor\\laravel\\framework\\src\\Illuminate\\Http\\Middleware\\HandleCors.php(49): Illuminate\\Pipeline\\Pipeline->Illuminate\\Pipeline\\{closure}(Object(Illuminate\\Http\\Request))
#55 C:\\xampp\\htdocs\\serbiscrm\\vendor\\laravel\\framework\\src\\Illuminate\\Pipeline\\Pipeline.php(180): Illuminate\\Http\\Middleware\\HandleCors->handle(Object(Illuminate\\Http\\Request), Object(Closure))
#56 C:\\xampp\\htdocs\\serbiscrm\\vendor\\laravel\\framework\\src\\Illuminate\\Http\\Middleware\\TrustProxies.php(39): Illuminate\\Pipeline\\Pipeline->Illuminate\\Pipeline\\{closure}(Object(Illuminate\\Http\\Request))
#57 C:\\xampp\\htdocs\\serbiscrm\\vendor\\laravel\\framework\\src\\Illuminate\\Pipeline\\Pipeline.php(180): Illuminate\\Http\\Middleware\\TrustProxies->handle(Object(Illuminate\\Http\\Request), Object(Closure))
#58 C:\\xampp\\htdocs\\serbiscrm\\vendor\\laravel\\framework\\src\\Illuminate\\Pipeline\\Pipeline.php(116): Illuminate\\Pipeline\\Pipeline->Illuminate\\Pipeline\\{closure}(Object(Illuminate\\Http\\Request))
#59 C:\\xampp\\htdocs\\serbiscrm\\vendor\\laravel\\framework\\src\\Illuminate\\Foundation\\Http\\Kernel.php(175): Illuminate\\Pipeline\\Pipeline->then(Object(Closure))
#60 C:\\xampp\\htdocs\\serbiscrm\\vendor\\laravel\\framework\\src\\Illuminate\\Foundation\\Http\\Kernel.php(144): Illuminate\\Foundation\\Http\\Kernel->sendRequestThroughRouter(Object(Illuminate\\Http\\Request))
#61 C:\\xampp\\htdocs\\serbiscrm\\public\\index.php(51): Illuminate\\Foundation\\Http\\Kernel->handle(Object(Illuminate\\Http\\Request))
#62 C:\\xampp\\htdocs\\serbiscrm\\vendor\\laravel\\framework\\src\\Illuminate\\Foundation\\resources\\server.php(16): require_once('C:\\\\xampp\\\\htdocs...')
#63 {main}"} 
[2025-12-03 14:22:36] local.ERROR: Fatura entegrasyona gönderilemedi {"invoice_id":50,"error":"Ürün senkronizasyonu başarısız: 'DFDFHDF' ürünü Paraşüt'e eklenemedi. Hata: API Hatası: {\"status\":500,\"error\":\"Internal Server Error\"}"} 
[2025-12-03 14:25:45] local.INFO: Paraşüt token cache'den alındı  
[2025-12-03 14:25:45] local.INFO: Paraşüt token cache'den alındı  
[2025-12-03 14:26:07] local.INFO: Paraşüt token cache'den alındı  
[2025-12-03 14:26:07] local.INFO: Fatura entegrasyona gönderiliyor (senkron) {"invoice_id":51,"tenant_id":"27"} 
[2025-12-03 14:26:07] local.INFO: Paraşüt token cache'den alındı  
[2025-12-03 14:26:07] local.INFO: Fatura oluşturuluyor {"invoice_number":null} 
[2025-12-03 14:26:07] local.INFO: İsim ile müşteri aranıyor {"name":"ESRA TEKIR"} 
[2025-12-03 14:26:07] local.INFO: Paraşüt API isteği {"method":"get","url":"https://api.heroku-staging.parasut.com/v4/34746/contacts"} 
[2025-12-03 14:26:07] local.INFO: Müşteri isim ve telefon ile bulundu {"customer_id":"2048285"} 
[2025-12-03 14:26:07] local.INFO: Müşteri Paraşüt'te zaten mevcut {"customer_id":"2048285","name":"ESRA TEKIR"} 
[2025-12-03 14:26:07] local.INFO: Müşteri durumu {"customer_id":"2048285","action":"found","message":"Müşteri zaten Paraşüt'te kayıtlı"} 
[2025-12-03 14:26:07] local.INFO: Paraşüt API isteği {"method":"get","url":"https://api.heroku-staging.parasut.com/v4/34746/products"} 
[2025-12-03 14:26:08] local.INFO: Paraşüt API isteği {"method":"post","url":"https://api.heroku-staging.parasut.com/v4/34746/products"} 
[2025-12-03 14:26:08] local.ERROR: Paraşüt API Hatası {"method":"post","endpoint":"products","error":"API Hatası: {\"status\":500,\"error\":\"Internal Server Error\"}"} 
[2025-12-03 14:26:08] local.WARNING: Ürün senkronizasyon hatası - Ürün ID olmadan devam edilecek {"product_name":"TEST ÜRÜNÜ","product_index":0,"error":"API Hatası: {\"status\":500,\"error\":\"Internal Server Error\"}"} 
[2025-12-03 14:26:08] local.WARNING: Fatura satırı ürün ID'si olmadan oluşturuluyor {"description":"TEST ÜRÜNÜ","index":0} 
[2025-12-03 14:26:08] local.INFO: Paraşüt API'ye fatura gönderiliyor {"customer_id":"2048285","items_count":1,"total":146.4} 
[2025-12-03 14:26:08] local.INFO: Paraşüt API isteği {"method":"post","url":"https://api.heroku-staging.parasut.com/v4/34746/sales_invoices"} 
[2025-12-03 14:26:09] local.ERROR: Paraşüt API Hatası {"method":"post","endpoint":"sales_invoices","error":"API Hatası: {\"errors\":[{\"detail\":\"Ürün/hizmet doldurulmalı\"}]}"} 
[2025-12-03 14:26:09] local.ERROR: Paraşüt fatura oluşturma hatası: API Hatası: {"errors":[{"detail":"Ürün/hizmet doldurulmalı"}]} {"invoice_data":{"id":51,"faturaNumarasi":null,"faturaTarihi":"2025-12-03","indirim":0.0,"odemeDurum":null,"toplamTutar":146.4,"genelToplam":146.4,"kasaId":1,"customer":{"adSoyad":"ESRA TEKIR","musteriTipi":"1","email":null,"tel1":"553 856 5151","vergiNo":null,"vergiDairesi":null,"tcNo":null,"adres":"arnavutköy merkez mah.","il":"İSTANBUL","ilce":"ARNAVUTKÖY"},"items":[{"aciklama":"TEST ÜRÜNÜ","miktar":"1","fiyat":122.0,"tutar":122.0}],"vat_rate":null,"vat_withholding_rate":"0"},"trace":"#0 C:\\xampp\\htdocs\\serbiscrm\\app\\Services\\InvoiceIntegrations\\ParasutService.php(521): App\\Services\\InvoiceIntegrations\\ParasutService->makeRequest('post', 'sales_invoices', Array)
#1 C:\\xampp\\htdocs\\serbiscrm\\app\\Http\\Controllers\\Frontend\\InvoicesController.php(643): App\\Services\\InvoiceIntegrations\\ParasutService->createInvoice(Array)
#2 C:\\xampp\\htdocs\\serbiscrm\\vendor\\laravel\\framework\\src\\Illuminate\\Routing\\Controller.php(54): App\\Http\\Controllers\\Frontend\\InvoicesController->StoreInvoice(Object(Illuminate\\Http\\Request), '27')
#3 C:\\xampp\\htdocs\\serbiscrm\\vendor\\laravel\\framework\\src\\Illuminate\\Routing\\ControllerDispatcher.php(43): Illuminate\\Routing\\Controller->callAction('StoreInvoice', Array)
#4 C:\\xampp\\htdocs\\serbiscrm\\vendor\\laravel\\framework\\src\\Illuminate\\Routing\\Route.php(259): Illuminate\\Routing\\ControllerDispatcher->dispatch(Object(Illuminate\\Routing\\Route), Object(App\\Http\\Controllers\\Frontend\\InvoicesController), 'StoreInvoice')
#5 C:\\xampp\\htdocs\\serbiscrm\\vendor\\laravel\\framework\\src\\Illuminate\\Routing\\Route.php(205): Illuminate\\Routing\\Route->runController()
#6 C:\\xampp\\htdocs\\serbiscrm\\vendor\\laravel\\framework\\src\\Illuminate\\Routing\\Router.php(799): Illuminate\\Routing\\Route->run()
#7 C:\\xampp\\htdocs\\serbiscrm\\vendor\\laravel\\framework\\src\\Illuminate\\Pipeline\\Pipeline.php(141): Illuminate\\Routing\\Router->Illuminate\\Routing\\{closure}(Object(Illuminate\\Http\\Request))
#8 C:\\xampp\\htdocs\\serbiscrm\\app\\Http\\Middleware\\CheckStorageLimit.php(20): Illuminate\\Pipeline\\Pipeline->Illuminate\\Pipeline\\{closure}(Object(Illuminate\\Http\\Request))
#9 C:\\xampp\\htdocs\\serbiscrm\\vendor\\laravel\\framework\\src\\Illuminate\\Pipeline\\Pipeline.php(180): App\\Http\\Middleware\\CheckStorageLimit->handle(Object(Illuminate\\Http\\Request), Object(Closure))
#10 C:\\xampp\\htdocs\\serbiscrm\\app\\Http\\Middleware\\CheckTenantStatus.php(40): Illuminate\\Pipeline\\Pipeline->Illuminate\\Pipeline\\{closure}(Object(Illuminate\\Http\\Request))
#11 C:\\xampp\\htdocs\\serbiscrm\\vendor\\laravel\\framework\\src\\Illuminate\\Pipeline\\Pipeline.php(180): App\\Http\\Middleware\\CheckTenantStatus->handle(Object(Illuminate\\Http\\Request), Object(Closure))
#12 C:\\xampp\\htdocs\\serbiscrm\\app\\Http\\Middleware\\HandleRedirectAfterLogin.php(28): Illuminate\\Pipeline\\Pipeline->Illuminate\\Pipeline\\{closure}(Object(Illuminate\\Http\\Request))
#13 C:\\xampp\\htdocs\\serbiscrm\\vendor\\laravel\\framework\\src\\Illuminate\\Pipeline\\Pipeline.php(180): App\\Http\\Middleware\\HandleRedirectAfterLogin->handle(Object(Illuminate\\Http\\Request), Object(Closure))
#14 C:\\xampp\\htdocs\\serbiscrm\\app\\Http\\Middleware\\CheckCompanySubscription.php(32): Illuminate\\Pipeline\\Pipeline->Illuminate\\Pipeline\\{closure}(Object(Illuminate\\Http\\Request))
#15 C:\\xampp\\htdocs\\serbiscrm\\vendor\\laravel\\framework\\src\\Illuminate\\Pipeline\\Pipeline.php(180): App\\Http\\Middleware\\CheckCompanySubscription->handle(Object(Illuminate\\Http\\Request), Object(Closure))
#16 C:\\xampp\\htdocs\\serbiscrm\\app\\Http\\Middleware\\CheckTenantId.php(43): Illuminate\\Pipeline\\Pipeline->Illuminate\\Pipeline\\{closure}(Object(Illuminate\\Http\\Request))
#17 C:\\xampp\\htdocs\\serbiscrm\\vendor\\laravel\\framework\\src\\Illuminate\\Pipeline\\Pipeline.php(180): App\\Http\\Middleware\\CheckTenantId->handle(Object(Illuminate\\Http\\Request), Object(Closure))
#18 C:\\xampp\\htdocs\\serbiscrm\\app\\Http\\Middleware\\CheckTrialStatus.php(28): Illuminate\\Pipeline\\Pipeline->Illuminate\\Pipeline\\{closure}(Object(Illuminate\\Http\\Request))
#19 C:\\xampp\\htdocs\\serbiscrm\\vendor\\laravel\\framework\\src\\Illuminate\\Pipeline\\Pipeline.php(180): App\\Http\\Middleware\\CheckTrialStatus->handle(Object(Illuminate\\Http\\Request), Object(Closure))
#20 C:\\xampp\\htdocs\\serbiscrm\\vendor\\laravel\\framework\\src\\Illuminate\\Routing\\Middleware\\SubstituteBindings.php(50): Illuminate\\Pipeline\\Pipeline->Illuminate\\Pipeline\\{closure}(Object(Illuminate\\Http\\Request))
#21 C:\\xampp\\htdocs\\serbiscrm\\vendor\\laravel\\framework\\src\\Illuminate\\Pipeline\\Pipeline.php(180): Illuminate\\Routing\\Middleware\\SubstituteBindings->handle(Object(Illuminate\\Http\\Request), Object(Closure))
#22 C:\\xampp\\htdocs\\serbiscrm\\vendor\\laravel\\framework\\src\\Illuminate\\Auth\\Middleware\\Authenticate.php(57): Illuminate\\Pipeline\\Pipeline->Illuminate\\Pipeline\\{closure}(Object(Illuminate\\Http\\Request))
#23 C:\\xampp\\htdocs\\serbiscrm\\vendor\\laravel\\framework\\src\\Illuminate\\Pipeline\\Pipeline.php(180): Illuminate\\Auth\\Middleware\\Authenticate->handle(Object(Illuminate\\Http\\Request), Object(Closure))
#24 C:\\xampp\\htdocs\\serbiscrm\\vendor\\laravel\\framework\\src\\Illuminate\\Foundation\\Http\\Middleware\\VerifyCsrfToken.php(78): Illuminate\\Pipeline\\Pipeline->Illuminate\\Pipeline\\{closure}(Object(Illuminate\\Http\\Request))
#25 C:\\xampp\\htdocs\\serbiscrm\\vendor\\laravel\\framework\\src\\Illuminate\\Pipeline\\Pipeline.php(180): Illuminate\\Foundation\\Http\\Middleware\\VerifyCsrfToken->handle(Object(Illuminate\\Http\\Request), Object(Closure))
#26 C:\\xampp\\htdocs\\serbiscrm\\vendor\\laravel\\framework\\src\\Illuminate\\View\\Middleware\\ShareErrorsFromSession.php(49): Illuminate\\Pipeline\\Pipeline->Illuminate\\Pipeline\\{closure}(Object(Illuminate\\Http\\Request))
#27 C:\\xampp\\htdocs\\serbiscrm\\vendor\\laravel\\framework\\src\\Illuminate\\Pipeline\\Pipeline.php(180): Illuminate\\View\\Middleware\\ShareErrorsFromSession->handle(Object(Illuminate\\Http\\Request), Object(Closure))
#28 C:\\xampp\\htdocs\\serbiscrm\\vendor\\laravel\\framework\\src\\Illuminate\\Session\\Middleware\\StartSession.php(121): Illuminate\\Pipeline\\Pipeline->Illuminate\\Pipeline\\{closure}(Object(Illuminate\\Http\\Request))
#29 C:\\xampp\\htdocs\\serbiscrm\\vendor\\laravel\\framework\\src\\Illuminate\\Session\\Middleware\\StartSession.php(64): Illuminate\\Session\\Middleware\\StartSession->handleStatefulRequest(Object(Illuminate\\Http\\Request), Object(Illuminate\\Session\\Store), Object(Closure))
#30 C:\\xampp\\htdocs\\serbiscrm\\vendor\\laravel\\framework\\src\\Illuminate\\Pipeline\\Pipeline.php(180): Illuminate\\Session\\Middleware\\StartSession->handle(Object(Illuminate\\Http\\Request), Object(Closure))
#31 C:\\xampp\\htdocs\\serbiscrm\\vendor\\laravel\\framework\\src\\Illuminate\\Cookie\\Middleware\\AddQueuedCookiesToResponse.php(37): Illuminate\\Pipeline\\Pipeline->Illuminate\\Pipeline\\{closure}(Object(Illuminate\\Http\\Request))
#32 C:\\xampp\\htdocs\\serbiscrm\\vendor\\laravel\\framework\\src\\Illuminate\\Pipeline\\Pipeline.php(180): Illuminate\\Cookie\\Middleware\\AddQueuedCookiesToResponse->handle(Object(Illuminate\\Http\\Request), Object(Closure))
#33 C:\\xampp\\htdocs\\serbiscrm\\vendor\\laravel\\framework\\src\\Illuminate\\Cookie\\Middleware\\EncryptCookies.php(67): Illuminate\\Pipeline\\Pipeline->Illuminate\\Pipeline\\{closure}(Object(Illuminate\\Http\\Request))
#34 C:\\xampp\\htdocs\\serbiscrm\\vendor\\laravel\\framework\\src\\Illuminate\\Pipeline\\Pipeline.php(180): Illuminate\\Cookie\\Middleware\\EncryptCookies->handle(Object(Illuminate\\Http\\Request), Object(Closure))
#35 C:\\xampp\\htdocs\\serbiscrm\\vendor\\laravel\\framework\\src\\Illuminate\\Pipeline\\Pipeline.php(116): Illuminate\\Pipeline\\Pipeline->Illuminate\\Pipeline\\{closure}(Object(Illuminate\\Http\\Request))
#36 C:\\xampp\\htdocs\\serbiscrm\\vendor\\laravel\\framework\\src\\Illuminate\\Routing\\Router.php(798): Illuminate\\Pipeline\\Pipeline->then(Object(Closure))
#37 C:\\xampp\\htdocs\\serbiscrm\\vendor\\laravel\\framework\\src\\Illuminate\\Routing\\Router.php(777): Illuminate\\Routing\\Router->runRouteWithinStack(Object(Illuminate\\Routing\\Route), Object(Illuminate\\Http\\Request))
#38 C:\\xampp\\htdocs\\serbiscrm\\vendor\\laravel\\framework\\src\\Illuminate\\Routing\\Router.php(741): Illuminate\\Routing\\Router->runRoute(Object(Illuminate\\Http\\Request), Object(Illuminate\\Routing\\Route))
#39 C:\\xampp\\htdocs\\serbiscrm\\vendor\\laravel\\framework\\src\\Illuminate\\Routing\\Router.php(730): Illuminate\\Routing\\Router->dispatchToRoute(Object(Illuminate\\Http\\Request))
#40 C:\\xampp\\htdocs\\serbiscrm\\vendor\\laravel\\framework\\src\\Illuminate\\Foundation\\Http\\Kernel.php(200): Illuminate\\Routing\\Router->dispatch(Object(Illuminate\\Http\\Request))
#41 C:\\xampp\\htdocs\\serbiscrm\\vendor\\laravel\\framework\\src\\Illuminate\\Pipeline\\Pipeline.php(141): Illuminate\\Foundation\\Http\\Kernel->Illuminate\\Foundation\\Http\\{closure}(Object(Illuminate\\Http\\Request))
#42 C:\\xampp\\htdocs\\serbiscrm\\app\\Http\\Middleware\\ImpersonationMiddleware.php(51): Illuminate\\Pipeline\\Pipeline->Illuminate\\Pipeline\\{closure}(Object(Illuminate\\Http\\Request))
#43 C:\\xampp\\htdocs\\serbiscrm\\vendor\\laravel\\framework\\src\\Illuminate\\Pipeline\\Pipeline.php(180): App\\Http\\Middleware\\ImpersonationMiddleware->handle(Object(Illuminate\\Http\\Request), Object(Closure))
#44 C:\\xampp\\htdocs\\serbiscrm\\vendor\\laravel\\framework\\src\\Illuminate\\Foundation\\Http\\Middleware\\TransformsRequest.php(21): Illuminate\\Pipeline\\Pipeline->Illuminate\\Pipeline\\{closure}(Object(Illuminate\\Http\\Request))
#45 C:\\xampp\\htdocs\\serbiscrm\\vendor\\laravel\\framework\\src\\Illuminate\\Foundation\\Http\\Middleware\\ConvertEmptyStringsToNull.php(31): Illuminate\\Foundation\\Http\\Middleware\\TransformsRequest->handle(Object(Illuminate\\Http\\Request), Object(Closure))
#46 C:\\xampp\\htdocs\\serbiscrm\\vendor\\laravel\\framework\\src\\Illuminate\\Pipeline\\Pipeline.php(180): Illuminate\\Foundation\\Http\\Middleware\\ConvertEmptyStringsToNull->handle(Object(Illuminate\\Http\\Request), Object(Closure))
#47 C:\\xampp\\htdocs\\serbiscrm\\vendor\\laravel\\framework\\src\\Illuminate\\Foundation\\Http\\Middleware\\TransformsRequest.php(21): Illuminate\\Pipeline\\Pipeline->Illuminate\\Pipeline\\{closure}(Object(Illuminate\\Http\\Request))
#48 C:\\xampp\\htdocs\\serbiscrm\\vendor\\laravel\\framework\\src\\Illuminate\\Foundation\\Http\\Middleware\\TrimStrings.php(40): Illuminate\\Foundation\\Http\\Middleware\\TransformsRequest->handle(Object(Illuminate\\Http\\Request), Object(Closure))
#49 C:\\xampp\\htdocs\\serbiscrm\\vendor\\laravel\\framework\\src\\Illuminate\\Pipeline\\Pipeline.php(180): Illuminate\\Foundation\\Http\\Middleware\\TrimStrings->handle(Object(Illuminate\\Http\\Request), Object(Closure))
#50 C:\\xampp\\htdocs\\serbiscrm\\vendor\\laravel\\framework\\src\\Illuminate\\Foundation\\Http\\Middleware\\ValidatePostSize.php(27): Illuminate\\Pipeline\\Pipeline->Illuminate\\Pipeline\\{closure}(Object(Illuminate\\Http\\Request))
#51 C:\\xampp\\htdocs\\serbiscrm\\vendor\\laravel\\framework\\src\\Illuminate\\Pipeline\\Pipeline.php(180): Illuminate\\Foundation\\Http\\Middleware\\ValidatePostSize->handle(Object(Illuminate\\Http\\Request), Object(Closure))
#52 C:\\xampp\\htdocs\\serbiscrm\\vendor\\laravel\\framework\\src\\Illuminate\\Foundation\\Http\\Middleware\\PreventRequestsDuringMaintenance.php(99): Illuminate\\Pipeline\\Pipeline->Illuminate\\Pipeline\\{closure}(Object(Illuminate\\Http\\Request))
#53 C:\\xampp\\htdocs\\serbiscrm\\vendor\\laravel\\framework\\src\\Illuminate\\Pipeline\\Pipeline.php(180): Illuminate\\Foundation\\Http\\Middleware\\PreventRequestsDuringMaintenance->handle(Object(Illuminate\\Http\\Request), Object(Closure))
#54 C:\\xampp\\htdocs\\serbiscrm\\vendor\\laravel\\framework\\src\\Illuminate\\Http\\Middleware\\HandleCors.php(49): Illuminate\\Pipeline\\Pipeline->Illuminate\\Pipeline\\{closure}(Object(Illuminate\\Http\\Request))
#55 C:\\xampp\\htdocs\\serbiscrm\\vendor\\laravel\\framework\\src\\Illuminate\\Pipeline\\Pipeline.php(180): Illuminate\\Http\\Middleware\\HandleCors->handle(Object(Illuminate\\Http\\Request), Object(Closure))
#56 C:\\xampp\\htdocs\\serbiscrm\\vendor\\laravel\\framework\\src\\Illuminate\\Http\\Middleware\\TrustProxies.php(39): Illuminate\\Pipeline\\Pipeline->Illuminate\\Pipeline\\{closure}(Object(Illuminate\\Http\\Request))
#57 C:\\xampp\\htdocs\\serbiscrm\\vendor\\laravel\\framework\\src\\Illuminate\\Pipeline\\Pipeline.php(180): Illuminate\\Http\\Middleware\\TrustProxies->handle(Object(Illuminate\\Http\\Request), Object(Closure))
#58 C:\\xampp\\htdocs\\serbiscrm\\vendor\\laravel\\framework\\src\\Illuminate\\Pipeline\\Pipeline.php(116): Illuminate\\Pipeline\\Pipeline->Illuminate\\Pipeline\\{closure}(Object(Illuminate\\Http\\Request))
#59 C:\\xampp\\htdocs\\serbiscrm\\vendor\\laravel\\framework\\src\\Illuminate\\Foundation\\Http\\Kernel.php(175): Illuminate\\Pipeline\\Pipeline->then(Object(Closure))
#60 C:\\xampp\\htdocs\\serbiscrm\\vendor\\laravel\\framework\\src\\Illuminate\\Foundation\\Http\\Kernel.php(144): Illuminate\\Foundation\\Http\\Kernel->sendRequestThroughRouter(Object(Illuminate\\Http\\Request))
#61 C:\\xampp\\htdocs\\serbiscrm\\public\\index.php(51): Illuminate\\Foundation\\Http\\Kernel->handle(Object(Illuminate\\Http\\Request))
#62 C:\\xampp\\htdocs\\serbiscrm\\vendor\\laravel\\framework\\src\\Illuminate\\Foundation\\resources\\server.php(16): require_once('C:\\\\xampp\\\\htdocs...')
#63 {main}"} 
[2025-12-03 14:26:09] local.ERROR: Fatura entegrasyona gönderilemedi {"invoice_id":51,"error":"API Hatası: {\"errors\":[{\"detail\":\"Ürün/hizmet doldurulmalı\"}]}"} 
[2025-12-03 14:27:13] local.INFO: Paraşüt token cache'den alındı  
[2025-12-03 14:27:13] local.INFO: Paraşüt token cache'den alındı  
[2025-12-03 14:27:29] local.INFO: Paraşüt token cache'den alındı  
[2025-12-03 14:27:29] local.INFO: Fatura entegrasyona gönderiliyor (senkron) {"invoice_id":52,"tenant_id":"27"} 
[2025-12-03 14:27:29] local.INFO: Paraşüt token cache'den alındı  
[2025-12-03 14:27:29] local.INFO: Fatura oluşturuluyor {"invoice_number":null} 
[2025-12-03 14:27:29] local.INFO: TC No ile müşteri aranıyor {"tcNo":"11111111111"} 
[2025-12-03 14:27:29] local.INFO: Paraşüt API isteği {"method":"get","url":"https://api.heroku-staging.parasut.com/v4/34746/contacts"} 
[2025-12-03 14:27:29] local.INFO: Müşteri TC No ile bulundu {"customer_id":"2047425"} 
[2025-12-03 14:27:29] local.INFO: Müşteri Paraşüt'te zaten mevcut {"customer_id":"2047425","name":"Test Müşteri"} 
[2025-12-03 14:27:29] local.INFO: Müşteri durumu {"customer_id":"2047425","action":"found","message":"Müşteri zaten Paraşüt'te kayıtlı"} 
[2025-12-03 14:27:29] local.INFO: Paraşüt API isteği {"method":"get","url":"https://api.heroku-staging.parasut.com/v4/34746/products"} 
[2025-12-03 14:27:30] local.INFO: Paraşüt API isteği {"method":"post","url":"https://api.heroku-staging.parasut.com/v4/34746/products"} 
[2025-12-03 14:27:31] local.ERROR: Paraşüt API Hatası {"method":"post","endpoint":"products","error":"API Hatası: {\"status\":500,\"error\":\"Internal Server Error\"}"} 
[2025-12-03 14:27:31] local.ERROR: Ürün senkronizasyon hatası {"product_name":"DFGDFGD","error":"API Hatası: {\"status\":500,\"error\":\"Internal Server Error\"}"} 
[2025-12-03 14:27:31] local.INFO: Paraşüt API'ye fatura gönderiliyor {"customer_id":"2047425","items_count":1,"total":133.2} 
[2025-12-03 14:27:31] local.INFO: Paraşüt API isteği {"method":"post","url":"https://api.heroku-staging.parasut.com/v4/34746/sales_invoices"} 
[2025-12-03 14:27:31] local.ERROR: Paraşüt API Hatası {"method":"post","endpoint":"sales_invoices","error":"API Hatası: {\"errors\":[{\"detail\":\"Ürün/hizmet doldurulmalı\"}]}"} 
[2025-12-03 14:27:31] local.ERROR: Paraşüt fatura oluşturma hatası: API Hatası: {"errors":[{"detail":"Ürün/hizmet doldurulmalı"}]} {"invoice_data":{"id":52,"faturaNumarasi":null,"faturaTarihi":"2025-12-03","indirim":0.0,"odemeDurum":null,"toplamTutar":133.2,"genelToplam":133.2,"kasaId":1,"customer":{"adSoyad":"hatice çapacı","musteriTipi":"1","email":null,"tel1":"566 544 4444","vergiNo":null,"vergiDairesi":null,"tcNo":"11111111111","adres":"hdfhfd","il":"İSTANBUL","ilce":"ARNAVUTKÖY"},"items":[{"aciklama":"DFGDFGD","miktar":"1","fiyat":111.0,"tutar":111.0}],"vat_rate":null,"vat_withholding_rate":"0"},"trace":"#0 C:\\xampp\\htdocs\\serbiscrm\\app\\Services\\InvoiceIntegrations\\ParasutService.php(510): App\\Services\\InvoiceIntegrations\\ParasutService->makeRequest('post', 'sales_invoices', Array)
#1 C:\\xampp\\htdocs\\serbiscrm\\app\\Http\\Controllers\\Frontend\\InvoicesController.php(639): App\\Services\\InvoiceIntegrations\\ParasutService->createInvoice(Array)
#2 C:\\xampp\\htdocs\\serbiscrm\\vendor\\laravel\\framework\\src\\Illuminate\\Routing\\Controller.php(54): App\\Http\\Controllers\\Frontend\\InvoicesController->StoreInvoice(Object(Illuminate\\Http\\Request), '27')
#3 C:\\xampp\\htdocs\\serbiscrm\\vendor\\laravel\\framework\\src\\Illuminate\\Routing\\ControllerDispatcher.php(43): Illuminate\\Routing\\Controller->callAction('StoreInvoice', Array)
#4 C:\\xampp\\htdocs\\serbiscrm\\vendor\\laravel\\framework\\src\\Illuminate\\Routing\\Route.php(259): Illuminate\\Routing\\ControllerDispatcher->dispatch(Object(Illuminate\\Routing\\Route), Object(App\\Http\\Controllers\\Frontend\\InvoicesController), 'StoreInvoice')
#5 C:\\xampp\\htdocs\\serbiscrm\\vendor\\laravel\\framework\\src\\Illuminate\\Routing\\Route.php(205): Illuminate\\Routing\\Route->runController()
#6 C:\\xampp\\htdocs\\serbiscrm\\vendor\\laravel\\framework\\src\\Illuminate\\Routing\\Router.php(799): Illuminate\\Routing\\Route->run()
#7 C:\\xampp\\htdocs\\serbiscrm\\vendor\\laravel\\framework\\src\\Illuminate\\Pipeline\\Pipeline.php(141): Illuminate\\Routing\\Router->Illuminate\\Routing\\{closure}(Object(Illuminate\\Http\\Request))
#8 C:\\xampp\\htdocs\\serbiscrm\\app\\Http\\Middleware\\CheckStorageLimit.php(20): Illuminate\\Pipeline\\Pipeline->Illuminate\\Pipeline\\{closure}(Object(Illuminate\\Http\\Request))
#9 C:\\xampp\\htdocs\\serbiscrm\\vendor\\laravel\\framework\\src\\Illuminate\\Pipeline\\Pipeline.php(180): App\\Http\\Middleware\\CheckStorageLimit->handle(Object(Illuminate\\Http\\Request), Object(Closure))
#10 C:\\xampp\\htdocs\\serbiscrm\\app\\Http\\Middleware\\CheckTenantStatus.php(40): Illuminate\\Pipeline\\Pipeline->Illuminate\\Pipeline\\{closure}(Object(Illuminate\\Http\\Request))
#11 C:\\xampp\\htdocs\\serbiscrm\\vendor\\laravel\\framework\\src\\Illuminate\\Pipeline\\Pipeline.php(180): App\\Http\\Middleware\\CheckTenantStatus->handle(Object(Illuminate\\Http\\Request), Object(Closure))
#12 C:\\xampp\\htdocs\\serbiscrm\\app\\Http\\Middleware\\HandleRedirectAfterLogin.php(28): Illuminate\\Pipeline\\Pipeline->Illuminate\\Pipeline\\{closure}(Object(Illuminate\\Http\\Request))
#13 C:\\xampp\\htdocs\\serbiscrm\\vendor\\laravel\\framework\\src\\Illuminate\\Pipeline\\Pipeline.php(180): App\\Http\\Middleware\\HandleRedirectAfterLogin->handle(Object(Illuminate\\Http\\Request), Object(Closure))
#14 C:\\xampp\\htdocs\\serbiscrm\\app\\Http\\Middleware\\CheckCompanySubscription.php(32): Illuminate\\Pipeline\\Pipeline->Illuminate\\Pipeline\\{closure}(Object(Illuminate\\Http\\Request))
#15 C:\\xampp\\htdocs\\serbiscrm\\vendor\\laravel\\framework\\src\\Illuminate\\Pipeline\\Pipeline.php(180): App\\Http\\Middleware\\CheckCompanySubscription->handle(Object(Illuminate\\Http\\Request), Object(Closure))
#16 C:\\xampp\\htdocs\\serbiscrm\\app\\Http\\Middleware\\CheckTenantId.php(43): Illuminate\\Pipeline\\Pipeline->Illuminate\\Pipeline\\{closure}(Object(Illuminate\\Http\\Request))
#17 C:\\xampp\\htdocs\\serbiscrm\\vendor\\laravel\\framework\\src\\Illuminate\\Pipeline\\Pipeline.php(180): App\\Http\\Middleware\\CheckTenantId->handle(Object(Illuminate\\Http\\Request), Object(Closure))
#18 C:\\xampp\\htdocs\\serbiscrm\\app\\Http\\Middleware\\CheckTrialStatus.php(28): Illuminate\\Pipeline\\Pipeline->Illuminate\\Pipeline\\{closure}(Object(Illuminate\\Http\\Request))
#19 C:\\xampp\\htdocs\\serbiscrm\\vendor\\laravel\\framework\\src\\Illuminate\\Pipeline\\Pipeline.php(180): App\\Http\\Middleware\\CheckTrialStatus->handle(Object(Illuminate\\Http\\Request), Object(Closure))
#20 C:\\xampp\\htdocs\\serbiscrm\\vendor\\laravel\\framework\\src\\Illuminate\\Routing\\Middleware\\SubstituteBindings.php(50): Illuminate\\Pipeline\\Pipeline->Illuminate\\Pipeline\\{closure}(Object(Illuminate\\Http\\Request))
#21 C:\\xampp\\htdocs\\serbiscrm\\vendor\\laravel\\framework\\src\\Illuminate\\Pipeline\\Pipeline.php(180): Illuminate\\Routing\\Middleware\\SubstituteBindings->handle(Object(Illuminate\\Http\\Request), Object(Closure))
#22 C:\\xampp\\htdocs\\serbiscrm\\vendor\\laravel\\framework\\src\\Illuminate\\Auth\\Middleware\\Authenticate.php(57): Illuminate\\Pipeline\\Pipeline->Illuminate\\Pipeline\\{closure}(Object(Illuminate\\Http\\Request))
#23 C:\\xampp\\htdocs\\serbiscrm\\vendor\\laravel\\framework\\src\\Illuminate\\Pipeline\\Pipeline.php(180): Illuminate\\Auth\\Middleware\\Authenticate->handle(Object(Illuminate\\Http\\Request), Object(Closure))
#24 C:\\xampp\\htdocs\\serbiscrm\\vendor\\laravel\\framework\\src\\Illuminate\\Foundation\\Http\\Middleware\\VerifyCsrfToken.php(78): Illuminate\\Pipeline\\Pipeline->Illuminate\\Pipeline\\{closure}(Object(Illuminate\\Http\\Request))
#25 C:\\xampp\\htdocs\\serbiscrm\\vendor\\laravel\\framework\\src\\Illuminate\\Pipeline\\Pipeline.php(180): Illuminate\\Foundation\\Http\\Middleware\\VerifyCsrfToken->handle(Object(Illuminate\\Http\\Request), Object(Closure))
#26 C:\\xampp\\htdocs\\serbiscrm\\vendor\\laravel\\framework\\src\\Illuminate\\View\\Middleware\\ShareErrorsFromSession.php(49): Illuminate\\Pipeline\\Pipeline->Illuminate\\Pipeline\\{closure}(Object(Illuminate\\Http\\Request))
#27 C:\\xampp\\htdocs\\serbiscrm\\vendor\\laravel\\framework\\src\\Illuminate\\Pipeline\\Pipeline.php(180): Illuminate\\View\\Middleware\\ShareErrorsFromSession->handle(Object(Illuminate\\Http\\Request), Object(Closure))
#28 C:\\xampp\\htdocs\\serbiscrm\\vendor\\laravel\\framework\\src\\Illuminate\\Session\\Middleware\\StartSession.php(121): Illuminate\\Pipeline\\Pipeline->Illuminate\\Pipeline\\{closure}(Object(Illuminate\\Http\\Request))
#29 C:\\xampp\\htdocs\\serbiscrm\\vendor\\laravel\\framework\\src\\Illuminate\\Session\\Middleware\\StartSession.php(64): Illuminate\\Session\\Middleware\\StartSession->handleStatefulRequest(Object(Illuminate\\Http\\Request), Object(Illuminate\\Session\\Store), Object(Closure))
#30 C:\\xampp\\htdocs\\serbiscrm\\vendor\\laravel\\framework\\src\\Illuminate\\Pipeline\\Pipeline.php(180): Illuminate\\Session\\Middleware\\StartSession->handle(Object(Illuminate\\Http\\Request), Object(Closure))
#31 C:\\xampp\\htdocs\\serbiscrm\\vendor\\laravel\\framework\\src\\Illuminate\\Cookie\\Middleware\\AddQueuedCookiesToResponse.php(37): Illuminate\\Pipeline\\Pipeline->Illuminate\\Pipeline\\{closure}(Object(Illuminate\\Http\\Request))
#32 C:\\xampp\\htdocs\\serbiscrm\\vendor\\laravel\\framework\\src\\Illuminate\\Pipeline\\Pipeline.php(180): Illuminate\\Cookie\\Middleware\\AddQueuedCookiesToResponse->handle(Object(Illuminate\\Http\\Request), Object(Closure))
#33 C:\\xampp\\htdocs\\serbiscrm\\vendor\\laravel\\framework\\src\\Illuminate\\Cookie\\Middleware\\EncryptCookies.php(67): Illuminate\\Pipeline\\Pipeline->Illuminate\\Pipeline\\{closure}(Object(Illuminate\\Http\\Request))
#34 C:\\xampp\\htdocs\\serbiscrm\\vendor\\laravel\\framework\\src\\Illuminate\\Pipeline\\Pipeline.php(180): Illuminate\\Cookie\\Middleware\\EncryptCookies->handle(Object(Illuminate\\Http\\Request), Object(Closure))
#35 C:\\xampp\\htdocs\\serbiscrm\\vendor\\laravel\\framework\\src\\Illuminate\\Pipeline\\Pipeline.php(116): Illuminate\\Pipeline\\Pipeline->Illuminate\\Pipeline\\{closure}(Object(Illuminate\\Http\\Request))
#36 C:\\xampp\\htdocs\\serbiscrm\\vendor\\laravel\\framework\\src\\Illuminate\\Routing\\Router.php(798): Illuminate\\Pipeline\\Pipeline->then(Object(Closure))
#37 C:\\xampp\\htdocs\\serbiscrm\\vendor\\laravel\\framework\\src\\Illuminate\\Routing\\Router.php(777): Illuminate\\Routing\\Router->runRouteWithinStack(Object(Illuminate\\Routing\\Route), Object(Illuminate\\Http\\Request))
#38 C:\\xampp\\htdocs\\serbiscrm\\vendor\\laravel\\framework\\src\\Illuminate\\Routing\\Router.php(741): Illuminate\\Routing\\Router->runRoute(Object(Illuminate\\Http\\Request), Object(Illuminate\\Routing\\Route))
#39 C:\\xampp\\htdocs\\serbiscrm\\vendor\\laravel\\framework\\src\\Illuminate\\Routing\\Router.php(730): Illuminate\\Routing\\Router->dispatchToRoute(Object(Illuminate\\Http\\Request))
#40 C:\\xampp\\htdocs\\serbiscrm\\vendor\\laravel\\framework\\src\\Illuminate\\Foundation\\Http\\Kernel.php(200): Illuminate\\Routing\\Router->dispatch(Object(Illuminate\\Http\\Request))
#41 C:\\xampp\\htdocs\\serbiscrm\\vendor\\laravel\\framework\\src\\Illuminate\\Pipeline\\Pipeline.php(141): Illuminate\\Foundation\\Http\\Kernel->Illuminate\\Foundation\\Http\\{closure}(Object(Illuminate\\Http\\Request))
#42 C:\\xampp\\htdocs\\serbiscrm\\app\\Http\\Middleware\\ImpersonationMiddleware.php(51): Illuminate\\Pipeline\\Pipeline->Illuminate\\Pipeline\\{closure}(Object(Illuminate\\Http\\Request))
#43 C:\\xampp\\htdocs\\serbiscrm\\vendor\\laravel\\framework\\src\\Illuminate\\Pipeline\\Pipeline.php(180): App\\Http\\Middleware\\ImpersonationMiddleware->handle(Object(Illuminate\\Http\\Request), Object(Closure))
#44 C:\\xampp\\htdocs\\serbiscrm\\vendor\\laravel\\framework\\src\\Illuminate\\Foundation\\Http\\Middleware\\TransformsRequest.php(21): Illuminate\\Pipeline\\Pipeline->Illuminate\\Pipeline\\{closure}(Object(Illuminate\\Http\\Request))
#45 C:\\xampp\\htdocs\\serbiscrm\\vendor\\laravel\\framework\\src\\Illuminate\\Foundation\\Http\\Middleware\\ConvertEmptyStringsToNull.php(31): Illuminate\\Foundation\\Http\\Middleware\\TransformsRequest->handle(Object(Illuminate\\Http\\Request), Object(Closure))
#46 C:\\xampp\\htdocs\\serbiscrm\\vendor\\laravel\\framework\\src\\Illuminate\\Pipeline\\Pipeline.php(180): Illuminate\\Foundation\\Http\\Middleware\\ConvertEmptyStringsToNull->handle(Object(Illuminate\\Http\\Request), Object(Closure))
#47 C:\\xampp\\htdocs\\serbiscrm\\vendor\\laravel\\framework\\src\\Illuminate\\Foundation\\Http\\Middleware\\TransformsRequest.php(21): Illuminate\\Pipeline\\Pipeline->Illuminate\\Pipeline\\{closure}(Object(Illuminate\\Http\\Request))
#48 C:\\xampp\\htdocs\\serbiscrm\\vendor\\laravel\\framework\\src\\Illuminate\\Foundation\\Http\\Middleware\\TrimStrings.php(40): Illuminate\\Foundation\\Http\\Middleware\\TransformsRequest->handle(Object(Illuminate\\Http\\Request), Object(Closure))
#49 C:\\xampp\\htdocs\\serbiscrm\\vendor\\laravel\\framework\\src\\Illuminate\\Pipeline\\Pipeline.php(180): Illuminate\\Foundation\\Http\\Middleware\\TrimStrings->handle(Object(Illuminate\\Http\\Request), Object(Closure))
#50 C:\\xampp\\htdocs\\serbiscrm\\vendor\\laravel\\framework\\src\\Illuminate\\Foundation\\Http\\Middleware\\ValidatePostSize.php(27): Illuminate\\Pipeline\\Pipeline->Illuminate\\Pipeline\\{closure}(Object(Illuminate\\Http\\Request))
#51 C:\\xampp\\htdocs\\serbiscrm\\vendor\\laravel\\framework\\src\\Illuminate\\Pipeline\\Pipeline.php(180): Illuminate\\Foundation\\Http\\Middleware\\ValidatePostSize->handle(Object(Illuminate\\Http\\Request), Object(Closure))
#52 C:\\xampp\\htdocs\\serbiscrm\\vendor\\laravel\\framework\\src\\Illuminate\\Foundation\\Http\\Middleware\\PreventRequestsDuringMaintenance.php(99): Illuminate\\Pipeline\\Pipeline->Illuminate\\Pipeline\\{closure}(Object(Illuminate\\Http\\Request))
#53 C:\\xampp\\htdocs\\serbiscrm\\vendor\\laravel\\framework\\src\\Illuminate\\Pipeline\\Pipeline.php(180): Illuminate\\Foundation\\Http\\Middleware\\PreventRequestsDuringMaintenance->handle(Object(Illuminate\\Http\\Request), Object(Closure))
#54 C:\\xampp\\htdocs\\serbiscrm\\vendor\\laravel\\framework\\src\\Illuminate\\Http\\Middleware\\HandleCors.php(49): Illuminate\\Pipeline\\Pipeline->Illuminate\\Pipeline\\{closure}(Object(Illuminate\\Http\\Request))
#55 C:\\xampp\\htdocs\\serbiscrm\\vendor\\laravel\\framework\\src\\Illuminate\\Pipeline\\Pipeline.php(180): Illuminate\\Http\\Middleware\\HandleCors->handle(Object(Illuminate\\Http\\Request), Object(Closure))
#56 C:\\xampp\\htdocs\\serbiscrm\\vendor\\laravel\\framework\\src\\Illuminate\\Http\\Middleware\\TrustProxies.php(39): Illuminate\\Pipeline\\Pipeline->Illuminate\\Pipeline\\{closure}(Object(Illuminate\\Http\\Request))
#57 C:\\xampp\\htdocs\\serbiscrm\\vendor\\laravel\\framework\\src\\Illuminate\\Pipeline\\Pipeline.php(180): Illuminate\\Http\\Middleware\\TrustProxies->handle(Object(Illuminate\\Http\\Request), Object(Closure))
#58 C:\\xampp\\htdocs\\serbiscrm\\vendor\\laravel\\framework\\src\\Illuminate\\Pipeline\\Pipeline.php(116): Illuminate\\Pipeline\\Pipeline->Illuminate\\Pipeline\\{closure}(Object(Illuminate\\Http\\Request))
#59 C:\\xampp\\htdocs\\serbiscrm\\vendor\\laravel\\framework\\src\\Illuminate\\Foundation\\Http\\Kernel.php(175): Illuminate\\Pipeline\\Pipeline->then(Object(Closure))
#60 C:\\xampp\\htdocs\\serbiscrm\\vendor\\laravel\\framework\\src\\Illuminate\\Foundation\\Http\\Kernel.php(144): Illuminate\\Foundation\\Http\\Kernel->sendRequestThroughRouter(Object(Illuminate\\Http\\Request))
#61 C:\\xampp\\htdocs\\serbiscrm\\public\\index.php(51): Illuminate\\Foundation\\Http\\Kernel->handle(Object(Illuminate\\Http\\Request))
#62 C:\\xampp\\htdocs\\serbiscrm\\vendor\\laravel\\framework\\src\\Illuminate\\Foundation\\resources\\server.php(16): require_once('C:\\\\xampp\\\\htdocs...')
#63 {main}"} 
[2025-12-03 14:27:31] local.ERROR: Fatura entegrasyona gönderilemedi {"invoice_id":52,"error":"API Hatası: {\"errors\":[{\"detail\":\"Ürün/hizmet doldurulmalı\"}]}"} 
[2025-12-03 14:28:41] local.INFO: Paraşüt token cache'den alındı  
[2025-12-03 14:28:41] local.INFO: Paraşüt token cache'den alındı  
[2025-12-03 14:28:41] local.WARNING: Fatura numarası boş olduğu için Paraşüt'te arama yapılamadı. {"local_invoice_id":52} 
[2025-12-03 14:29:50] local.INFO: All active products count: 1  
[2025-12-03 14:29:50] local.INFO: Product ID 12 (tegfgf): Current stock = 0  
[2025-12-03 14:29:50] local.INFO: Product tegfgf has zero or negative stock: 0  
[2025-12-03 14:29:50] local.INFO: Final Alerts Result: {"critical_count":0,"low_count":0,"total_products_checked":1} 
[2025-12-03 14:30:01] local.INFO: Paraşüt token cache'den alındı  
[2025-12-03 14:30:01] local.INFO: Paraşüt token cache'den alındı  
[2025-12-03 14:30:23] local.INFO: Paraşüt token cache'den alındı  
[2025-12-03 14:30:23] local.INFO: Fatura entegrasyona gönderiliyor (senkron) {"invoice_id":53,"tenant_id":"27"} 
[2025-12-03 14:30:23] local.INFO: Paraşüt token cache'den alındı  
[2025-12-03 14:30:23] local.INFO: Fatura oluşturuluyor {"invoice_number":null} 
[2025-12-03 14:30:23] local.INFO: TC No ile müşteri aranıyor {"tcNo":"11111111111"} 
[2025-12-03 14:30:23] local.INFO: Paraşüt API isteği {"method":"get","url":"https://api.heroku-staging.parasut.com/v4/34746/contacts"} 
[2025-12-03 14:30:24] local.INFO: Müşteri TC No ile bulundu {"customer_id":"2047425"} 
[2025-12-03 14:30:24] local.INFO: Müşteri Paraşüt'te zaten mevcut {"customer_id":"2047425","name":"Test Müşteri"} 
[2025-12-03 14:30:24] local.INFO: Müşteri durumu {"customer_id":"2047425","action":"found","message":"Müşteri zaten Paraşüt'te kayıtlı"} 
[2025-12-03 14:30:24] local.INFO: Paraşüt API isteği {"method":"get","url":"https://api.heroku-staging.parasut.com/v4/34746/products"} 
[2025-12-03 14:30:24] local.INFO: Paraşüt API isteği {"method":"post","url":"https://api.heroku-staging.parasut.com/v4/34746/products"} 
[2025-12-03 14:30:25] local.ERROR: Paraşüt API Hatası {"method":"post","endpoint":"products","error":"API Hatası: {\"status\":500,\"error\":\"Internal Server Error\"}"} 
[2025-12-03 14:30:25] local.WARNING: Ürün senkronizasyon hatası - Ürün ID olmadan devam edilecek {"product_name":"HDHDF","product_index":0,"error":"API Hatası: {\"status\":500,\"error\":\"Internal Server Error\"}"} 
[2025-12-03 14:30:25] local.WARNING: Fatura satırı ürün ID'si olmadan oluşturuluyor {"description":"HDHDF","index":0} 
[2025-12-03 14:30:25] local.INFO: Paraşüt API'ye fatura gönderiliyor {"customer_id":"2047425","items_count":1,"total":5243.92} 
[2025-12-03 14:30:25] local.INFO: Paraşüt API isteği {"method":"post","url":"https://api.heroku-staging.parasut.com/v4/34746/sales_invoices"} 
[2025-12-03 14:30:25] local.ERROR: Paraşüt API Hatası {"method":"post","endpoint":"sales_invoices","error":"API Hatası: {\"errors\":[{\"detail\":\"Ürün/hizmet doldurulmalı\"}]}"} 
[2025-12-03 14:30:25] local.ERROR: Paraşüt fatura oluşturma hatası: API Hatası: {"errors":[{"detail":"Ürün/hizmet doldurulmalı"}]} {"invoice_data":{"id":53,"faturaNumarasi":null,"faturaTarihi":"2025-12-03","indirim":0.0,"odemeDurum":null,"toplamTutar":5243.92,"genelToplam":5243.92,"kasaId":1,"kdvTutar":"20","faturaAciklama":null,"customer":{"adSoyad":"hatice çapacı","musteriTipi":"1","email":null,"tel1":"566 544 4444","vergiNo":null,"vergiDairesi":null,"tcNo":"11111111111","adres":"hdfhfd","il":"İSTANBUL","ilce":"ARNAVUTKÖY"},"items":[{"aciklama":"HDHDF","miktar":"2","fiyat":2222.0,"tutar":4444.0}],"vat_rate":null,"vat_withholding_rate":"0"},"trace":"#0 C:\\xampp\\htdocs\\serbiscrm\\app\\Services\\InvoiceIntegrations\\ParasutService.php(521): App\\Services\\InvoiceIntegrations\\ParasutService->makeRequest('post', 'sales_invoices', Array)
#1 C:\\xampp\\htdocs\\serbiscrm\\app\\Http\\Controllers\\Frontend\\InvoicesController.php(671): App\\Services\\InvoiceIntegrations\\ParasutService->createInvoice(Array)
#2 C:\\xampp\\htdocs\\serbiscrm\\vendor\\laravel\\framework\\src\\Illuminate\\Routing\\Controller.php(54): App\\Http\\Controllers\\Frontend\\InvoicesController->StoreInvoice(Object(Illuminate\\Http\\Request), '27')
#3 C:\\xampp\\htdocs\\serbiscrm\\vendor\\laravel\\framework\\src\\Illuminate\\Routing\\ControllerDispatcher.php(43): Illuminate\\Routing\\Controller->callAction('StoreInvoice', Array)
#4 C:\\xampp\\htdocs\\serbiscrm\\vendor\\laravel\\framework\\src\\Illuminate\\Routing\\Route.php(259): Illuminate\\Routing\\ControllerDispatcher->dispatch(Object(Illuminate\\Routing\\Route), Object(App\\Http\\Controllers\\Frontend\\InvoicesController), 'StoreInvoice')
#5 C:\\xampp\\htdocs\\serbiscrm\\vendor\\laravel\\framework\\src\\Illuminate\\Routing\\Route.php(205): Illuminate\\Routing\\Route->runController()
#6 C:\\xampp\\htdocs\\serbiscrm\\vendor\\laravel\\framework\\src\\Illuminate\\Routing\\Router.php(799): Illuminate\\Routing\\Route->run()
#7 C:\\xampp\\htdocs\\serbiscrm\\vendor\\laravel\\framework\\src\\Illuminate\\Pipeline\\Pipeline.php(141): Illuminate\\Routing\\Router->Illuminate\\Routing\\{closure}(Object(Illuminate\\Http\\Request))
#8 C:\\xampp\\htdocs\\serbiscrm\\app\\Http\\Middleware\\CheckStorageLimit.php(20): Illuminate\\Pipeline\\Pipeline->Illuminate\\Pipeline\\{closure}(Object(Illuminate\\Http\\Request))
#9 C:\\xampp\\htdocs\\serbiscrm\\vendor\\laravel\\framework\\src\\Illuminate\\Pipeline\\Pipeline.php(180): App\\Http\\Middleware\\CheckStorageLimit->handle(Object(Illuminate\\Http\\Request), Object(Closure))
#10 C:\\xampp\\htdocs\\serbiscrm\\app\\Http\\Middleware\\CheckTenantStatus.php(40): Illuminate\\Pipeline\\Pipeline->Illuminate\\Pipeline\\{closure}(Object(Illuminate\\Http\\Request))
#11 C:\\xampp\\htdocs\\serbiscrm\\vendor\\laravel\\framework\\src\\Illuminate\\Pipeline\\Pipeline.php(180): App\\Http\\Middleware\\CheckTenantStatus->handle(Object(Illuminate\\Http\\Request), Object(Closure))
#12 C:\\xampp\\htdocs\\serbiscrm\\app\\Http\\Middleware\\HandleRedirectAfterLogin.php(28): Illuminate\\Pipeline\\Pipeline->Illuminate\\Pipeline\\{closure}(Object(Illuminate\\Http\\Request))
#13 C:\\xampp\\htdocs\\serbiscrm\\vendor\\laravel\\framework\\src\\Illuminate\\Pipeline\\Pipeline.php(180): App\\Http\\Middleware\\HandleRedirectAfterLogin->handle(Object(Illuminate\\Http\\Request), Object(Closure))
#14 C:\\xampp\\htdocs\\serbiscrm\\app\\Http\\Middleware\\CheckCompanySubscription.php(32): Illuminate\\Pipeline\\Pipeline->Illuminate\\Pipeline\\{closure}(Object(Illuminate\\Http\\Request))
#15 C:\\xampp\\htdocs\\serbiscrm\\vendor\\laravel\\framework\\src\\Illuminate\\Pipeline\\Pipeline.php(180): App\\Http\\Middleware\\CheckCompanySubscription->handle(Object(Illuminate\\Http\\Request), Object(Closure))
#16 C:\\xampp\\htdocs\\serbiscrm\\app\\Http\\Middleware\\CheckTenantId.php(43): Illuminate\\Pipeline\\Pipeline->Illuminate\\Pipeline\\{closure}(Object(Illuminate\\Http\\Request))
#17 C:\\xampp\\htdocs\\serbiscrm\\vendor\\laravel\\framework\\src\\Illuminate\\Pipeline\\Pipeline.php(180): App\\Http\\Middleware\\CheckTenantId->handle(Object(Illuminate\\Http\\Request), Object(Closure))
#18 C:\\xampp\\htdocs\\serbiscrm\\app\\Http\\Middleware\\CheckTrialStatus.php(28): Illuminate\\Pipeline\\Pipeline->Illuminate\\Pipeline\\{closure}(Object(Illuminate\\Http\\Request))
#19 C:\\xampp\\htdocs\\serbiscrm\\vendor\\laravel\\framework\\src\\Illuminate\\Pipeline\\Pipeline.php(180): App\\Http\\Middleware\\CheckTrialStatus->handle(Object(Illuminate\\Http\\Request), Object(Closure))
#20 C:\\xampp\\htdocs\\serbiscrm\\vendor\\laravel\\framework\\src\\Illuminate\\Routing\\Middleware\\SubstituteBindings.php(50): Illuminate\\Pipeline\\Pipeline->Illuminate\\Pipeline\\{closure}(Object(Illuminate\\Http\\Request))
#21 C:\\xampp\\htdocs\\serbiscrm\\vendor\\laravel\\framework\\src\\Illuminate\\Pipeline\\Pipeline.php(180): Illuminate\\Routing\\Middleware\\SubstituteBindings->handle(Object(Illuminate\\Http\\Request), Object(Closure))
#22 C:\\xampp\\htdocs\\serbiscrm\\vendor\\laravel\\framework\\src\\Illuminate\\Auth\\Middleware\\Authenticate.php(57): Illuminate\\Pipeline\\Pipeline->Illuminate\\Pipeline\\{closure}(Object(Illuminate\\Http\\Request))
#23 C:\\xampp\\htdocs\\serbiscrm\\vendor\\laravel\\framework\\src\\Illuminate\\Pipeline\\Pipeline.php(180): Illuminate\\Auth\\Middleware\\Authenticate->handle(Object(Illuminate\\Http\\Request), Object(Closure))
#24 C:\\xampp\\htdocs\\serbiscrm\\vendor\\laravel\\framework\\src\\Illuminate\\Foundation\\Http\\Middleware\\VerifyCsrfToken.php(78): Illuminate\\Pipeline\\Pipeline->Illuminate\\Pipeline\\{closure}(Object(Illuminate\\Http\\Request))
#25 C:\\xampp\\htdocs\\serbiscrm\\vendor\\laravel\\framework\\src\\Illuminate\\Pipeline\\Pipeline.php(180): Illuminate\\Foundation\\Http\\Middleware\\VerifyCsrfToken->handle(Object(Illuminate\\Http\\Request), Object(Closure))
#26 C:\\xampp\\htdocs\\serbiscrm\\vendor\\laravel\\framework\\src\\Illuminate\\View\\Middleware\\ShareErrorsFromSession.php(49): Illuminate\\Pipeline\\Pipeline->Illuminate\\Pipeline\\{closure}(Object(Illuminate\\Http\\Request))
#27 C:\\xampp\\htdocs\\serbiscrm\\vendor\\laravel\\framework\\src\\Illuminate\\Pipeline\\Pipeline.php(180): Illuminate\\View\\Middleware\\ShareErrorsFromSession->handle(Object(Illuminate\\Http\\Request), Object(Closure))
#28 C:\\xampp\\htdocs\\serbiscrm\\vendor\\laravel\\framework\\src\\Illuminate\\Session\\Middleware\\StartSession.php(121): Illuminate\\Pipeline\\Pipeline->Illuminate\\Pipeline\\{closure}(Object(Illuminate\\Http\\Request))
#29 C:\\xampp\\htdocs\\serbiscrm\\vendor\\laravel\\framework\\src\\Illuminate\\Session\\Middleware\\StartSession.php(64): Illuminate\\Session\\Middleware\\StartSession->handleStatefulRequest(Object(Illuminate\\Http\\Request), Object(Illuminate\\Session\\Store), Object(Closure))
#30 C:\\xampp\\htdocs\\serbiscrm\\vendor\\laravel\\framework\\src\\Illuminate\\Pipeline\\Pipeline.php(180): Illuminate\\Session\\Middleware\\StartSession->handle(Object(Illuminate\\Http\\Request), Object(Closure))
#31 C:\\xampp\\htdocs\\serbiscrm\\vendor\\laravel\\framework\\src\\Illuminate\\Cookie\\Middleware\\AddQueuedCookiesToResponse.php(37): Illuminate\\Pipeline\\Pipeline->Illuminate\\Pipeline\\{closure}(Object(Illuminate\\Http\\Request))
#32 C:\\xampp\\htdocs\\serbiscrm\\vendor\\laravel\\framework\\src\\Illuminate\\Pipeline\\Pipeline.php(180): Illuminate\\Cookie\\Middleware\\AddQueuedCookiesToResponse->handle(Object(Illuminate\\Http\\Request), Object(Closure))
#33 C:\\xampp\\htdocs\\serbiscrm\\vendor\\laravel\\framework\\src\\Illuminate\\Cookie\\Middleware\\EncryptCookies.php(67): Illuminate\\Pipeline\\Pipeline->Illuminate\\Pipeline\\{closure}(Object(Illuminate\\Http\\Request))
#34 C:\\xampp\\htdocs\\serbiscrm\\vendor\\laravel\\framework\\src\\Illuminate\\Pipeline\\Pipeline.php(180): Illuminate\\Cookie\\Middleware\\EncryptCookies->handle(Object(Illuminate\\Http\\Request), Object(Closure))
#35 C:\\xampp\\htdocs\\serbiscrm\\vendor\\laravel\\framework\\src\\Illuminate\\Pipeline\\Pipeline.php(116): Illuminate\\Pipeline\\Pipeline->Illuminate\\Pipeline\\{closure}(Object(Illuminate\\Http\\Request))
#36 C:\\xampp\\htdocs\\serbiscrm\\vendor\\laravel\\framework\\src\\Illuminate\\Routing\\Router.php(798): Illuminate\\Pipeline\\Pipeline->then(Object(Closure))
#37 C:\\xampp\\htdocs\\serbiscrm\\vendor\\laravel\\framework\\src\\Illuminate\\Routing\\Router.php(777): Illuminate\\Routing\\Router->runRouteWithinStack(Object(Illuminate\\Routing\\Route), Object(Illuminate\\Http\\Request))
#38 C:\\xampp\\htdocs\\serbiscrm\\vendor\\laravel\\framework\\src\\Illuminate\\Routing\\Router.php(741): Illuminate\\Routing\\Router->runRoute(Object(Illuminate\\Http\\Request), Object(Illuminate\\Routing\\Route))
#39 C:\\xampp\\htdocs\\serbiscrm\\vendor\\laravel\\framework\\src\\Illuminate\\Routing\\Router.php(730): Illuminate\\Routing\\Router->dispatchToRoute(Object(Illuminate\\Http\\Request))
#40 C:\\xampp\\htdocs\\serbiscrm\\vendor\\laravel\\framework\\src\\Illuminate\\Foundation\\Http\\Kernel.php(200): Illuminate\\Routing\\Router->dispatch(Object(Illuminate\\Http\\Request))
#41 C:\\xampp\\htdocs\\serbiscrm\\vendor\\laravel\\framework\\src\\Illuminate\\Pipeline\\Pipeline.php(141): Illuminate\\Foundation\\Http\\Kernel->Illuminate\\Foundation\\Http\\{closure}(Object(Illuminate\\Http\\Request))
#42 C:\\xampp\\htdocs\\serbiscrm\\app\\Http\\Middleware\\ImpersonationMiddleware.php(51): Illuminate\\Pipeline\\Pipeline->Illuminate\\Pipeline\\{closure}(Object(Illuminate\\Http\\Request))
#43 C:\\xampp\\htdocs\\serbiscrm\\vendor\\laravel\\framework\\src\\Illuminate\\Pipeline\\Pipeline.php(180): App\\Http\\Middleware\\ImpersonationMiddleware->handle(Object(Illuminate\\Http\\Request), Object(Closure))
#44 C:\\xampp\\htdocs\\serbiscrm\\vendor\\laravel\\framework\\src\\Illuminate\\Foundation\\Http\\Middleware\\TransformsRequest.php(21): Illuminate\\Pipeline\\Pipeline->Illuminate\\Pipeline\\{closure}(Object(Illuminate\\Http\\Request))
#45 C:\\xampp\\htdocs\\serbiscrm\\vendor\\laravel\\framework\\src\\Illuminate\\Foundation\\Http\\Middleware\\ConvertEmptyStringsToNull.php(31): Illuminate\\Foundation\\Http\\Middleware\\TransformsRequest->handle(Object(Illuminate\\Http\\Request), Object(Closure))
#46 C:\\xampp\\htdocs\\serbiscrm\\vendor\\laravel\\framework\\src\\Illuminate\\Pipeline\\Pipeline.php(180): Illuminate\\Foundation\\Http\\Middleware\\ConvertEmptyStringsToNull->handle(Object(Illuminate\\Http\\Request), Object(Closure))
#47 C:\\xampp\\htdocs\\serbiscrm\\vendor\\laravel\\framework\\src\\Illuminate\\Foundation\\Http\\Middleware\\TransformsRequest.php(21): Illuminate\\Pipeline\\Pipeline->Illuminate\\Pipeline\\{closure}(Object(Illuminate\\Http\\Request))
#48 C:\\xampp\\htdocs\\serbiscrm\\vendor\\laravel\\framework\\src\\Illuminate\\Foundation\\Http\\Middleware\\TrimStrings.php(40): Illuminate\\Foundation\\Http\\Middleware\\TransformsRequest->handle(Object(Illuminate\\Http\\Request), Object(Closure))
#49 C:\\xampp\\htdocs\\serbiscrm\\vendor\\laravel\\framework\\src\\Illuminate\\Pipeline\\Pipeline.php(180): Illuminate\\Foundation\\Http\\Middleware\\TrimStrings->handle(Object(Illuminate\\Http\\Request), Object(Closure))
#50 C:\\xampp\\htdocs\\serbiscrm\\vendor\\laravel\\framework\\src\\Illuminate\\Foundation\\Http\\Middleware\\ValidatePostSize.php(27): Illuminate\\Pipeline\\Pipeline->Illuminate\\Pipeline\\{closure}(Object(Illuminate\\Http\\Request))
#51 C:\\xampp\\htdocs\\serbiscrm\\vendor\\laravel\\framework\\src\\Illuminate\\Pipeline\\Pipeline.php(180): Illuminate\\Foundation\\Http\\Middleware\\ValidatePostSize->handle(Object(Illuminate\\Http\\Request), Object(Closure))
#52 C:\\xampp\\htdocs\\serbiscrm\\vendor\\laravel\\framework\\src\\Illuminate\\Foundation\\Http\\Middleware\\PreventRequestsDuringMaintenance.php(99): Illuminate\\Pipeline\\Pipeline->Illuminate\\Pipeline\\{closure}(Object(Illuminate\\Http\\Request))
#53 C:\\xampp\\htdocs\\serbiscrm\\vendor\\laravel\\framework\\src\\Illuminate\\Pipeline\\Pipeline.php(180): Illuminate\\Foundation\\Http\\Middleware\\PreventRequestsDuringMaintenance->handle(Object(Illuminate\\Http\\Request), Object(Closure))
#54 C:\\xampp\\htdocs\\serbiscrm\\vendor\\laravel\\framework\\src\\Illuminate\\Http\\Middleware\\HandleCors.php(49): Illuminate\\Pipeline\\Pipeline->Illuminate\\Pipeline\\{closure}(Object(Illuminate\\Http\\Request))
#55 C:\\xampp\\htdocs\\serbiscrm\\vendor\\laravel\\framework\\src\\Illuminate\\Pipeline\\Pipeline.php(180): Illuminate\\Http\\Middleware\\HandleCors->handle(Object(Illuminate\\Http\\Request), Object(Closure))
#56 C:\\xampp\\htdocs\\serbiscrm\\vendor\\laravel\\framework\\src\\Illuminate\\Http\\Middleware\\TrustProxies.php(39): Illuminate\\Pipeline\\Pipeline->Illuminate\\Pipeline\\{closure}(Object(Illuminate\\Http\\Request))
#57 C:\\xampp\\htdocs\\serbiscrm\\vendor\\laravel\\framework\\src\\Illuminate\\Pipeline\\Pipeline.php(180): Illuminate\\Http\\Middleware\\TrustProxies->handle(Object(Illuminate\\Http\\Request), Object(Closure))
#58 C:\\xampp\\htdocs\\serbiscrm\\vendor\\laravel\\framework\\src\\Illuminate\\Pipeline\\Pipeline.php(116): Illuminate\\Pipeline\\Pipeline->Illuminate\\Pipeline\\{closure}(Object(Illuminate\\Http\\Request))
#59 C:\\xampp\\htdocs\\serbiscrm\\vendor\\laravel\\framework\\src\\Illuminate\\Foundation\\Http\\Kernel.php(175): Illuminate\\Pipeline\\Pipeline->then(Object(Closure))
#60 C:\\xampp\\htdocs\\serbiscrm\\vendor\\laravel\\framework\\src\\Illuminate\\Foundation\\Http\\Kernel.php(144): Illuminate\\Foundation\\Http\\Kernel->sendRequestThroughRouter(Object(Illuminate\\Http\\Request))
#61 C:\\xampp\\htdocs\\serbiscrm\\public\\index.php(51): Illuminate\\Foundation\\Http\\Kernel->handle(Object(Illuminate\\Http\\Request))
#62 C:\\xampp\\htdocs\\serbiscrm\\vendor\\laravel\\framework\\src\\Illuminate\\Foundation\\resources\\server.php(16): require_once('C:\\\\xampp\\\\htdocs...')
#63 {main}"} 
[2025-12-03 14:30:25] local.ERROR: Fatura entegrasyona gönderilemedi {"invoice_id":53,"error":"API Hatası: {\"errors\":[{\"detail\":\"Ürün/hizmet doldurulmalı\"}]}"} 
[2025-12-03 14:30:30] local.INFO: Paraşüt token cache'den alındı  
[2025-12-03 14:30:30] local.INFO: Paraşüt token cache'den alındı  
[2025-12-03 14:30:30] local.INFO: Paraşüt token cache'den alındı  
[2025-12-03 14:30:30] local.WARNING: Fatura numarası boş olduğu için Paraşüt'te arama yapılamadı. {"local_invoice_id":53} 
[2025-12-03 14:40:13] local.INFO: Paraşüt Token İsteği Gönderiliyor {"url":"https://api.parasut.com/oauth/token","client_id":null,"username":null,"has_password":false,"has_secret":false} 
[2025-12-03 14:40:13] local.INFO: Paraşüt Token Yanıtı {"status":400,"body":"{\"error\":\"invalid_grant\",\"error_description\":\"The provided authorization grant is invalid, expired, revoked, does not match the redirection URI used in the authorization request, or was issued to another client.\"}"} 
[2025-12-03 14:40:13] local.ERROR: Paraşüt Token Hatası {"status":400,"body":"{\"error\":\"invalid_grant\",\"error_description\":\"The provided authorization grant is invalid, expired, revoked, does not match the redirection URI used in the authorization request, or was issued to another client.\"}"} 
[2025-12-03 14:40:13] local.ERROR: Paraşüt Token Exception {"error":"Token alınamadı: {\"error\":\"invalid_grant\",\"error_description\":\"The provided authorization grant is invalid, expired, revoked, does not match the redirection URI used in the authorization request, or was issued to another client.\"}"} 
[2025-12-03 14:40:31] local.INFO: Paraşüt Token İsteği Gönderiliyor {"url":"https://api.parasut.com/oauth/token","client_id":null,"username":null,"has_password":false,"has_secret":false} 
[2025-12-03 14:40:31] local.INFO: Paraşüt Token Yanıtı {"status":400,"body":"{\"error\":\"invalid_grant\",\"error_description\":\"The provided authorization grant is invalid, expired, revoked, does not match the redirection URI used in the authorization request, or was issued to another client.\"}"} 
[2025-12-03 14:40:31] local.ERROR: Paraşüt Token Hatası {"status":400,"body":"{\"error\":\"invalid_grant\",\"error_description\":\"The provided authorization grant is invalid, expired, revoked, does not match the redirection URI used in the authorization request, or was issued to another client.\"}"} 
[2025-12-03 14:40:31] local.ERROR: Paraşüt Token Exception {"error":"Token alınamadı: {\"error\":\"invalid_grant\",\"error_description\":\"The provided authorization grant is invalid, expired, revoked, does not match the redirection URI used in the authorization request, or was issued to another client.\"}"} 
[2025-12-03 14:40:57] local.ERROR: Undefined array key "product_id" {"userId":47,"exception":"[object] (ErrorException(code: 0): Undefined array key \"product_id\" at C:\\xampp\\htdocs\\serbiscrm\\app\\Services\\ParasutService.php:211)
[stacktrace]
#0 C:\\xampp\\htdocs\\serbiscrm\\vendor\\laravel\\framework\\src\\Illuminate\\Foundation\\Bootstrap\\HandleExceptions.php(254): Illuminate\\Foundation\\Bootstrap\\HandleExceptions->handleError(2, 'Undefined array...', 'C:\\\\xampp\\\\htdocs...', 211)
#1 C:\\xampp\\htdocs\\serbiscrm\\app\\Services\\ParasutService.php(211): Illuminate\\Foundation\\Bootstrap\\HandleExceptions->Illuminate\\Foundation\\Bootstrap\\{closure}(2, 'Undefined array...', 'C:\\\\xampp\\\\htdocs...', 211)
#2 C:\\xampp\\htdocs\\serbiscrm\\routes\\web.php(175): App\\Services\\ParasutService->createInvoice('2047425', Array, Array)
#3 C:\\xampp\\htdocs\\serbiscrm\\vendor\\laravel\\framework\\src\\Illuminate\\Routing\\CallableDispatcher.php(40): Illuminate\\Routing\\RouteFileRegistrar->{closure}(Object(App\\Services\\ParasutService))
#4 C:\\xampp\\htdocs\\serbiscrm\\vendor\\laravel\\framework\\src\\Illuminate\\Routing\\Route.php(237): Illuminate\\Routing\\CallableDispatcher->dispatch(Object(Illuminate\\Routing\\Route), Object(Closure))
#5 C:\\xampp\\htdocs\\serbiscrm\\vendor\\laravel\\framework\\src\\Illuminate\\Routing\\Route.php(208): Illuminate\\Routing\\Route->runCallable()
#6 C:\\xampp\\htdocs\\serbiscrm\\vendor\\laravel\\framework\\src\\Illuminate\\Routing\\Router.php(799): Illuminate\\Routing\\Route->run()
#7 C:\\xampp\\htdocs\\serbiscrm\\vendor\\laravel\\framework\\src\\Illuminate\\Pipeline\\Pipeline.php(141): Illuminate\\Routing\\Router->Illuminate\\Routing\\{closure}(Object(Illuminate\\Http\\Request))
#8 C:\\xampp\\htdocs\\serbiscrm\\app\\Http\\Middleware\\CheckTrialStatus.php(28): Illuminate\\Pipeline\\Pipeline->Illuminate\\Pipeline\\{closure}(Object(Illuminate\\Http\\Request))
#9 C:\\xampp\\htdocs\\serbiscrm\\vendor\\laravel\\framework\\src\\Illuminate\\Pipeline\\Pipeline.php(180): App\\Http\\Middleware\\CheckTrialStatus->handle(Object(Illuminate\\Http\\Request), Object(Closure))
#10 C:\\xampp\\htdocs\\serbiscrm\\vendor\\laravel\\framework\\src\\Illuminate\\Routing\\Middleware\\SubstituteBindings.php(50): Illuminate\\Pipeline\\Pipeline->Illuminate\\Pipeline\\{closure}(Object(Illuminate\\Http\\Request))
#11 C:\\xampp\\htdocs\\serbiscrm\\vendor\\laravel\\framework\\src\\Illuminate\\Pipeline\\Pipeline.php(180): Illuminate\\Routing\\Middleware\\SubstituteBindings->handle(Object(Illuminate\\Http\\Request), Object(Closure))
#12 C:\\xampp\\htdocs\\serbiscrm\\vendor\\laravel\\framework\\src\\Illuminate\\Foundation\\Http\\Middleware\\VerifyCsrfToken.php(78): Illuminate\\Pipeline\\Pipeline->Illuminate\\Pipeline\\{closure}(Object(Illuminate\\Http\\Request))
#13 C:\\xampp\\htdocs\\serbiscrm\\vendor\\laravel\\framework\\src\\Illuminate\\Pipeline\\Pipeline.php(180): Illuminate\\Foundation\\Http\\Middleware\\VerifyCsrfToken->handle(Object(Illuminate\\Http\\Request), Object(Closure))
#14 C:\\xampp\\htdocs\\serbiscrm\\vendor\\laravel\\framework\\src\\Illuminate\\View\\Middleware\\ShareErrorsFromSession.php(49): Illuminate\\Pipeline\\Pipeline->Illuminate\\Pipeline\\{closure}(Object(Illuminate\\Http\\Request))
#15 C:\\xampp\\htdocs\\serbiscrm\\vendor\\laravel\\framework\\src\\Illuminate\\Pipeline\\Pipeline.php(180): Illuminate\\View\\Middleware\\ShareErrorsFromSession->handle(Object(Illuminate\\Http\\Request), Object(Closure))
#16 C:\\xampp\\htdocs\\serbiscrm\\vendor\\laravel\\framework\\src\\Illuminate\\Session\\Middleware\\StartSession.php(121): Illuminate\\Pipeline\\Pipeline->Illuminate\\Pipeline\\{closure}(Object(Illuminate\\Http\\Request))
#17 C:\\xampp\\htdocs\\serbiscrm\\vendor\\laravel\\framework\\src\\Illuminate\\Session\\Middleware\\StartSession.php(64): Illuminate\\Session\\Middleware\\StartSession->handleStatefulRequest(Object(Illuminate\\Http\\Request), Object(Illuminate\\Session\\Store), Object(Closure))
#18 C:\\xampp\\htdocs\\serbiscrm\\vendor\\laravel\\framework\\src\\Illuminate\\Pipeline\\Pipeline.php(180): Illuminate\\Session\\Middleware\\StartSession->handle(Object(Illuminate\\Http\\Request), Object(Closure))
#19 C:\\xampp\\htdocs\\serbiscrm\\vendor\\laravel\\framework\\src\\Illuminate\\Cookie\\Middleware\\AddQueuedCookiesToResponse.php(37): Illuminate\\Pipeline\\Pipeline->Illuminate\\Pipeline\\{closure}(Object(Illuminate\\Http\\Request))
#20 C:\\xampp\\htdocs\\serbiscrm\\vendor\\laravel\\framework\\src\\Illuminate\\Pipeline\\Pipeline.php(180): Illuminate\\Cookie\\Middleware\\AddQueuedCookiesToResponse->handle(Object(Illuminate\\Http\\Request), Object(Closure))
#21 C:\\xampp\\htdocs\\serbiscrm\\vendor\\laravel\\framework\\src\\Illuminate\\Cookie\\Middleware\\EncryptCookies.php(67): Illuminate\\Pipeline\\Pipeline->Illuminate\\Pipeline\\{closure}(Object(Illuminate\\Http\\Request))
#22 C:\\xampp\\htdocs\\serbiscrm\\vendor\\laravel\\framework\\src\\Illuminate\\Pipeline\\Pipeline.php(180): Illuminate\\Cookie\\Middleware\\EncryptCookies->handle(Object(Illuminate\\Http\\Request), Object(Closure))
#23 C:\\xampp\\htdocs\\serbiscrm\\vendor\\laravel\\framework\\src\\Illuminate\\Pipeline\\Pipeline.php(116): Illuminate\\Pipeline\\Pipeline->Illuminate\\Pipeline\\{closure}(Object(Illuminate\\Http\\Request))
#24 C:\\xampp\\htdocs\\serbiscrm\\vendor\\laravel\\framework\\src\\Illuminate\\Routing\\Router.php(798): Illuminate\\Pipeline\\Pipeline->then(Object(Closure))
#25 C:\\xampp\\htdocs\\serbiscrm\\vendor\\laravel\\framework\\src\\Illuminate\\Routing\\Router.php(777): Illuminate\\Routing\\Router->runRouteWithinStack(Object(Illuminate\\Routing\\Route), Object(Illuminate\\Http\\Request))
#26 C:\\xampp\\htdocs\\serbiscrm\\vendor\\laravel\\framework\\src\\Illuminate\\Routing\\Router.php(741): Illuminate\\Routing\\Router->runRoute(Object(Illuminate\\Http\\Request), Object(Illuminate\\Routing\\Route))
#27 C:\\xampp\\htdocs\\serbiscrm\\vendor\\laravel\\framework\\src\\Illuminate\\Routing\\Router.php(730): Illuminate\\Routing\\Router->dispatchToRoute(Object(Illuminate\\Http\\Request))
#28 C:\\xampp\\htdocs\\serbiscrm\\vendor\\laravel\\framework\\src\\Illuminate\\Foundation\\Http\\Kernel.php(200): Illuminate\\Routing\\Router->dispatch(Object(Illuminate\\Http\\Request))
#29 C:\\xampp\\htdocs\\serbiscrm\\vendor\\laravel\\framework\\src\\Illuminate\\Pipeline\\Pipeline.php(141): Illuminate\\Foundation\\Http\\Kernel->Illuminate\\Foundation\\Http\\{closure}(Object(Illuminate\\Http\\Request))
#30 C:\\xampp\\htdocs\\serbiscrm\\app\\Http\\Middleware\\ImpersonationMiddleware.php(51): Illuminate\\Pipeline\\Pipeline->Illuminate\\Pipeline\\{closure}(Object(Illuminate\\Http\\Request))
#31 C:\\xampp\\htdocs\\serbiscrm\\vendor\\laravel\\framework\\src\\Illuminate\\Pipeline\\Pipeline.php(180): App\\Http\\Middleware\\ImpersonationMiddleware->handle(Object(Illuminate\\Http\\Request), Object(Closure))
#32 C:\\xampp\\htdocs\\serbiscrm\\vendor\\laravel\\framework\\src\\Illuminate\\Foundation\\Http\\Middleware\\TransformsRequest.php(21): Illuminate\\Pipeline\\Pipeline->Illuminate\\Pipeline\\{closure}(Object(Illuminate\\Http\\Request))
#33 C:\\xampp\\htdocs\\serbiscrm\\vendor\\laravel\\framework\\src\\Illuminate\\Foundation\\Http\\Middleware\\ConvertEmptyStringsToNull.php(31): Illuminate\\Foundation\\Http\\Middleware\\TransformsRequest->handle(Object(Illuminate\\Http\\Request), Object(Closure))
#34 C:\\xampp\\htdocs\\serbiscrm\\vendor\\laravel\\framework\\src\\Illuminate\\Pipeline\\Pipeline.php(180): Illuminate\\Foundation\\Http\\Middleware\\ConvertEmptyStringsToNull->handle(Object(Illuminate\\Http\\Request), Object(Closure))
#35 C:\\xampp\\htdocs\\serbiscrm\\vendor\\laravel\\framework\\src\\Illuminate\\Foundation\\Http\\Middleware\\TransformsRequest.php(21): Illuminate\\Pipeline\\Pipeline->Illuminate\\Pipeline\\{closure}(Object(Illuminate\\Http\\Request))
#36 C:\\xampp\\htdocs\\serbiscrm\\vendor\\laravel\\framework\\src\\Illuminate\\Foundation\\Http\\Middleware\\TrimStrings.php(40): Illuminate\\Foundation\\Http\\Middleware\\TransformsRequest->handle(Object(Illuminate\\Http\\Request), Object(Closure))
#37 C:\\xampp\\htdocs\\serbiscrm\\vendor\\laravel\\framework\\src\\Illuminate\\Pipeline\\Pipeline.php(180): Illuminate\\Foundation\\Http\\Middleware\\TrimStrings->handle(Object(Illuminate\\Http\\Request), Object(Closure))
#38 C:\\xampp\\htdocs\\serbiscrm\\vendor\\laravel\\framework\\src\\Illuminate\\Foundation\\Http\\Middleware\\ValidatePostSize.php(27): Illuminate\\Pipeline\\Pipeline->Illuminate\\Pipeline\\{closure}(Object(Illuminate\\Http\\Request))
#39 C:\\xampp\\htdocs\\serbiscrm\\vendor\\laravel\\framework\\src\\Illuminate\\Pipeline\\Pipeline.php(180): Illuminate\\Foundation\\Http\\Middleware\\ValidatePostSize->handle(Object(Illuminate\\Http\\Request), Object(Closure))
#40 C:\\xampp\\htdocs\\serbiscrm\\vendor\\laravel\\framework\\src\\Illuminate\\Foundation\\Http\\Middleware\\PreventRequestsDuringMaintenance.php(99): Illuminate\\Pipeline\\Pipeline->Illuminate\\Pipeline\\{closure}(Object(Illuminate\\Http\\Request))
#41 C:\\xampp\\htdocs\\serbiscrm\\vendor\\laravel\\framework\\src\\Illuminate\\Pipeline\\Pipeline.php(180): Illuminate\\Foundation\\Http\\Middleware\\PreventRequestsDuringMaintenance->handle(Object(Illuminate\\Http\\Request), Object(Closure))
#42 C:\\xampp\\htdocs\\serbiscrm\\vendor\\laravel\\framework\\src\\Illuminate\\Http\\Middleware\\HandleCors.php(49): Illuminate\\Pipeline\\Pipeline->Illuminate\\Pipeline\\{closure}(Object(Illuminate\\Http\\Request))
#43 C:\\xampp\\htdocs\\serbiscrm\\vendor\\laravel\\framework\\src\\Illuminate\\Pipeline\\Pipeline.php(180): Illuminate\\Http\\Middleware\\HandleCors->handle(Object(Illuminate\\Http\\Request), Object(Closure))
#44 C:\\xampp\\htdocs\\serbiscrm\\vendor\\laravel\\framework\\src\\Illuminate\\Http\\Middleware\\TrustProxies.php(39): Illuminate\\Pipeline\\Pipeline->Illuminate\\Pipeline\\{closure}(Object(Illuminate\\Http\\Request))
#45 C:\\xampp\\htdocs\\serbiscrm\\vendor\\laravel\\framework\\src\\Illuminate\\Pipeline\\Pipeline.php(180): Illuminate\\Http\\Middleware\\TrustProxies->handle(Object(Illuminate\\Http\\Request), Object(Closure))
#46 C:\\xampp\\htdocs\\serbiscrm\\vendor\\laravel\\framework\\src\\Illuminate\\Pipeline\\Pipeline.php(116): Illuminate\\Pipeline\\Pipeline->Illuminate\\Pipeline\\{closure}(Object(Illuminate\\Http\\Request))
#47 C:\\xampp\\htdocs\\serbiscrm\\vendor\\laravel\\framework\\src\\Illuminate\\Foundation\\Http\\Kernel.php(175): Illuminate\\Pipeline\\Pipeline->then(Object(Closure))
#48 C:\\xampp\\htdocs\\serbiscrm\\vendor\\laravel\\framework\\src\\Illuminate\\Foundation\\Http\\Kernel.php(144): Illuminate\\Foundation\\Http\\Kernel->sendRequestThroughRouter(Object(Illuminate\\Http\\Request))
#49 C:\\xampp\\htdocs\\serbiscrm\\public\\index.php(51): Illuminate\\Foundation\\Http\\Kernel->handle(Object(Illuminate\\Http\\Request))
#50 C:\\xampp\\htdocs\\serbiscrm\\vendor\\laravel\\framework\\src\\Illuminate\\Foundation\\resources\\server.php(16): require_once('C:\\\\xampp\\\\htdocs...')
#51 {main}
"} 
[2025-12-03 14:41:13] local.INFO: Paraşüt Token İsteği Gönderiliyor {"url":"https://api.parasut.com/oauth/token","client_id":null,"username":null,"has_password":false,"has_secret":false} 
[2025-12-03 14:41:13] local.INFO: Paraşüt Token Yanıtı {"status":400,"body":"{\"error\":\"invalid_grant\",\"error_description\":\"The provided authorization grant is invalid, expired, revoked, does not match the redirection URI used in the authorization request, or was issued to another client.\"}"} 
[2025-12-03 14:41:13] local.ERROR: Paraşüt Token Hatası {"status":400,"body":"{\"error\":\"invalid_grant\",\"error_description\":\"The provided authorization grant is invalid, expired, revoked, does not match the redirection URI used in the authorization request, or was issued to another client.\"}"} 
[2025-12-03 14:41:13] local.ERROR: Paraşüt Token Exception {"error":"Token alınamadı: {\"error\":\"invalid_grant\",\"error_description\":\"The provided authorization grant is invalid, expired, revoked, does not match the redirection URI used in the authorization request, or was issued to another client.\"}"} 
[2025-12-03 14:41:13] local.ERROR: Paraşüt API Exception {"error":"Token alınamadı: {\"error\":\"invalid_grant\",\"error_description\":\"The provided authorization grant is invalid, expired, revoked, does not match the redirection URI used in the authorization request, or was issued to another client.\"}"} 
[2025-12-03 14:41:52] local.INFO: Fatura Oluşturma İsteği (YENİ) {"data":"{
    \"data\": {
        \"type\": \"sales_invoices\",
        \"attributes\": {
            \"item_type\": \"invoice\",
            \"description\": \"Test Servis Faturas\\u0131\",
            \"issue_date\": \"2025-12-03\",
            \"due_date\": \"2026-01-02\",
            \"currency\": \"TRL\",
            \"exchange_rate\": 1
        },
        \"relationships\": {
            \"details\": {
                \"data\": [
                    {
                        \"type\": \"sales_invoice_details\",
                        \"attributes\": {
                            \"quantity\": 1,
                            \"unit_price\": 500,
                            \"vat_rate\": 20,
                            \"description\": \"Teknik Servis Hizmeti\"
                        },
                        \"relationships\": {
                            \"product\": {
                                \"data\": {
                                    \"id\": \"252426\",
                                    \"type\": \"products\"
                                }
                            }
                        }
                    },
                    {
                        \"type\": \"sales_invoice_details\",
                        \"attributes\": {
                            \"quantity\": 2,
                            \"unit_price\": 150,
                            \"vat_rate\": 20,
                            \"description\": \"Yedek Par\\u00e7a\"
                        },
                        \"relationships\": {
                            \"product\": {
                                \"data\": {
                                    \"id\": \"252427\",
                                    \"type\": \"products\"
                                }
                            }
                        }
                    }
                ]
            },
            \"contact\": {
                \"data\": {
                    \"id\": \"2047425\",
                    \"type\": \"contacts\"
                }
            }
        }
    }
}"} 
[2025-12-03 14:41:52] local.INFO: Paraşüt Token İsteği Gönderiliyor {"url":"https://api.parasut.com/oauth/token","client_id":null,"username":null,"has_password":false,"has_secret":false} 
[2025-12-03 14:41:52] local.INFO: Paraşüt Token Yanıtı {"status":400,"body":"{\"error\":\"invalid_grant\",\"error_description\":\"The provided authorization grant is invalid, expired, revoked, does not match the redirection URI used in the authorization request, or was issued to another client.\"}"} 
[2025-12-03 14:41:52] local.ERROR: Paraşüt Token Hatası {"status":400,"body":"{\"error\":\"invalid_grant\",\"error_description\":\"The provided authorization grant is invalid, expired, revoked, does not match the redirection URI used in the authorization request, or was issued to another client.\"}"} 
[2025-12-03 14:41:52] local.ERROR: Paraşüt Token Exception {"error":"Token alınamadı: {\"error\":\"invalid_grant\",\"error_description\":\"The provided authorization grant is invalid, expired, revoked, does not match the redirection URI used in the authorization request, or was issued to another client.\"}"} 
[2025-12-03 14:41:52] local.ERROR: Paraşüt API Exception {"error":"Token alınamadı: {\"error\":\"invalid_grant\",\"error_description\":\"The provided authorization grant is invalid, expired, revoked, does not match the redirection URI used in the authorization request, or was issued to another client.\"}"} 
[2025-12-03 14:45:06] local.INFO: Paraşüt token cache'den alındı  
[2025-12-03 14:45:06] local.INFO: Paraşüt bağlantısı test ediliyor  
[2025-12-03 14:45:06] local.INFO: Paraşüt API isteği {"method":"get","url":"https://api.heroku-staging.parasut.com/v4/34746/contacts"} 
[2025-12-03 14:45:07] local.INFO: Paraşüt bağlantısı başarılı  
[2025-12-03 14:57:56] local.INFO: Paraşüt token cache'den alındı  
[2025-12-03 14:57:56] local.INFO: Paraşüt token cache'den alındı  
[2025-12-03 14:58:16] local.INFO: Paraşüt token cache'den alındı  
[2025-12-03 14:58:16] local.INFO: Fatura entegrasyona gönderiliyor (senkron) {"invoice_id":54,"tenant_id":"27"} 
[2025-12-03 14:58:16] local.INFO: Paraşüt token cache'den alındı  
[2025-12-03 14:58:16] local.INFO: Fatura oluşturuluyor {"invoice_number":null} 
[2025-12-03 14:58:16] local.INFO: TC No ile müşteri aranıyor {"tcNo":"11111111111"} 
[2025-12-03 14:58:16] local.INFO: Paraşüt API isteği {"method":"get","url":"https://api.heroku-staging.parasut.com/v4/34746/contacts"} 
[2025-12-03 14:58:16] local.INFO: Müşteri TC No ile bulundu {"customer_id":"2047425"} 
[2025-12-03 14:58:16] local.INFO: Müşteri Paraşüt'te zaten mevcut {"customer_id":"2047425","name":"Test Müşteri"} 
[2025-12-03 14:58:16] local.INFO: Müşteri durumu {"customer_id":"2047425","action":"found","message":"Müşteri zaten Paraşüt'te kayıtlı"} 
[2025-12-03 14:58:16] local.INFO: Paraşüt API isteği {"method":"get","url":"https://api.heroku-staging.parasut.com/v4/34746/products"} 
[2025-12-03 14:58:17] local.INFO: Paraşüt API isteği {"method":"post","url":"https://api.heroku-staging.parasut.com/v4/34746/products"} 
[2025-12-03 14:58:17] local.ERROR: Paraşüt API Hatası {"method":"post","endpoint":"products","error":"API Hatası: {\"status\":500,\"error\":\"Internal Server Error\"}"} 
[2025-12-03 14:58:17] local.ERROR: Ürün senkronizasyon hatası {"product_name":"GFJFGJ","error":"API Hatası: {\"status\":500,\"error\":\"Internal Server Error\"}"} 
[2025-12-03 14:58:17] local.INFO: Paraşüt API'ye fatura gönderiliyor {"customer_id":"2047425","items_count":1,"total":5496.0} 
[2025-12-03 14:58:17] local.INFO: Paraşüt API isteği {"method":"post","url":"https://api.heroku-staging.parasut.com/v4/34746/sales_invoices"} 
[2025-12-03 14:58:18] local.ERROR: Paraşüt API Hatası {"method":"post","endpoint":"sales_invoices","error":"API Hatası: {\"errors\":[{\"detail\":\"Ürün/hizmet doldurulmalı\"}]}"} 
[2025-12-03 14:58:18] local.ERROR: Paraşüt fatura oluşturma hatası: API Hatası: {"errors":[{"detail":"Ürün/hizmet doldurulmalı"}]} {"invoice_data":{"id":54,"faturaNumarasi":null,"faturaTarihi":"2025-12-03","indirim":0.0,"odemeDurum":null,"toplamTutar":5496.0,"genelToplam":5496.0,"kasaId":1,"kdvTutar":"20","faturaAciklama":null,"customer":{"adSoyad":"hatice çapacı","musteriTipi":"1","email":null,"tel1":"566 544 4444","vergiNo":null,"vergiDairesi":null,"tcNo":"11111111111","adres":"hdfhfd","il":"İSTANBUL","ilce":"ARNAVUTKÖY"},"items":[{"aciklama":"GFJFGJ","miktar":"2","fiyat":2290.0,"tutar":4580.0}],"vat_rate":null,"vat_withholding_rate":"0"},"trace":"#0 C:\\xampp\\htdocs\\serbiscrm\\app\\Services\\InvoiceIntegrations\\ParasutService.php(510): App\\Services\\InvoiceIntegrations\\ParasutService->makeRequest('post', 'sales_invoices', Array)
#1 C:\\xampp\\htdocs\\serbiscrm\\app\\Http\\Controllers\\Frontend\\InvoicesController.php(671): App\\Services\\InvoiceIntegrations\\ParasutService->createInvoice(Array)
#2 C:\\xampp\\htdocs\\serbiscrm\\vendor\\laravel\\framework\\src\\Illuminate\\Routing\\Controller.php(54): App\\Http\\Controllers\\Frontend\\InvoicesController->StoreInvoice(Object(Illuminate\\Http\\Request), '27')
#3 C:\\xampp\\htdocs\\serbiscrm\\vendor\\laravel\\framework\\src\\Illuminate\\Routing\\ControllerDispatcher.php(43): Illuminate\\Routing\\Controller->callAction('StoreInvoice', Array)
#4 C:\\xampp\\htdocs\\serbiscrm\\vendor\\laravel\\framework\\src\\Illuminate\\Routing\\Route.php(259): Illuminate\\Routing\\ControllerDispatcher->dispatch(Object(Illuminate\\Routing\\Route), Object(App\\Http\\Controllers\\Frontend\\InvoicesController), 'StoreInvoice')
#5 C:\\xampp\\htdocs\\serbiscrm\\vendor\\laravel\\framework\\src\\Illuminate\\Routing\\Route.php(205): Illuminate\\Routing\\Route->runController()
#6 C:\\xampp\\htdocs\\serbiscrm\\vendor\\laravel\\framework\\src\\Illuminate\\Routing\\Router.php(799): Illuminate\\Routing\\Route->run()
#7 C:\\xampp\\htdocs\\serbiscrm\\vendor\\laravel\\framework\\src\\Illuminate\\Pipeline\\Pipeline.php(141): Illuminate\\Routing\\Router->Illuminate\\Routing\\{closure}(Object(Illuminate\\Http\\Request))
#8 C:\\xampp\\htdocs\\serbiscrm\\app\\Http\\Middleware\\CheckStorageLimit.php(20): Illuminate\\Pipeline\\Pipeline->Illuminate\\Pipeline\\{closure}(Object(Illuminate\\Http\\Request))
#9 C:\\xampp\\htdocs\\serbiscrm\\vendor\\laravel\\framework\\src\\Illuminate\\Pipeline\\Pipeline.php(180): App\\Http\\Middleware\\CheckStorageLimit->handle(Object(Illuminate\\Http\\Request), Object(Closure))
#10 C:\\xampp\\htdocs\\serbiscrm\\app\\Http\\Middleware\\CheckTenantStatus.php(40): Illuminate\\Pipeline\\Pipeline->Illuminate\\Pipeline\\{closure}(Object(Illuminate\\Http\\Request))
#11 C:\\xampp\\htdocs\\serbiscrm\\vendor\\laravel\\framework\\src\\Illuminate\\Pipeline\\Pipeline.php(180): App\\Http\\Middleware\\CheckTenantStatus->handle(Object(Illuminate\\Http\\Request), Object(Closure))
#12 C:\\xampp\\htdocs\\serbiscrm\\app\\Http\\Middleware\\HandleRedirectAfterLogin.php(28): Illuminate\\Pipeline\\Pipeline->Illuminate\\Pipeline\\{closure}(Object(Illuminate\\Http\\Request))
#13 C:\\xampp\\htdocs\\serbiscrm\\vendor\\laravel\\framework\\src\\Illuminate\\Pipeline\\Pipeline.php(180): App\\Http\\Middleware\\HandleRedirectAfterLogin->handle(Object(Illuminate\\Http\\Request), Object(Closure))
#14 C:\\xampp\\htdocs\\serbiscrm\\app\\Http\\Middleware\\CheckCompanySubscription.php(32): Illuminate\\Pipeline\\Pipeline->Illuminate\\Pipeline\\{closure}(Object(Illuminate\\Http\\Request))
#15 C:\\xampp\\htdocs\\serbiscrm\\vendor\\laravel\\framework\\src\\Illuminate\\Pipeline\\Pipeline.php(180): App\\Http\\Middleware\\CheckCompanySubscription->handle(Object(Illuminate\\Http\\Request), Object(Closure))
#16 C:\\xampp\\htdocs\\serbiscrm\\app\\Http\\Middleware\\CheckTenantId.php(43): Illuminate\\Pipeline\\Pipeline->Illuminate\\Pipeline\\{closure}(Object(Illuminate\\Http\\Request))
#17 C:\\xampp\\htdocs\\serbiscrm\\vendor\\laravel\\framework\\src\\Illuminate\\Pipeline\\Pipeline.php(180): App\\Http\\Middleware\\CheckTenantId->handle(Object(Illuminate\\Http\\Request), Object(Closure))
#18 C:\\xampp\\htdocs\\serbiscrm\\app\\Http\\Middleware\\CheckTrialStatus.php(28): Illuminate\\Pipeline\\Pipeline->Illuminate\\Pipeline\\{closure}(Object(Illuminate\\Http\\Request))
#19 C:\\xampp\\htdocs\\serbiscrm\\vendor\\laravel\\framework\\src\\Illuminate\\Pipeline\\Pipeline.php(180): App\\Http\\Middleware\\CheckTrialStatus->handle(Object(Illuminate\\Http\\Request), Object(Closure))
#20 C:\\xampp\\htdocs\\serbiscrm\\vendor\\laravel\\framework\\src\\Illuminate\\Routing\\Middleware\\SubstituteBindings.php(50): Illuminate\\Pipeline\\Pipeline->Illuminate\\Pipeline\\{closure}(Object(Illuminate\\Http\\Request))
#21 C:\\xampp\\htdocs\\serbiscrm\\vendor\\laravel\\framework\\src\\Illuminate\\Pipeline\\Pipeline.php(180): Illuminate\\Routing\\Middleware\\SubstituteBindings->handle(Object(Illuminate\\Http\\Request), Object(Closure))
#22 C:\\xampp\\htdocs\\serbiscrm\\vendor\\laravel\\framework\\src\\Illuminate\\Auth\\Middleware\\Authenticate.php(57): Illuminate\\Pipeline\\Pipeline->Illuminate\\Pipeline\\{closure}(Object(Illuminate\\Http\\Request))
#23 C:\\xampp\\htdocs\\serbiscrm\\vendor\\laravel\\framework\\src\\Illuminate\\Pipeline\\Pipeline.php(180): Illuminate\\Auth\\Middleware\\Authenticate->handle(Object(Illuminate\\Http\\Request), Object(Closure))
#24 C:\\xampp\\htdocs\\serbiscrm\\vendor\\laravel\\framework\\src\\Illuminate\\Foundation\\Http\\Middleware\\VerifyCsrfToken.php(78): Illuminate\\Pipeline\\Pipeline->Illuminate\\Pipeline\\{closure}(Object(Illuminate\\Http\\Request))
#25 C:\\xampp\\htdocs\\serbiscrm\\vendor\\laravel\\framework\\src\\Illuminate\\Pipeline\\Pipeline.php(180): Illuminate\\Foundation\\Http\\Middleware\\VerifyCsrfToken->handle(Object(Illuminate\\Http\\Request), Object(Closure))
#26 C:\\xampp\\htdocs\\serbiscrm\\vendor\\laravel\\framework\\src\\Illuminate\\View\\Middleware\\ShareErrorsFromSession.php(49): Illuminate\\Pipeline\\Pipeline->Illuminate\\Pipeline\\{closure}(Object(Illuminate\\Http\\Request))
#27 C:\\xampp\\htdocs\\serbiscrm\\vendor\\laravel\\framework\\src\\Illuminate\\Pipeline\\Pipeline.php(180): Illuminate\\View\\Middleware\\ShareErrorsFromSession->handle(Object(Illuminate\\Http\\Request), Object(Closure))
#28 C:\\xampp\\htdocs\\serbiscrm\\vendor\\laravel\\framework\\src\\Illuminate\\Session\\Middleware\\StartSession.php(121): Illuminate\\Pipeline\\Pipeline->Illuminate\\Pipeline\\{closure}(Object(Illuminate\\Http\\Request))
#29 C:\\xampp\\htdocs\\serbiscrm\\vendor\\laravel\\framework\\src\\Illuminate\\Session\\Middleware\\StartSession.php(64): Illuminate\\Session\\Middleware\\StartSession->handleStatefulRequest(Object(Illuminate\\Http\\Request), Object(Illuminate\\Session\\Store), Object(Closure))
#30 C:\\xampp\\htdocs\\serbiscrm\\vendor\\laravel\\framework\\src\\Illuminate\\Pipeline\\Pipeline.php(180): Illuminate\\Session\\Middleware\\StartSession->handle(Object(Illuminate\\Http\\Request), Object(Closure))
#31 C:\\xampp\\htdocs\\serbiscrm\\vendor\\laravel\\framework\\src\\Illuminate\\Cookie\\Middleware\\AddQueuedCookiesToResponse.php(37): Illuminate\\Pipeline\\Pipeline->Illuminate\\Pipeline\\{closure}(Object(Illuminate\\Http\\Request))
#32 C:\\xampp\\htdocs\\serbiscrm\\vendor\\laravel\\framework\\src\\Illuminate\\Pipeline\\Pipeline.php(180): Illuminate\\Cookie\\Middleware\\AddQueuedCookiesToResponse->handle(Object(Illuminate\\Http\\Request), Object(Closure))
#33 C:\\xampp\\htdocs\\serbiscrm\\vendor\\laravel\\framework\\src\\Illuminate\\Cookie\\Middleware\\EncryptCookies.php(67): Illuminate\\Pipeline\\Pipeline->Illuminate\\Pipeline\\{closure}(Object(Illuminate\\Http\\Request))
#34 C:\\xampp\\htdocs\\serbiscrm\\vendor\\laravel\\framework\\src\\Illuminate\\Pipeline\\Pipeline.php(180): Illuminate\\Cookie\\Middleware\\EncryptCookies->handle(Object(Illuminate\\Http\\Request), Object(Closure))
#35 C:\\xampp\\htdocs\\serbiscrm\\vendor\\laravel\\framework\\src\\Illuminate\\Pipeline\\Pipeline.php(116): Illuminate\\Pipeline\\Pipeline->Illuminate\\Pipeline\\{closure}(Object(Illuminate\\Http\\Request))
#36 C:\\xampp\\htdocs\\serbiscrm\\vendor\\laravel\\framework\\src\\Illuminate\\Routing\\Router.php(798): Illuminate\\Pipeline\\Pipeline->then(Object(Closure))
#37 C:\\xampp\\htdocs\\serbiscrm\\vendor\\laravel\\framework\\src\\Illuminate\\Routing\\Router.php(777): Illuminate\\Routing\\Router->runRouteWithinStack(Object(Illuminate\\Routing\\Route), Object(Illuminate\\Http\\Request))
#38 C:\\xampp\\htdocs\\serbiscrm\\vendor\\laravel\\framework\\src\\Illuminate\\Routing\\Router.php(741): Illuminate\\Routing\\Router->runRoute(Object(Illuminate\\Http\\Request), Object(Illuminate\\Routing\\Route))
#39 C:\\xampp\\htdocs\\serbiscrm\\vendor\\laravel\\framework\\src\\Illuminate\\Routing\\Router.php(730): Illuminate\\Routing\\Router->dispatchToRoute(Object(Illuminate\\Http\\Request))
#40 C:\\xampp\\htdocs\\serbiscrm\\vendor\\laravel\\framework\\src\\Illuminate\\Foundation\\Http\\Kernel.php(200): Illuminate\\Routing\\Router->dispatch(Object(Illuminate\\Http\\Request))
#41 C:\\xampp\\htdocs\\serbiscrm\\vendor\\laravel\\framework\\src\\Illuminate\\Pipeline\\Pipeline.php(141): Illuminate\\Foundation\\Http\\Kernel->Illuminate\\Foundation\\Http\\{closure}(Object(Illuminate\\Http\\Request))
#42 C:\\xampp\\htdocs\\serbiscrm\\app\\Http\\Middleware\\ImpersonationMiddleware.php(51): Illuminate\\Pipeline\\Pipeline->Illuminate\\Pipeline\\{closure}(Object(Illuminate\\Http\\Request))
#43 C:\\xampp\\htdocs\\serbiscrm\\vendor\\laravel\\framework\\src\\Illuminate\\Pipeline\\Pipeline.php(180): App\\Http\\Middleware\\ImpersonationMiddleware->handle(Object(Illuminate\\Http\\Request), Object(Closure))
#44 C:\\xampp\\htdocs\\serbiscrm\\vendor\\laravel\\framework\\src\\Illuminate\\Foundation\\Http\\Middleware\\TransformsRequest.php(21): Illuminate\\Pipeline\\Pipeline->Illuminate\\Pipeline\\{closure}(Object(Illuminate\\Http\\Request))
#45 C:\\xampp\\htdocs\\serbiscrm\\vendor\\laravel\\framework\\src\\Illuminate\\Foundation\\Http\\Middleware\\ConvertEmptyStringsToNull.php(31): Illuminate\\Foundation\\Http\\Middleware\\TransformsRequest->handle(Object(Illuminate\\Http\\Request), Object(Closure))
#46 C:\\xampp\\htdocs\\serbiscrm\\vendor\\laravel\\framework\\src\\Illuminate\\Pipeline\\Pipeline.php(180): Illuminate\\Foundation\\Http\\Middleware\\ConvertEmptyStringsToNull->handle(Object(Illuminate\\Http\\Request), Object(Closure))
#47 C:\\xampp\\htdocs\\serbiscrm\\vendor\\laravel\\framework\\src\\Illuminate\\Foundation\\Http\\Middleware\\TransformsRequest.php(21): Illuminate\\Pipeline\\Pipeline->Illuminate\\Pipeline\\{closure}(Object(Illuminate\\Http\\Request))
#48 C:\\xampp\\htdocs\\serbiscrm\\vendor\\laravel\\framework\\src\\Illuminate\\Foundation\\Http\\Middleware\\TrimStrings.php(40): Illuminate\\Foundation\\Http\\Middleware\\TransformsRequest->handle(Object(Illuminate\\Http\\Request), Object(Closure))
#49 C:\\xampp\\htdocs\\serbiscrm\\vendor\\laravel\\framework\\src\\Illuminate\\Pipeline\\Pipeline.php(180): Illuminate\\Foundation\\Http\\Middleware\\TrimStrings->handle(Object(Illuminate\\Http\\Request), Object(Closure))
#50 C:\\xampp\\htdocs\\serbiscrm\\vendor\\laravel\\framework\\src\\Illuminate\\Foundation\\Http\\Middleware\\ValidatePostSize.php(27): Illuminate\\Pipeline\\Pipeline->Illuminate\\Pipeline\\{closure}(Object(Illuminate\\Http\\Request))
#51 C:\\xampp\\htdocs\\serbiscrm\\vendor\\laravel\\framework\\src\\Illuminate\\Pipeline\\Pipeline.php(180): Illuminate\\Foundation\\Http\\Middleware\\ValidatePostSize->handle(Object(Illuminate\\Http\\Request), Object(Closure))
#52 C:\\xampp\\htdocs\\serbiscrm\\vendor\\laravel\\framework\\src\\Illuminate\\Foundation\\Http\\Middleware\\PreventRequestsDuringMaintenance.php(99): Illuminate\\Pipeline\\Pipeline->Illuminate\\Pipeline\\{closure}(Object(Illuminate\\Http\\Request))
#53 C:\\xampp\\htdocs\\serbiscrm\\vendor\\laravel\\framework\\src\\Illuminate\\Pipeline\\Pipeline.php(180): Illuminate\\Foundation\\Http\\Middleware\\PreventRequestsDuringMaintenance->handle(Object(Illuminate\\Http\\Request), Object(Closure))
#54 C:\\xampp\\htdocs\\serbiscrm\\vendor\\laravel\\framework\\src\\Illuminate\\Http\\Middleware\\HandleCors.php(49): Illuminate\\Pipeline\\Pipeline->Illuminate\\Pipeline\\{closure}(Object(Illuminate\\Http\\Request))
#55 C:\\xampp\\htdocs\\serbiscrm\\vendor\\laravel\\framework\\src\\Illuminate\\Pipeline\\Pipeline.php(180): Illuminate\\Http\\Middleware\\HandleCors->handle(Object(Illuminate\\Http\\Request), Object(Closure))
#56 C:\\xampp\\htdocs\\serbiscrm\\vendor\\laravel\\framework\\src\\Illuminate\\Http\\Middleware\\TrustProxies.php(39): Illuminate\\Pipeline\\Pipeline->Illuminate\\Pipeline\\{closure}(Object(Illuminate\\Http\\Request))
#57 C:\\xampp\\htdocs\\serbiscrm\\vendor\\laravel\\framework\\src\\Illuminate\\Pipeline\\Pipeline.php(180): Illuminate\\Http\\Middleware\\TrustProxies->handle(Object(Illuminate\\Http\\Request), Object(Closure))
#58 C:\\xampp\\htdocs\\serbiscrm\\vendor\\laravel\\framework\\src\\Illuminate\\Pipeline\\Pipeline.php(116): Illuminate\\Pipeline\\Pipeline->Illuminate\\Pipeline\\{closure}(Object(Illuminate\\Http\\Request))
#59 C:\\xampp\\htdocs\\serbiscrm\\vendor\\laravel\\framework\\src\\Illuminate\\Foundation\\Http\\Kernel.php(175): Illuminate\\Pipeline\\Pipeline->then(Object(Closure))
#60 C:\\xampp\\htdocs\\serbiscrm\\vendor\\laravel\\framework\\src\\Illuminate\\Foundation\\Http\\Kernel.php(144): Illuminate\\Foundation\\Http\\Kernel->sendRequestThroughRouter(Object(Illuminate\\Http\\Request))
#61 C:\\xampp\\htdocs\\serbiscrm\\public\\index.php(51): Illuminate\\Foundation\\Http\\Kernel->handle(Object(Illuminate\\Http\\Request))
#62 C:\\xampp\\htdocs\\serbiscrm\\vendor\\laravel\\framework\\src\\Illuminate\\Foundation\\resources\\server.php(16): require_once('C:\\\\xampp\\\\htdocs...')
#63 {main}"} 
[2025-12-03 14:58:18] local.ERROR: Fatura entegrasyona gönderilemedi {"invoice_id":54,"error":"API Hatası: {\"errors\":[{\"detail\":\"Ürün/hizmet doldurulmalı\"}]}"} 
