[2025-11-13 08:44:14] local.INFO: All active products count: 3  
[2025-11-13 08:44:14] local.INFO: Product ID 5 (Deneme Ürün): Current stock = 4  
[2025-11-13 08:44:14] local.INFO: Added to low: Deneme Ürün (Stock: 4)  
[2025-11-13 08:44:14] local.INFO: Product ID 10 (stok112): Current stock = 11  
[2025-11-13 08:44:14] local.INFO: Product ID 11 (Dolap vidası): Current stock = 9  
[2025-11-13 08:44:14] local.INFO: Final Alerts Result: {"critical_count":0,"low_count":1,"total_products_checked":3} 
[2025-11-13 10:43:43] local.INFO: All active products count: 3  
[2025-11-13 10:43:44] local.INFO: Product ID 5 (Deneme Ürün): Current stock = 4  
[2025-11-13 10:43:44] local.INFO: Added to low: Deneme Ürün (Stock: 4)  
[2025-11-13 10:43:44] local.INFO: Product ID 10 (stok112): Current stock = 11  
[2025-11-13 10:43:44] local.INFO: Product ID 11 (Dolap vidası): Current stock = 9  
[2025-11-13 10:43:44] local.INFO: Final Alerts Result: {"critical_count":0,"low_count":1,"total_products_checked":3} 
[2025-11-13 12:18:26] local.INFO: All active products count: 1  
[2025-11-13 12:18:26] local.INFO: Product ID 12 (tegfgf): Current stock = 0  
[2025-11-13 12:18:26] local.INFO: Product tegfgf has zero or negative stock: 0  
[2025-11-13 12:18:26] local.INFO: Final Alerts Result: {"critical_count":0,"low_count":0,"total_products_checked":1} 
[2025-11-13 12:25:54] local.INFO: Toplu SMS Gönderiliyor {"firma_id":"27","telefon_sayisi":1,"provider":"NETGSM"} 
[2025-11-13 12:25:55] local.ERROR: Netgsm SMS Hatası {"response":"30","phones":["05656565887"]} 
[2025-11-13 12:26:16] local.INFO: All active products count: 3  
[2025-11-13 12:26:16] local.INFO: Product ID 5 (Deneme Ürün): Current stock = 4  
[2025-11-13 12:26:16] local.INFO: Added to low: Deneme Ürün (Stock: 4)  
[2025-11-13 12:26:16] local.INFO: Product ID 10 (stok112): Current stock = 11  
[2025-11-13 12:26:16] local.INFO: Product ID 11 (Dolap vidası): Current stock = 9  
[2025-11-13 12:26:16] local.INFO: Final Alerts Result: {"critical_count":0,"low_count":1,"total_products_checked":3} 
[2025-11-13 12:26:29] local.INFO: All active products count: 0  
[2025-11-13 12:26:29] local.INFO: Final Alerts Result: {"critical_count":0,"low_count":0,"total_products_checked":0} 
[2025-11-13 12:26:35] local.ERROR: Missing required parameter for [Route: tenant.integrations.marketplace] [URI: {tenant_id}/entegrasyonlar] [Missing parameter: tenant_id]. {"view":{"view":"C:\\xampp\\htdocs\\serbiscrm\\resources\\views\\frontend\\secure\\bulk_sms\\no_integration.blade.php","data":{"errors":"<pre class=sf-dump id=sf-dump-137910221 data-indent-pad=\"  \"><span class=sf-dump-note>Illuminate\\Support\\ViewErrorBag</span> {<a class=sf-dump-ref>#1218</a><samp data-depth=1 class=sf-dump-expanded>
  #<span class=sf-dump-protected title=\"Protected property\">bags</span>: []
</samp>}
</pre><script>Sfdump(\"sf-dump-137910221\", {\"maxDepth\":3,\"maxStringLength\":160})</script>
","firma":"<pre class=sf-dump id=sf-dump-38074108 data-indent-pad=\"  \"><span class=sf-dump-note>App\\Models\\Tenant</span> {<a class=sf-dump-ref>#2240</a><samp data-depth=1 class=sf-dump-expanded>
  #<span class=sf-dump-protected title=\"Protected property\">connection</span>: \"<span class=sf-dump-str title=\"5 characters\">mysql</span>\"
  #<span class=sf-dump-protected title=\"Protected property\">table</span>: \"<span class=sf-dump-str title=\"7 characters\">tenants</span>\"
  #<span class=sf-dump-protected title=\"Protected property\">primaryKey</span>: \"<span class=sf-dump-str title=\"2 characters\">id</span>\"
  #<span class=sf-dump-protected title=\"Protected property\">keyType</span>: \"<span class=sf-dump-str title=\"3 characters\">int</span>\"
  +<span class=sf-dump-public title=\"Public property\">incrementing</span>: <span class=sf-dump-const>true</span>
  #<span class=sf-dump-protected title=\"Protected property\">with</span>: []
  #<span class=sf-dump-protected title=\"Protected property\">withCount</span>: []
  +<span class=sf-dump-public title=\"Public property\">preventsLazyLoading</span>: <span class=sf-dump-const>false</span>
  #<span class=sf-dump-protected title=\"Protected property\">perPage</span>: <span class=sf-dump-num>15</span>
  +<span class=sf-dump-public title=\"Public property\">exists</span>: <span class=sf-dump-const>true</span>
  +<span class=sf-dump-public title=\"Public property\">wasRecentlyCreated</span>: <span class=sf-dump-const>false</span>
  #<span class=sf-dump-protected title=\"Protected property\">escapeWhenCastingToString</span>: <span class=sf-dump-const>false</span>
  #<span class=sf-dump-protected title=\"Protected property\">attributes</span>: <span class=sf-dump-note>array:36</span> [<samp data-depth=2 class=sf-dump-compact>
    \"<span class=sf-dump-key>id</span>\" => <span class=sf-dump-num>28</span>
    \"<span class=sf-dump-key>name</span>\" => \"<span class=sf-dump-str title=\"8 characters\">Ali Test</span>\"
    \"<span class=sf-dump-key>firma_adi</span>\" => \"<span class=sf-dump-str title=\"11 characters\">Aksa Teknik</span>\"
    \"<span class=sf-dump-key>firma_slug</span>\" => \"<span class=sf-dump-str title=\"11 characters\">aksa-teknik</span>\"
    \"<span class=sf-dump-key>username</span>\" => \"<span class=sf-dump-str title=\"14 characters\">aksateknik.com</span>\"
    \"<span class=sf-dump-key>eposta</span>\" => \"<span class=sf-dump-str title=\"17 characters\">alitest@gmail.com</span>\"
    \"<span class=sf-dump-key>tel1</span>\" => \"<span class=sf-dump-str title=\"13 characters\">545 323 31 64</span>\"
    \"<span class=sf-dump-key>tel2</span>\" => <span class=sf-dump-const>null</span>
    \"<span class=sf-dump-key>il</span>\" => \"<span class=sf-dump-str>7</span>\"
    \"<span class=sf-dump-key>ilce</span>\" => \"<span class=sf-dump-str title=\"2 characters\">89</span>\"
    \"<span class=sf-dump-key>adres</span>\" => <span class=sf-dump-const>null</span>
    \"<span class=sf-dump-key>webSitesi</span>\" => <span class=sf-dump-const>null</span>
    \"<span class=sf-dump-key>vergiNo</span>\" => \"<span class=sf-dump-str title=\"10 characters\">6458923211</span>\"
    \"<span class=sf-dump-key>vergiDairesi</span>\" => <span class=sf-dump-const>null</span>
    \"<span class=sf-dump-key>tcNo</span>\" => <span class=sf-dump-const>null</span>
    \"<span class=sf-dump-key>iban</span>\" => <span class=sf-dump-const>null</span>
    \"<span class=sf-dump-key>logo</span>\" => <span class=sf-dump-const>null</span>
    \"<span class=sf-dump-key>personelSayisi</span>\" => <span class=sf-dump-num>2</span>
    \"<span class=sf-dump-key>bayiSayisi</span>\" => <span class=sf-dump-num>1</span>
    \"<span class=sf-dump-key>stokSayisi</span>\" => <span class=sf-dump-num>5</span>
    \"<span class=sf-dump-key>konsinyeSayisi</span>\" => <span class=sf-dump-num>1</span>
    \"<span class=sf-dump-key>kdvOrani</span>\" => <span class=sf-dump-const>null</span>
    \"<span class=sf-dump-key>smsKullanici</span>\" => <span class=sf-dump-const>null</span>
    \"<span class=sf-dump-key>smsSifre</span>\" => <span class=sf-dump-const>null</span>
    \"<span class=sf-dump-key>smsGonderici</span>\" => <span class=sf-dump-const>null</span>
    \"<span class=sf-dump-key>smsKaraliste</span>\" => <span class=sf-dump-const>null</span>
    \"<span class=sf-dump-key>kayitTarihi</span>\" => \"<span class=sf-dump-str title=\"10 characters\">2025-09-04</span>\"
    \"<span class=sf-dump-key>bitisTarihi</span>\" => \"<span class=sf-dump-str title=\"10 characters\">2026-09-16</span>\"
    \"<span class=sf-dump-key>status</span>\" => <span class=sf-dump-num>1</span>
    \"<span class=sf-dump-key>trial_starts_at</span>\" => \"<span class=sf-dump-str title=\"19 characters\">2025-09-04 12:04:58</span>\"
    \"<span class=sf-dump-key>trial_ends_at</span>\" => \"<span class=sf-dump-str title=\"19 characters\">2025-09-16 12:04:58</span>\"
    \"<span class=sf-dump-key>trial_used</span>\" => <span class=sf-dump-num>1</span>
    \"<span class=sf-dump-key>subscription_status</span>\" => \"<span class=sf-dump-str title=\"6 characters\">active</span>\"
    \"<span class=sf-dump-key>subscription_ends_at</span>\" => \"<span class=sf-dump-str title=\"19 characters\">2026-09-16 16:30:07</span>\"
    \"<span class=sf-dump-key>created_at</span>\" => \"<span class=sf-dump-str title=\"19 characters\">2025-09-04 12:04:58</span>\"
    \"<span class=sf-dump-key>updated_at</span>\" => \"<span class=sf-dump-str title=\"19 characters\">2025-09-16 16:30:07</span>\"
  </samp>]
  #<span class=sf-dump-protected title=\"Protected property\">original</span>: <span class=sf-dump-note>array:36</span> [<samp data-depth=2 class=sf-dump-compact>
    \"<span class=sf-dump-key>id</span>\" => <span class=sf-dump-num>28</span>
    \"<span class=sf-dump-key>name</span>\" => \"<span class=sf-dump-str title=\"8 characters\">Ali Test</span>\"
    \"<span class=sf-dump-key>firma_adi</span>\" => \"<span class=sf-dump-str title=\"11 characters\">Aksa Teknik</span>\"
    \"<span class=sf-dump-key>firma_slug</span>\" => \"<span class=sf-dump-str title=\"11 characters\">aksa-teknik</span>\"
    \"<span class=sf-dump-key>username</span>\" => \"<span class=sf-dump-str title=\"14 characters\">aksateknik.com</span>\"
    \"<span class=sf-dump-key>eposta</span>\" => \"<span class=sf-dump-str title=\"17 characters\">alitest@gmail.com</span>\"
    \"<span class=sf-dump-key>tel1</span>\" => \"<span class=sf-dump-str title=\"13 characters\">545 323 31 64</span>\"
    \"<span class=sf-dump-key>tel2</span>\" => <span class=sf-dump-const>null</span>
    \"<span class=sf-dump-key>il</span>\" => \"<span class=sf-dump-str>7</span>\"
    \"<span class=sf-dump-key>ilce</span>\" => \"<span class=sf-dump-str title=\"2 characters\">89</span>\"
    \"<span class=sf-dump-key>adres</span>\" => <span class=sf-dump-const>null</span>
    \"<span class=sf-dump-key>webSitesi</span>\" => <span class=sf-dump-const>null</span>
    \"<span class=sf-dump-key>vergiNo</span>\" => \"<span class=sf-dump-str title=\"10 characters\">6458923211</span>\"
    \"<span class=sf-dump-key>vergiDairesi</span>\" => <span class=sf-dump-const>null</span>
    \"<span class=sf-dump-key>tcNo</span>\" => <span class=sf-dump-const>null</span>
    \"<span class=sf-dump-key>iban</span>\" => <span class=sf-dump-const>null</span>
    \"<span class=sf-dump-key>logo</span>\" => <span class=sf-dump-const>null</span>
    \"<span class=sf-dump-key>personelSayisi</span>\" => <span class=sf-dump-num>2</span>
    \"<span class=sf-dump-key>bayiSayisi</span>\" => <span class=sf-dump-num>1</span>
    \"<span class=sf-dump-key>stokSayisi</span>\" => <span class=sf-dump-num>5</span>
    \"<span class=sf-dump-key>konsinyeSayisi</span>\" => <span class=sf-dump-num>1</span>
    \"<span class=sf-dump-key>kdvOrani</span>\" => <span class=sf-dump-const>null</span>
    \"<span class=sf-dump-key>smsKullanici</span>\" => <span class=sf-dump-const>null</span>
    \"<span class=sf-dump-key>smsSifre</span>\" => <span class=sf-dump-const>null</span>
    \"<span class=sf-dump-key>smsGonderici</span>\" => <span class=sf-dump-const>null</span>
    \"<span class=sf-dump-key>smsKaraliste</span>\" => <span class=sf-dump-const>null</span>
    \"<span class=sf-dump-key>kayitTarihi</span>\" => \"<span class=sf-dump-str title=\"10 characters\">2025-09-04</span>\"
    \"<span class=sf-dump-key>bitisTarihi</span>\" => \"<span class=sf-dump-str title=\"10 characters\">2026-09-16</span>\"
    \"<span class=sf-dump-key>status</span>\" => <span class=sf-dump-num>1</span>
    \"<span class=sf-dump-key>trial_starts_at</span>\" => \"<span class=sf-dump-str title=\"19 characters\">2025-09-04 12:04:58</span>\"
    \"<span class=sf-dump-key>trial_ends_at</span>\" => \"<span class=sf-dump-str title=\"19 characters\">2025-09-16 12:04:58</span>\"
    \"<span class=sf-dump-key>trial_used</span>\" => <span class=sf-dump-num>1</span>
    \"<span class=sf-dump-key>subscription_status</span>\" => \"<span class=sf-dump-str title=\"6 characters\">active</span>\"
    \"<span class=sf-dump-key>subscription_ends_at</span>\" => \"<span class=sf-dump-str title=\"19 characters\">2026-09-16 16:30:07</span>\"
    \"<span class=sf-dump-key>created_at</span>\" => \"<span class=sf-dump-str title=\"19 characters\">2025-09-04 12:04:58</span>\"
    \"<span class=sf-dump-key>updated_at</span>\" => \"<span class=sf-dump-str title=\"19 characters\">2025-09-16 16:30:07</span>\"
  </samp>]
  #<span class=sf-dump-protected title=\"Protected property\">changes</span>: []
  #<span class=sf-dump-protected title=\"Protected property\">casts</span>: <span class=sf-dump-note>array:4</span> [<samp data-depth=2 class=sf-dump-compact>
    \"<span class=sf-dump-key>trial_starts_at</span>\" => \"<span class=sf-dump-str title=\"8 characters\">datetime</span>\"
    \"<span class=sf-dump-key>trial_ends_at</span>\" => \"<span class=sf-dump-str title=\"8 characters\">datetime</span>\"
    \"<span class=sf-dump-key>subscription_ends_at</span>\" => \"<span class=sf-dump-str title=\"8 characters\">datetime</span>\"
    \"<span class=sf-dump-key>trial_used</span>\" => \"<span class=sf-dump-str title=\"7 characters\">boolean</span>\"
  </samp>]
  #<span class=sf-dump-protected title=\"Protected property\">classCastCache</span>: []
  #<span class=sf-dump-protected title=\"Protected property\">attributeCastCache</span>: []
  #<span class=sf-dump-protected title=\"Protected property\">dateFormat</span>: <span class=sf-dump-const>null</span>
  #<span class=sf-dump-protected title=\"Protected property\">appends</span>: []
  #<span class=sf-dump-protected title=\"Protected property\">dispatchesEvents</span>: []
  #<span class=sf-dump-protected title=\"Protected property\">observables</span>: []
  #<span class=sf-dump-protected title=\"Protected property\">relations</span>: []
  #<span class=sf-dump-protected title=\"Protected property\">touches</span>: []
  +<span class=sf-dump-public title=\"Public property\">timestamps</span>: <span class=sf-dump-const>true</span>
  +<span class=sf-dump-public title=\"Public property\">usesUniqueIds</span>: <span class=sf-dump-const>false</span>
  #<span class=sf-dump-protected title=\"Protected property\">hidden</span>: []
  #<span class=sf-dump-protected title=\"Protected property\">visible</span>: []
  #<span class=sf-dump-protected title=\"Protected property\">fillable</span>: []
  #<span class=sf-dump-protected title=\"Protected property\">guarded</span>: []
</samp>}
</pre><script>Sfdump(\"sf-dump-38074108\", {\"maxDepth\":3,\"maxStringLength\":160})</script>
"}},"userId":48,"exception":"[object] (Spatie\\LaravelIgnition\\Exceptions\\ViewException(code: 0): Missing required parameter for [Route: tenant.integrations.marketplace] [URI: {tenant_id}/entegrasyonlar] [Missing parameter: tenant_id]. at C:\\xampp\\htdocs\\serbiscrm\\vendor\\laravel\\framework\\src\\Illuminate\\Routing\\Exceptions\\UrlGenerationException.php:35)
[stacktrace]
#0 C:\\xampp\\htdocs\\serbiscrm\\vendor\\laravel\\framework\\src\\Illuminate\\Routing\\RouteUrlGenerator.php(90): Illuminate\\Routing\\Exceptions\\UrlGenerationException::forMissingParameters(Object(Illuminate\\Routing\\Route), Array)
#1 C:\\xampp\\htdocs\\serbiscrm\\vendor\\laravel\\framework\\src\\Illuminate\\Routing\\UrlGenerator.php(502): Illuminate\\Routing\\RouteUrlGenerator->to(Object(Illuminate\\Routing\\Route), Array, true)
#2 C:\\xampp\\htdocs\\serbiscrm\\vendor\\laravel\\framework\\src\\Illuminate\\Routing\\UrlGenerator.php(471): Illuminate\\Routing\\UrlGenerator->toRoute(Object(Illuminate\\Routing\\Route), Array, true)
#3 C:\\xampp\\htdocs\\serbiscrm\\vendor\\laravel\\framework\\src\\Illuminate\\Foundation\\helpers.php(811): Illuminate\\Routing\\UrlGenerator->route('tenant.integrat...', Array, true)
#4 C:\\xampp\\htdocs\\serbiscrm\\resources\\views\\frontend\\secure\\bulk_sms\\no_integration.blade.php(18): route('tenant.integrat...')
#5 C:\\xampp\\htdocs\\serbiscrm\\vendor\\laravel\\framework\\src\\Illuminate\\Filesystem\\Filesystem.php(124): require('C:\\\\xampp\\\\htdocs...')
#6 C:\\xampp\\htdocs\\serbiscrm\\vendor\\laravel\\framework\\src\\Illuminate\\Filesystem\\Filesystem.php(125): Illuminate\\Filesystem\\Filesystem::Illuminate\\Filesystem\\{closure}()
#7 C:\\xampp\\htdocs\\serbiscrm\\vendor\\laravel\\framework\\src\\Illuminate\\View\\Engines\\PhpEngine.php(58): Illuminate\\Filesystem\\Filesystem->getRequire('C:\\\\xampp\\\\htdocs...', Array)
#8 C:\\xampp\\htdocs\\serbiscrm\\vendor\\laravel\\framework\\src\\Illuminate\\View\\Engines\\CompilerEngine.php(72): Illuminate\\View\\Engines\\PhpEngine->evaluatePath('C:\\\\xampp\\\\htdocs...', Array)
#9 C:\\xampp\\htdocs\\serbiscrm\\vendor\\laravel\\framework\\src\\Illuminate\\View\\View.php(207): Illuminate\\View\\Engines\\CompilerEngine->get('C:\\\\xampp\\\\htdocs...', Array)
#10 C:\\xampp\\htdocs\\serbiscrm\\vendor\\laravel\\framework\\src\\Illuminate\\View\\View.php(190): Illuminate\\View\\View->getContents()
#11 C:\\xampp\\htdocs\\serbiscrm\\vendor\\laravel\\framework\\src\\Illuminate\\View\\View.php(159): Illuminate\\View\\View->renderContents()
#12 C:\\xampp\\htdocs\\serbiscrm\\vendor\\laravel\\framework\\src\\Illuminate\\Http\\Response.php(69): Illuminate\\View\\View->render()
#13 C:\\xampp\\htdocs\\serbiscrm\\vendor\\laravel\\framework\\src\\Illuminate\\Http\\Response.php(35): Illuminate\\Http\\Response->setContent(Object(Illuminate\\View\\View))
#14 C:\\xampp\\htdocs\\serbiscrm\\vendor\\laravel\\framework\\src\\Illuminate\\Routing\\Router.php(911): Illuminate\\Http\\Response->__construct(Object(Illuminate\\View\\View), 200, Array)
#15 C:\\xampp\\htdocs\\serbiscrm\\vendor\\laravel\\framework\\src\\Illuminate\\Routing\\Router.php(878): Illuminate\\Routing\\Router::toResponse(Object(Illuminate\\Http\\Request), Object(Illuminate\\View\\View))
#16 C:\\xampp\\htdocs\\serbiscrm\\vendor\\laravel\\framework\\src\\Illuminate\\Routing\\Router.php(798): Illuminate\\Routing\\Router->prepareResponse(Object(Illuminate\\Http\\Request), Object(Illuminate\\View\\View))
#17 C:\\xampp\\htdocs\\serbiscrm\\vendor\\laravel\\framework\\src\\Illuminate\\Pipeline\\Pipeline.php(141): Illuminate\\Routing\\Router->Illuminate\\Routing\\{closure}(Object(Illuminate\\Http\\Request))
#18 C:\\xampp\\htdocs\\serbiscrm\\app\\Http\\Middleware\\CheckTenantStatus.php(40): Illuminate\\Pipeline\\Pipeline->Illuminate\\Pipeline\\{closure}(Object(Illuminate\\Http\\Request))
#19 C:\\xampp\\htdocs\\serbiscrm\\vendor\\laravel\\framework\\src\\Illuminate\\Pipeline\\Pipeline.php(180): App\\Http\\Middleware\\CheckTenantStatus->handle(Object(Illuminate\\Http\\Request), Object(Closure))
#20 C:\\xampp\\htdocs\\serbiscrm\\app\\Http\\Middleware\\HandleRedirectAfterLogin.php(28): Illuminate\\Pipeline\\Pipeline->Illuminate\\Pipeline\\{closure}(Object(Illuminate\\Http\\Request))
#21 C:\\xampp\\htdocs\\serbiscrm\\vendor\\laravel\\framework\\src\\Illuminate\\Pipeline\\Pipeline.php(180): App\\Http\\Middleware\\HandleRedirectAfterLogin->handle(Object(Illuminate\\Http\\Request), Object(Closure))
#22 C:\\xampp\\htdocs\\serbiscrm\\app\\Http\\Middleware\\CheckCompanySubscription.php(32): Illuminate\\Pipeline\\Pipeline->Illuminate\\Pipeline\\{closure}(Object(Illuminate\\Http\\Request))
#23 C:\\xampp\\htdocs\\serbiscrm\\vendor\\laravel\\framework\\src\\Illuminate\\Pipeline\\Pipeline.php(180): App\\Http\\Middleware\\CheckCompanySubscription->handle(Object(Illuminate\\Http\\Request), Object(Closure))
#24 C:\\xampp\\htdocs\\serbiscrm\\app\\Http\\Middleware\\CheckTenantId.php(43): Illuminate\\Pipeline\\Pipeline->Illuminate\\Pipeline\\{closure}(Object(Illuminate\\Http\\Request))
#25 C:\\xampp\\htdocs\\serbiscrm\\vendor\\laravel\\framework\\src\\Illuminate\\Pipeline\\Pipeline.php(180): App\\Http\\Middleware\\CheckTenantId->handle(Object(Illuminate\\Http\\Request), Object(Closure))
#26 C:\\xampp\\htdocs\\serbiscrm\\app\\Http\\Middleware\\CheckTrialStatus.php(28): Illuminate\\Pipeline\\Pipeline->Illuminate\\Pipeline\\{closure}(Object(Illuminate\\Http\\Request))
#27 C:\\xampp\\htdocs\\serbiscrm\\vendor\\laravel\\framework\\src\\Illuminate\\Pipeline\\Pipeline.php(180): App\\Http\\Middleware\\CheckTrialStatus->handle(Object(Illuminate\\Http\\Request), Object(Closure))
#28 C:\\xampp\\htdocs\\serbiscrm\\vendor\\laravel\\framework\\src\\Illuminate\\Routing\\Middleware\\SubstituteBindings.php(50): Illuminate\\Pipeline\\Pipeline->Illuminate\\Pipeline\\{closure}(Object(Illuminate\\Http\\Request))
#29 C:\\xampp\\htdocs\\serbiscrm\\vendor\\laravel\\framework\\src\\Illuminate\\Pipeline\\Pipeline.php(180): Illuminate\\Routing\\Middleware\\SubstituteBindings->handle(Object(Illuminate\\Http\\Request), Object(Closure))
#30 C:\\xampp\\htdocs\\serbiscrm\\vendor\\laravel\\framework\\src\\Illuminate\\Auth\\Middleware\\Authenticate.php(57): Illuminate\\Pipeline\\Pipeline->Illuminate\\Pipeline\\{closure}(Object(Illuminate\\Http\\Request))
#31 C:\\xampp\\htdocs\\serbiscrm\\vendor\\laravel\\framework\\src\\Illuminate\\Pipeline\\Pipeline.php(180): Illuminate\\Auth\\Middleware\\Authenticate->handle(Object(Illuminate\\Http\\Request), Object(Closure))
#32 C:\\xampp\\htdocs\\serbiscrm\\vendor\\laravel\\framework\\src\\Illuminate\\Foundation\\Http\\Middleware\\VerifyCsrfToken.php(78): Illuminate\\Pipeline\\Pipeline->Illuminate\\Pipeline\\{closure}(Object(Illuminate\\Http\\Request))
#33 C:\\xampp\\htdocs\\serbiscrm\\vendor\\laravel\\framework\\src\\Illuminate\\Pipeline\\Pipeline.php(180): Illuminate\\Foundation\\Http\\Middleware\\VerifyCsrfToken->handle(Object(Illuminate\\Http\\Request), Object(Closure))
#34 C:\\xampp\\htdocs\\serbiscrm\\vendor\\laravel\\framework\\src\\Illuminate\\View\\Middleware\\ShareErrorsFromSession.php(49): Illuminate\\Pipeline\\Pipeline->Illuminate\\Pipeline\\{closure}(Object(Illuminate\\Http\\Request))
#35 C:\\xampp\\htdocs\\serbiscrm\\vendor\\laravel\\framework\\src\\Illuminate\\Pipeline\\Pipeline.php(180): Illuminate\\View\\Middleware\\ShareErrorsFromSession->handle(Object(Illuminate\\Http\\Request), Object(Closure))
#36 C:\\xampp\\htdocs\\serbiscrm\\vendor\\laravel\\framework\\src\\Illuminate\\Session\\Middleware\\StartSession.php(121): Illuminate\\Pipeline\\Pipeline->Illuminate\\Pipeline\\{closure}(Object(Illuminate\\Http\\Request))
#37 C:\\xampp\\htdocs\\serbiscrm\\vendor\\laravel\\framework\\src\\Illuminate\\Session\\Middleware\\StartSession.php(64): Illuminate\\Session\\Middleware\\StartSession->handleStatefulRequest(Object(Illuminate\\Http\\Request), Object(Illuminate\\Session\\Store), Object(Closure))
#38 C:\\xampp\\htdocs\\serbiscrm\\vendor\\laravel\\framework\\src\\Illuminate\\Pipeline\\Pipeline.php(180): Illuminate\\Session\\Middleware\\StartSession->handle(Object(Illuminate\\Http\\Request), Object(Closure))
#39 C:\\xampp\\htdocs\\serbiscrm\\vendor\\laravel\\framework\\src\\Illuminate\\Cookie\\Middleware\\AddQueuedCookiesToResponse.php(37): Illuminate\\Pipeline\\Pipeline->Illuminate\\Pipeline\\{closure}(Object(Illuminate\\Http\\Request))
#40 C:\\xampp\\htdocs\\serbiscrm\\vendor\\laravel\\framework\\src\\Illuminate\\Pipeline\\Pipeline.php(180): Illuminate\\Cookie\\Middleware\\AddQueuedCookiesToResponse->handle(Object(Illuminate\\Http\\Request), Object(Closure))
#41 C:\\xampp\\htdocs\\serbiscrm\\vendor\\laravel\\framework\\src\\Illuminate\\Cookie\\Middleware\\EncryptCookies.php(67): Illuminate\\Pipeline\\Pipeline->Illuminate\\Pipeline\\{closure}(Object(Illuminate\\Http\\Request))
#42 C:\\xampp\\htdocs\\serbiscrm\\vendor\\laravel\\framework\\src\\Illuminate\\Pipeline\\Pipeline.php(180): Illuminate\\Cookie\\Middleware\\EncryptCookies->handle(Object(Illuminate\\Http\\Request), Object(Closure))
#43 C:\\xampp\\htdocs\\serbiscrm\\vendor\\laravel\\framework\\src\\Illuminate\\Pipeline\\Pipeline.php(116): Illuminate\\Pipeline\\Pipeline->Illuminate\\Pipeline\\{closure}(Object(Illuminate\\Http\\Request))
#44 C:\\xampp\\htdocs\\serbiscrm\\vendor\\laravel\\framework\\src\\Illuminate\\Routing\\Router.php(798): Illuminate\\Pipeline\\Pipeline->then(Object(Closure))
#45 C:\\xampp\\htdocs\\serbiscrm\\vendor\\laravel\\framework\\src\\Illuminate\\Routing\\Router.php(777): Illuminate\\Routing\\Router->runRouteWithinStack(Object(Illuminate\\Routing\\Route), Object(Illuminate\\Http\\Request))
#46 C:\\xampp\\htdocs\\serbiscrm\\vendor\\laravel\\framework\\src\\Illuminate\\Routing\\Router.php(741): Illuminate\\Routing\\Router->runRoute(Object(Illuminate\\Http\\Request), Object(Illuminate\\Routing\\Route))
#47 C:\\xampp\\htdocs\\serbiscrm\\vendor\\laravel\\framework\\src\\Illuminate\\Routing\\Router.php(730): Illuminate\\Routing\\Router->dispatchToRoute(Object(Illuminate\\Http\\Request))
#48 C:\\xampp\\htdocs\\serbiscrm\\vendor\\laravel\\framework\\src\\Illuminate\\Foundation\\Http\\Kernel.php(200): Illuminate\\Routing\\Router->dispatch(Object(Illuminate\\Http\\Request))
#49 C:\\xampp\\htdocs\\serbiscrm\\vendor\\laravel\\framework\\src\\Illuminate\\Pipeline\\Pipeline.php(141): Illuminate\\Foundation\\Http\\Kernel->Illuminate\\Foundation\\Http\\{closure}(Object(Illuminate\\Http\\Request))
#50 C:\\xampp\\htdocs\\serbiscrm\\app\\Http\\Middleware\\ImpersonationMiddleware.php(51): Illuminate\\Pipeline\\Pipeline->Illuminate\\Pipeline\\{closure}(Object(Illuminate\\Http\\Request))
#51 C:\\xampp\\htdocs\\serbiscrm\\vendor\\laravel\\framework\\src\\Illuminate\\Pipeline\\Pipeline.php(180): App\\Http\\Middleware\\ImpersonationMiddleware->handle(Object(Illuminate\\Http\\Request), Object(Closure))
#52 C:\\xampp\\htdocs\\serbiscrm\\vendor\\laravel\\framework\\src\\Illuminate\\Foundation\\Http\\Middleware\\TransformsRequest.php(21): Illuminate\\Pipeline\\Pipeline->Illuminate\\Pipeline\\{closure}(Object(Illuminate\\Http\\Request))
#53 C:\\xampp\\htdocs\\serbiscrm\\vendor\\laravel\\framework\\src\\Illuminate\\Foundation\\Http\\Middleware\\ConvertEmptyStringsToNull.php(31): Illuminate\\Foundation\\Http\\Middleware\\TransformsRequest->handle(Object(Illuminate\\Http\\Request), Object(Closure))
#54 C:\\xampp\\htdocs\\serbiscrm\\vendor\\laravel\\framework\\src\\Illuminate\\Pipeline\\Pipeline.php(180): Illuminate\\Foundation\\Http\\Middleware\\ConvertEmptyStringsToNull->handle(Object(Illuminate\\Http\\Request), Object(Closure))
#55 C:\\xampp\\htdocs\\serbiscrm\\vendor\\laravel\\framework\\src\\Illuminate\\Foundation\\Http\\Middleware\\TransformsRequest.php(21): Illuminate\\Pipeline\\Pipeline->Illuminate\\Pipeline\\{closure}(Object(Illuminate\\Http\\Request))
#56 C:\\xampp\\htdocs\\serbiscrm\\vendor\\laravel\\framework\\src\\Illuminate\\Foundation\\Http\\Middleware\\TrimStrings.php(40): Illuminate\\Foundation\\Http\\Middleware\\TransformsRequest->handle(Object(Illuminate\\Http\\Request), Object(Closure))
#57 C:\\xampp\\htdocs\\serbiscrm\\vendor\\laravel\\framework\\src\\Illuminate\\Pipeline\\Pipeline.php(180): Illuminate\\Foundation\\Http\\Middleware\\TrimStrings->handle(Object(Illuminate\\Http\\Request), Object(Closure))
#58 C:\\xampp\\htdocs\\serbiscrm\\vendor\\laravel\\framework\\src\\Illuminate\\Foundation\\Http\\Middleware\\ValidatePostSize.php(27): Illuminate\\Pipeline\\Pipeline->Illuminate\\Pipeline\\{closure}(Object(Illuminate\\Http\\Request))
#59 C:\\xampp\\htdocs\\serbiscrm\\vendor\\laravel\\framework\\src\\Illuminate\\Pipeline\\Pipeline.php(180): Illuminate\\Foundation\\Http\\Middleware\\ValidatePostSize->handle(Object(Illuminate\\Http\\Request), Object(Closure))
#60 C:\\xampp\\htdocs\\serbiscrm\\vendor\\laravel\\framework\\src\\Illuminate\\Foundation\\Http\\Middleware\\PreventRequestsDuringMaintenance.php(99): Illuminate\\Pipeline\\Pipeline->Illuminate\\Pipeline\\{closure}(Object(Illuminate\\Http\\Request))
#61 C:\\xampp\\htdocs\\serbiscrm\\vendor\\laravel\\framework\\src\\Illuminate\\Pipeline\\Pipeline.php(180): Illuminate\\Foundation\\Http\\Middleware\\PreventRequestsDuringMaintenance->handle(Object(Illuminate\\Http\\Request), Object(Closure))
#62 C:\\xampp\\htdocs\\serbiscrm\\vendor\\laravel\\framework\\src\\Illuminate\\Http\\Middleware\\HandleCors.php(49): Illuminate\\Pipeline\\Pipeline->Illuminate\\Pipeline\\{closure}(Object(Illuminate\\Http\\Request))
#63 C:\\xampp\\htdocs\\serbiscrm\\vendor\\laravel\\framework\\src\\Illuminate\\Pipeline\\Pipeline.php(180): Illuminate\\Http\\Middleware\\HandleCors->handle(Object(Illuminate\\Http\\Request), Object(Closure))
#64 C:\\xampp\\htdocs\\serbiscrm\\vendor\\laravel\\framework\\src\\Illuminate\\Http\\Middleware\\TrustProxies.php(39): Illuminate\\Pipeline\\Pipeline->Illuminate\\Pipeline\\{closure}(Object(Illuminate\\Http\\Request))
#65 C:\\xampp\\htdocs\\serbiscrm\\vendor\\laravel\\framework\\src\\Illuminate\\Pipeline\\Pipeline.php(180): Illuminate\\Http\\Middleware\\TrustProxies->handle(Object(Illuminate\\Http\\Request), Object(Closure))
#66 C:\\xampp\\htdocs\\serbiscrm\\vendor\\laravel\\framework\\src\\Illuminate\\Pipeline\\Pipeline.php(116): Illuminate\\Pipeline\\Pipeline->Illuminate\\Pipeline\\{closure}(Object(Illuminate\\Http\\Request))
#67 C:\\xampp\\htdocs\\serbiscrm\\vendor\\laravel\\framework\\src\\Illuminate\\Foundation\\Http\\Kernel.php(175): Illuminate\\Pipeline\\Pipeline->then(Object(Closure))
#68 C:\\xampp\\htdocs\\serbiscrm\\vendor\\laravel\\framework\\src\\Illuminate\\Foundation\\Http\\Kernel.php(144): Illuminate\\Foundation\\Http\\Kernel->sendRequestThroughRouter(Object(Illuminate\\Http\\Request))
#69 C:\\xampp\\htdocs\\serbiscrm\\public\\index.php(51): Illuminate\\Foundation\\Http\\Kernel->handle(Object(Illuminate\\Http\\Request))
#70 C:\\xampp\\htdocs\\serbiscrm\\vendor\\laravel\\framework\\src\\Illuminate\\Foundation\\resources\\server.php(16): require_once('C:\\\\xampp\\\\htdocs...')
#71 {main}

[previous exception] [object] (Illuminate\\Routing\\Exceptions\\UrlGenerationException(code: 0): Missing required parameter for [Route: tenant.integrations.marketplace] [URI: {tenant_id}/entegrasyonlar] [Missing parameter: tenant_id]. at C:\\xampp\\htdocs\\serbiscrm\\vendor\\laravel\\framework\\src\\Illuminate\\Routing\\Exceptions\\UrlGenerationException.php:35)
[stacktrace]
#0 C:\\xampp\\htdocs\\serbiscrm\\vendor\\laravel\\framework\\src\\Illuminate\\Routing\\RouteUrlGenerator.php(90): Illuminate\\Routing\\Exceptions\\UrlGenerationException::forMissingParameters(Object(Illuminate\\Routing\\Route), Array)
#1 C:\\xampp\\htdocs\\serbiscrm\\vendor\\laravel\\framework\\src\\Illuminate\\Routing\\UrlGenerator.php(502): Illuminate\\Routing\\RouteUrlGenerator->to(Object(Illuminate\\Routing\\Route), Array, true)
#2 C:\\xampp\\htdocs\\serbiscrm\\vendor\\laravel\\framework\\src\\Illuminate\\Routing\\UrlGenerator.php(471): Illuminate\\Routing\\UrlGenerator->toRoute(Object(Illuminate\\Routing\\Route), Array, true)
#3 C:\\xampp\\htdocs\\serbiscrm\\vendor\\laravel\\framework\\src\\Illuminate\\Foundation\\helpers.php(811): Illuminate\\Routing\\UrlGenerator->route('tenant.integrat...', Array, true)
#4 C:\\xampp\\htdocs\\serbiscrm\\storage\\framework\\views\\5f068be37b8028b691ef067f55b97816.php(18): route('tenant.integrat...')
#5 C:\\xampp\\htdocs\\serbiscrm\\vendor\\laravel\\framework\\src\\Illuminate\\Filesystem\\Filesystem.php(124): require('C:\\\\xampp\\\\htdocs...')
#6 C:\\xampp\\htdocs\\serbiscrm\\vendor\\laravel\\framework\\src\\Illuminate\\Filesystem\\Filesystem.php(125): Illuminate\\Filesystem\\Filesystem::Illuminate\\Filesystem\\{closure}()
#7 C:\\xampp\\htdocs\\serbiscrm\\vendor\\laravel\\framework\\src\\Illuminate\\View\\Engines\\PhpEngine.php(58): Illuminate\\Filesystem\\Filesystem->getRequire('C:\\\\xampp\\\\htdocs...', Array)
#8 C:\\xampp\\htdocs\\serbiscrm\\vendor\\laravel\\framework\\src\\Illuminate\\View\\Engines\\CompilerEngine.php(72): Illuminate\\View\\Engines\\PhpEngine->evaluatePath('C:\\\\xampp\\\\htdocs...', Array)
#9 C:\\xampp\\htdocs\\serbiscrm\\vendor\\laravel\\framework\\src\\Illuminate\\View\\View.php(207): Illuminate\\View\\Engines\\CompilerEngine->get('C:\\\\xampp\\\\htdocs...', Array)
#10 C:\\xampp\\htdocs\\serbiscrm\\vendor\\laravel\\framework\\src\\Illuminate\\View\\View.php(190): Illuminate\\View\\View->getContents()
#11 C:\\xampp\\htdocs\\serbiscrm\\vendor\\laravel\\framework\\src\\Illuminate\\View\\View.php(159): Illuminate\\View\\View->renderContents()
#12 C:\\xampp\\htdocs\\serbiscrm\\vendor\\laravel\\framework\\src\\Illuminate\\Http\\Response.php(69): Illuminate\\View\\View->render()
#13 C:\\xampp\\htdocs\\serbiscrm\\vendor\\laravel\\framework\\src\\Illuminate\\Http\\Response.php(35): Illuminate\\Http\\Response->setContent(Object(Illuminate\\View\\View))
#14 C:\\xampp\\htdocs\\serbiscrm\\vendor\\laravel\\framework\\src\\Illuminate\\Routing\\Router.php(911): Illuminate\\Http\\Response->__construct(Object(Illuminate\\View\\View), 200, Array)
#15 C:\\xampp\\htdocs\\serbiscrm\\vendor\\laravel\\framework\\src\\Illuminate\\Routing\\Router.php(878): Illuminate\\Routing\\Router::toResponse(Object(Illuminate\\Http\\Request), Object(Illuminate\\View\\View))
#16 C:\\xampp\\htdocs\\serbiscrm\\vendor\\laravel\\framework\\src\\Illuminate\\Routing\\Router.php(798): Illuminate\\Routing\\Router->prepareResponse(Object(Illuminate\\Http\\Request), Object(Illuminate\\View\\View))
#17 C:\\xampp\\htdocs\\serbiscrm\\vendor\\laravel\\framework\\src\\Illuminate\\Pipeline\\Pipeline.php(141): Illuminate\\Routing\\Router->Illuminate\\Routing\\{closure}(Object(Illuminate\\Http\\Request))
#18 C:\\xampp\\htdocs\\serbiscrm\\app\\Http\\Middleware\\CheckTenantStatus.php(40): Illuminate\\Pipeline\\Pipeline->Illuminate\\Pipeline\\{closure}(Object(Illuminate\\Http\\Request))
#19 C:\\xampp\\htdocs\\serbiscrm\\vendor\\laravel\\framework\\src\\Illuminate\\Pipeline\\Pipeline.php(180): App\\Http\\Middleware\\CheckTenantStatus->handle(Object(Illuminate\\Http\\Request), Object(Closure))
#20 C:\\xampp\\htdocs\\serbiscrm\\app\\Http\\Middleware\\HandleRedirectAfterLogin.php(28): Illuminate\\Pipeline\\Pipeline->Illuminate\\Pipeline\\{closure}(Object(Illuminate\\Http\\Request))
#21 C:\\xampp\\htdocs\\serbiscrm\\vendor\\laravel\\framework\\src\\Illuminate\\Pipeline\\Pipeline.php(180): App\\Http\\Middleware\\HandleRedirectAfterLogin->handle(Object(Illuminate\\Http\\Request), Object(Closure))
#22 C:\\xampp\\htdocs\\serbiscrm\\app\\Http\\Middleware\\CheckCompanySubscription.php(32): Illuminate\\Pipeline\\Pipeline->Illuminate\\Pipeline\\{closure}(Object(Illuminate\\Http\\Request))
#23 C:\\xampp\\htdocs\\serbiscrm\\vendor\\laravel\\framework\\src\\Illuminate\\Pipeline\\Pipeline.php(180): App\\Http\\Middleware\\CheckCompanySubscription->handle(Object(Illuminate\\Http\\Request), Object(Closure))
#24 C:\\xampp\\htdocs\\serbiscrm\\app\\Http\\Middleware\\CheckTenantId.php(43): Illuminate\\Pipeline\\Pipeline->Illuminate\\Pipeline\\{closure}(Object(Illuminate\\Http\\Request))
#25 C:\\xampp\\htdocs\\serbiscrm\\vendor\\laravel\\framework\\src\\Illuminate\\Pipeline\\Pipeline.php(180): App\\Http\\Middleware\\CheckTenantId->handle(Object(Illuminate\\Http\\Request), Object(Closure))
#26 C:\\xampp\\htdocs\\serbiscrm\\app\\Http\\Middleware\\CheckTrialStatus.php(28): Illuminate\\Pipeline\\Pipeline->Illuminate\\Pipeline\\{closure}(Object(Illuminate\\Http\\Request))
#27 C:\\xampp\\htdocs\\serbiscrm\\vendor\\laravel\\framework\\src\\Illuminate\\Pipeline\\Pipeline.php(180): App\\Http\\Middleware\\CheckTrialStatus->handle(Object(Illuminate\\Http\\Request), Object(Closure))
#28 C:\\xampp\\htdocs\\serbiscrm\\vendor\\laravel\\framework\\src\\Illuminate\\Routing\\Middleware\\SubstituteBindings.php(50): Illuminate\\Pipeline\\Pipeline->Illuminate\\Pipeline\\{closure}(Object(Illuminate\\Http\\Request))
#29 C:\\xampp\\htdocs\\serbiscrm\\vendor\\laravel\\framework\\src\\Illuminate\\Pipeline\\Pipeline.php(180): Illuminate\\Routing\\Middleware\\SubstituteBindings->handle(Object(Illuminate\\Http\\Request), Object(Closure))
#30 C:\\xampp\\htdocs\\serbiscrm\\vendor\\laravel\\framework\\src\\Illuminate\\Auth\\Middleware\\Authenticate.php(57): Illuminate\\Pipeline\\Pipeline->Illuminate\\Pipeline\\{closure}(Object(Illuminate\\Http\\Request))
#31 C:\\xampp\\htdocs\\serbiscrm\\vendor\\laravel\\framework\\src\\Illuminate\\Pipeline\\Pipeline.php(180): Illuminate\\Auth\\Middleware\\Authenticate->handle(Object(Illuminate\\Http\\Request), Object(Closure))
#32 C:\\xampp\\htdocs\\serbiscrm\\vendor\\laravel\\framework\\src\\Illuminate\\Foundation\\Http\\Middleware\\VerifyCsrfToken.php(78): Illuminate\\Pipeline\\Pipeline->Illuminate\\Pipeline\\{closure}(Object(Illuminate\\Http\\Request))
#33 C:\\xampp\\htdocs\\serbiscrm\\vendor\\laravel\\framework\\src\\Illuminate\\Pipeline\\Pipeline.php(180): Illuminate\\Foundation\\Http\\Middleware\\VerifyCsrfToken->handle(Object(Illuminate\\Http\\Request), Object(Closure))
#34 C:\\xampp\\htdocs\\serbiscrm\\vendor\\laravel\\framework\\src\\Illuminate\\View\\Middleware\\ShareErrorsFromSession.php(49): Illuminate\\Pipeline\\Pipeline->Illuminate\\Pipeline\\{closure}(Object(Illuminate\\Http\\Request))
#35 C:\\xampp\\htdocs\\serbiscrm\\vendor\\laravel\\framework\\src\\Illuminate\\Pipeline\\Pipeline.php(180): Illuminate\\View\\Middleware\\ShareErrorsFromSession->handle(Object(Illuminate\\Http\\Request), Object(Closure))
#36 C:\\xampp\\htdocs\\serbiscrm\\vendor\\laravel\\framework\\src\\Illuminate\\Session\\Middleware\\StartSession.php(121): Illuminate\\Pipeline\\Pipeline->Illuminate\\Pipeline\\{closure}(Object(Illuminate\\Http\\Request))
#37 C:\\xampp\\htdocs\\serbiscrm\\vendor\\laravel\\framework\\src\\Illuminate\\Session\\Middleware\\StartSession.php(64): Illuminate\\Session\\Middleware\\StartSession->handleStatefulRequest(Object(Illuminate\\Http\\Request), Object(Illuminate\\Session\\Store), Object(Closure))
#38 C:\\xampp\\htdocs\\serbiscrm\\vendor\\laravel\\framework\\src\\Illuminate\\Pipeline\\Pipeline.php(180): Illuminate\\Session\\Middleware\\StartSession->handle(Object(Illuminate\\Http\\Request), Object(Closure))
#39 C:\\xampp\\htdocs\\serbiscrm\\vendor\\laravel\\framework\\src\\Illuminate\\Cookie\\Middleware\\AddQueuedCookiesToResponse.php(37): Illuminate\\Pipeline\\Pipeline->Illuminate\\Pipeline\\{closure}(Object(Illuminate\\Http\\Request))
#40 C:\\xampp\\htdocs\\serbiscrm\\vendor\\laravel\\framework\\src\\Illuminate\\Pipeline\\Pipeline.php(180): Illuminate\\Cookie\\Middleware\\AddQueuedCookiesToResponse->handle(Object(Illuminate\\Http\\Request), Object(Closure))
#41 C:\\xampp\\htdocs\\serbiscrm\\vendor\\laravel\\framework\\src\\Illuminate\\Cookie\\Middleware\\EncryptCookies.php(67): Illuminate\\Pipeline\\Pipeline->Illuminate\\Pipeline\\{closure}(Object(Illuminate\\Http\\Request))
#42 C:\\xampp\\htdocs\\serbiscrm\\vendor\\laravel\\framework\\src\\Illuminate\\Pipeline\\Pipeline.php(180): Illuminate\\Cookie\\Middleware\\EncryptCookies->handle(Object(Illuminate\\Http\\Request), Object(Closure))
#43 C:\\xampp\\htdocs\\serbiscrm\\vendor\\laravel\\framework\\src\\Illuminate\\Pipeline\\Pipeline.php(116): Illuminate\\Pipeline\\Pipeline->Illuminate\\Pipeline\\{closure}(Object(Illuminate\\Http\\Request))
#44 C:\\xampp\\htdocs\\serbiscrm\\vendor\\laravel\\framework\\src\\Illuminate\\Routing\\Router.php(798): Illuminate\\Pipeline\\Pipeline->then(Object(Closure))
#45 C:\\xampp\\htdocs\\serbiscrm\\vendor\\laravel\\framework\\src\\Illuminate\\Routing\\Router.php(777): Illuminate\\Routing\\Router->runRouteWithinStack(Object(Illuminate\\Routing\\Route), Object(Illuminate\\Http\\Request))
#46 C:\\xampp\\htdocs\\serbiscrm\\vendor\\laravel\\framework\\src\\Illuminate\\Routing\\Router.php(741): Illuminate\\Routing\\Router->runRoute(Object(Illuminate\\Http\\Request), Object(Illuminate\\Routing\\Route))
#47 C:\\xampp\\htdocs\\serbiscrm\\vendor\\laravel\\framework\\src\\Illuminate\\Routing\\Router.php(730): Illuminate\\Routing\\Router->dispatchToRoute(Object(Illuminate\\Http\\Request))
#48 C:\\xampp\\htdocs\\serbiscrm\\vendor\\laravel\\framework\\src\\Illuminate\\Foundation\\Http\\Kernel.php(200): Illuminate\\Routing\\Router->dispatch(Object(Illuminate\\Http\\Request))
#49 C:\\xampp\\htdocs\\serbiscrm\\vendor\\laravel\\framework\\src\\Illuminate\\Pipeline\\Pipeline.php(141): Illuminate\\Foundation\\Http\\Kernel->Illuminate\\Foundation\\Http\\{closure}(Object(Illuminate\\Http\\Request))
#50 C:\\xampp\\htdocs\\serbiscrm\\app\\Http\\Middleware\\ImpersonationMiddleware.php(51): Illuminate\\Pipeline\\Pipeline->Illuminate\\Pipeline\\{closure}(Object(Illuminate\\Http\\Request))
#51 C:\\xampp\\htdocs\\serbiscrm\\vendor\\laravel\\framework\\src\\Illuminate\\Pipeline\\Pipeline.php(180): App\\Http\\Middleware\\ImpersonationMiddleware->handle(Object(Illuminate\\Http\\Request), Object(Closure))
#52 C:\\xampp\\htdocs\\serbiscrm\\vendor\\laravel\\framework\\src\\Illuminate\\Foundation\\Http\\Middleware\\TransformsRequest.php(21): Illuminate\\Pipeline\\Pipeline->Illuminate\\Pipeline\\{closure}(Object(Illuminate\\Http\\Request))
#53 C:\\xampp\\htdocs\\serbiscrm\\vendor\\laravel\\framework\\src\\Illuminate\\Foundation\\Http\\Middleware\\ConvertEmptyStringsToNull.php(31): Illuminate\\Foundation\\Http\\Middleware\\TransformsRequest->handle(Object(Illuminate\\Http\\Request), Object(Closure))
#54 C:\\xampp\\htdocs\\serbiscrm\\vendor\\laravel\\framework\\src\\Illuminate\\Pipeline\\Pipeline.php(180): Illuminate\\Foundation\\Http\\Middleware\\ConvertEmptyStringsToNull->handle(Object(Illuminate\\Http\\Request), Object(Closure))
#55 C:\\xampp\\htdocs\\serbiscrm\\vendor\\laravel\\framework\\src\\Illuminate\\Foundation\\Http\\Middleware\\TransformsRequest.php(21): Illuminate\\Pipeline\\Pipeline->Illuminate\\Pipeline\\{closure}(Object(Illuminate\\Http\\Request))
#56 C:\\xampp\\htdocs\\serbiscrm\\vendor\\laravel\\framework\\src\\Illuminate\\Foundation\\Http\\Middleware\\TrimStrings.php(40): Illuminate\\Foundation\\Http\\Middleware\\TransformsRequest->handle(Object(Illuminate\\Http\\Request), Object(Closure))
#57 C:\\xampp\\htdocs\\serbiscrm\\vendor\\laravel\\framework\\src\\Illuminate\\Pipeline\\Pipeline.php(180): Illuminate\\Foundation\\Http\\Middleware\\TrimStrings->handle(Object(Illuminate\\Http\\Request), Object(Closure))
#58 C:\\xampp\\htdocs\\serbiscrm\\vendor\\laravel\\framework\\src\\Illuminate\\Foundation\\Http\\Middleware\\ValidatePostSize.php(27): Illuminate\\Pipeline\\Pipeline->Illuminate\\Pipeline\\{closure}(Object(Illuminate\\Http\\Request))
#59 C:\\xampp\\htdocs\\serbiscrm\\vendor\\laravel\\framework\\src\\Illuminate\\Pipeline\\Pipeline.php(180): Illuminate\\Foundation\\Http\\Middleware\\ValidatePostSize->handle(Object(Illuminate\\Http\\Request), Object(Closure))
#60 C:\\xampp\\htdocs\\serbiscrm\\vendor\\laravel\\framework\\src\\Illuminate\\Foundation\\Http\\Middleware\\PreventRequestsDuringMaintenance.php(99): Illuminate\\Pipeline\\Pipeline->Illuminate\\Pipeline\\{closure}(Object(Illuminate\\Http\\Request))
#61 C:\\xampp\\htdocs\\serbiscrm\\vendor\\laravel\\framework\\src\\Illuminate\\Pipeline\\Pipeline.php(180): Illuminate\\Foundation\\Http\\Middleware\\PreventRequestsDuringMaintenance->handle(Object(Illuminate\\Http\\Request), Object(Closure))
#62 C:\\xampp\\htdocs\\serbiscrm\\vendor\\laravel\\framework\\src\\Illuminate\\Http\\Middleware\\HandleCors.php(49): Illuminate\\Pipeline\\Pipeline->Illuminate\\Pipeline\\{closure}(Object(Illuminate\\Http\\Request))
#63 C:\\xampp\\htdocs\\serbiscrm\\vendor\\laravel\\framework\\src\\Illuminate\\Pipeline\\Pipeline.php(180): Illuminate\\Http\\Middleware\\HandleCors->handle(Object(Illuminate\\Http\\Request), Object(Closure))
#64 C:\\xampp\\htdocs\\serbiscrm\\vendor\\laravel\\framework\\src\\Illuminate\\Http\\Middleware\\TrustProxies.php(39): Illuminate\\Pipeline\\Pipeline->Illuminate\\Pipeline\\{closure}(Object(Illuminate\\Http\\Request))
#65 C:\\xampp\\htdocs\\serbiscrm\\vendor\\laravel\\framework\\src\\Illuminate\\Pipeline\\Pipeline.php(180): Illuminate\\Http\\Middleware\\TrustProxies->handle(Object(Illuminate\\Http\\Request), Object(Closure))
#66 C:\\xampp\\htdocs\\serbiscrm\\vendor\\laravel\\framework\\src\\Illuminate\\Pipeline\\Pipeline.php(116): Illuminate\\Pipeline\\Pipeline->Illuminate\\Pipeline\\{closure}(Object(Illuminate\\Http\\Request))
#67 C:\\xampp\\htdocs\\serbiscrm\\vendor\\laravel\\framework\\src\\Illuminate\\Foundation\\Http\\Kernel.php(175): Illuminate\\Pipeline\\Pipeline->then(Object(Closure))
#68 C:\\xampp\\htdocs\\serbiscrm\\vendor\\laravel\\framework\\src\\Illuminate\\Foundation\\Http\\Kernel.php(144): Illuminate\\Foundation\\Http\\Kernel->sendRequestThroughRouter(Object(Illuminate\\Http\\Request))
#69 C:\\xampp\\htdocs\\serbiscrm\\public\\index.php(51): Illuminate\\Foundation\\Http\\Kernel->handle(Object(Illuminate\\Http\\Request))
#70 C:\\xampp\\htdocs\\serbiscrm\\vendor\\laravel\\framework\\src\\Illuminate\\Foundation\\resources\\server.php(16): require_once('C:\\\\xampp\\\\htdocs...')
#71 {main}
"} 
[2025-11-13 12:28:20] local.ERROR: syntax error, unexpected identifier "tenant", expecting ")" {"view":{"view":"C:\\xampp\\htdocs\\serbiscrm\\resources\\views\\frontend\\secure\\bulk_sms\\no_integration.blade.php","data":{"errors":"<pre class=sf-dump id=sf-dump-1632166914 data-indent-pad=\"  \"><span class=sf-dump-note>Illuminate\\Support\\ViewErrorBag</span> {<a class=sf-dump-ref>#1218</a><samp data-depth=1 class=sf-dump-expanded>
  #<span class=sf-dump-protected title=\"Protected property\">bags</span>: []
</samp>}
</pre><script>Sfdump(\"sf-dump-1632166914\", {\"maxDepth\":3,\"maxStringLength\":160})</script>
","firma":"<pre class=sf-dump id=sf-dump-2094518704 data-indent-pad=\"  \"><span class=sf-dump-note>App\\Models\\Tenant</span> {<a class=sf-dump-ref>#2240</a><samp data-depth=1 class=sf-dump-expanded>
  #<span class=sf-dump-protected title=\"Protected property\">connection</span>: \"<span class=sf-dump-str title=\"5 characters\">mysql</span>\"
  #<span class=sf-dump-protected title=\"Protected property\">table</span>: \"<span class=sf-dump-str title=\"7 characters\">tenants</span>\"
  #<span class=sf-dump-protected title=\"Protected property\">primaryKey</span>: \"<span class=sf-dump-str title=\"2 characters\">id</span>\"
  #<span class=sf-dump-protected title=\"Protected property\">keyType</span>: \"<span class=sf-dump-str title=\"3 characters\">int</span>\"
  +<span class=sf-dump-public title=\"Public property\">incrementing</span>: <span class=sf-dump-const>true</span>
  #<span class=sf-dump-protected title=\"Protected property\">with</span>: []
  #<span class=sf-dump-protected title=\"Protected property\">withCount</span>: []
  +<span class=sf-dump-public title=\"Public property\">preventsLazyLoading</span>: <span class=sf-dump-const>false</span>
  #<span class=sf-dump-protected title=\"Protected property\">perPage</span>: <span class=sf-dump-num>15</span>
  +<span class=sf-dump-public title=\"Public property\">exists</span>: <span class=sf-dump-const>true</span>
  +<span class=sf-dump-public title=\"Public property\">wasRecentlyCreated</span>: <span class=sf-dump-const>false</span>
  #<span class=sf-dump-protected title=\"Protected property\">escapeWhenCastingToString</span>: <span class=sf-dump-const>false</span>
  #<span class=sf-dump-protected title=\"Protected property\">attributes</span>: <span class=sf-dump-note>array:36</span> [<samp data-depth=2 class=sf-dump-compact>
    \"<span class=sf-dump-key>id</span>\" => <span class=sf-dump-num>28</span>
    \"<span class=sf-dump-key>name</span>\" => \"<span class=sf-dump-str title=\"8 characters\">Ali Test</span>\"
    \"<span class=sf-dump-key>firma_adi</span>\" => \"<span class=sf-dump-str title=\"11 characters\">Aksa Teknik</span>\"
    \"<span class=sf-dump-key>firma_slug</span>\" => \"<span class=sf-dump-str title=\"11 characters\">aksa-teknik</span>\"
    \"<span class=sf-dump-key>username</span>\" => \"<span class=sf-dump-str title=\"14 characters\">aksateknik.com</span>\"
    \"<span class=sf-dump-key>eposta</span>\" => \"<span class=sf-dump-str title=\"17 characters\">alitest@gmail.com</span>\"
    \"<span class=sf-dump-key>tel1</span>\" => \"<span class=sf-dump-str title=\"13 characters\">545 323 31 64</span>\"
    \"<span class=sf-dump-key>tel2</span>\" => <span class=sf-dump-const>null</span>
    \"<span class=sf-dump-key>il</span>\" => \"<span class=sf-dump-str>7</span>\"
    \"<span class=sf-dump-key>ilce</span>\" => \"<span class=sf-dump-str title=\"2 characters\">89</span>\"
    \"<span class=sf-dump-key>adres</span>\" => <span class=sf-dump-const>null</span>
    \"<span class=sf-dump-key>webSitesi</span>\" => <span class=sf-dump-const>null</span>
    \"<span class=sf-dump-key>vergiNo</span>\" => \"<span class=sf-dump-str title=\"10 characters\">6458923211</span>\"
    \"<span class=sf-dump-key>vergiDairesi</span>\" => <span class=sf-dump-const>null</span>
    \"<span class=sf-dump-key>tcNo</span>\" => <span class=sf-dump-const>null</span>
    \"<span class=sf-dump-key>iban</span>\" => <span class=sf-dump-const>null</span>
    \"<span class=sf-dump-key>logo</span>\" => <span class=sf-dump-const>null</span>
    \"<span class=sf-dump-key>personelSayisi</span>\" => <span class=sf-dump-num>2</span>
    \"<span class=sf-dump-key>bayiSayisi</span>\" => <span class=sf-dump-num>1</span>
    \"<span class=sf-dump-key>stokSayisi</span>\" => <span class=sf-dump-num>5</span>
    \"<span class=sf-dump-key>konsinyeSayisi</span>\" => <span class=sf-dump-num>1</span>
    \"<span class=sf-dump-key>kdvOrani</span>\" => <span class=sf-dump-const>null</span>
    \"<span class=sf-dump-key>smsKullanici</span>\" => <span class=sf-dump-const>null</span>
    \"<span class=sf-dump-key>smsSifre</span>\" => <span class=sf-dump-const>null</span>
    \"<span class=sf-dump-key>smsGonderici</span>\" => <span class=sf-dump-const>null</span>
    \"<span class=sf-dump-key>smsKaraliste</span>\" => <span class=sf-dump-const>null</span>
    \"<span class=sf-dump-key>kayitTarihi</span>\" => \"<span class=sf-dump-str title=\"10 characters\">2025-09-04</span>\"
    \"<span class=sf-dump-key>bitisTarihi</span>\" => \"<span class=sf-dump-str title=\"10 characters\">2026-09-16</span>\"
    \"<span class=sf-dump-key>status</span>\" => <span class=sf-dump-num>1</span>
    \"<span class=sf-dump-key>trial_starts_at</span>\" => \"<span class=sf-dump-str title=\"19 characters\">2025-09-04 12:04:58</span>\"
    \"<span class=sf-dump-key>trial_ends_at</span>\" => \"<span class=sf-dump-str title=\"19 characters\">2025-09-16 12:04:58</span>\"
    \"<span class=sf-dump-key>trial_used</span>\" => <span class=sf-dump-num>1</span>
    \"<span class=sf-dump-key>subscription_status</span>\" => \"<span class=sf-dump-str title=\"6 characters\">active</span>\"
    \"<span class=sf-dump-key>subscription_ends_at</span>\" => \"<span class=sf-dump-str title=\"19 characters\">2026-09-16 16:30:07</span>\"
    \"<span class=sf-dump-key>created_at</span>\" => \"<span class=sf-dump-str title=\"19 characters\">2025-09-04 12:04:58</span>\"
    \"<span class=sf-dump-key>updated_at</span>\" => \"<span class=sf-dump-str title=\"19 characters\">2025-09-16 16:30:07</span>\"
  </samp>]
  #<span class=sf-dump-protected title=\"Protected property\">original</span>: <span class=sf-dump-note>array:36</span> [<samp data-depth=2 class=sf-dump-compact>
    \"<span class=sf-dump-key>id</span>\" => <span class=sf-dump-num>28</span>
    \"<span class=sf-dump-key>name</span>\" => \"<span class=sf-dump-str title=\"8 characters\">Ali Test</span>\"
    \"<span class=sf-dump-key>firma_adi</span>\" => \"<span class=sf-dump-str title=\"11 characters\">Aksa Teknik</span>\"
    \"<span class=sf-dump-key>firma_slug</span>\" => \"<span class=sf-dump-str title=\"11 characters\">aksa-teknik</span>\"
    \"<span class=sf-dump-key>username</span>\" => \"<span class=sf-dump-str title=\"14 characters\">aksateknik.com</span>\"
    \"<span class=sf-dump-key>eposta</span>\" => \"<span class=sf-dump-str title=\"17 characters\">alitest@gmail.com</span>\"
    \"<span class=sf-dump-key>tel1</span>\" => \"<span class=sf-dump-str title=\"13 characters\">545 323 31 64</span>\"
    \"<span class=sf-dump-key>tel2</span>\" => <span class=sf-dump-const>null</span>
    \"<span class=sf-dump-key>il</span>\" => \"<span class=sf-dump-str>7</span>\"
    \"<span class=sf-dump-key>ilce</span>\" => \"<span class=sf-dump-str title=\"2 characters\">89</span>\"
    \"<span class=sf-dump-key>adres</span>\" => <span class=sf-dump-const>null</span>
    \"<span class=sf-dump-key>webSitesi</span>\" => <span class=sf-dump-const>null</span>
    \"<span class=sf-dump-key>vergiNo</span>\" => \"<span class=sf-dump-str title=\"10 characters\">6458923211</span>\"
    \"<span class=sf-dump-key>vergiDairesi</span>\" => <span class=sf-dump-const>null</span>
    \"<span class=sf-dump-key>tcNo</span>\" => <span class=sf-dump-const>null</span>
    \"<span class=sf-dump-key>iban</span>\" => <span class=sf-dump-const>null</span>
    \"<span class=sf-dump-key>logo</span>\" => <span class=sf-dump-const>null</span>
    \"<span class=sf-dump-key>personelSayisi</span>\" => <span class=sf-dump-num>2</span>
    \"<span class=sf-dump-key>bayiSayisi</span>\" => <span class=sf-dump-num>1</span>
    \"<span class=sf-dump-key>stokSayisi</span>\" => <span class=sf-dump-num>5</span>
    \"<span class=sf-dump-key>konsinyeSayisi</span>\" => <span class=sf-dump-num>1</span>
    \"<span class=sf-dump-key>kdvOrani</span>\" => <span class=sf-dump-const>null</span>
    \"<span class=sf-dump-key>smsKullanici</span>\" => <span class=sf-dump-const>null</span>
    \"<span class=sf-dump-key>smsSifre</span>\" => <span class=sf-dump-const>null</span>
    \"<span class=sf-dump-key>smsGonderici</span>\" => <span class=sf-dump-const>null</span>
    \"<span class=sf-dump-key>smsKaraliste</span>\" => <span class=sf-dump-const>null</span>
    \"<span class=sf-dump-key>kayitTarihi</span>\" => \"<span class=sf-dump-str title=\"10 characters\">2025-09-04</span>\"
    \"<span class=sf-dump-key>bitisTarihi</span>\" => \"<span class=sf-dump-str title=\"10 characters\">2026-09-16</span>\"
    \"<span class=sf-dump-key>status</span>\" => <span class=sf-dump-num>1</span>
    \"<span class=sf-dump-key>trial_starts_at</span>\" => \"<span class=sf-dump-str title=\"19 characters\">2025-09-04 12:04:58</span>\"
    \"<span class=sf-dump-key>trial_ends_at</span>\" => \"<span class=sf-dump-str title=\"19 characters\">2025-09-16 12:04:58</span>\"
    \"<span class=sf-dump-key>trial_used</span>\" => <span class=sf-dump-num>1</span>
    \"<span class=sf-dump-key>subscription_status</span>\" => \"<span class=sf-dump-str title=\"6 characters\">active</span>\"
    \"<span class=sf-dump-key>subscription_ends_at</span>\" => \"<span class=sf-dump-str title=\"19 characters\">2026-09-16 16:30:07</span>\"
    \"<span class=sf-dump-key>created_at</span>\" => \"<span class=sf-dump-str title=\"19 characters\">2025-09-04 12:04:58</span>\"
    \"<span class=sf-dump-key>updated_at</span>\" => \"<span class=sf-dump-str title=\"19 characters\">2025-09-16 16:30:07</span>\"
  </samp>]
  #<span class=sf-dump-protected title=\"Protected property\">changes</span>: []
  #<span class=sf-dump-protected title=\"Protected property\">casts</span>: <span class=sf-dump-note>array:4</span> [<samp data-depth=2 class=sf-dump-compact>
    \"<span class=sf-dump-key>trial_starts_at</span>\" => \"<span class=sf-dump-str title=\"8 characters\">datetime</span>\"
    \"<span class=sf-dump-key>trial_ends_at</span>\" => \"<span class=sf-dump-str title=\"8 characters\">datetime</span>\"
    \"<span class=sf-dump-key>subscription_ends_at</span>\" => \"<span class=sf-dump-str title=\"8 characters\">datetime</span>\"
    \"<span class=sf-dump-key>trial_used</span>\" => \"<span class=sf-dump-str title=\"7 characters\">boolean</span>\"
  </samp>]
  #<span class=sf-dump-protected title=\"Protected property\">classCastCache</span>: []
  #<span class=sf-dump-protected title=\"Protected property\">attributeCastCache</span>: []
  #<span class=sf-dump-protected title=\"Protected property\">dateFormat</span>: <span class=sf-dump-const>null</span>
  #<span class=sf-dump-protected title=\"Protected property\">appends</span>: []
  #<span class=sf-dump-protected title=\"Protected property\">dispatchesEvents</span>: []
  #<span class=sf-dump-protected title=\"Protected property\">observables</span>: []
  #<span class=sf-dump-protected title=\"Protected property\">relations</span>: []
  #<span class=sf-dump-protected title=\"Protected property\">touches</span>: []
  +<span class=sf-dump-public title=\"Public property\">timestamps</span>: <span class=sf-dump-const>true</span>
  +<span class=sf-dump-public title=\"Public property\">usesUniqueIds</span>: <span class=sf-dump-const>false</span>
  #<span class=sf-dump-protected title=\"Protected property\">hidden</span>: []
  #<span class=sf-dump-protected title=\"Protected property\">visible</span>: []
  #<span class=sf-dump-protected title=\"Protected property\">fillable</span>: []
  #<span class=sf-dump-protected title=\"Protected property\">guarded</span>: []
</samp>}
</pre><script>Sfdump(\"sf-dump-2094518704\", {\"maxDepth\":3,\"maxStringLength\":160})</script>
"}},"userId":48,"exception":"[object] (Spatie\\LaravelIgnition\\Exceptions\\ViewException(code: 0): syntax error, unexpected identifier \"tenant\", expecting \")\" at C:\\xampp\\htdocs\\serbiscrm\\resources\\views\\frontend\\secure\\bulk_sms\\no_integration.blade.php:18)
[stacktrace]
#0 C:\\xampp\\htdocs\\serbiscrm\\vendor\\laravel\\framework\\src\\Illuminate\\Filesystem\\Filesystem.php(125): Illuminate\\Filesystem\\Filesystem::Illuminate\\Filesystem\\{closure}()
#1 C:\\xampp\\htdocs\\serbiscrm\\vendor\\laravel\\framework\\src\\Illuminate\\View\\Engines\\PhpEngine.php(58): Illuminate\\Filesystem\\Filesystem->getRequire('C:\\\\xampp\\\\htdocs...', Array)
#2 C:\\xampp\\htdocs\\serbiscrm\\vendor\\laravel\\framework\\src\\Illuminate\\View\\Engines\\CompilerEngine.php(72): Illuminate\\View\\Engines\\PhpEngine->evaluatePath('C:\\\\xampp\\\\htdocs...', Array)
#3 C:\\xampp\\htdocs\\serbiscrm\\vendor\\laravel\\framework\\src\\Illuminate\\View\\View.php(207): Illuminate\\View\\Engines\\CompilerEngine->get('C:\\\\xampp\\\\htdocs...', Array)
#4 C:\\xampp\\htdocs\\serbiscrm\\vendor\\laravel\\framework\\src\\Illuminate\\View\\View.php(190): Illuminate\\View\\View->getContents()
#5 C:\\xampp\\htdocs\\serbiscrm\\vendor\\laravel\\framework\\src\\Illuminate\\View\\View.php(159): Illuminate\\View\\View->renderContents()
#6 C:\\xampp\\htdocs\\serbiscrm\\vendor\\laravel\\framework\\src\\Illuminate\\Http\\Response.php(69): Illuminate\\View\\View->render()
#7 C:\\xampp\\htdocs\\serbiscrm\\vendor\\laravel\\framework\\src\\Illuminate\\Http\\Response.php(35): Illuminate\\Http\\Response->setContent(Object(Illuminate\\View\\View))
#8 C:\\xampp\\htdocs\\serbiscrm\\vendor\\laravel\\framework\\src\\Illuminate\\Routing\\Router.php(911): Illuminate\\Http\\Response->__construct(Object(Illuminate\\View\\View), 200, Array)
#9 C:\\xampp\\htdocs\\serbiscrm\\vendor\\laravel\\framework\\src\\Illuminate\\Routing\\Router.php(878): Illuminate\\Routing\\Router::toResponse(Object(Illuminate\\Http\\Request), Object(Illuminate\\View\\View))
#10 C:\\xampp\\htdocs\\serbiscrm\\vendor\\laravel\\framework\\src\\Illuminate\\Routing\\Router.php(798): Illuminate\\Routing\\Router->prepareResponse(Object(Illuminate\\Http\\Request), Object(Illuminate\\View\\View))
#11 C:\\xampp\\htdocs\\serbiscrm\\vendor\\laravel\\framework\\src\\Illuminate\\Pipeline\\Pipeline.php(141): Illuminate\\Routing\\Router->Illuminate\\Routing\\{closure}(Object(Illuminate\\Http\\Request))
#12 C:\\xampp\\htdocs\\serbiscrm\\app\\Http\\Middleware\\CheckTenantStatus.php(40): Illuminate\\Pipeline\\Pipeline->Illuminate\\Pipeline\\{closure}(Object(Illuminate\\Http\\Request))
#13 C:\\xampp\\htdocs\\serbiscrm\\vendor\\laravel\\framework\\src\\Illuminate\\Pipeline\\Pipeline.php(180): App\\Http\\Middleware\\CheckTenantStatus->handle(Object(Illuminate\\Http\\Request), Object(Closure))
#14 C:\\xampp\\htdocs\\serbiscrm\\app\\Http\\Middleware\\HandleRedirectAfterLogin.php(28): Illuminate\\Pipeline\\Pipeline->Illuminate\\Pipeline\\{closure}(Object(Illuminate\\Http\\Request))
#15 C:\\xampp\\htdocs\\serbiscrm\\vendor\\laravel\\framework\\src\\Illuminate\\Pipeline\\Pipeline.php(180): App\\Http\\Middleware\\HandleRedirectAfterLogin->handle(Object(Illuminate\\Http\\Request), Object(Closure))
#16 C:\\xampp\\htdocs\\serbiscrm\\app\\Http\\Middleware\\CheckCompanySubscription.php(32): Illuminate\\Pipeline\\Pipeline->Illuminate\\Pipeline\\{closure}(Object(Illuminate\\Http\\Request))
#17 C:\\xampp\\htdocs\\serbiscrm\\vendor\\laravel\\framework\\src\\Illuminate\\Pipeline\\Pipeline.php(180): App\\Http\\Middleware\\CheckCompanySubscription->handle(Object(Illuminate\\Http\\Request), Object(Closure))
#18 C:\\xampp\\htdocs\\serbiscrm\\app\\Http\\Middleware\\CheckTenantId.php(43): Illuminate\\Pipeline\\Pipeline->Illuminate\\Pipeline\\{closure}(Object(Illuminate\\Http\\Request))
#19 C:\\xampp\\htdocs\\serbiscrm\\vendor\\laravel\\framework\\src\\Illuminate\\Pipeline\\Pipeline.php(180): App\\Http\\Middleware\\CheckTenantId->handle(Object(Illuminate\\Http\\Request), Object(Closure))
#20 C:\\xampp\\htdocs\\serbiscrm\\app\\Http\\Middleware\\CheckTrialStatus.php(28): Illuminate\\Pipeline\\Pipeline->Illuminate\\Pipeline\\{closure}(Object(Illuminate\\Http\\Request))
#21 C:\\xampp\\htdocs\\serbiscrm\\vendor\\laravel\\framework\\src\\Illuminate\\Pipeline\\Pipeline.php(180): App\\Http\\Middleware\\CheckTrialStatus->handle(Object(Illuminate\\Http\\Request), Object(Closure))
#22 C:\\xampp\\htdocs\\serbiscrm\\vendor\\laravel\\framework\\src\\Illuminate\\Routing\\Middleware\\SubstituteBindings.php(50): Illuminate\\Pipeline\\Pipeline->Illuminate\\Pipeline\\{closure}(Object(Illuminate\\Http\\Request))
#23 C:\\xampp\\htdocs\\serbiscrm\\vendor\\laravel\\framework\\src\\Illuminate\\Pipeline\\Pipeline.php(180): Illuminate\\Routing\\Middleware\\SubstituteBindings->handle(Object(Illuminate\\Http\\Request), Object(Closure))
#24 C:\\xampp\\htdocs\\serbiscrm\\vendor\\laravel\\framework\\src\\Illuminate\\Auth\\Middleware\\Authenticate.php(57): Illuminate\\Pipeline\\Pipeline->Illuminate\\Pipeline\\{closure}(Object(Illuminate\\Http\\Request))
#25 C:\\xampp\\htdocs\\serbiscrm\\vendor\\laravel\\framework\\src\\Illuminate\\Pipeline\\Pipeline.php(180): Illuminate\\Auth\\Middleware\\Authenticate->handle(Object(Illuminate\\Http\\Request), Object(Closure))
#26 C:\\xampp\\htdocs\\serbiscrm\\vendor\\laravel\\framework\\src\\Illuminate\\Foundation\\Http\\Middleware\\VerifyCsrfToken.php(78): Illuminate\\Pipeline\\Pipeline->Illuminate\\Pipeline\\{closure}(Object(Illuminate\\Http\\Request))
#27 C:\\xampp\\htdocs\\serbiscrm\\vendor\\laravel\\framework\\src\\Illuminate\\Pipeline\\Pipeline.php(180): Illuminate\\Foundation\\Http\\Middleware\\VerifyCsrfToken->handle(Object(Illuminate\\Http\\Request), Object(Closure))
#28 C:\\xampp\\htdocs\\serbiscrm\\vendor\\laravel\\framework\\src\\Illuminate\\View\\Middleware\\ShareErrorsFromSession.php(49): Illuminate\\Pipeline\\Pipeline->Illuminate\\Pipeline\\{closure}(Object(Illuminate\\Http\\Request))
#29 C:\\xampp\\htdocs\\serbiscrm\\vendor\\laravel\\framework\\src\\Illuminate\\Pipeline\\Pipeline.php(180): Illuminate\\View\\Middleware\\ShareErrorsFromSession->handle(Object(Illuminate\\Http\\Request), Object(Closure))
#30 C:\\xampp\\htdocs\\serbiscrm\\vendor\\laravel\\framework\\src\\Illuminate\\Session\\Middleware\\StartSession.php(121): Illuminate\\Pipeline\\Pipeline->Illuminate\\Pipeline\\{closure}(Object(Illuminate\\Http\\Request))
#31 C:\\xampp\\htdocs\\serbiscrm\\vendor\\laravel\\framework\\src\\Illuminate\\Session\\Middleware\\StartSession.php(64): Illuminate\\Session\\Middleware\\StartSession->handleStatefulRequest(Object(Illuminate\\Http\\Request), Object(Illuminate\\Session\\Store), Object(Closure))
#32 C:\\xampp\\htdocs\\serbiscrm\\vendor\\laravel\\framework\\src\\Illuminate\\Pipeline\\Pipeline.php(180): Illuminate\\Session\\Middleware\\StartSession->handle(Object(Illuminate\\Http\\Request), Object(Closure))
#33 C:\\xampp\\htdocs\\serbiscrm\\vendor\\laravel\\framework\\src\\Illuminate\\Cookie\\Middleware\\AddQueuedCookiesToResponse.php(37): Illuminate\\Pipeline\\Pipeline->Illuminate\\Pipeline\\{closure}(Object(Illuminate\\Http\\Request))
#34 C:\\xampp\\htdocs\\serbiscrm\\vendor\\laravel\\framework\\src\\Illuminate\\Pipeline\\Pipeline.php(180): Illuminate\\Cookie\\Middleware\\AddQueuedCookiesToResponse->handle(Object(Illuminate\\Http\\Request), Object(Closure))
#35 C:\\xampp\\htdocs\\serbiscrm\\vendor\\laravel\\framework\\src\\Illuminate\\Cookie\\Middleware\\EncryptCookies.php(67): Illuminate\\Pipeline\\Pipeline->Illuminate\\Pipeline\\{closure}(Object(Illuminate\\Http\\Request))
#36 C:\\xampp\\htdocs\\serbiscrm\\vendor\\laravel\\framework\\src\\Illuminate\\Pipeline\\Pipeline.php(180): Illuminate\\Cookie\\Middleware\\EncryptCookies->handle(Object(Illuminate\\Http\\Request), Object(Closure))
#37 C:\\xampp\\htdocs\\serbiscrm\\vendor\\laravel\\framework\\src\\Illuminate\\Pipeline\\Pipeline.php(116): Illuminate\\Pipeline\\Pipeline->Illuminate\\Pipeline\\{closure}(Object(Illuminate\\Http\\Request))
#38 C:\\xampp\\htdocs\\serbiscrm\\vendor\\laravel\\framework\\src\\Illuminate\\Routing\\Router.php(798): Illuminate\\Pipeline\\Pipeline->then(Object(Closure))
#39 C:\\xampp\\htdocs\\serbiscrm\\vendor\\laravel\\framework\\src\\Illuminate\\Routing\\Router.php(777): Illuminate\\Routing\\Router->runRouteWithinStack(Object(Illuminate\\Routing\\Route), Object(Illuminate\\Http\\Request))
#40 C:\\xampp\\htdocs\\serbiscrm\\vendor\\laravel\\framework\\src\\Illuminate\\Routing\\Router.php(741): Illuminate\\Routing\\Router->runRoute(Object(Illuminate\\Http\\Request), Object(Illuminate\\Routing\\Route))
#41 C:\\xampp\\htdocs\\serbiscrm\\vendor\\laravel\\framework\\src\\Illuminate\\Routing\\Router.php(730): Illuminate\\Routing\\Router->dispatchToRoute(Object(Illuminate\\Http\\Request))
#42 C:\\xampp\\htdocs\\serbiscrm\\vendor\\laravel\\framework\\src\\Illuminate\\Foundation\\Http\\Kernel.php(200): Illuminate\\Routing\\Router->dispatch(Object(Illuminate\\Http\\Request))
#43 C:\\xampp\\htdocs\\serbiscrm\\vendor\\laravel\\framework\\src\\Illuminate\\Pipeline\\Pipeline.php(141): Illuminate\\Foundation\\Http\\Kernel->Illuminate\\Foundation\\Http\\{closure}(Object(Illuminate\\Http\\Request))
#44 C:\\xampp\\htdocs\\serbiscrm\\app\\Http\\Middleware\\ImpersonationMiddleware.php(51): Illuminate\\Pipeline\\Pipeline->Illuminate\\Pipeline\\{closure}(Object(Illuminate\\Http\\Request))
#45 C:\\xampp\\htdocs\\serbiscrm\\vendor\\laravel\\framework\\src\\Illuminate\\Pipeline\\Pipeline.php(180): App\\Http\\Middleware\\ImpersonationMiddleware->handle(Object(Illuminate\\Http\\Request), Object(Closure))
#46 C:\\xampp\\htdocs\\serbiscrm\\vendor\\laravel\\framework\\src\\Illuminate\\Foundation\\Http\\Middleware\\TransformsRequest.php(21): Illuminate\\Pipeline\\Pipeline->Illuminate\\Pipeline\\{closure}(Object(Illuminate\\Http\\Request))
#47 C:\\xampp\\htdocs\\serbiscrm\\vendor\\laravel\\framework\\src\\Illuminate\\Foundation\\Http\\Middleware\\ConvertEmptyStringsToNull.php(31): Illuminate\\Foundation\\Http\\Middleware\\TransformsRequest->handle(Object(Illuminate\\Http\\Request), Object(Closure))
#48 C:\\xampp\\htdocs\\serbiscrm\\vendor\\laravel\\framework\\src\\Illuminate\\Pipeline\\Pipeline.php(180): Illuminate\\Foundation\\Http\\Middleware\\ConvertEmptyStringsToNull->handle(Object(Illuminate\\Http\\Request), Object(Closure))
#49 C:\\xampp\\htdocs\\serbiscrm\\vendor\\laravel\\framework\\src\\Illuminate\\Foundation\\Http\\Middleware\\TransformsRequest.php(21): Illuminate\\Pipeline\\Pipeline->Illuminate\\Pipeline\\{closure}(Object(Illuminate\\Http\\Request))
#50 C:\\xampp\\htdocs\\serbiscrm\\vendor\\laravel\\framework\\src\\Illuminate\\Foundation\\Http\\Middleware\\TrimStrings.php(40): Illuminate\\Foundation\\Http\\Middleware\\TransformsRequest->handle(Object(Illuminate\\Http\\Request), Object(Closure))
#51 C:\\xampp\\htdocs\\serbiscrm\\vendor\\laravel\\framework\\src\\Illuminate\\Pipeline\\Pipeline.php(180): Illuminate\\Foundation\\Http\\Middleware\\TrimStrings->handle(Object(Illuminate\\Http\\Request), Object(Closure))
#52 C:\\xampp\\htdocs\\serbiscrm\\vendor\\laravel\\framework\\src\\Illuminate\\Foundation\\Http\\Middleware\\ValidatePostSize.php(27): Illuminate\\Pipeline\\Pipeline->Illuminate\\Pipeline\\{closure}(Object(Illuminate\\Http\\Request))
#53 C:\\xampp\\htdocs\\serbiscrm\\vendor\\laravel\\framework\\src\\Illuminate\\Pipeline\\Pipeline.php(180): Illuminate\\Foundation\\Http\\Middleware\\ValidatePostSize->handle(Object(Illuminate\\Http\\Request), Object(Closure))
#54 C:\\xampp\\htdocs\\serbiscrm\\vendor\\laravel\\framework\\src\\Illuminate\\Foundation\\Http\\Middleware\\PreventRequestsDuringMaintenance.php(99): Illuminate\\Pipeline\\Pipeline->Illuminate\\Pipeline\\{closure}(Object(Illuminate\\Http\\Request))
#55 C:\\xampp\\htdocs\\serbiscrm\\vendor\\laravel\\framework\\src\\Illuminate\\Pipeline\\Pipeline.php(180): Illuminate\\Foundation\\Http\\Middleware\\PreventRequestsDuringMaintenance->handle(Object(Illuminate\\Http\\Request), Object(Closure))
#56 C:\\xampp\\htdocs\\serbiscrm\\vendor\\laravel\\framework\\src\\Illuminate\\Http\\Middleware\\HandleCors.php(49): Illuminate\\Pipeline\\Pipeline->Illuminate\\Pipeline\\{closure}(Object(Illuminate\\Http\\Request))
#57 C:\\xampp\\htdocs\\serbiscrm\\vendor\\laravel\\framework\\src\\Illuminate\\Pipeline\\Pipeline.php(180): Illuminate\\Http\\Middleware\\HandleCors->handle(Object(Illuminate\\Http\\Request), Object(Closure))
#58 C:\\xampp\\htdocs\\serbiscrm\\vendor\\laravel\\framework\\src\\Illuminate\\Http\\Middleware\\TrustProxies.php(39): Illuminate\\Pipeline\\Pipeline->Illuminate\\Pipeline\\{closure}(Object(Illuminate\\Http\\Request))
#59 C:\\xampp\\htdocs\\serbiscrm\\vendor\\laravel\\framework\\src\\Illuminate\\Pipeline\\Pipeline.php(180): Illuminate\\Http\\Middleware\\TrustProxies->handle(Object(Illuminate\\Http\\Request), Object(Closure))
#60 C:\\xampp\\htdocs\\serbiscrm\\vendor\\laravel\\framework\\src\\Illuminate\\Pipeline\\Pipeline.php(116): Illuminate\\Pipeline\\Pipeline->Illuminate\\Pipeline\\{closure}(Object(Illuminate\\Http\\Request))
#61 C:\\xampp\\htdocs\\serbiscrm\\vendor\\laravel\\framework\\src\\Illuminate\\Foundation\\Http\\Kernel.php(175): Illuminate\\Pipeline\\Pipeline->then(Object(Closure))
#62 C:\\xampp\\htdocs\\serbiscrm\\vendor\\laravel\\framework\\src\\Illuminate\\Foundation\\Http\\Kernel.php(144): Illuminate\\Foundation\\Http\\Kernel->sendRequestThroughRouter(Object(Illuminate\\Http\\Request))
#63 C:\\xampp\\htdocs\\serbiscrm\\public\\index.php(51): Illuminate\\Foundation\\Http\\Kernel->handle(Object(Illuminate\\Http\\Request))
#64 C:\\xampp\\htdocs\\serbiscrm\\vendor\\laravel\\framework\\src\\Illuminate\\Foundation\\resources\\server.php(16): require_once('C:\\\\xampp\\\\htdocs...')
#65 {main}

[previous exception] [object] (ParseError(code: 0): syntax error, unexpected identifier \"tenant\", expecting \")\" at C:\\xampp\\htdocs\\serbiscrm\\storage\\framework\\views\\5f068be37b8028b691ef067f55b97816.php:18)
[stacktrace]
#0 C:\\xampp\\htdocs\\serbiscrm\\vendor\\laravel\\framework\\src\\Illuminate\\Filesystem\\Filesystem.php(125): Illuminate\\Filesystem\\Filesystem::Illuminate\\Filesystem\\{closure}()
#1 C:\\xampp\\htdocs\\serbiscrm\\vendor\\laravel\\framework\\src\\Illuminate\\View\\Engines\\PhpEngine.php(58): Illuminate\\Filesystem\\Filesystem->getRequire('C:\\\\xampp\\\\htdocs...', Array)
#2 C:\\xampp\\htdocs\\serbiscrm\\vendor\\laravel\\framework\\src\\Illuminate\\View\\Engines\\CompilerEngine.php(72): Illuminate\\View\\Engines\\PhpEngine->evaluatePath('C:\\\\xampp\\\\htdocs...', Array)
#3 C:\\xampp\\htdocs\\serbiscrm\\vendor\\laravel\\framework\\src\\Illuminate\\View\\View.php(207): Illuminate\\View\\Engines\\CompilerEngine->get('C:\\\\xampp\\\\htdocs...', Array)
#4 C:\\xampp\\htdocs\\serbiscrm\\vendor\\laravel\\framework\\src\\Illuminate\\View\\View.php(190): Illuminate\\View\\View->getContents()
#5 C:\\xampp\\htdocs\\serbiscrm\\vendor\\laravel\\framework\\src\\Illuminate\\View\\View.php(159): Illuminate\\View\\View->renderContents()
#6 C:\\xampp\\htdocs\\serbiscrm\\vendor\\laravel\\framework\\src\\Illuminate\\Http\\Response.php(69): Illuminate\\View\\View->render()
#7 C:\\xampp\\htdocs\\serbiscrm\\vendor\\laravel\\framework\\src\\Illuminate\\Http\\Response.php(35): Illuminate\\Http\\Response->setContent(Object(Illuminate\\View\\View))
#8 C:\\xampp\\htdocs\\serbiscrm\\vendor\\laravel\\framework\\src\\Illuminate\\Routing\\Router.php(911): Illuminate\\Http\\Response->__construct(Object(Illuminate\\View\\View), 200, Array)
#9 C:\\xampp\\htdocs\\serbiscrm\\vendor\\laravel\\framework\\src\\Illuminate\\Routing\\Router.php(878): Illuminate\\Routing\\Router::toResponse(Object(Illuminate\\Http\\Request), Object(Illuminate\\View\\View))
#10 C:\\xampp\\htdocs\\serbiscrm\\vendor\\laravel\\framework\\src\\Illuminate\\Routing\\Router.php(798): Illuminate\\Routing\\Router->prepareResponse(Object(Illuminate\\Http\\Request), Object(Illuminate\\View\\View))
#11 C:\\xampp\\htdocs\\serbiscrm\\vendor\\laravel\\framework\\src\\Illuminate\\Pipeline\\Pipeline.php(141): Illuminate\\Routing\\Router->Illuminate\\Routing\\{closure}(Object(Illuminate\\Http\\Request))
#12 C:\\xampp\\htdocs\\serbiscrm\\app\\Http\\Middleware\\CheckTenantStatus.php(40): Illuminate\\Pipeline\\Pipeline->Illuminate\\Pipeline\\{closure}(Object(Illuminate\\Http\\Request))
#13 C:\\xampp\\htdocs\\serbiscrm\\vendor\\laravel\\framework\\src\\Illuminate\\Pipeline\\Pipeline.php(180): App\\Http\\Middleware\\CheckTenantStatus->handle(Object(Illuminate\\Http\\Request), Object(Closure))
#14 C:\\xampp\\htdocs\\serbiscrm\\app\\Http\\Middleware\\HandleRedirectAfterLogin.php(28): Illuminate\\Pipeline\\Pipeline->Illuminate\\Pipeline\\{closure}(Object(Illuminate\\Http\\Request))
#15 C:\\xampp\\htdocs\\serbiscrm\\vendor\\laravel\\framework\\src\\Illuminate\\Pipeline\\Pipeline.php(180): App\\Http\\Middleware\\HandleRedirectAfterLogin->handle(Object(Illuminate\\Http\\Request), Object(Closure))
#16 C:\\xampp\\htdocs\\serbiscrm\\app\\Http\\Middleware\\CheckCompanySubscription.php(32): Illuminate\\Pipeline\\Pipeline->Illuminate\\Pipeline\\{closure}(Object(Illuminate\\Http\\Request))
#17 C:\\xampp\\htdocs\\serbiscrm\\vendor\\laravel\\framework\\src\\Illuminate\\Pipeline\\Pipeline.php(180): App\\Http\\Middleware\\CheckCompanySubscription->handle(Object(Illuminate\\Http\\Request), Object(Closure))
#18 C:\\xampp\\htdocs\\serbiscrm\\app\\Http\\Middleware\\CheckTenantId.php(43): Illuminate\\Pipeline\\Pipeline->Illuminate\\Pipeline\\{closure}(Object(Illuminate\\Http\\Request))
#19 C:\\xampp\\htdocs\\serbiscrm\\vendor\\laravel\\framework\\src\\Illuminate\\Pipeline\\Pipeline.php(180): App\\Http\\Middleware\\CheckTenantId->handle(Object(Illuminate\\Http\\Request), Object(Closure))
#20 C:\\xampp\\htdocs\\serbiscrm\\app\\Http\\Middleware\\CheckTrialStatus.php(28): Illuminate\\Pipeline\\Pipeline->Illuminate\\Pipeline\\{closure}(Object(Illuminate\\Http\\Request))
#21 C:\\xampp\\htdocs\\serbiscrm\\vendor\\laravel\\framework\\src\\Illuminate\\Pipeline\\Pipeline.php(180): App\\Http\\Middleware\\CheckTrialStatus->handle(Object(Illuminate\\Http\\Request), Object(Closure))
#22 C:\\xampp\\htdocs\\serbiscrm\\vendor\\laravel\\framework\\src\\Illuminate\\Routing\\Middleware\\SubstituteBindings.php(50): Illuminate\\Pipeline\\Pipeline->Illuminate\\Pipeline\\{closure}(Object(Illuminate\\Http\\Request))
#23 C:\\xampp\\htdocs\\serbiscrm\\vendor\\laravel\\framework\\src\\Illuminate\\Pipeline\\Pipeline.php(180): Illuminate\\Routing\\Middleware\\SubstituteBindings->handle(Object(Illuminate\\Http\\Request), Object(Closure))
#24 C:\\xampp\\htdocs\\serbiscrm\\vendor\\laravel\\framework\\src\\Illuminate\\Auth\\Middleware\\Authenticate.php(57): Illuminate\\Pipeline\\Pipeline->Illuminate\\Pipeline\\{closure}(Object(Illuminate\\Http\\Request))
#25 C:\\xampp\\htdocs\\serbiscrm\\vendor\\laravel\\framework\\src\\Illuminate\\Pipeline\\Pipeline.php(180): Illuminate\\Auth\\Middleware\\Authenticate->handle(Object(Illuminate\\Http\\Request), Object(Closure))
#26 C:\\xampp\\htdocs\\serbiscrm\\vendor\\laravel\\framework\\src\\Illuminate\\Foundation\\Http\\Middleware\\VerifyCsrfToken.php(78): Illuminate\\Pipeline\\Pipeline->Illuminate\\Pipeline\\{closure}(Object(Illuminate\\Http\\Request))
#27 C:\\xampp\\htdocs\\serbiscrm\\vendor\\laravel\\framework\\src\\Illuminate\\Pipeline\\Pipeline.php(180): Illuminate\\Foundation\\Http\\Middleware\\VerifyCsrfToken->handle(Object(Illuminate\\Http\\Request), Object(Closure))
#28 C:\\xampp\\htdocs\\serbiscrm\\vendor\\laravel\\framework\\src\\Illuminate\\View\\Middleware\\ShareErrorsFromSession.php(49): Illuminate\\Pipeline\\Pipeline->Illuminate\\Pipeline\\{closure}(Object(Illuminate\\Http\\Request))
#29 C:\\xampp\\htdocs\\serbiscrm\\vendor\\laravel\\framework\\src\\Illuminate\\Pipeline\\Pipeline.php(180): Illuminate\\View\\Middleware\\ShareErrorsFromSession->handle(Object(Illuminate\\Http\\Request), Object(Closure))
#30 C:\\xampp\\htdocs\\serbiscrm\\vendor\\laravel\\framework\\src\\Illuminate\\Session\\Middleware\\StartSession.php(121): Illuminate\\Pipeline\\Pipeline->Illuminate\\Pipeline\\{closure}(Object(Illuminate\\Http\\Request))
#31 C:\\xampp\\htdocs\\serbiscrm\\vendor\\laravel\\framework\\src\\Illuminate\\Session\\Middleware\\StartSession.php(64): Illuminate\\Session\\Middleware\\StartSession->handleStatefulRequest(Object(Illuminate\\Http\\Request), Object(Illuminate\\Session\\Store), Object(Closure))
#32 C:\\xampp\\htdocs\\serbiscrm\\vendor\\laravel\\framework\\src\\Illuminate\\Pipeline\\Pipeline.php(180): Illuminate\\Session\\Middleware\\StartSession->handle(Object(Illuminate\\Http\\Request), Object(Closure))
#33 C:\\xampp\\htdocs\\serbiscrm\\vendor\\laravel\\framework\\src\\Illuminate\\Cookie\\Middleware\\AddQueuedCookiesToResponse.php(37): Illuminate\\Pipeline\\Pipeline->Illuminate\\Pipeline\\{closure}(Object(Illuminate\\Http\\Request))
#34 C:\\xampp\\htdocs\\serbiscrm\\vendor\\laravel\\framework\\src\\Illuminate\\Pipeline\\Pipeline.php(180): Illuminate\\Cookie\\Middleware\\AddQueuedCookiesToResponse->handle(Object(Illuminate\\Http\\Request), Object(Closure))
#35 C:\\xampp\\htdocs\\serbiscrm\\vendor\\laravel\\framework\\src\\Illuminate\\Cookie\\Middleware\\EncryptCookies.php(67): Illuminate\\Pipeline\\Pipeline->Illuminate\\Pipeline\\{closure}(Object(Illuminate\\Http\\Request))
#36 C:\\xampp\\htdocs\\serbiscrm\\vendor\\laravel\\framework\\src\\Illuminate\\Pipeline\\Pipeline.php(180): Illuminate\\Cookie\\Middleware\\EncryptCookies->handle(Object(Illuminate\\Http\\Request), Object(Closure))
#37 C:\\xampp\\htdocs\\serbiscrm\\vendor\\laravel\\framework\\src\\Illuminate\\Pipeline\\Pipeline.php(116): Illuminate\\Pipeline\\Pipeline->Illuminate\\Pipeline\\{closure}(Object(Illuminate\\Http\\Request))
#38 C:\\xampp\\htdocs\\serbiscrm\\vendor\\laravel\\framework\\src\\Illuminate\\Routing\\Router.php(798): Illuminate\\Pipeline\\Pipeline->then(Object(Closure))
#39 C:\\xampp\\htdocs\\serbiscrm\\vendor\\laravel\\framework\\src\\Illuminate\\Routing\\Router.php(777): Illuminate\\Routing\\Router->runRouteWithinStack(Object(Illuminate\\Routing\\Route), Object(Illuminate\\Http\\Request))
#40 C:\\xampp\\htdocs\\serbiscrm\\vendor\\laravel\\framework\\src\\Illuminate\\Routing\\Router.php(741): Illuminate\\Routing\\Router->runRoute(Object(Illuminate\\Http\\Request), Object(Illuminate\\Routing\\Route))
#41 C:\\xampp\\htdocs\\serbiscrm\\vendor\\laravel\\framework\\src\\Illuminate\\Routing\\Router.php(730): Illuminate\\Routing\\Router->dispatchToRoute(Object(Illuminate\\Http\\Request))
#42 C:\\xampp\\htdocs\\serbiscrm\\vendor\\laravel\\framework\\src\\Illuminate\\Foundation\\Http\\Kernel.php(200): Illuminate\\Routing\\Router->dispatch(Object(Illuminate\\Http\\Request))
#43 C:\\xampp\\htdocs\\serbiscrm\\vendor\\laravel\\framework\\src\\Illuminate\\Pipeline\\Pipeline.php(141): Illuminate\\Foundation\\Http\\Kernel->Illuminate\\Foundation\\Http\\{closure}(Object(Illuminate\\Http\\Request))
#44 C:\\xampp\\htdocs\\serbiscrm\\app\\Http\\Middleware\\ImpersonationMiddleware.php(51): Illuminate\\Pipeline\\Pipeline->Illuminate\\Pipeline\\{closure}(Object(Illuminate\\Http\\Request))
#45 C:\\xampp\\htdocs\\serbiscrm\\vendor\\laravel\\framework\\src\\Illuminate\\Pipeline\\Pipeline.php(180): App\\Http\\Middleware\\ImpersonationMiddleware->handle(Object(Illuminate\\Http\\Request), Object(Closure))
#46 C:\\xampp\\htdocs\\serbiscrm\\vendor\\laravel\\framework\\src\\Illuminate\\Foundation\\Http\\Middleware\\TransformsRequest.php(21): Illuminate\\Pipeline\\Pipeline->Illuminate\\Pipeline\\{closure}(Object(Illuminate\\Http\\Request))
#47 C:\\xampp\\htdocs\\serbiscrm\\vendor\\laravel\\framework\\src\\Illuminate\\Foundation\\Http\\Middleware\\ConvertEmptyStringsToNull.php(31): Illuminate\\Foundation\\Http\\Middleware\\TransformsRequest->handle(Object(Illuminate\\Http\\Request), Object(Closure))
#48 C:\\xampp\\htdocs\\serbiscrm\\vendor\\laravel\\framework\\src\\Illuminate\\Pipeline\\Pipeline.php(180): Illuminate\\Foundation\\Http\\Middleware\\ConvertEmptyStringsToNull->handle(Object(Illuminate\\Http\\Request), Object(Closure))
#49 C:\\xampp\\htdocs\\serbiscrm\\vendor\\laravel\\framework\\src\\Illuminate\\Foundation\\Http\\Middleware\\TransformsRequest.php(21): Illuminate\\Pipeline\\Pipeline->Illuminate\\Pipeline\\{closure}(Object(Illuminate\\Http\\Request))
#50 C:\\xampp\\htdocs\\serbiscrm\\vendor\\laravel\\framework\\src\\Illuminate\\Foundation\\Http\\Middleware\\TrimStrings.php(40): Illuminate\\Foundation\\Http\\Middleware\\TransformsRequest->handle(Object(Illuminate\\Http\\Request), Object(Closure))
#51 C:\\xampp\\htdocs\\serbiscrm\\vendor\\laravel\\framework\\src\\Illuminate\\Pipeline\\Pipeline.php(180): Illuminate\\Foundation\\Http\\Middleware\\TrimStrings->handle(Object(Illuminate\\Http\\Request), Object(Closure))
#52 C:\\xampp\\htdocs\\serbiscrm\\vendor\\laravel\\framework\\src\\Illuminate\\Foundation\\Http\\Middleware\\ValidatePostSize.php(27): Illuminate\\Pipeline\\Pipeline->Illuminate\\Pipeline\\{closure}(Object(Illuminate\\Http\\Request))
#53 C:\\xampp\\htdocs\\serbiscrm\\vendor\\laravel\\framework\\src\\Illuminate\\Pipeline\\Pipeline.php(180): Illuminate\\Foundation\\Http\\Middleware\\ValidatePostSize->handle(Object(Illuminate\\Http\\Request), Object(Closure))
#54 C:\\xampp\\htdocs\\serbiscrm\\vendor\\laravel\\framework\\src\\Illuminate\\Foundation\\Http\\Middleware\\PreventRequestsDuringMaintenance.php(99): Illuminate\\Pipeline\\Pipeline->Illuminate\\Pipeline\\{closure}(Object(Illuminate\\Http\\Request))
#55 C:\\xampp\\htdocs\\serbiscrm\\vendor\\laravel\\framework\\src\\Illuminate\\Pipeline\\Pipeline.php(180): Illuminate\\Foundation\\Http\\Middleware\\PreventRequestsDuringMaintenance->handle(Object(Illuminate\\Http\\Request), Object(Closure))
#56 C:\\xampp\\htdocs\\serbiscrm\\vendor\\laravel\\framework\\src\\Illuminate\\Http\\Middleware\\HandleCors.php(49): Illuminate\\Pipeline\\Pipeline->Illuminate\\Pipeline\\{closure}(Object(Illuminate\\Http\\Request))
#57 C:\\xampp\\htdocs\\serbiscrm\\vendor\\laravel\\framework\\src\\Illuminate\\Pipeline\\Pipeline.php(180): Illuminate\\Http\\Middleware\\HandleCors->handle(Object(Illuminate\\Http\\Request), Object(Closure))
#58 C:\\xampp\\htdocs\\serbiscrm\\vendor\\laravel\\framework\\src\\Illuminate\\Http\\Middleware\\TrustProxies.php(39): Illuminate\\Pipeline\\Pipeline->Illuminate\\Pipeline\\{closure}(Object(Illuminate\\Http\\Request))
#59 C:\\xampp\\htdocs\\serbiscrm\\vendor\\laravel\\framework\\src\\Illuminate\\Pipeline\\Pipeline.php(180): Illuminate\\Http\\Middleware\\TrustProxies->handle(Object(Illuminate\\Http\\Request), Object(Closure))
#60 C:\\xampp\\htdocs\\serbiscrm\\vendor\\laravel\\framework\\src\\Illuminate\\Pipeline\\Pipeline.php(116): Illuminate\\Pipeline\\Pipeline->Illuminate\\Pipeline\\{closure}(Object(Illuminate\\Http\\Request))
#61 C:\\xampp\\htdocs\\serbiscrm\\vendor\\laravel\\framework\\src\\Illuminate\\Foundation\\Http\\Kernel.php(175): Illuminate\\Pipeline\\Pipeline->then(Object(Closure))
#62 C:\\xampp\\htdocs\\serbiscrm\\vendor\\laravel\\framework\\src\\Illuminate\\Foundation\\Http\\Kernel.php(144): Illuminate\\Foundation\\Http\\Kernel->sendRequestThroughRouter(Object(Illuminate\\Http\\Request))
#63 C:\\xampp\\htdocs\\serbiscrm\\public\\index.php(51): Illuminate\\Foundation\\Http\\Kernel->handle(Object(Illuminate\\Http\\Request))
#64 C:\\xampp\\htdocs\\serbiscrm\\vendor\\laravel\\framework\\src\\Illuminate\\Foundation\\resources\\server.php(16): require_once('C:\\\\xampp\\\\htdocs...')
#65 {main}
"} 
[2025-11-13 12:29:37] local.ERROR: Missing required parameter for [Route: tenant.integrations.marketplace] [URI: {tenant_id}/entegrasyonlar] [Missing parameter: tenant_id]. {"view":{"view":"C:\\xampp\\htdocs\\serbiscrm\\resources\\views\\frontend\\secure\\bulk_sms\\no_integration.blade.php","data":{"errors":"<pre class=sf-dump id=sf-dump-1118544883 data-indent-pad=\"  \"><span class=sf-dump-note>Illuminate\\Support\\ViewErrorBag</span> {<a class=sf-dump-ref>#1218</a><samp data-depth=1 class=sf-dump-expanded>
  #<span class=sf-dump-protected title=\"Protected property\">bags</span>: []
</samp>}
</pre><script>Sfdump(\"sf-dump-1118544883\", {\"maxDepth\":3,\"maxStringLength\":160})</script>
","firma":"<pre class=sf-dump id=sf-dump-1154459993 data-indent-pad=\"  \"><span class=sf-dump-note>App\\Models\\Tenant</span> {<a class=sf-dump-ref>#2240</a><samp data-depth=1 class=sf-dump-expanded>
  #<span class=sf-dump-protected title=\"Protected property\">connection</span>: \"<span class=sf-dump-str title=\"5 characters\">mysql</span>\"
  #<span class=sf-dump-protected title=\"Protected property\">table</span>: \"<span class=sf-dump-str title=\"7 characters\">tenants</span>\"
  #<span class=sf-dump-protected title=\"Protected property\">primaryKey</span>: \"<span class=sf-dump-str title=\"2 characters\">id</span>\"
  #<span class=sf-dump-protected title=\"Protected property\">keyType</span>: \"<span class=sf-dump-str title=\"3 characters\">int</span>\"
  +<span class=sf-dump-public title=\"Public property\">incrementing</span>: <span class=sf-dump-const>true</span>
  #<span class=sf-dump-protected title=\"Protected property\">with</span>: []
  #<span class=sf-dump-protected title=\"Protected property\">withCount</span>: []
  +<span class=sf-dump-public title=\"Public property\">preventsLazyLoading</span>: <span class=sf-dump-const>false</span>
  #<span class=sf-dump-protected title=\"Protected property\">perPage</span>: <span class=sf-dump-num>15</span>
  +<span class=sf-dump-public title=\"Public property\">exists</span>: <span class=sf-dump-const>true</span>
  +<span class=sf-dump-public title=\"Public property\">wasRecentlyCreated</span>: <span class=sf-dump-const>false</span>
  #<span class=sf-dump-protected title=\"Protected property\">escapeWhenCastingToString</span>: <span class=sf-dump-const>false</span>
  #<span class=sf-dump-protected title=\"Protected property\">attributes</span>: <span class=sf-dump-note>array:36</span> [<samp data-depth=2 class=sf-dump-compact>
    \"<span class=sf-dump-key>id</span>\" => <span class=sf-dump-num>28</span>
    \"<span class=sf-dump-key>name</span>\" => \"<span class=sf-dump-str title=\"8 characters\">Ali Test</span>\"
    \"<span class=sf-dump-key>firma_adi</span>\" => \"<span class=sf-dump-str title=\"11 characters\">Aksa Teknik</span>\"
    \"<span class=sf-dump-key>firma_slug</span>\" => \"<span class=sf-dump-str title=\"11 characters\">aksa-teknik</span>\"
    \"<span class=sf-dump-key>username</span>\" => \"<span class=sf-dump-str title=\"14 characters\">aksateknik.com</span>\"
    \"<span class=sf-dump-key>eposta</span>\" => \"<span class=sf-dump-str title=\"17 characters\">alitest@gmail.com</span>\"
    \"<span class=sf-dump-key>tel1</span>\" => \"<span class=sf-dump-str title=\"13 characters\">545 323 31 64</span>\"
    \"<span class=sf-dump-key>tel2</span>\" => <span class=sf-dump-const>null</span>
    \"<span class=sf-dump-key>il</span>\" => \"<span class=sf-dump-str>7</span>\"
    \"<span class=sf-dump-key>ilce</span>\" => \"<span class=sf-dump-str title=\"2 characters\">89</span>\"
    \"<span class=sf-dump-key>adres</span>\" => <span class=sf-dump-const>null</span>
    \"<span class=sf-dump-key>webSitesi</span>\" => <span class=sf-dump-const>null</span>
    \"<span class=sf-dump-key>vergiNo</span>\" => \"<span class=sf-dump-str title=\"10 characters\">6458923211</span>\"
    \"<span class=sf-dump-key>vergiDairesi</span>\" => <span class=sf-dump-const>null</span>
    \"<span class=sf-dump-key>tcNo</span>\" => <span class=sf-dump-const>null</span>
    \"<span class=sf-dump-key>iban</span>\" => <span class=sf-dump-const>null</span>
    \"<span class=sf-dump-key>logo</span>\" => <span class=sf-dump-const>null</span>
    \"<span class=sf-dump-key>personelSayisi</span>\" => <span class=sf-dump-num>2</span>
    \"<span class=sf-dump-key>bayiSayisi</span>\" => <span class=sf-dump-num>1</span>
    \"<span class=sf-dump-key>stokSayisi</span>\" => <span class=sf-dump-num>5</span>
    \"<span class=sf-dump-key>konsinyeSayisi</span>\" => <span class=sf-dump-num>1</span>
    \"<span class=sf-dump-key>kdvOrani</span>\" => <span class=sf-dump-const>null</span>
    \"<span class=sf-dump-key>smsKullanici</span>\" => <span class=sf-dump-const>null</span>
    \"<span class=sf-dump-key>smsSifre</span>\" => <span class=sf-dump-const>null</span>
    \"<span class=sf-dump-key>smsGonderici</span>\" => <span class=sf-dump-const>null</span>
    \"<span class=sf-dump-key>smsKaraliste</span>\" => <span class=sf-dump-const>null</span>
    \"<span class=sf-dump-key>kayitTarihi</span>\" => \"<span class=sf-dump-str title=\"10 characters\">2025-09-04</span>\"
    \"<span class=sf-dump-key>bitisTarihi</span>\" => \"<span class=sf-dump-str title=\"10 characters\">2026-09-16</span>\"
    \"<span class=sf-dump-key>status</span>\" => <span class=sf-dump-num>1</span>
    \"<span class=sf-dump-key>trial_starts_at</span>\" => \"<span class=sf-dump-str title=\"19 characters\">2025-09-04 12:04:58</span>\"
    \"<span class=sf-dump-key>trial_ends_at</span>\" => \"<span class=sf-dump-str title=\"19 characters\">2025-09-16 12:04:58</span>\"
    \"<span class=sf-dump-key>trial_used</span>\" => <span class=sf-dump-num>1</span>
    \"<span class=sf-dump-key>subscription_status</span>\" => \"<span class=sf-dump-str title=\"6 characters\">active</span>\"
    \"<span class=sf-dump-key>subscription_ends_at</span>\" => \"<span class=sf-dump-str title=\"19 characters\">2026-09-16 16:30:07</span>\"
    \"<span class=sf-dump-key>created_at</span>\" => \"<span class=sf-dump-str title=\"19 characters\">2025-09-04 12:04:58</span>\"
    \"<span class=sf-dump-key>updated_at</span>\" => \"<span class=sf-dump-str title=\"19 characters\">2025-09-16 16:30:07</span>\"
  </samp>]
  #<span class=sf-dump-protected title=\"Protected property\">original</span>: <span class=sf-dump-note>array:36</span> [<samp data-depth=2 class=sf-dump-compact>
    \"<span class=sf-dump-key>id</span>\" => <span class=sf-dump-num>28</span>
    \"<span class=sf-dump-key>name</span>\" => \"<span class=sf-dump-str title=\"8 characters\">Ali Test</span>\"
    \"<span class=sf-dump-key>firma_adi</span>\" => \"<span class=sf-dump-str title=\"11 characters\">Aksa Teknik</span>\"
    \"<span class=sf-dump-key>firma_slug</span>\" => \"<span class=sf-dump-str title=\"11 characters\">aksa-teknik</span>\"
    \"<span class=sf-dump-key>username</span>\" => \"<span class=sf-dump-str title=\"14 characters\">aksateknik.com</span>\"
    \"<span class=sf-dump-key>eposta</span>\" => \"<span class=sf-dump-str title=\"17 characters\">alitest@gmail.com</span>\"
    \"<span class=sf-dump-key>tel1</span>\" => \"<span class=sf-dump-str title=\"13 characters\">545 323 31 64</span>\"
    \"<span class=sf-dump-key>tel2</span>\" => <span class=sf-dump-const>null</span>
    \"<span class=sf-dump-key>il</span>\" => \"<span class=sf-dump-str>7</span>\"
    \"<span class=sf-dump-key>ilce</span>\" => \"<span class=sf-dump-str title=\"2 characters\">89</span>\"
    \"<span class=sf-dump-key>adres</span>\" => <span class=sf-dump-const>null</span>
    \"<span class=sf-dump-key>webSitesi</span>\" => <span class=sf-dump-const>null</span>
    \"<span class=sf-dump-key>vergiNo</span>\" => \"<span class=sf-dump-str title=\"10 characters\">6458923211</span>\"
    \"<span class=sf-dump-key>vergiDairesi</span>\" => <span class=sf-dump-const>null</span>
    \"<span class=sf-dump-key>tcNo</span>\" => <span class=sf-dump-const>null</span>
    \"<span class=sf-dump-key>iban</span>\" => <span class=sf-dump-const>null</span>
    \"<span class=sf-dump-key>logo</span>\" => <span class=sf-dump-const>null</span>
    \"<span class=sf-dump-key>personelSayisi</span>\" => <span class=sf-dump-num>2</span>
    \"<span class=sf-dump-key>bayiSayisi</span>\" => <span class=sf-dump-num>1</span>
    \"<span class=sf-dump-key>stokSayisi</span>\" => <span class=sf-dump-num>5</span>
    \"<span class=sf-dump-key>konsinyeSayisi</span>\" => <span class=sf-dump-num>1</span>
    \"<span class=sf-dump-key>kdvOrani</span>\" => <span class=sf-dump-const>null</span>
    \"<span class=sf-dump-key>smsKullanici</span>\" => <span class=sf-dump-const>null</span>
    \"<span class=sf-dump-key>smsSifre</span>\" => <span class=sf-dump-const>null</span>
    \"<span class=sf-dump-key>smsGonderici</span>\" => <span class=sf-dump-const>null</span>
    \"<span class=sf-dump-key>smsKaraliste</span>\" => <span class=sf-dump-const>null</span>
    \"<span class=sf-dump-key>kayitTarihi</span>\" => \"<span class=sf-dump-str title=\"10 characters\">2025-09-04</span>\"
    \"<span class=sf-dump-key>bitisTarihi</span>\" => \"<span class=sf-dump-str title=\"10 characters\">2026-09-16</span>\"
    \"<span class=sf-dump-key>status</span>\" => <span class=sf-dump-num>1</span>
    \"<span class=sf-dump-key>trial_starts_at</span>\" => \"<span class=sf-dump-str title=\"19 characters\">2025-09-04 12:04:58</span>\"
    \"<span class=sf-dump-key>trial_ends_at</span>\" => \"<span class=sf-dump-str title=\"19 characters\">2025-09-16 12:04:58</span>\"
    \"<span class=sf-dump-key>trial_used</span>\" => <span class=sf-dump-num>1</span>
    \"<span class=sf-dump-key>subscription_status</span>\" => \"<span class=sf-dump-str title=\"6 characters\">active</span>\"
    \"<span class=sf-dump-key>subscription_ends_at</span>\" => \"<span class=sf-dump-str title=\"19 characters\">2026-09-16 16:30:07</span>\"
    \"<span class=sf-dump-key>created_at</span>\" => \"<span class=sf-dump-str title=\"19 characters\">2025-09-04 12:04:58</span>\"
    \"<span class=sf-dump-key>updated_at</span>\" => \"<span class=sf-dump-str title=\"19 characters\">2025-09-16 16:30:07</span>\"
  </samp>]
  #<span class=sf-dump-protected title=\"Protected property\">changes</span>: []
  #<span class=sf-dump-protected title=\"Protected property\">casts</span>: <span class=sf-dump-note>array:4</span> [<samp data-depth=2 class=sf-dump-compact>
    \"<span class=sf-dump-key>trial_starts_at</span>\" => \"<span class=sf-dump-str title=\"8 characters\">datetime</span>\"
    \"<span class=sf-dump-key>trial_ends_at</span>\" => \"<span class=sf-dump-str title=\"8 characters\">datetime</span>\"
    \"<span class=sf-dump-key>subscription_ends_at</span>\" => \"<span class=sf-dump-str title=\"8 characters\">datetime</span>\"
    \"<span class=sf-dump-key>trial_used</span>\" => \"<span class=sf-dump-str title=\"7 characters\">boolean</span>\"
  </samp>]
  #<span class=sf-dump-protected title=\"Protected property\">classCastCache</span>: []
  #<span class=sf-dump-protected title=\"Protected property\">attributeCastCache</span>: []
  #<span class=sf-dump-protected title=\"Protected property\">dateFormat</span>: <span class=sf-dump-const>null</span>
  #<span class=sf-dump-protected title=\"Protected property\">appends</span>: []
  #<span class=sf-dump-protected title=\"Protected property\">dispatchesEvents</span>: []
  #<span class=sf-dump-protected title=\"Protected property\">observables</span>: []
  #<span class=sf-dump-protected title=\"Protected property\">relations</span>: []
  #<span class=sf-dump-protected title=\"Protected property\">touches</span>: []
  +<span class=sf-dump-public title=\"Public property\">timestamps</span>: <span class=sf-dump-const>true</span>
  +<span class=sf-dump-public title=\"Public property\">usesUniqueIds</span>: <span class=sf-dump-const>false</span>
  #<span class=sf-dump-protected title=\"Protected property\">hidden</span>: []
  #<span class=sf-dump-protected title=\"Protected property\">visible</span>: []
  #<span class=sf-dump-protected title=\"Protected property\">fillable</span>: []
  #<span class=sf-dump-protected title=\"Protected property\">guarded</span>: []
</samp>}
</pre><script>Sfdump(\"sf-dump-1154459993\", {\"maxDepth\":3,\"maxStringLength\":160})</script>
"}},"userId":48,"exception":"[object] (Spatie\\LaravelIgnition\\Exceptions\\ViewException(code: 0): Missing required parameter for [Route: tenant.integrations.marketplace] [URI: {tenant_id}/entegrasyonlar] [Missing parameter: tenant_id]. at C:\\xampp\\htdocs\\serbiscrm\\vendor\\laravel\\framework\\src\\Illuminate\\Routing\\Exceptions\\UrlGenerationException.php:35)
[stacktrace]
#0 C:\\xampp\\htdocs\\serbiscrm\\vendor\\laravel\\framework\\src\\Illuminate\\Routing\\RouteUrlGenerator.php(90): Illuminate\\Routing\\Exceptions\\UrlGenerationException::forMissingParameters(Object(Illuminate\\Routing\\Route), Array)
#1 C:\\xampp\\htdocs\\serbiscrm\\vendor\\laravel\\framework\\src\\Illuminate\\Routing\\UrlGenerator.php(502): Illuminate\\Routing\\RouteUrlGenerator->to(Object(Illuminate\\Routing\\Route), Array, true)
#2 C:\\xampp\\htdocs\\serbiscrm\\vendor\\laravel\\framework\\src\\Illuminate\\Routing\\UrlGenerator.php(471): Illuminate\\Routing\\UrlGenerator->toRoute(Object(Illuminate\\Routing\\Route), Array, true)
#3 C:\\xampp\\htdocs\\serbiscrm\\vendor\\laravel\\framework\\src\\Illuminate\\Foundation\\helpers.php(811): Illuminate\\Routing\\UrlGenerator->route('tenant.integrat...', Array, true)
#4 C:\\xampp\\htdocs\\serbiscrm\\resources\\views\\frontend\\secure\\bulk_sms\\no_integration.blade.php(18): route('tenant.integrat...', Array)
#5 C:\\xampp\\htdocs\\serbiscrm\\vendor\\laravel\\framework\\src\\Illuminate\\Filesystem\\Filesystem.php(124): require('C:\\\\xampp\\\\htdocs...')
#6 C:\\xampp\\htdocs\\serbiscrm\\vendor\\laravel\\framework\\src\\Illuminate\\Filesystem\\Filesystem.php(125): Illuminate\\Filesystem\\Filesystem::Illuminate\\Filesystem\\{closure}()
#7 C:\\xampp\\htdocs\\serbiscrm\\vendor\\laravel\\framework\\src\\Illuminate\\View\\Engines\\PhpEngine.php(58): Illuminate\\Filesystem\\Filesystem->getRequire('C:\\\\xampp\\\\htdocs...', Array)
#8 C:\\xampp\\htdocs\\serbiscrm\\vendor\\laravel\\framework\\src\\Illuminate\\View\\Engines\\CompilerEngine.php(72): Illuminate\\View\\Engines\\PhpEngine->evaluatePath('C:\\\\xampp\\\\htdocs...', Array)
#9 C:\\xampp\\htdocs\\serbiscrm\\vendor\\laravel\\framework\\src\\Illuminate\\View\\View.php(207): Illuminate\\View\\Engines\\CompilerEngine->get('C:\\\\xampp\\\\htdocs...', Array)
#10 C:\\xampp\\htdocs\\serbiscrm\\vendor\\laravel\\framework\\src\\Illuminate\\View\\View.php(190): Illuminate\\View\\View->getContents()
#11 C:\\xampp\\htdocs\\serbiscrm\\vendor\\laravel\\framework\\src\\Illuminate\\View\\View.php(159): Illuminate\\View\\View->renderContents()
#12 C:\\xampp\\htdocs\\serbiscrm\\vendor\\laravel\\framework\\src\\Illuminate\\Http\\Response.php(69): Illuminate\\View\\View->render()
#13 C:\\xampp\\htdocs\\serbiscrm\\vendor\\laravel\\framework\\src\\Illuminate\\Http\\Response.php(35): Illuminate\\Http\\Response->setContent(Object(Illuminate\\View\\View))
#14 C:\\xampp\\htdocs\\serbiscrm\\vendor\\laravel\\framework\\src\\Illuminate\\Routing\\Router.php(911): Illuminate\\Http\\Response->__construct(Object(Illuminate\\View\\View), 200, Array)
#15 C:\\xampp\\htdocs\\serbiscrm\\vendor\\laravel\\framework\\src\\Illuminate\\Routing\\Router.php(878): Illuminate\\Routing\\Router::toResponse(Object(Illuminate\\Http\\Request), Object(Illuminate\\View\\View))
#16 C:\\xampp\\htdocs\\serbiscrm\\vendor\\laravel\\framework\\src\\Illuminate\\Routing\\Router.php(798): Illuminate\\Routing\\Router->prepareResponse(Object(Illuminate\\Http\\Request), Object(Illuminate\\View\\View))
#17 C:\\xampp\\htdocs\\serbiscrm\\vendor\\laravel\\framework\\src\\Illuminate\\Pipeline\\Pipeline.php(141): Illuminate\\Routing\\Router->Illuminate\\Routing\\{closure}(Object(Illuminate\\Http\\Request))
#18 C:\\xampp\\htdocs\\serbiscrm\\app\\Http\\Middleware\\CheckTenantStatus.php(40): Illuminate\\Pipeline\\Pipeline->Illuminate\\Pipeline\\{closure}(Object(Illuminate\\Http\\Request))
#19 C:\\xampp\\htdocs\\serbiscrm\\vendor\\laravel\\framework\\src\\Illuminate\\Pipeline\\Pipeline.php(180): App\\Http\\Middleware\\CheckTenantStatus->handle(Object(Illuminate\\Http\\Request), Object(Closure))
#20 C:\\xampp\\htdocs\\serbiscrm\\app\\Http\\Middleware\\HandleRedirectAfterLogin.php(28): Illuminate\\Pipeline\\Pipeline->Illuminate\\Pipeline\\{closure}(Object(Illuminate\\Http\\Request))
#21 C:\\xampp\\htdocs\\serbiscrm\\vendor\\laravel\\framework\\src\\Illuminate\\Pipeline\\Pipeline.php(180): App\\Http\\Middleware\\HandleRedirectAfterLogin->handle(Object(Illuminate\\Http\\Request), Object(Closure))
#22 C:\\xampp\\htdocs\\serbiscrm\\app\\Http\\Middleware\\CheckCompanySubscription.php(32): Illuminate\\Pipeline\\Pipeline->Illuminate\\Pipeline\\{closure}(Object(Illuminate\\Http\\Request))
#23 C:\\xampp\\htdocs\\serbiscrm\\vendor\\laravel\\framework\\src\\Illuminate\\Pipeline\\Pipeline.php(180): App\\Http\\Middleware\\CheckCompanySubscription->handle(Object(Illuminate\\Http\\Request), Object(Closure))
#24 C:\\xampp\\htdocs\\serbiscrm\\app\\Http\\Middleware\\CheckTenantId.php(43): Illuminate\\Pipeline\\Pipeline->Illuminate\\Pipeline\\{closure}(Object(Illuminate\\Http\\Request))
#25 C:\\xampp\\htdocs\\serbiscrm\\vendor\\laravel\\framework\\src\\Illuminate\\Pipeline\\Pipeline.php(180): App\\Http\\Middleware\\CheckTenantId->handle(Object(Illuminate\\Http\\Request), Object(Closure))
#26 C:\\xampp\\htdocs\\serbiscrm\\app\\Http\\Middleware\\CheckTrialStatus.php(28): Illuminate\\Pipeline\\Pipeline->Illuminate\\Pipeline\\{closure}(Object(Illuminate\\Http\\Request))
#27 C:\\xampp\\htdocs\\serbiscrm\\vendor\\laravel\\framework\\src\\Illuminate\\Pipeline\\Pipeline.php(180): App\\Http\\Middleware\\CheckTrialStatus->handle(Object(Illuminate\\Http\\Request), Object(Closure))
#28 C:\\xampp\\htdocs\\serbiscrm\\vendor\\laravel\\framework\\src\\Illuminate\\Routing\\Middleware\\SubstituteBindings.php(50): Illuminate\\Pipeline\\Pipeline->Illuminate\\Pipeline\\{closure}(Object(Illuminate\\Http\\Request))
#29 C:\\xampp\\htdocs\\serbiscrm\\vendor\\laravel\\framework\\src\\Illuminate\\Pipeline\\Pipeline.php(180): Illuminate\\Routing\\Middleware\\SubstituteBindings->handle(Object(Illuminate\\Http\\Request), Object(Closure))
#30 C:\\xampp\\htdocs\\serbiscrm\\vendor\\laravel\\framework\\src\\Illuminate\\Auth\\Middleware\\Authenticate.php(57): Illuminate\\Pipeline\\Pipeline->Illuminate\\Pipeline\\{closure}(Object(Illuminate\\Http\\Request))
#31 C:\\xampp\\htdocs\\serbiscrm\\vendor\\laravel\\framework\\src\\Illuminate\\Pipeline\\Pipeline.php(180): Illuminate\\Auth\\Middleware\\Authenticate->handle(Object(Illuminate\\Http\\Request), Object(Closure))
#32 C:\\xampp\\htdocs\\serbiscrm\\vendor\\laravel\\framework\\src\\Illuminate\\Foundation\\Http\\Middleware\\VerifyCsrfToken.php(78): Illuminate\\Pipeline\\Pipeline->Illuminate\\Pipeline\\{closure}(Object(Illuminate\\Http\\Request))
#33 C:\\xampp\\htdocs\\serbiscrm\\vendor\\laravel\\framework\\src\\Illuminate\\Pipeline\\Pipeline.php(180): Illuminate\\Foundation\\Http\\Middleware\\VerifyCsrfToken->handle(Object(Illuminate\\Http\\Request), Object(Closure))
#34 C:\\xampp\\htdocs\\serbiscrm\\vendor\\laravel\\framework\\src\\Illuminate\\View\\Middleware\\ShareErrorsFromSession.php(49): Illuminate\\Pipeline\\Pipeline->Illuminate\\Pipeline\\{closure}(Object(Illuminate\\Http\\Request))
#35 C:\\xampp\\htdocs\\serbiscrm\\vendor\\laravel\\framework\\src\\Illuminate\\Pipeline\\Pipeline.php(180): Illuminate\\View\\Middleware\\ShareErrorsFromSession->handle(Object(Illuminate\\Http\\Request), Object(Closure))
#36 C:\\xampp\\htdocs\\serbiscrm\\vendor\\laravel\\framework\\src\\Illuminate\\Session\\Middleware\\StartSession.php(121): Illuminate\\Pipeline\\Pipeline->Illuminate\\Pipeline\\{closure}(Object(Illuminate\\Http\\Request))
#37 C:\\xampp\\htdocs\\serbiscrm\\vendor\\laravel\\framework\\src\\Illuminate\\Session\\Middleware\\StartSession.php(64): Illuminate\\Session\\Middleware\\StartSession->handleStatefulRequest(Object(Illuminate\\Http\\Request), Object(Illuminate\\Session\\Store), Object(Closure))
#38 C:\\xampp\\htdocs\\serbiscrm\\vendor\\laravel\\framework\\src\\Illuminate\\Pipeline\\Pipeline.php(180): Illuminate\\Session\\Middleware\\StartSession->handle(Object(Illuminate\\Http\\Request), Object(Closure))
#39 C:\\xampp\\htdocs\\serbiscrm\\vendor\\laravel\\framework\\src\\Illuminate\\Cookie\\Middleware\\AddQueuedCookiesToResponse.php(37): Illuminate\\Pipeline\\Pipeline->Illuminate\\Pipeline\\{closure}(Object(Illuminate\\Http\\Request))
#40 C:\\xampp\\htdocs\\serbiscrm\\vendor\\laravel\\framework\\src\\Illuminate\\Pipeline\\Pipeline.php(180): Illuminate\\Cookie\\Middleware\\AddQueuedCookiesToResponse->handle(Object(Illuminate\\Http\\Request), Object(Closure))
#41 C:\\xampp\\htdocs\\serbiscrm\\vendor\\laravel\\framework\\src\\Illuminate\\Cookie\\Middleware\\EncryptCookies.php(67): Illuminate\\Pipeline\\Pipeline->Illuminate\\Pipeline\\{closure}(Object(Illuminate\\Http\\Request))
#42 C:\\xampp\\htdocs\\serbiscrm\\vendor\\laravel\\framework\\src\\Illuminate\\Pipeline\\Pipeline.php(180): Illuminate\\Cookie\\Middleware\\EncryptCookies->handle(Object(Illuminate\\Http\\Request), Object(Closure))
#43 C:\\xampp\\htdocs\\serbiscrm\\vendor\\laravel\\framework\\src\\Illuminate\\Pipeline\\Pipeline.php(116): Illuminate\\Pipeline\\Pipeline->Illuminate\\Pipeline\\{closure}(Object(Illuminate\\Http\\Request))
#44 C:\\xampp\\htdocs\\serbiscrm\\vendor\\laravel\\framework\\src\\Illuminate\\Routing\\Router.php(798): Illuminate\\Pipeline\\Pipeline->then(Object(Closure))
#45 C:\\xampp\\htdocs\\serbiscrm\\vendor\\laravel\\framework\\src\\Illuminate\\Routing\\Router.php(777): Illuminate\\Routing\\Router->runRouteWithinStack(Object(Illuminate\\Routing\\Route), Object(Illuminate\\Http\\Request))
#46 C:\\xampp\\htdocs\\serbiscrm\\vendor\\laravel\\framework\\src\\Illuminate\\Routing\\Router.php(741): Illuminate\\Routing\\Router->runRoute(Object(Illuminate\\Http\\Request), Object(Illuminate\\Routing\\Route))
#47 C:\\xampp\\htdocs\\serbiscrm\\vendor\\laravel\\framework\\src\\Illuminate\\Routing\\Router.php(730): Illuminate\\Routing\\Router->dispatchToRoute(Object(Illuminate\\Http\\Request))
#48 C:\\xampp\\htdocs\\serbiscrm\\vendor\\laravel\\framework\\src\\Illuminate\\Foundation\\Http\\Kernel.php(200): Illuminate\\Routing\\Router->dispatch(Object(Illuminate\\Http\\Request))
#49 C:\\xampp\\htdocs\\serbiscrm\\vendor\\laravel\\framework\\src\\Illuminate\\Pipeline\\Pipeline.php(141): Illuminate\\Foundation\\Http\\Kernel->Illuminate\\Foundation\\Http\\{closure}(Object(Illuminate\\Http\\Request))
#50 C:\\xampp\\htdocs\\serbiscrm\\app\\Http\\Middleware\\ImpersonationMiddleware.php(51): Illuminate\\Pipeline\\Pipeline->Illuminate\\Pipeline\\{closure}(Object(Illuminate\\Http\\Request))
#51 C:\\xampp\\htdocs\\serbiscrm\\vendor\\laravel\\framework\\src\\Illuminate\\Pipeline\\Pipeline.php(180): App\\Http\\Middleware\\ImpersonationMiddleware->handle(Object(Illuminate\\Http\\Request), Object(Closure))
#52 C:\\xampp\\htdocs\\serbiscrm\\vendor\\laravel\\framework\\src\\Illuminate\\Foundation\\Http\\Middleware\\TransformsRequest.php(21): Illuminate\\Pipeline\\Pipeline->Illuminate\\Pipeline\\{closure}(Object(Illuminate\\Http\\Request))
#53 C:\\xampp\\htdocs\\serbiscrm\\vendor\\laravel\\framework\\src\\Illuminate\\Foundation\\Http\\Middleware\\ConvertEmptyStringsToNull.php(31): Illuminate\\Foundation\\Http\\Middleware\\TransformsRequest->handle(Object(Illuminate\\Http\\Request), Object(Closure))
#54 C:\\xampp\\htdocs\\serbiscrm\\vendor\\laravel\\framework\\src\\Illuminate\\Pipeline\\Pipeline.php(180): Illuminate\\Foundation\\Http\\Middleware\\ConvertEmptyStringsToNull->handle(Object(Illuminate\\Http\\Request), Object(Closure))
#55 C:\\xampp\\htdocs\\serbiscrm\\vendor\\laravel\\framework\\src\\Illuminate\\Foundation\\Http\\Middleware\\TransformsRequest.php(21): Illuminate\\Pipeline\\Pipeline->Illuminate\\Pipeline\\{closure}(Object(Illuminate\\Http\\Request))
#56 C:\\xampp\\htdocs\\serbiscrm\\vendor\\laravel\\framework\\src\\Illuminate\\Foundation\\Http\\Middleware\\TrimStrings.php(40): Illuminate\\Foundation\\Http\\Middleware\\TransformsRequest->handle(Object(Illuminate\\Http\\Request), Object(Closure))
#57 C:\\xampp\\htdocs\\serbiscrm\\vendor\\laravel\\framework\\src\\Illuminate\\Pipeline\\Pipeline.php(180): Illuminate\\Foundation\\Http\\Middleware\\TrimStrings->handle(Object(Illuminate\\Http\\Request), Object(Closure))
#58 C:\\xampp\\htdocs\\serbiscrm\\vendor\\laravel\\framework\\src\\Illuminate\\Foundation\\Http\\Middleware\\ValidatePostSize.php(27): Illuminate\\Pipeline\\Pipeline->Illuminate\\Pipeline\\{closure}(Object(Illuminate\\Http\\Request))
#59 C:\\xampp\\htdocs\\serbiscrm\\vendor\\laravel\\framework\\src\\Illuminate\\Pipeline\\Pipeline.php(180): Illuminate\\Foundation\\Http\\Middleware\\ValidatePostSize->handle(Object(Illuminate\\Http\\Request), Object(Closure))
#60 C:\\xampp\\htdocs\\serbiscrm\\vendor\\laravel\\framework\\src\\Illuminate\\Foundation\\Http\\Middleware\\PreventRequestsDuringMaintenance.php(99): Illuminate\\Pipeline\\Pipeline->Illuminate\\Pipeline\\{closure}(Object(Illuminate\\Http\\Request))
#61 C:\\xampp\\htdocs\\serbiscrm\\vendor\\laravel\\framework\\src\\Illuminate\\Pipeline\\Pipeline.php(180): Illuminate\\Foundation\\Http\\Middleware\\PreventRequestsDuringMaintenance->handle(Object(Illuminate\\Http\\Request), Object(Closure))
#62 C:\\xampp\\htdocs\\serbiscrm\\vendor\\laravel\\framework\\src\\Illuminate\\Http\\Middleware\\HandleCors.php(49): Illuminate\\Pipeline\\Pipeline->Illuminate\\Pipeline\\{closure}(Object(Illuminate\\Http\\Request))
#63 C:\\xampp\\htdocs\\serbiscrm\\vendor\\laravel\\framework\\src\\Illuminate\\Pipeline\\Pipeline.php(180): Illuminate\\Http\\Middleware\\HandleCors->handle(Object(Illuminate\\Http\\Request), Object(Closure))
#64 C:\\xampp\\htdocs\\serbiscrm\\vendor\\laravel\\framework\\src\\Illuminate\\Http\\Middleware\\TrustProxies.php(39): Illuminate\\Pipeline\\Pipeline->Illuminate\\Pipeline\\{closure}(Object(Illuminate\\Http\\Request))
#65 C:\\xampp\\htdocs\\serbiscrm\\vendor\\laravel\\framework\\src\\Illuminate\\Pipeline\\Pipeline.php(180): Illuminate\\Http\\Middleware\\TrustProxies->handle(Object(Illuminate\\Http\\Request), Object(Closure))
#66 C:\\xampp\\htdocs\\serbiscrm\\vendor\\laravel\\framework\\src\\Illuminate\\Pipeline\\Pipeline.php(116): Illuminate\\Pipeline\\Pipeline->Illuminate\\Pipeline\\{closure}(Object(Illuminate\\Http\\Request))
#67 C:\\xampp\\htdocs\\serbiscrm\\vendor\\laravel\\framework\\src\\Illuminate\\Foundation\\Http\\Kernel.php(175): Illuminate\\Pipeline\\Pipeline->then(Object(Closure))
#68 C:\\xampp\\htdocs\\serbiscrm\\vendor\\laravel\\framework\\src\\Illuminate\\Foundation\\Http\\Kernel.php(144): Illuminate\\Foundation\\Http\\Kernel->sendRequestThroughRouter(Object(Illuminate\\Http\\Request))
#69 C:\\xampp\\htdocs\\serbiscrm\\public\\index.php(51): Illuminate\\Foundation\\Http\\Kernel->handle(Object(Illuminate\\Http\\Request))
#70 C:\\xampp\\htdocs\\serbiscrm\\vendor\\laravel\\framework\\src\\Illuminate\\Foundation\\resources\\server.php(16): require_once('C:\\\\xampp\\\\htdocs...')
#71 {main}

[previous exception] [object] (Illuminate\\Routing\\Exceptions\\UrlGenerationException(code: 0): Missing required parameter for [Route: tenant.integrations.marketplace] [URI: {tenant_id}/entegrasyonlar] [Missing parameter: tenant_id]. at C:\\xampp\\htdocs\\serbiscrm\\vendor\\laravel\\framework\\src\\Illuminate\\Routing\\Exceptions\\UrlGenerationException.php:35)
[stacktrace]
#0 C:\\xampp\\htdocs\\serbiscrm\\vendor\\laravel\\framework\\src\\Illuminate\\Routing\\RouteUrlGenerator.php(90): Illuminate\\Routing\\Exceptions\\UrlGenerationException::forMissingParameters(Object(Illuminate\\Routing\\Route), Array)
#1 C:\\xampp\\htdocs\\serbiscrm\\vendor\\laravel\\framework\\src\\Illuminate\\Routing\\UrlGenerator.php(502): Illuminate\\Routing\\RouteUrlGenerator->to(Object(Illuminate\\Routing\\Route), Array, true)
#2 C:\\xampp\\htdocs\\serbiscrm\\vendor\\laravel\\framework\\src\\Illuminate\\Routing\\UrlGenerator.php(471): Illuminate\\Routing\\UrlGenerator->toRoute(Object(Illuminate\\Routing\\Route), Array, true)
#3 C:\\xampp\\htdocs\\serbiscrm\\vendor\\laravel\\framework\\src\\Illuminate\\Foundation\\helpers.php(811): Illuminate\\Routing\\UrlGenerator->route('tenant.integrat...', Array, true)
#4 C:\\xampp\\htdocs\\serbiscrm\\storage\\framework\\views\\5f068be37b8028b691ef067f55b97816.php(18): route('tenant.integrat...', Array)
#5 C:\\xampp\\htdocs\\serbiscrm\\vendor\\laravel\\framework\\src\\Illuminate\\Filesystem\\Filesystem.php(124): require('C:\\\\xampp\\\\htdocs...')
#6 C:\\xampp\\htdocs\\serbiscrm\\vendor\\laravel\\framework\\src\\Illuminate\\Filesystem\\Filesystem.php(125): Illuminate\\Filesystem\\Filesystem::Illuminate\\Filesystem\\{closure}()
#7 C:\\xampp\\htdocs\\serbiscrm\\vendor\\laravel\\framework\\src\\Illuminate\\View\\Engines\\PhpEngine.php(58): Illuminate\\Filesystem\\Filesystem->getRequire('C:\\\\xampp\\\\htdocs...', Array)
#8 C:\\xampp\\htdocs\\serbiscrm\\vendor\\laravel\\framework\\src\\Illuminate\\View\\Engines\\CompilerEngine.php(72): Illuminate\\View\\Engines\\PhpEngine->evaluatePath('C:\\\\xampp\\\\htdocs...', Array)
#9 C:\\xampp\\htdocs\\serbiscrm\\vendor\\laravel\\framework\\src\\Illuminate\\View\\View.php(207): Illuminate\\View\\Engines\\CompilerEngine->get('C:\\\\xampp\\\\htdocs...', Array)
#10 C:\\xampp\\htdocs\\serbiscrm\\vendor\\laravel\\framework\\src\\Illuminate\\View\\View.php(190): Illuminate\\View\\View->getContents()
#11 C:\\xampp\\htdocs\\serbiscrm\\vendor\\laravel\\framework\\src\\Illuminate\\View\\View.php(159): Illuminate\\View\\View->renderContents()
#12 C:\\xampp\\htdocs\\serbiscrm\\vendor\\laravel\\framework\\src\\Illuminate\\Http\\Response.php(69): Illuminate\\View\\View->render()
#13 C:\\xampp\\htdocs\\serbiscrm\\vendor\\laravel\\framework\\src\\Illuminate\\Http\\Response.php(35): Illuminate\\Http\\Response->setContent(Object(Illuminate\\View\\View))
#14 C:\\xampp\\htdocs\\serbiscrm\\vendor\\laravel\\framework\\src\\Illuminate\\Routing\\Router.php(911): Illuminate\\Http\\Response->__construct(Object(Illuminate\\View\\View), 200, Array)
#15 C:\\xampp\\htdocs\\serbiscrm\\vendor\\laravel\\framework\\src\\Illuminate\\Routing\\Router.php(878): Illuminate\\Routing\\Router::toResponse(Object(Illuminate\\Http\\Request), Object(Illuminate\\View\\View))
#16 C:\\xampp\\htdocs\\serbiscrm\\vendor\\laravel\\framework\\src\\Illuminate\\Routing\\Router.php(798): Illuminate\\Routing\\Router->prepareResponse(Object(Illuminate\\Http\\Request), Object(Illuminate\\View\\View))
#17 C:\\xampp\\htdocs\\serbiscrm\\vendor\\laravel\\framework\\src\\Illuminate\\Pipeline\\Pipeline.php(141): Illuminate\\Routing\\Router->Illuminate\\Routing\\{closure}(Object(Illuminate\\Http\\Request))
#18 C:\\xampp\\htdocs\\serbiscrm\\app\\Http\\Middleware\\CheckTenantStatus.php(40): Illuminate\\Pipeline\\Pipeline->Illuminate\\Pipeline\\{closure}(Object(Illuminate\\Http\\Request))
#19 C:\\xampp\\htdocs\\serbiscrm\\vendor\\laravel\\framework\\src\\Illuminate\\Pipeline\\Pipeline.php(180): App\\Http\\Middleware\\CheckTenantStatus->handle(Object(Illuminate\\Http\\Request), Object(Closure))
#20 C:\\xampp\\htdocs\\serbiscrm\\app\\Http\\Middleware\\HandleRedirectAfterLogin.php(28): Illuminate\\Pipeline\\Pipeline->Illuminate\\Pipeline\\{closure}(Object(Illuminate\\Http\\Request))
#21 C:\\xampp\\htdocs\\serbiscrm\\vendor\\laravel\\framework\\src\\Illuminate\\Pipeline\\Pipeline.php(180): App\\Http\\Middleware\\HandleRedirectAfterLogin->handle(Object(Illuminate\\Http\\Request), Object(Closure))
#22 C:\\xampp\\htdocs\\serbiscrm\\app\\Http\\Middleware\\CheckCompanySubscription.php(32): Illuminate\\Pipeline\\Pipeline->Illuminate\\Pipeline\\{closure}(Object(Illuminate\\Http\\Request))
#23 C:\\xampp\\htdocs\\serbiscrm\\vendor\\laravel\\framework\\src\\Illuminate\\Pipeline\\Pipeline.php(180): App\\Http\\Middleware\\CheckCompanySubscription->handle(Object(Illuminate\\Http\\Request), Object(Closure))
#24 C:\\xampp\\htdocs\\serbiscrm\\app\\Http\\Middleware\\CheckTenantId.php(43): Illuminate\\Pipeline\\Pipeline->Illuminate\\Pipeline\\{closure}(Object(Illuminate\\Http\\Request))
#25 C:\\xampp\\htdocs\\serbiscrm\\vendor\\laravel\\framework\\src\\Illuminate\\Pipeline\\Pipeline.php(180): App\\Http\\Middleware\\CheckTenantId->handle(Object(Illuminate\\Http\\Request), Object(Closure))
#26 C:\\xampp\\htdocs\\serbiscrm\\app\\Http\\Middleware\\CheckTrialStatus.php(28): Illuminate\\Pipeline\\Pipeline->Illuminate\\Pipeline\\{closure}(Object(Illuminate\\Http\\Request))
#27 C:\\xampp\\htdocs\\serbiscrm\\vendor\\laravel\\framework\\src\\Illuminate\\Pipeline\\Pipeline.php(180): App\\Http\\Middleware\\CheckTrialStatus->handle(Object(Illuminate\\Http\\Request), Object(Closure))
#28 C:\\xampp\\htdocs\\serbiscrm\\vendor\\laravel\\framework\\src\\Illuminate\\Routing\\Middleware\\SubstituteBindings.php(50): Illuminate\\Pipeline\\Pipeline->Illuminate\\Pipeline\\{closure}(Object(Illuminate\\Http\\Request))
#29 C:\\xampp\\htdocs\\serbiscrm\\vendor\\laravel\\framework\\src\\Illuminate\\Pipeline\\Pipeline.php(180): Illuminate\\Routing\\Middleware\\SubstituteBindings->handle(Object(Illuminate\\Http\\Request), Object(Closure))
#30 C:\\xampp\\htdocs\\serbiscrm\\vendor\\laravel\\framework\\src\\Illuminate\\Auth\\Middleware\\Authenticate.php(57): Illuminate\\Pipeline\\Pipeline->Illuminate\\Pipeline\\{closure}(Object(Illuminate\\Http\\Request))
#31 C:\\xampp\\htdocs\\serbiscrm\\vendor\\laravel\\framework\\src\\Illuminate\\Pipeline\\Pipeline.php(180): Illuminate\\Auth\\Middleware\\Authenticate->handle(Object(Illuminate\\Http\\Request), Object(Closure))
#32 C:\\xampp\\htdocs\\serbiscrm\\vendor\\laravel\\framework\\src\\Illuminate\\Foundation\\Http\\Middleware\\VerifyCsrfToken.php(78): Illuminate\\Pipeline\\Pipeline->Illuminate\\Pipeline\\{closure}(Object(Illuminate\\Http\\Request))
#33 C:\\xampp\\htdocs\\serbiscrm\\vendor\\laravel\\framework\\src\\Illuminate\\Pipeline\\Pipeline.php(180): Illuminate\\Foundation\\Http\\Middleware\\VerifyCsrfToken->handle(Object(Illuminate\\Http\\Request), Object(Closure))
#34 C:\\xampp\\htdocs\\serbiscrm\\vendor\\laravel\\framework\\src\\Illuminate\\View\\Middleware\\ShareErrorsFromSession.php(49): Illuminate\\Pipeline\\Pipeline->Illuminate\\Pipeline\\{closure}(Object(Illuminate\\Http\\Request))
#35 C:\\xampp\\htdocs\\serbiscrm\\vendor\\laravel\\framework\\src\\Illuminate\\Pipeline\\Pipeline.php(180): Illuminate\\View\\Middleware\\ShareErrorsFromSession->handle(Object(Illuminate\\Http\\Request), Object(Closure))
#36 C:\\xampp\\htdocs\\serbiscrm\\vendor\\laravel\\framework\\src\\Illuminate\\Session\\Middleware\\StartSession.php(121): Illuminate\\Pipeline\\Pipeline->Illuminate\\Pipeline\\{closure}(Object(Illuminate\\Http\\Request))
#37 C:\\xampp\\htdocs\\serbiscrm\\vendor\\laravel\\framework\\src\\Illuminate\\Session\\Middleware\\StartSession.php(64): Illuminate\\Session\\Middleware\\StartSession->handleStatefulRequest(Object(Illuminate\\Http\\Request), Object(Illuminate\\Session\\Store), Object(Closure))
#38 C:\\xampp\\htdocs\\serbiscrm\\vendor\\laravel\\framework\\src\\Illuminate\\Pipeline\\Pipeline.php(180): Illuminate\\Session\\Middleware\\StartSession->handle(Object(Illuminate\\Http\\Request), Object(Closure))
#39 C:\\xampp\\htdocs\\serbiscrm\\vendor\\laravel\\framework\\src\\Illuminate\\Cookie\\Middleware\\AddQueuedCookiesToResponse.php(37): Illuminate\\Pipeline\\Pipeline->Illuminate\\Pipeline\\{closure}(Object(Illuminate\\Http\\Request))
#40 C:\\xampp\\htdocs\\serbiscrm\\vendor\\laravel\\framework\\src\\Illuminate\\Pipeline\\Pipeline.php(180): Illuminate\\Cookie\\Middleware\\AddQueuedCookiesToResponse->handle(Object(Illuminate\\Http\\Request), Object(Closure))
#41 C:\\xampp\\htdocs\\serbiscrm\\vendor\\laravel\\framework\\src\\Illuminate\\Cookie\\Middleware\\EncryptCookies.php(67): Illuminate\\Pipeline\\Pipeline->Illuminate\\Pipeline\\{closure}(Object(Illuminate\\Http\\Request))
#42 C:\\xampp\\htdocs\\serbiscrm\\vendor\\laravel\\framework\\src\\Illuminate\\Pipeline\\Pipeline.php(180): Illuminate\\Cookie\\Middleware\\EncryptCookies->handle(Object(Illuminate\\Http\\Request), Object(Closure))
#43 C:\\xampp\\htdocs\\serbiscrm\\vendor\\laravel\\framework\\src\\Illuminate\\Pipeline\\Pipeline.php(116): Illuminate\\Pipeline\\Pipeline->Illuminate\\Pipeline\\{closure}(Object(Illuminate\\Http\\Request))
#44 C:\\xampp\\htdocs\\serbiscrm\\vendor\\laravel\\framework\\src\\Illuminate\\Routing\\Router.php(798): Illuminate\\Pipeline\\Pipeline->then(Object(Closure))
#45 C:\\xampp\\htdocs\\serbiscrm\\vendor\\laravel\\framework\\src\\Illuminate\\Routing\\Router.php(777): Illuminate\\Routing\\Router->runRouteWithinStack(Object(Illuminate\\Routing\\Route), Object(Illuminate\\Http\\Request))
#46 C:\\xampp\\htdocs\\serbiscrm\\vendor\\laravel\\framework\\src\\Illuminate\\Routing\\Router.php(741): Illuminate\\Routing\\Router->runRoute(Object(Illuminate\\Http\\Request), Object(Illuminate\\Routing\\Route))
#47 C:\\xampp\\htdocs\\serbiscrm\\vendor\\laravel\\framework\\src\\Illuminate\\Routing\\Router.php(730): Illuminate\\Routing\\Router->dispatchToRoute(Object(Illuminate\\Http\\Request))
#48 C:\\xampp\\htdocs\\serbiscrm\\vendor\\laravel\\framework\\src\\Illuminate\\Foundation\\Http\\Kernel.php(200): Illuminate\\Routing\\Router->dispatch(Object(Illuminate\\Http\\Request))
#49 C:\\xampp\\htdocs\\serbiscrm\\vendor\\laravel\\framework\\src\\Illuminate\\Pipeline\\Pipeline.php(141): Illuminate\\Foundation\\Http\\Kernel->Illuminate\\Foundation\\Http\\{closure}(Object(Illuminate\\Http\\Request))
#50 C:\\xampp\\htdocs\\serbiscrm\\app\\Http\\Middleware\\ImpersonationMiddleware.php(51): Illuminate\\Pipeline\\Pipeline->Illuminate\\Pipeline\\{closure}(Object(Illuminate\\Http\\Request))
#51 C:\\xampp\\htdocs\\serbiscrm\\vendor\\laravel\\framework\\src\\Illuminate\\Pipeline\\Pipeline.php(180): App\\Http\\Middleware\\ImpersonationMiddleware->handle(Object(Illuminate\\Http\\Request), Object(Closure))
#52 C:\\xampp\\htdocs\\serbiscrm\\vendor\\laravel\\framework\\src\\Illuminate\\Foundation\\Http\\Middleware\\TransformsRequest.php(21): Illuminate\\Pipeline\\Pipeline->Illuminate\\Pipeline\\{closure}(Object(Illuminate\\Http\\Request))
#53 C:\\xampp\\htdocs\\serbiscrm\\vendor\\laravel\\framework\\src\\Illuminate\\Foundation\\Http\\Middleware\\ConvertEmptyStringsToNull.php(31): Illuminate\\Foundation\\Http\\Middleware\\TransformsRequest->handle(Object(Illuminate\\Http\\Request), Object(Closure))
#54 C:\\xampp\\htdocs\\serbiscrm\\vendor\\laravel\\framework\\src\\Illuminate\\Pipeline\\Pipeline.php(180): Illuminate\\Foundation\\Http\\Middleware\\ConvertEmptyStringsToNull->handle(Object(Illuminate\\Http\\Request), Object(Closure))
#55 C:\\xampp\\htdocs\\serbiscrm\\vendor\\laravel\\framework\\src\\Illuminate\\Foundation\\Http\\Middleware\\TransformsRequest.php(21): Illuminate\\Pipeline\\Pipeline->Illuminate\\Pipeline\\{closure}(Object(Illuminate\\Http\\Request))
#56 C:\\xampp\\htdocs\\serbiscrm\\vendor\\laravel\\framework\\src\\Illuminate\\Foundation\\Http\\Middleware\\TrimStrings.php(40): Illuminate\\Foundation\\Http\\Middleware\\TransformsRequest->handle(Object(Illuminate\\Http\\Request), Object(Closure))
#57 C:\\xampp\\htdocs\\serbiscrm\\vendor\\laravel\\framework\\src\\Illuminate\\Pipeline\\Pipeline.php(180): Illuminate\\Foundation\\Http\\Middleware\\TrimStrings->handle(Object(Illuminate\\Http\\Request), Object(Closure))
#58 C:\\xampp\\htdocs\\serbiscrm\\vendor\\laravel\\framework\\src\\Illuminate\\Foundation\\Http\\Middleware\\ValidatePostSize.php(27): Illuminate\\Pipeline\\Pipeline->Illuminate\\Pipeline\\{closure}(Object(Illuminate\\Http\\Request))
#59 C:\\xampp\\htdocs\\serbiscrm\\vendor\\laravel\\framework\\src\\Illuminate\\Pipeline\\Pipeline.php(180): Illuminate\\Foundation\\Http\\Middleware\\ValidatePostSize->handle(Object(Illuminate\\Http\\Request), Object(Closure))
#60 C:\\xampp\\htdocs\\serbiscrm\\vendor\\laravel\\framework\\src\\Illuminate\\Foundation\\Http\\Middleware\\PreventRequestsDuringMaintenance.php(99): Illuminate\\Pipeline\\Pipeline->Illuminate\\Pipeline\\{closure}(Object(Illuminate\\Http\\Request))
#61 C:\\xampp\\htdocs\\serbiscrm\\vendor\\laravel\\framework\\src\\Illuminate\\Pipeline\\Pipeline.php(180): Illuminate\\Foundation\\Http\\Middleware\\PreventRequestsDuringMaintenance->handle(Object(Illuminate\\Http\\Request), Object(Closure))
#62 C:\\xampp\\htdocs\\serbiscrm\\vendor\\laravel\\framework\\src\\Illuminate\\Http\\Middleware\\HandleCors.php(49): Illuminate\\Pipeline\\Pipeline->Illuminate\\Pipeline\\{closure}(Object(Illuminate\\Http\\Request))
#63 C:\\xampp\\htdocs\\serbiscrm\\vendor\\laravel\\framework\\src\\Illuminate\\Pipeline\\Pipeline.php(180): Illuminate\\Http\\Middleware\\HandleCors->handle(Object(Illuminate\\Http\\Request), Object(Closure))
#64 C:\\xampp\\htdocs\\serbiscrm\\vendor\\laravel\\framework\\src\\Illuminate\\Http\\Middleware\\TrustProxies.php(39): Illuminate\\Pipeline\\Pipeline->Illuminate\\Pipeline\\{closure}(Object(Illuminate\\Http\\Request))
#65 C:\\xampp\\htdocs\\serbiscrm\\vendor\\laravel\\framework\\src\\Illuminate\\Pipeline\\Pipeline.php(180): Illuminate\\Http\\Middleware\\TrustProxies->handle(Object(Illuminate\\Http\\Request), Object(Closure))
#66 C:\\xampp\\htdocs\\serbiscrm\\vendor\\laravel\\framework\\src\\Illuminate\\Pipeline\\Pipeline.php(116): Illuminate\\Pipeline\\Pipeline->Illuminate\\Pipeline\\{closure}(Object(Illuminate\\Http\\Request))
#67 C:\\xampp\\htdocs\\serbiscrm\\vendor\\laravel\\framework\\src\\Illuminate\\Foundation\\Http\\Kernel.php(175): Illuminate\\Pipeline\\Pipeline->then(Object(Closure))
#68 C:\\xampp\\htdocs\\serbiscrm\\vendor\\laravel\\framework\\src\\Illuminate\\Foundation\\Http\\Kernel.php(144): Illuminate\\Foundation\\Http\\Kernel->sendRequestThroughRouter(Object(Illuminate\\Http\\Request))
#69 C:\\xampp\\htdocs\\serbiscrm\\public\\index.php(51): Illuminate\\Foundation\\Http\\Kernel->handle(Object(Illuminate\\Http\\Request))
#70 C:\\xampp\\htdocs\\serbiscrm\\vendor\\laravel\\framework\\src\\Illuminate\\Foundation\\resources\\server.php(16): require_once('C:\\\\xampp\\\\htdocs...')
#71 {main}
"} 
[2025-11-13 12:30:54] local.ERROR: Missing required parameter for [Route: tenant.integrations.marketplace] [URI: {tenant_id}/entegrasyonlar] [Missing parameter: tenant_id]. {"view":{"view":"C:\\xampp\\htdocs\\serbiscrm\\resources\\views\\frontend\\secure\\bulk_sms\\no_integration.blade.php","data":{"errors":"<pre class=sf-dump id=sf-dump-454010873 data-indent-pad=\"  \"><span class=sf-dump-note>Illuminate\\Support\\ViewErrorBag</span> {<a class=sf-dump-ref>#1218</a><samp data-depth=1 class=sf-dump-expanded>
  #<span class=sf-dump-protected title=\"Protected property\">bags</span>: []
</samp>}
</pre><script>Sfdump(\"sf-dump-454010873\", {\"maxDepth\":3,\"maxStringLength\":160})</script>
","firma":"<pre class=sf-dump id=sf-dump-242749830 data-indent-pad=\"  \"><span class=sf-dump-note>App\\Models\\Tenant</span> {<a class=sf-dump-ref>#2240</a><samp data-depth=1 class=sf-dump-expanded>
  #<span class=sf-dump-protected title=\"Protected property\">connection</span>: \"<span class=sf-dump-str title=\"5 characters\">mysql</span>\"
  #<span class=sf-dump-protected title=\"Protected property\">table</span>: \"<span class=sf-dump-str title=\"7 characters\">tenants</span>\"
  #<span class=sf-dump-protected title=\"Protected property\">primaryKey</span>: \"<span class=sf-dump-str title=\"2 characters\">id</span>\"
  #<span class=sf-dump-protected title=\"Protected property\">keyType</span>: \"<span class=sf-dump-str title=\"3 characters\">int</span>\"
  +<span class=sf-dump-public title=\"Public property\">incrementing</span>: <span class=sf-dump-const>true</span>
  #<span class=sf-dump-protected title=\"Protected property\">with</span>: []
  #<span class=sf-dump-protected title=\"Protected property\">withCount</span>: []
  +<span class=sf-dump-public title=\"Public property\">preventsLazyLoading</span>: <span class=sf-dump-const>false</span>
  #<span class=sf-dump-protected title=\"Protected property\">perPage</span>: <span class=sf-dump-num>15</span>
  +<span class=sf-dump-public title=\"Public property\">exists</span>: <span class=sf-dump-const>true</span>
  +<span class=sf-dump-public title=\"Public property\">wasRecentlyCreated</span>: <span class=sf-dump-const>false</span>
  #<span class=sf-dump-protected title=\"Protected property\">escapeWhenCastingToString</span>: <span class=sf-dump-const>false</span>
  #<span class=sf-dump-protected title=\"Protected property\">attributes</span>: <span class=sf-dump-note>array:36</span> [<samp data-depth=2 class=sf-dump-compact>
    \"<span class=sf-dump-key>id</span>\" => <span class=sf-dump-num>28</span>
    \"<span class=sf-dump-key>name</span>\" => \"<span class=sf-dump-str title=\"8 characters\">Ali Test</span>\"
    \"<span class=sf-dump-key>firma_adi</span>\" => \"<span class=sf-dump-str title=\"11 characters\">Aksa Teknik</span>\"
    \"<span class=sf-dump-key>firma_slug</span>\" => \"<span class=sf-dump-str title=\"11 characters\">aksa-teknik</span>\"
    \"<span class=sf-dump-key>username</span>\" => \"<span class=sf-dump-str title=\"14 characters\">aksateknik.com</span>\"
    \"<span class=sf-dump-key>eposta</span>\" => \"<span class=sf-dump-str title=\"17 characters\">alitest@gmail.com</span>\"
    \"<span class=sf-dump-key>tel1</span>\" => \"<span class=sf-dump-str title=\"13 characters\">545 323 31 64</span>\"
    \"<span class=sf-dump-key>tel2</span>\" => <span class=sf-dump-const>null</span>
    \"<span class=sf-dump-key>il</span>\" => \"<span class=sf-dump-str>7</span>\"
    \"<span class=sf-dump-key>ilce</span>\" => \"<span class=sf-dump-str title=\"2 characters\">89</span>\"
    \"<span class=sf-dump-key>adres</span>\" => <span class=sf-dump-const>null</span>
    \"<span class=sf-dump-key>webSitesi</span>\" => <span class=sf-dump-const>null</span>
    \"<span class=sf-dump-key>vergiNo</span>\" => \"<span class=sf-dump-str title=\"10 characters\">6458923211</span>\"
    \"<span class=sf-dump-key>vergiDairesi</span>\" => <span class=sf-dump-const>null</span>
    \"<span class=sf-dump-key>tcNo</span>\" => <span class=sf-dump-const>null</span>
    \"<span class=sf-dump-key>iban</span>\" => <span class=sf-dump-const>null</span>
    \"<span class=sf-dump-key>logo</span>\" => <span class=sf-dump-const>null</span>
    \"<span class=sf-dump-key>personelSayisi</span>\" => <span class=sf-dump-num>2</span>
    \"<span class=sf-dump-key>bayiSayisi</span>\" => <span class=sf-dump-num>1</span>
    \"<span class=sf-dump-key>stokSayisi</span>\" => <span class=sf-dump-num>5</span>
    \"<span class=sf-dump-key>konsinyeSayisi</span>\" => <span class=sf-dump-num>1</span>
    \"<span class=sf-dump-key>kdvOrani</span>\" => <span class=sf-dump-const>null</span>
    \"<span class=sf-dump-key>smsKullanici</span>\" => <span class=sf-dump-const>null</span>
    \"<span class=sf-dump-key>smsSifre</span>\" => <span class=sf-dump-const>null</span>
    \"<span class=sf-dump-key>smsGonderici</span>\" => <span class=sf-dump-const>null</span>
    \"<span class=sf-dump-key>smsKaraliste</span>\" => <span class=sf-dump-const>null</span>
    \"<span class=sf-dump-key>kayitTarihi</span>\" => \"<span class=sf-dump-str title=\"10 characters\">2025-09-04</span>\"
    \"<span class=sf-dump-key>bitisTarihi</span>\" => \"<span class=sf-dump-str title=\"10 characters\">2026-09-16</span>\"
    \"<span class=sf-dump-key>status</span>\" => <span class=sf-dump-num>1</span>
    \"<span class=sf-dump-key>trial_starts_at</span>\" => \"<span class=sf-dump-str title=\"19 characters\">2025-09-04 12:04:58</span>\"
    \"<span class=sf-dump-key>trial_ends_at</span>\" => \"<span class=sf-dump-str title=\"19 characters\">2025-09-16 12:04:58</span>\"
    \"<span class=sf-dump-key>trial_used</span>\" => <span class=sf-dump-num>1</span>
    \"<span class=sf-dump-key>subscription_status</span>\" => \"<span class=sf-dump-str title=\"6 characters\">active</span>\"
    \"<span class=sf-dump-key>subscription_ends_at</span>\" => \"<span class=sf-dump-str title=\"19 characters\">2026-09-16 16:30:07</span>\"
    \"<span class=sf-dump-key>created_at</span>\" => \"<span class=sf-dump-str title=\"19 characters\">2025-09-04 12:04:58</span>\"
    \"<span class=sf-dump-key>updated_at</span>\" => \"<span class=sf-dump-str title=\"19 characters\">2025-09-16 16:30:07</span>\"
  </samp>]
  #<span class=sf-dump-protected title=\"Protected property\">original</span>: <span class=sf-dump-note>array:36</span> [<samp data-depth=2 class=sf-dump-compact>
    \"<span class=sf-dump-key>id</span>\" => <span class=sf-dump-num>28</span>
    \"<span class=sf-dump-key>name</span>\" => \"<span class=sf-dump-str title=\"8 characters\">Ali Test</span>\"
    \"<span class=sf-dump-key>firma_adi</span>\" => \"<span class=sf-dump-str title=\"11 characters\">Aksa Teknik</span>\"
    \"<span class=sf-dump-key>firma_slug</span>\" => \"<span class=sf-dump-str title=\"11 characters\">aksa-teknik</span>\"
    \"<span class=sf-dump-key>username</span>\" => \"<span class=sf-dump-str title=\"14 characters\">aksateknik.com</span>\"
    \"<span class=sf-dump-key>eposta</span>\" => \"<span class=sf-dump-str title=\"17 characters\">alitest@gmail.com</span>\"
    \"<span class=sf-dump-key>tel1</span>\" => \"<span class=sf-dump-str title=\"13 characters\">545 323 31 64</span>\"
    \"<span class=sf-dump-key>tel2</span>\" => <span class=sf-dump-const>null</span>
    \"<span class=sf-dump-key>il</span>\" => \"<span class=sf-dump-str>7</span>\"
    \"<span class=sf-dump-key>ilce</span>\" => \"<span class=sf-dump-str title=\"2 characters\">89</span>\"
    \"<span class=sf-dump-key>adres</span>\" => <span class=sf-dump-const>null</span>
    \"<span class=sf-dump-key>webSitesi</span>\" => <span class=sf-dump-const>null</span>
    \"<span class=sf-dump-key>vergiNo</span>\" => \"<span class=sf-dump-str title=\"10 characters\">6458923211</span>\"
    \"<span class=sf-dump-key>vergiDairesi</span>\" => <span class=sf-dump-const>null</span>
    \"<span class=sf-dump-key>tcNo</span>\" => <span class=sf-dump-const>null</span>
    \"<span class=sf-dump-key>iban</span>\" => <span class=sf-dump-const>null</span>
    \"<span class=sf-dump-key>logo</span>\" => <span class=sf-dump-const>null</span>
    \"<span class=sf-dump-key>personelSayisi</span>\" => <span class=sf-dump-num>2</span>
    \"<span class=sf-dump-key>bayiSayisi</span>\" => <span class=sf-dump-num>1</span>
    \"<span class=sf-dump-key>stokSayisi</span>\" => <span class=sf-dump-num>5</span>
    \"<span class=sf-dump-key>konsinyeSayisi</span>\" => <span class=sf-dump-num>1</span>
    \"<span class=sf-dump-key>kdvOrani</span>\" => <span class=sf-dump-const>null</span>
    \"<span class=sf-dump-key>smsKullanici</span>\" => <span class=sf-dump-const>null</span>
    \"<span class=sf-dump-key>smsSifre</span>\" => <span class=sf-dump-const>null</span>
    \"<span class=sf-dump-key>smsGonderici</span>\" => <span class=sf-dump-const>null</span>
    \"<span class=sf-dump-key>smsKaraliste</span>\" => <span class=sf-dump-const>null</span>
    \"<span class=sf-dump-key>kayitTarihi</span>\" => \"<span class=sf-dump-str title=\"10 characters\">2025-09-04</span>\"
    \"<span class=sf-dump-key>bitisTarihi</span>\" => \"<span class=sf-dump-str title=\"10 characters\">2026-09-16</span>\"
    \"<span class=sf-dump-key>status</span>\" => <span class=sf-dump-num>1</span>
    \"<span class=sf-dump-key>trial_starts_at</span>\" => \"<span class=sf-dump-str title=\"19 characters\">2025-09-04 12:04:58</span>\"
    \"<span class=sf-dump-key>trial_ends_at</span>\" => \"<span class=sf-dump-str title=\"19 characters\">2025-09-16 12:04:58</span>\"
    \"<span class=sf-dump-key>trial_used</span>\" => <span class=sf-dump-num>1</span>
    \"<span class=sf-dump-key>subscription_status</span>\" => \"<span class=sf-dump-str title=\"6 characters\">active</span>\"
    \"<span class=sf-dump-key>subscription_ends_at</span>\" => \"<span class=sf-dump-str title=\"19 characters\">2026-09-16 16:30:07</span>\"
    \"<span class=sf-dump-key>created_at</span>\" => \"<span class=sf-dump-str title=\"19 characters\">2025-09-04 12:04:58</span>\"
    \"<span class=sf-dump-key>updated_at</span>\" => \"<span class=sf-dump-str title=\"19 characters\">2025-09-16 16:30:07</span>\"
  </samp>]
  #<span class=sf-dump-protected title=\"Protected property\">changes</span>: []
  #<span class=sf-dump-protected title=\"Protected property\">casts</span>: <span class=sf-dump-note>array:4</span> [<samp data-depth=2 class=sf-dump-compact>
    \"<span class=sf-dump-key>trial_starts_at</span>\" => \"<span class=sf-dump-str title=\"8 characters\">datetime</span>\"
    \"<span class=sf-dump-key>trial_ends_at</span>\" => \"<span class=sf-dump-str title=\"8 characters\">datetime</span>\"
    \"<span class=sf-dump-key>subscription_ends_at</span>\" => \"<span class=sf-dump-str title=\"8 characters\">datetime</span>\"
    \"<span class=sf-dump-key>trial_used</span>\" => \"<span class=sf-dump-str title=\"7 characters\">boolean</span>\"
  </samp>]
  #<span class=sf-dump-protected title=\"Protected property\">classCastCache</span>: []
  #<span class=sf-dump-protected title=\"Protected property\">attributeCastCache</span>: []
  #<span class=sf-dump-protected title=\"Protected property\">dateFormat</span>: <span class=sf-dump-const>null</span>
  #<span class=sf-dump-protected title=\"Protected property\">appends</span>: []
  #<span class=sf-dump-protected title=\"Protected property\">dispatchesEvents</span>: []
  #<span class=sf-dump-protected title=\"Protected property\">observables</span>: []
  #<span class=sf-dump-protected title=\"Protected property\">relations</span>: []
  #<span class=sf-dump-protected title=\"Protected property\">touches</span>: []
  +<span class=sf-dump-public title=\"Public property\">timestamps</span>: <span class=sf-dump-const>true</span>
  +<span class=sf-dump-public title=\"Public property\">usesUniqueIds</span>: <span class=sf-dump-const>false</span>
  #<span class=sf-dump-protected title=\"Protected property\">hidden</span>: []
  #<span class=sf-dump-protected title=\"Protected property\">visible</span>: []
  #<span class=sf-dump-protected title=\"Protected property\">fillable</span>: []
  #<span class=sf-dump-protected title=\"Protected property\">guarded</span>: []
</samp>}
</pre><script>Sfdump(\"sf-dump-242749830\", {\"maxDepth\":3,\"maxStringLength\":160})</script>
"}},"userId":48,"exception":"[object] (Spatie\\LaravelIgnition\\Exceptions\\ViewException(code: 0): Missing required parameter for [Route: tenant.integrations.marketplace] [URI: {tenant_id}/entegrasyonlar] [Missing parameter: tenant_id]. at C:\\xampp\\htdocs\\serbiscrm\\vendor\\laravel\\framework\\src\\Illuminate\\Routing\\Exceptions\\UrlGenerationException.php:35)
[stacktrace]
#0 C:\\xampp\\htdocs\\serbiscrm\\vendor\\laravel\\framework\\src\\Illuminate\\Routing\\RouteUrlGenerator.php(90): Illuminate\\Routing\\Exceptions\\UrlGenerationException::forMissingParameters(Object(Illuminate\\Routing\\Route), Array)
#1 C:\\xampp\\htdocs\\serbiscrm\\vendor\\laravel\\framework\\src\\Illuminate\\Routing\\UrlGenerator.php(502): Illuminate\\Routing\\RouteUrlGenerator->to(Object(Illuminate\\Routing\\Route), Array, true)
#2 C:\\xampp\\htdocs\\serbiscrm\\vendor\\laravel\\framework\\src\\Illuminate\\Routing\\UrlGenerator.php(471): Illuminate\\Routing\\UrlGenerator->toRoute(Object(Illuminate\\Routing\\Route), Array, true)
#3 C:\\xampp\\htdocs\\serbiscrm\\vendor\\laravel\\framework\\src\\Illuminate\\Foundation\\helpers.php(811): Illuminate\\Routing\\UrlGenerator->route('tenant.integrat...', Array, true)
#4 C:\\xampp\\htdocs\\serbiscrm\\resources\\views\\frontend\\secure\\bulk_sms\\no_integration.blade.php(18): route('tenant.integrat...', Array)
#5 C:\\xampp\\htdocs\\serbiscrm\\vendor\\laravel\\framework\\src\\Illuminate\\Filesystem\\Filesystem.php(124): require('C:\\\\xampp\\\\htdocs...')
#6 C:\\xampp\\htdocs\\serbiscrm\\vendor\\laravel\\framework\\src\\Illuminate\\Filesystem\\Filesystem.php(125): Illuminate\\Filesystem\\Filesystem::Illuminate\\Filesystem\\{closure}()
#7 C:\\xampp\\htdocs\\serbiscrm\\vendor\\laravel\\framework\\src\\Illuminate\\View\\Engines\\PhpEngine.php(58): Illuminate\\Filesystem\\Filesystem->getRequire('C:\\\\xampp\\\\htdocs...', Array)
#8 C:\\xampp\\htdocs\\serbiscrm\\vendor\\laravel\\framework\\src\\Illuminate\\View\\Engines\\CompilerEngine.php(72): Illuminate\\View\\Engines\\PhpEngine->evaluatePath('C:\\\\xampp\\\\htdocs...', Array)
#9 C:\\xampp\\htdocs\\serbiscrm\\vendor\\laravel\\framework\\src\\Illuminate\\View\\View.php(207): Illuminate\\View\\Engines\\CompilerEngine->get('C:\\\\xampp\\\\htdocs...', Array)
#10 C:\\xampp\\htdocs\\serbiscrm\\vendor\\laravel\\framework\\src\\Illuminate\\View\\View.php(190): Illuminate\\View\\View->getContents()
#11 C:\\xampp\\htdocs\\serbiscrm\\vendor\\laravel\\framework\\src\\Illuminate\\View\\View.php(159): Illuminate\\View\\View->renderContents()
#12 C:\\xampp\\htdocs\\serbiscrm\\vendor\\laravel\\framework\\src\\Illuminate\\Http\\Response.php(69): Illuminate\\View\\View->render()
#13 C:\\xampp\\htdocs\\serbiscrm\\vendor\\laravel\\framework\\src\\Illuminate\\Http\\Response.php(35): Illuminate\\Http\\Response->setContent(Object(Illuminate\\View\\View))
#14 C:\\xampp\\htdocs\\serbiscrm\\vendor\\laravel\\framework\\src\\Illuminate\\Routing\\Router.php(911): Illuminate\\Http\\Response->__construct(Object(Illuminate\\View\\View), 200, Array)
#15 C:\\xampp\\htdocs\\serbiscrm\\vendor\\laravel\\framework\\src\\Illuminate\\Routing\\Router.php(878): Illuminate\\Routing\\Router::toResponse(Object(Illuminate\\Http\\Request), Object(Illuminate\\View\\View))
#16 C:\\xampp\\htdocs\\serbiscrm\\vendor\\laravel\\framework\\src\\Illuminate\\Routing\\Router.php(798): Illuminate\\Routing\\Router->prepareResponse(Object(Illuminate\\Http\\Request), Object(Illuminate\\View\\View))
#17 C:\\xampp\\htdocs\\serbiscrm\\vendor\\laravel\\framework\\src\\Illuminate\\Pipeline\\Pipeline.php(141): Illuminate\\Routing\\Router->Illuminate\\Routing\\{closure}(Object(Illuminate\\Http\\Request))
#18 C:\\xampp\\htdocs\\serbiscrm\\app\\Http\\Middleware\\CheckTenantStatus.php(40): Illuminate\\Pipeline\\Pipeline->Illuminate\\Pipeline\\{closure}(Object(Illuminate\\Http\\Request))
#19 C:\\xampp\\htdocs\\serbiscrm\\vendor\\laravel\\framework\\src\\Illuminate\\Pipeline\\Pipeline.php(180): App\\Http\\Middleware\\CheckTenantStatus->handle(Object(Illuminate\\Http\\Request), Object(Closure))
#20 C:\\xampp\\htdocs\\serbiscrm\\app\\Http\\Middleware\\HandleRedirectAfterLogin.php(28): Illuminate\\Pipeline\\Pipeline->Illuminate\\Pipeline\\{closure}(Object(Illuminate\\Http\\Request))
#21 C:\\xampp\\htdocs\\serbiscrm\\vendor\\laravel\\framework\\src\\Illuminate\\Pipeline\\Pipeline.php(180): App\\Http\\Middleware\\HandleRedirectAfterLogin->handle(Object(Illuminate\\Http\\Request), Object(Closure))
#22 C:\\xampp\\htdocs\\serbiscrm\\app\\Http\\Middleware\\CheckCompanySubscription.php(32): Illuminate\\Pipeline\\Pipeline->Illuminate\\Pipeline\\{closure}(Object(Illuminate\\Http\\Request))
#23 C:\\xampp\\htdocs\\serbiscrm\\vendor\\laravel\\framework\\src\\Illuminate\\Pipeline\\Pipeline.php(180): App\\Http\\Middleware\\CheckCompanySubscription->handle(Object(Illuminate\\Http\\Request), Object(Closure))
#24 C:\\xampp\\htdocs\\serbiscrm\\app\\Http\\Middleware\\CheckTenantId.php(43): Illuminate\\Pipeline\\Pipeline->Illuminate\\Pipeline\\{closure}(Object(Illuminate\\Http\\Request))
#25 C:\\xampp\\htdocs\\serbiscrm\\vendor\\laravel\\framework\\src\\Illuminate\\Pipeline\\Pipeline.php(180): App\\Http\\Middleware\\CheckTenantId->handle(Object(Illuminate\\Http\\Request), Object(Closure))
#26 C:\\xampp\\htdocs\\serbiscrm\\app\\Http\\Middleware\\CheckTrialStatus.php(28): Illuminate\\Pipeline\\Pipeline->Illuminate\\Pipeline\\{closure}(Object(Illuminate\\Http\\Request))
#27 C:\\xampp\\htdocs\\serbiscrm\\vendor\\laravel\\framework\\src\\Illuminate\\Pipeline\\Pipeline.php(180): App\\Http\\Middleware\\CheckTrialStatus->handle(Object(Illuminate\\Http\\Request), Object(Closure))
#28 C:\\xampp\\htdocs\\serbiscrm\\vendor\\laravel\\framework\\src\\Illuminate\\Routing\\Middleware\\SubstituteBindings.php(50): Illuminate\\Pipeline\\Pipeline->Illuminate\\Pipeline\\{closure}(Object(Illuminate\\Http\\Request))
#29 C:\\xampp\\htdocs\\serbiscrm\\vendor\\laravel\\framework\\src\\Illuminate\\Pipeline\\Pipeline.php(180): Illuminate\\Routing\\Middleware\\SubstituteBindings->handle(Object(Illuminate\\Http\\Request), Object(Closure))
#30 C:\\xampp\\htdocs\\serbiscrm\\vendor\\laravel\\framework\\src\\Illuminate\\Auth\\Middleware\\Authenticate.php(57): Illuminate\\Pipeline\\Pipeline->Illuminate\\Pipeline\\{closure}(Object(Illuminate\\Http\\Request))
#31 C:\\xampp\\htdocs\\serbiscrm\\vendor\\laravel\\framework\\src\\Illuminate\\Pipeline\\Pipeline.php(180): Illuminate\\Auth\\Middleware\\Authenticate->handle(Object(Illuminate\\Http\\Request), Object(Closure))
#32 C:\\xampp\\htdocs\\serbiscrm\\vendor\\laravel\\framework\\src\\Illuminate\\Foundation\\Http\\Middleware\\VerifyCsrfToken.php(78): Illuminate\\Pipeline\\Pipeline->Illuminate\\Pipeline\\{closure}(Object(Illuminate\\Http\\Request))
#33 C:\\xampp\\htdocs\\serbiscrm\\vendor\\laravel\\framework\\src\\Illuminate\\Pipeline\\Pipeline.php(180): Illuminate\\Foundation\\Http\\Middleware\\VerifyCsrfToken->handle(Object(Illuminate\\Http\\Request), Object(Closure))
#34 C:\\xampp\\htdocs\\serbiscrm\\vendor\\laravel\\framework\\src\\Illuminate\\View\\Middleware\\ShareErrorsFromSession.php(49): Illuminate\\Pipeline\\Pipeline->Illuminate\\Pipeline\\{closure}(Object(Illuminate\\Http\\Request))
#35 C:\\xampp\\htdocs\\serbiscrm\\vendor\\laravel\\framework\\src\\Illuminate\\Pipeline\\Pipeline.php(180): Illuminate\\View\\Middleware\\ShareErrorsFromSession->handle(Object(Illuminate\\Http\\Request), Object(Closure))
#36 C:\\xampp\\htdocs\\serbiscrm\\vendor\\laravel\\framework\\src\\Illuminate\\Session\\Middleware\\StartSession.php(121): Illuminate\\Pipeline\\Pipeline->Illuminate\\Pipeline\\{closure}(Object(Illuminate\\Http\\Request))
#37 C:\\xampp\\htdocs\\serbiscrm\\vendor\\laravel\\framework\\src\\Illuminate\\Session\\Middleware\\StartSession.php(64): Illuminate\\Session\\Middleware\\StartSession->handleStatefulRequest(Object(Illuminate\\Http\\Request), Object(Illuminate\\Session\\Store), Object(Closure))
#38 C:\\xampp\\htdocs\\serbiscrm\\vendor\\laravel\\framework\\src\\Illuminate\\Pipeline\\Pipeline.php(180): Illuminate\\Session\\Middleware\\StartSession->handle(Object(Illuminate\\Http\\Request), Object(Closure))
#39 C:\\xampp\\htdocs\\serbiscrm\\vendor\\laravel\\framework\\src\\Illuminate\\Cookie\\Middleware\\AddQueuedCookiesToResponse.php(37): Illuminate\\Pipeline\\Pipeline->Illuminate\\Pipeline\\{closure}(Object(Illuminate\\Http\\Request))
#40 C:\\xampp\\htdocs\\serbiscrm\\vendor\\laravel\\framework\\src\\Illuminate\\Pipeline\\Pipeline.php(180): Illuminate\\Cookie\\Middleware\\AddQueuedCookiesToResponse->handle(Object(Illuminate\\Http\\Request), Object(Closure))
#41 C:\\xampp\\htdocs\\serbiscrm\\vendor\\laravel\\framework\\src\\Illuminate\\Cookie\\Middleware\\EncryptCookies.php(67): Illuminate\\Pipeline\\Pipeline->Illuminate\\Pipeline\\{closure}(Object(Illuminate\\Http\\Request))
#42 C:\\xampp\\htdocs\\serbiscrm\\vendor\\laravel\\framework\\src\\Illuminate\\Pipeline\\Pipeline.php(180): Illuminate\\Cookie\\Middleware\\EncryptCookies->handle(Object(Illuminate\\Http\\Request), Object(Closure))
#43 C:\\xampp\\htdocs\\serbiscrm\\vendor\\laravel\\framework\\src\\Illuminate\\Pipeline\\Pipeline.php(116): Illuminate\\Pipeline\\Pipeline->Illuminate\\Pipeline\\{closure}(Object(Illuminate\\Http\\Request))
#44 C:\\xampp\\htdocs\\serbiscrm\\vendor\\laravel\\framework\\src\\Illuminate\\Routing\\Router.php(798): Illuminate\\Pipeline\\Pipeline->then(Object(Closure))
#45 C:\\xampp\\htdocs\\serbiscrm\\vendor\\laravel\\framework\\src\\Illuminate\\Routing\\Router.php(777): Illuminate\\Routing\\Router->runRouteWithinStack(Object(Illuminate\\Routing\\Route), Object(Illuminate\\Http\\Request))
#46 C:\\xampp\\htdocs\\serbiscrm\\vendor\\laravel\\framework\\src\\Illuminate\\Routing\\Router.php(741): Illuminate\\Routing\\Router->runRoute(Object(Illuminate\\Http\\Request), Object(Illuminate\\Routing\\Route))
#47 C:\\xampp\\htdocs\\serbiscrm\\vendor\\laravel\\framework\\src\\Illuminate\\Routing\\Router.php(730): Illuminate\\Routing\\Router->dispatchToRoute(Object(Illuminate\\Http\\Request))
#48 C:\\xampp\\htdocs\\serbiscrm\\vendor\\laravel\\framework\\src\\Illuminate\\Foundation\\Http\\Kernel.php(200): Illuminate\\Routing\\Router->dispatch(Object(Illuminate\\Http\\Request))
#49 C:\\xampp\\htdocs\\serbiscrm\\vendor\\laravel\\framework\\src\\Illuminate\\Pipeline\\Pipeline.php(141): Illuminate\\Foundation\\Http\\Kernel->Illuminate\\Foundation\\Http\\{closure}(Object(Illuminate\\Http\\Request))
#50 C:\\xampp\\htdocs\\serbiscrm\\app\\Http\\Middleware\\ImpersonationMiddleware.php(51): Illuminate\\Pipeline\\Pipeline->Illuminate\\Pipeline\\{closure}(Object(Illuminate\\Http\\Request))
#51 C:\\xampp\\htdocs\\serbiscrm\\vendor\\laravel\\framework\\src\\Illuminate\\Pipeline\\Pipeline.php(180): App\\Http\\Middleware\\ImpersonationMiddleware->handle(Object(Illuminate\\Http\\Request), Object(Closure))
#52 C:\\xampp\\htdocs\\serbiscrm\\vendor\\laravel\\framework\\src\\Illuminate\\Foundation\\Http\\Middleware\\TransformsRequest.php(21): Illuminate\\Pipeline\\Pipeline->Illuminate\\Pipeline\\{closure}(Object(Illuminate\\Http\\Request))
#53 C:\\xampp\\htdocs\\serbiscrm\\vendor\\laravel\\framework\\src\\Illuminate\\Foundation\\Http\\Middleware\\ConvertEmptyStringsToNull.php(31): Illuminate\\Foundation\\Http\\Middleware\\TransformsRequest->handle(Object(Illuminate\\Http\\Request), Object(Closure))
#54 C:\\xampp\\htdocs\\serbiscrm\\vendor\\laravel\\framework\\src\\Illuminate\\Pipeline\\Pipeline.php(180): Illuminate\\Foundation\\Http\\Middleware\\ConvertEmptyStringsToNull->handle(Object(Illuminate\\Http\\Request), Object(Closure))
#55 C:\\xampp\\htdocs\\serbiscrm\\vendor\\laravel\\framework\\src\\Illuminate\\Foundation\\Http\\Middleware\\TransformsRequest.php(21): Illuminate\\Pipeline\\Pipeline->Illuminate\\Pipeline\\{closure}(Object(Illuminate\\Http\\Request))
#56 C:\\xampp\\htdocs\\serbiscrm\\vendor\\laravel\\framework\\src\\Illuminate\\Foundation\\Http\\Middleware\\TrimStrings.php(40): Illuminate\\Foundation\\Http\\Middleware\\TransformsRequest->handle(Object(Illuminate\\Http\\Request), Object(Closure))
#57 C:\\xampp\\htdocs\\serbiscrm\\vendor\\laravel\\framework\\src\\Illuminate\\Pipeline\\Pipeline.php(180): Illuminate\\Foundation\\Http\\Middleware\\TrimStrings->handle(Object(Illuminate\\Http\\Request), Object(Closure))
#58 C:\\xampp\\htdocs\\serbiscrm\\vendor\\laravel\\framework\\src\\Illuminate\\Foundation\\Http\\Middleware\\ValidatePostSize.php(27): Illuminate\\Pipeline\\Pipeline->Illuminate\\Pipeline\\{closure}(Object(Illuminate\\Http\\Request))
#59 C:\\xampp\\htdocs\\serbiscrm\\vendor\\laravel\\framework\\src\\Illuminate\\Pipeline\\Pipeline.php(180): Illuminate\\Foundation\\Http\\Middleware\\ValidatePostSize->handle(Object(Illuminate\\Http\\Request), Object(Closure))
#60 C:\\xampp\\htdocs\\serbiscrm\\vendor\\laravel\\framework\\src\\Illuminate\\Foundation\\Http\\Middleware\\PreventRequestsDuringMaintenance.php(99): Illuminate\\Pipeline\\Pipeline->Illuminate\\Pipeline\\{closure}(Object(Illuminate\\Http\\Request))
#61 C:\\xampp\\htdocs\\serbiscrm\\vendor\\laravel\\framework\\src\\Illuminate\\Pipeline\\Pipeline.php(180): Illuminate\\Foundation\\Http\\Middleware\\PreventRequestsDuringMaintenance->handle(Object(Illuminate\\Http\\Request), Object(Closure))
#62 C:\\xampp\\htdocs\\serbiscrm\\vendor\\laravel\\framework\\src\\Illuminate\\Http\\Middleware\\HandleCors.php(49): Illuminate\\Pipeline\\Pipeline->Illuminate\\Pipeline\\{closure}(Object(Illuminate\\Http\\Request))
#63 C:\\xampp\\htdocs\\serbiscrm\\vendor\\laravel\\framework\\src\\Illuminate\\Pipeline\\Pipeline.php(180): Illuminate\\Http\\Middleware\\HandleCors->handle(Object(Illuminate\\Http\\Request), Object(Closure))
#64 C:\\xampp\\htdocs\\serbiscrm\\vendor\\laravel\\framework\\src\\Illuminate\\Http\\Middleware\\TrustProxies.php(39): Illuminate\\Pipeline\\Pipeline->Illuminate\\Pipeline\\{closure}(Object(Illuminate\\Http\\Request))
#65 C:\\xampp\\htdocs\\serbiscrm\\vendor\\laravel\\framework\\src\\Illuminate\\Pipeline\\Pipeline.php(180): Illuminate\\Http\\Middleware\\TrustProxies->handle(Object(Illuminate\\Http\\Request), Object(Closure))
#66 C:\\xampp\\htdocs\\serbiscrm\\vendor\\laravel\\framework\\src\\Illuminate\\Pipeline\\Pipeline.php(116): Illuminate\\Pipeline\\Pipeline->Illuminate\\Pipeline\\{closure}(Object(Illuminate\\Http\\Request))
#67 C:\\xampp\\htdocs\\serbiscrm\\vendor\\laravel\\framework\\src\\Illuminate\\Foundation\\Http\\Kernel.php(175): Illuminate\\Pipeline\\Pipeline->then(Object(Closure))
#68 C:\\xampp\\htdocs\\serbiscrm\\vendor\\laravel\\framework\\src\\Illuminate\\Foundation\\Http\\Kernel.php(144): Illuminate\\Foundation\\Http\\Kernel->sendRequestThroughRouter(Object(Illuminate\\Http\\Request))
#69 C:\\xampp\\htdocs\\serbiscrm\\public\\index.php(51): Illuminate\\Foundation\\Http\\Kernel->handle(Object(Illuminate\\Http\\Request))
#70 C:\\xampp\\htdocs\\serbiscrm\\vendor\\laravel\\framework\\src\\Illuminate\\Foundation\\resources\\server.php(16): require_once('C:\\\\xampp\\\\htdocs...')
#71 {main}

[previous exception] [object] (Illuminate\\Routing\\Exceptions\\UrlGenerationException(code: 0): Missing required parameter for [Route: tenant.integrations.marketplace] [URI: {tenant_id}/entegrasyonlar] [Missing parameter: tenant_id]. at C:\\xampp\\htdocs\\serbiscrm\\vendor\\laravel\\framework\\src\\Illuminate\\Routing\\Exceptions\\UrlGenerationException.php:35)
[stacktrace]
#0 C:\\xampp\\htdocs\\serbiscrm\\vendor\\laravel\\framework\\src\\Illuminate\\Routing\\RouteUrlGenerator.php(90): Illuminate\\Routing\\Exceptions\\UrlGenerationException::forMissingParameters(Object(Illuminate\\Routing\\Route), Array)
#1 C:\\xampp\\htdocs\\serbiscrm\\vendor\\laravel\\framework\\src\\Illuminate\\Routing\\UrlGenerator.php(502): Illuminate\\Routing\\RouteUrlGenerator->to(Object(Illuminate\\Routing\\Route), Array, true)
#2 C:\\xampp\\htdocs\\serbiscrm\\vendor\\laravel\\framework\\src\\Illuminate\\Routing\\UrlGenerator.php(471): Illuminate\\Routing\\UrlGenerator->toRoute(Object(Illuminate\\Routing\\Route), Array, true)
#3 C:\\xampp\\htdocs\\serbiscrm\\vendor\\laravel\\framework\\src\\Illuminate\\Foundation\\helpers.php(811): Illuminate\\Routing\\UrlGenerator->route('tenant.integrat...', Array, true)
#4 C:\\xampp\\htdocs\\serbiscrm\\storage\\framework\\views\\5f068be37b8028b691ef067f55b97816.php(18): route('tenant.integrat...', Array)
#5 C:\\xampp\\htdocs\\serbiscrm\\vendor\\laravel\\framework\\src\\Illuminate\\Filesystem\\Filesystem.php(124): require('C:\\\\xampp\\\\htdocs...')
#6 C:\\xampp\\htdocs\\serbiscrm\\vendor\\laravel\\framework\\src\\Illuminate\\Filesystem\\Filesystem.php(125): Illuminate\\Filesystem\\Filesystem::Illuminate\\Filesystem\\{closure}()
#7 C:\\xampp\\htdocs\\serbiscrm\\vendor\\laravel\\framework\\src\\Illuminate\\View\\Engines\\PhpEngine.php(58): Illuminate\\Filesystem\\Filesystem->getRequire('C:\\\\xampp\\\\htdocs...', Array)
#8 C:\\xampp\\htdocs\\serbiscrm\\vendor\\laravel\\framework\\src\\Illuminate\\View\\Engines\\CompilerEngine.php(72): Illuminate\\View\\Engines\\PhpEngine->evaluatePath('C:\\\\xampp\\\\htdocs...', Array)
#9 C:\\xampp\\htdocs\\serbiscrm\\vendor\\laravel\\framework\\src\\Illuminate\\View\\View.php(207): Illuminate\\View\\Engines\\CompilerEngine->get('C:\\\\xampp\\\\htdocs...', Array)
#10 C:\\xampp\\htdocs\\serbiscrm\\vendor\\laravel\\framework\\src\\Illuminate\\View\\View.php(190): Illuminate\\View\\View->getContents()
#11 C:\\xampp\\htdocs\\serbiscrm\\vendor\\laravel\\framework\\src\\Illuminate\\View\\View.php(159): Illuminate\\View\\View->renderContents()
#12 C:\\xampp\\htdocs\\serbiscrm\\vendor\\laravel\\framework\\src\\Illuminate\\Http\\Response.php(69): Illuminate\\View\\View->render()
#13 C:\\xampp\\htdocs\\serbiscrm\\vendor\\laravel\\framework\\src\\Illuminate\\Http\\Response.php(35): Illuminate\\Http\\Response->setContent(Object(Illuminate\\View\\View))
#14 C:\\xampp\\htdocs\\serbiscrm\\vendor\\laravel\\framework\\src\\Illuminate\\Routing\\Router.php(911): Illuminate\\Http\\Response->__construct(Object(Illuminate\\View\\View), 200, Array)
#15 C:\\xampp\\htdocs\\serbiscrm\\vendor\\laravel\\framework\\src\\Illuminate\\Routing\\Router.php(878): Illuminate\\Routing\\Router::toResponse(Object(Illuminate\\Http\\Request), Object(Illuminate\\View\\View))
#16 C:\\xampp\\htdocs\\serbiscrm\\vendor\\laravel\\framework\\src\\Illuminate\\Routing\\Router.php(798): Illuminate\\Routing\\Router->prepareResponse(Object(Illuminate\\Http\\Request), Object(Illuminate\\View\\View))
#17 C:\\xampp\\htdocs\\serbiscrm\\vendor\\laravel\\framework\\src\\Illuminate\\Pipeline\\Pipeline.php(141): Illuminate\\Routing\\Router->Illuminate\\Routing\\{closure}(Object(Illuminate\\Http\\Request))
#18 C:\\xampp\\htdocs\\serbiscrm\\app\\Http\\Middleware\\CheckTenantStatus.php(40): Illuminate\\Pipeline\\Pipeline->Illuminate\\Pipeline\\{closure}(Object(Illuminate\\Http\\Request))
#19 C:\\xampp\\htdocs\\serbiscrm\\vendor\\laravel\\framework\\src\\Illuminate\\Pipeline\\Pipeline.php(180): App\\Http\\Middleware\\CheckTenantStatus->handle(Object(Illuminate\\Http\\Request), Object(Closure))
#20 C:\\xampp\\htdocs\\serbiscrm\\app\\Http\\Middleware\\HandleRedirectAfterLogin.php(28): Illuminate\\Pipeline\\Pipeline->Illuminate\\Pipeline\\{closure}(Object(Illuminate\\Http\\Request))
#21 C:\\xampp\\htdocs\\serbiscrm\\vendor\\laravel\\framework\\src\\Illuminate\\Pipeline\\Pipeline.php(180): App\\Http\\Middleware\\HandleRedirectAfterLogin->handle(Object(Illuminate\\Http\\Request), Object(Closure))
#22 C:\\xampp\\htdocs\\serbiscrm\\app\\Http\\Middleware\\CheckCompanySubscription.php(32): Illuminate\\Pipeline\\Pipeline->Illuminate\\Pipeline\\{closure}(Object(Illuminate\\Http\\Request))
#23 C:\\xampp\\htdocs\\serbiscrm\\vendor\\laravel\\framework\\src\\Illuminate\\Pipeline\\Pipeline.php(180): App\\Http\\Middleware\\CheckCompanySubscription->handle(Object(Illuminate\\Http\\Request), Object(Closure))
#24 C:\\xampp\\htdocs\\serbiscrm\\app\\Http\\Middleware\\CheckTenantId.php(43): Illuminate\\Pipeline\\Pipeline->Illuminate\\Pipeline\\{closure}(Object(Illuminate\\Http\\Request))
#25 C:\\xampp\\htdocs\\serbiscrm\\vendor\\laravel\\framework\\src\\Illuminate\\Pipeline\\Pipeline.php(180): App\\Http\\Middleware\\CheckTenantId->handle(Object(Illuminate\\Http\\Request), Object(Closure))
#26 C:\\xampp\\htdocs\\serbiscrm\\app\\Http\\Middleware\\CheckTrialStatus.php(28): Illuminate\\Pipeline\\Pipeline->Illuminate\\Pipeline\\{closure}(Object(Illuminate\\Http\\Request))
#27 C:\\xampp\\htdocs\\serbiscrm\\vendor\\laravel\\framework\\src\\Illuminate\\Pipeline\\Pipeline.php(180): App\\Http\\Middleware\\CheckTrialStatus->handle(Object(Illuminate\\Http\\Request), Object(Closure))
#28 C:\\xampp\\htdocs\\serbiscrm\\vendor\\laravel\\framework\\src\\Illuminate\\Routing\\Middleware\\SubstituteBindings.php(50): Illuminate\\Pipeline\\Pipeline->Illuminate\\Pipeline\\{closure}(Object(Illuminate\\Http\\Request))
#29 C:\\xampp\\htdocs\\serbiscrm\\vendor\\laravel\\framework\\src\\Illuminate\\Pipeline\\Pipeline.php(180): Illuminate\\Routing\\Middleware\\SubstituteBindings->handle(Object(Illuminate\\Http\\Request), Object(Closure))
#30 C:\\xampp\\htdocs\\serbiscrm\\vendor\\laravel\\framework\\src\\Illuminate\\Auth\\Middleware\\Authenticate.php(57): Illuminate\\Pipeline\\Pipeline->Illuminate\\Pipeline\\{closure}(Object(Illuminate\\Http\\Request))
#31 C:\\xampp\\htdocs\\serbiscrm\\vendor\\laravel\\framework\\src\\Illuminate\\Pipeline\\Pipeline.php(180): Illuminate\\Auth\\Middleware\\Authenticate->handle(Object(Illuminate\\Http\\Request), Object(Closure))
#32 C:\\xampp\\htdocs\\serbiscrm\\vendor\\laravel\\framework\\src\\Illuminate\\Foundation\\Http\\Middleware\\VerifyCsrfToken.php(78): Illuminate\\Pipeline\\Pipeline->Illuminate\\Pipeline\\{closure}(Object(Illuminate\\Http\\Request))
#33 C:\\xampp\\htdocs\\serbiscrm\\vendor\\laravel\\framework\\src\\Illuminate\\Pipeline\\Pipeline.php(180): Illuminate\\Foundation\\Http\\Middleware\\VerifyCsrfToken->handle(Object(Illuminate\\Http\\Request), Object(Closure))
#34 C:\\xampp\\htdocs\\serbiscrm\\vendor\\laravel\\framework\\src\\Illuminate\\View\\Middleware\\ShareErrorsFromSession.php(49): Illuminate\\Pipeline\\Pipeline->Illuminate\\Pipeline\\{closure}(Object(Illuminate\\Http\\Request))
#35 C:\\xampp\\htdocs\\serbiscrm\\vendor\\laravel\\framework\\src\\Illuminate\\Pipeline\\Pipeline.php(180): Illuminate\\View\\Middleware\\ShareErrorsFromSession->handle(Object(Illuminate\\Http\\Request), Object(Closure))
#36 C:\\xampp\\htdocs\\serbiscrm\\vendor\\laravel\\framework\\src\\Illuminate\\Session\\Middleware\\StartSession.php(121): Illuminate\\Pipeline\\Pipeline->Illuminate\\Pipeline\\{closure}(Object(Illuminate\\Http\\Request))
#37 C:\\xampp\\htdocs\\serbiscrm\\vendor\\laravel\\framework\\src\\Illuminate\\Session\\Middleware\\StartSession.php(64): Illuminate\\Session\\Middleware\\StartSession->handleStatefulRequest(Object(Illuminate\\Http\\Request), Object(Illuminate\\Session\\Store), Object(Closure))
#38 C:\\xampp\\htdocs\\serbiscrm\\vendor\\laravel\\framework\\src\\Illuminate\\Pipeline\\Pipeline.php(180): Illuminate\\Session\\Middleware\\StartSession->handle(Object(Illuminate\\Http\\Request), Object(Closure))
#39 C:\\xampp\\htdocs\\serbiscrm\\vendor\\laravel\\framework\\src\\Illuminate\\Cookie\\Middleware\\AddQueuedCookiesToResponse.php(37): Illuminate\\Pipeline\\Pipeline->Illuminate\\Pipeline\\{closure}(Object(Illuminate\\Http\\Request))
#40 C:\\xampp\\htdocs\\serbiscrm\\vendor\\laravel\\framework\\src\\Illuminate\\Pipeline\\Pipeline.php(180): Illuminate\\Cookie\\Middleware\\AddQueuedCookiesToResponse->handle(Object(Illuminate\\Http\\Request), Object(Closure))
#41 C:\\xampp\\htdocs\\serbiscrm\\vendor\\laravel\\framework\\src\\Illuminate\\Cookie\\Middleware\\EncryptCookies.php(67): Illuminate\\Pipeline\\Pipeline->Illuminate\\Pipeline\\{closure}(Object(Illuminate\\Http\\Request))
#42 C:\\xampp\\htdocs\\serbiscrm\\vendor\\laravel\\framework\\src\\Illuminate\\Pipeline\\Pipeline.php(180): Illuminate\\Cookie\\Middleware\\EncryptCookies->handle(Object(Illuminate\\Http\\Request), Object(Closure))
#43 C:\\xampp\\htdocs\\serbiscrm\\vendor\\laravel\\framework\\src\\Illuminate\\Pipeline\\Pipeline.php(116): Illuminate\\Pipeline\\Pipeline->Illuminate\\Pipeline\\{closure}(Object(Illuminate\\Http\\Request))
#44 C:\\xampp\\htdocs\\serbiscrm\\vendor\\laravel\\framework\\src\\Illuminate\\Routing\\Router.php(798): Illuminate\\Pipeline\\Pipeline->then(Object(Closure))
#45 C:\\xampp\\htdocs\\serbiscrm\\vendor\\laravel\\framework\\src\\Illuminate\\Routing\\Router.php(777): Illuminate\\Routing\\Router->runRouteWithinStack(Object(Illuminate\\Routing\\Route), Object(Illuminate\\Http\\Request))
#46 C:\\xampp\\htdocs\\serbiscrm\\vendor\\laravel\\framework\\src\\Illuminate\\Routing\\Router.php(741): Illuminate\\Routing\\Router->runRoute(Object(Illuminate\\Http\\Request), Object(Illuminate\\Routing\\Route))
#47 C:\\xampp\\htdocs\\serbiscrm\\vendor\\laravel\\framework\\src\\Illuminate\\Routing\\Router.php(730): Illuminate\\Routing\\Router->dispatchToRoute(Object(Illuminate\\Http\\Request))
#48 C:\\xampp\\htdocs\\serbiscrm\\vendor\\laravel\\framework\\src\\Illuminate\\Foundation\\Http\\Kernel.php(200): Illuminate\\Routing\\Router->dispatch(Object(Illuminate\\Http\\Request))
#49 C:\\xampp\\htdocs\\serbiscrm\\vendor\\laravel\\framework\\src\\Illuminate\\Pipeline\\Pipeline.php(141): Illuminate\\Foundation\\Http\\Kernel->Illuminate\\Foundation\\Http\\{closure}(Object(Illuminate\\Http\\Request))
#50 C:\\xampp\\htdocs\\serbiscrm\\app\\Http\\Middleware\\ImpersonationMiddleware.php(51): Illuminate\\Pipeline\\Pipeline->Illuminate\\Pipeline\\{closure}(Object(Illuminate\\Http\\Request))
#51 C:\\xampp\\htdocs\\serbiscrm\\vendor\\laravel\\framework\\src\\Illuminate\\Pipeline\\Pipeline.php(180): App\\Http\\Middleware\\ImpersonationMiddleware->handle(Object(Illuminate\\Http\\Request), Object(Closure))
#52 C:\\xampp\\htdocs\\serbiscrm\\vendor\\laravel\\framework\\src\\Illuminate\\Foundation\\Http\\Middleware\\TransformsRequest.php(21): Illuminate\\Pipeline\\Pipeline->Illuminate\\Pipeline\\{closure}(Object(Illuminate\\Http\\Request))
#53 C:\\xampp\\htdocs\\serbiscrm\\vendor\\laravel\\framework\\src\\Illuminate\\Foundation\\Http\\Middleware\\ConvertEmptyStringsToNull.php(31): Illuminate\\Foundation\\Http\\Middleware\\TransformsRequest->handle(Object(Illuminate\\Http\\Request), Object(Closure))
#54 C:\\xampp\\htdocs\\serbiscrm\\vendor\\laravel\\framework\\src\\Illuminate\\Pipeline\\Pipeline.php(180): Illuminate\\Foundation\\Http\\Middleware\\ConvertEmptyStringsToNull->handle(Object(Illuminate\\Http\\Request), Object(Closure))
#55 C:\\xampp\\htdocs\\serbiscrm\\vendor\\laravel\\framework\\src\\Illuminate\\Foundation\\Http\\Middleware\\TransformsRequest.php(21): Illuminate\\Pipeline\\Pipeline->Illuminate\\Pipeline\\{closure}(Object(Illuminate\\Http\\Request))
#56 C:\\xampp\\htdocs\\serbiscrm\\vendor\\laravel\\framework\\src\\Illuminate\\Foundation\\Http\\Middleware\\TrimStrings.php(40): Illuminate\\Foundation\\Http\\Middleware\\TransformsRequest->handle(Object(Illuminate\\Http\\Request), Object(Closure))
#57 C:\\xampp\\htdocs\\serbiscrm\\vendor\\laravel\\framework\\src\\Illuminate\\Pipeline\\Pipeline.php(180): Illuminate\\Foundation\\Http\\Middleware\\TrimStrings->handle(Object(Illuminate\\Http\\Request), Object(Closure))
#58 C:\\xampp\\htdocs\\serbiscrm\\vendor\\laravel\\framework\\src\\Illuminate\\Foundation\\Http\\Middleware\\ValidatePostSize.php(27): Illuminate\\Pipeline\\Pipeline->Illuminate\\Pipeline\\{closure}(Object(Illuminate\\Http\\Request))
#59 C:\\xampp\\htdocs\\serbiscrm\\vendor\\laravel\\framework\\src\\Illuminate\\Pipeline\\Pipeline.php(180): Illuminate\\Foundation\\Http\\Middleware\\ValidatePostSize->handle(Object(Illuminate\\Http\\Request), Object(Closure))
#60 C:\\xampp\\htdocs\\serbiscrm\\vendor\\laravel\\framework\\src\\Illuminate\\Foundation\\Http\\Middleware\\PreventRequestsDuringMaintenance.php(99): Illuminate\\Pipeline\\Pipeline->Illuminate\\Pipeline\\{closure}(Object(Illuminate\\Http\\Request))
#61 C:\\xampp\\htdocs\\serbiscrm\\vendor\\laravel\\framework\\src\\Illuminate\\Pipeline\\Pipeline.php(180): Illuminate\\Foundation\\Http\\Middleware\\PreventRequestsDuringMaintenance->handle(Object(Illuminate\\Http\\Request), Object(Closure))
#62 C:\\xampp\\htdocs\\serbiscrm\\vendor\\laravel\\framework\\src\\Illuminate\\Http\\Middleware\\HandleCors.php(49): Illuminate\\Pipeline\\Pipeline->Illuminate\\Pipeline\\{closure}(Object(Illuminate\\Http\\Request))
#63 C:\\xampp\\htdocs\\serbiscrm\\vendor\\laravel\\framework\\src\\Illuminate\\Pipeline\\Pipeline.php(180): Illuminate\\Http\\Middleware\\HandleCors->handle(Object(Illuminate\\Http\\Request), Object(Closure))
#64 C:\\xampp\\htdocs\\serbiscrm\\vendor\\laravel\\framework\\src\\Illuminate\\Http\\Middleware\\TrustProxies.php(39): Illuminate\\Pipeline\\Pipeline->Illuminate\\Pipeline\\{closure}(Object(Illuminate\\Http\\Request))
#65 C:\\xampp\\htdocs\\serbiscrm\\vendor\\laravel\\framework\\src\\Illuminate\\Pipeline\\Pipeline.php(180): Illuminate\\Http\\Middleware\\TrustProxies->handle(Object(Illuminate\\Http\\Request), Object(Closure))
#66 C:\\xampp\\htdocs\\serbiscrm\\vendor\\laravel\\framework\\src\\Illuminate\\Pipeline\\Pipeline.php(116): Illuminate\\Pipeline\\Pipeline->Illuminate\\Pipeline\\{closure}(Object(Illuminate\\Http\\Request))
#67 C:\\xampp\\htdocs\\serbiscrm\\vendor\\laravel\\framework\\src\\Illuminate\\Foundation\\Http\\Kernel.php(175): Illuminate\\Pipeline\\Pipeline->then(Object(Closure))
#68 C:\\xampp\\htdocs\\serbiscrm\\vendor\\laravel\\framework\\src\\Illuminate\\Foundation\\Http\\Kernel.php(144): Illuminate\\Foundation\\Http\\Kernel->sendRequestThroughRouter(Object(Illuminate\\Http\\Request))
#69 C:\\xampp\\htdocs\\serbiscrm\\public\\index.php(51): Illuminate\\Foundation\\Http\\Kernel->handle(Object(Illuminate\\Http\\Request))
#70 C:\\xampp\\htdocs\\serbiscrm\\vendor\\laravel\\framework\\src\\Illuminate\\Foundation\\resources\\server.php(16): require_once('C:\\\\xampp\\\\htdocs...')
#71 {main}
"} 
[2025-11-13 15:17:07] local.ERROR: SMS Gönderim Hatası {"phone":"568 568 56 85","error":"cURL error 7: Failed to connect to api.tescom.com.tr port 443 after 2141 ms: Connection refused (see https://curl.haxx.se/libcurl/c/libcurl-errors.html) for https://api.tescom.com.tr/send-sms"} 
[2025-11-13 15:19:44] local.ERROR: SMS Gönderim Hatası {"phone":"568 568 56 85","error":"cURL error 28: Connection timeout after 10001 ms (see https://curl.haxx.se/libcurl/c/libcurl-errors.html) for smspanel.tescom.com.tr/sms/create"} 
[2025-11-13 15:19:54] local.ERROR: SMS Gönderim Hatası {"phone":"568 568 56 85","error":"cURL error 28: Connection timeout after 10015 ms (see https://curl.haxx.se/libcurl/c/libcurl-errors.html) for smspanel.tescom.com.tr/sms/create"} 
