[2025-09-03 08:39:37] local.INFO: initiatePayment called {"tenant_id":"25","planid":"1","request_data":[]} 
[2025-09-03 08:39:37] local.INFO: Session data check {"planData":{"id":1,"name":"Başlangıç","slug":"basic","icon":"fa fa-adjust","description":"Küçük işletmeler için temel özellikler  
<ul>
<li>Max. 3 Kullanıcı</li>
<li>&nbsp;2 GB Depolama Alanı</li>
<li>&nbsp;Sınırsız Servis Kaydı</li>
<li>&nbsp;Detaylı Servis Arama</li>
<li>&nbsp;Detaylı Servis Raporlama</li>
<li>&nbsp;Detaylı Prim Hesaplama</li>
<li>&nbsp;Toplu Servis Planlama</li>
<li>&nbsp;Servis Fişi Yazdırma</li>
<li>&nbsp;Detaylı İstatistikler</li>
<li>&nbsp;Sınırsız Kasa Kaydı</li>
</ul>","price":"8400.00","billing_cycle":"yearly","features":{"tickets":true,"basic_reports":false},"limits":{"users":2,"dealers":0,"stocks":10,"konsinye":1,"tickets_per_month":50,"storage_gb":1},"trial_days":14,"is_active":true,"is_popular":false,"sort_order":0,"created_at":null,"updated_at":null},"billingData":{"billing_type":"bireysel","first_name":"Gökhan Türkmen","email":"deneme@deneme.com","phone":"563 434 34 34","il":"13","ilce":"153","address":null,"identity_number":null,"tax_office":null,"tax_number":"5555432323"}} 
[2025-09-03 08:39:37] local.INFO: Paytr Config Check {"merchant_id":"103743","merchant_key":"SET","merchant_salt":"SET"} 
[2025-09-03 08:39:37] local.INFO: Order data prepared {"tenant":25,"order_id":"SUB2511756877977","email":"deneme@deneme.com","amount":10080.0,"user_name":"Gökhan Türkmen","user_address":"13/153","user_phone":"563 434 34 34","basket":[["Abonelik Paketi","8400.00",1]],"success_url":"http://127.0.0.1:8000/subscription/25/1/payment/success","fail_url":"http://127.0.0.1:8000/subscription/25/1/payment/fail"} 
[2025-09-03 08:39:37] local.INFO: Payment record created {"payment_id":26} 
[2025-09-03 08:39:37] local.INFO: Calling Paytr API...  
[2025-09-03 08:39:37] local.INFO: PayTR Request Data: {"merchant_id":"103743","order_id":"SUB2511756877977","amount":1008000,"user_ip":"78.190.145.61","hash_string":"10374378.190.145.61SUB2511756877977deneme@deneme.com1008000W1siQWJvbmVsaWsgUGFrZXRpIiwiODQwMC4wMCIsMV1d10TL1","token":"5XIPwHdyxUTQ3tC3APhEKRkKQWPPcWHKHZ7D6KCP2dU="} 
[2025-09-03 08:39:39] local.INFO: PayTR API Response: {"status":"success","token":"c03384661d4e35a763cca5bfbd495048fea9dfe039467caaf961b5b7fbd6af6f-667343718"} 
[2025-09-03 08:39:39] local.INFO: Paytr API Response {"success":true,"token":"c03384661d4e35a763cca5bfbd495048fea9dfe039467caaf961b5b7fbd6af6f-667343718","iframe_url":"https://www.paytr.com/odeme/guvenli/c03384661d4e35a763cca5bfbd495048fea9dfe039467caaf961b5b7fbd6af6f-667343718"} 
[2025-09-03 08:39:39] local.INFO: Paytr success, redirecting to iframe  
[2025-09-03 08:57:29] local.INFO: initiatePayment called {"tenant_id":"25","planid":"1","request_data":[]} 
[2025-09-03 08:57:29] local.INFO: Session data check {"planData":{"id":1,"name":"Başlangıç","slug":"basic","icon":"fa fa-adjust","description":"Küçük işletmeler için temel özellikler  
<ul>
<li>Max. 3 Kullanıcı</li>
<li>&nbsp;2 GB Depolama Alanı</li>
<li>&nbsp;Sınırsız Servis Kaydı</li>
<li>&nbsp;Detaylı Servis Arama</li>
<li>&nbsp;Detaylı Servis Raporlama</li>
<li>&nbsp;Detaylı Prim Hesaplama</li>
<li>&nbsp;Toplu Servis Planlama</li>
<li>&nbsp;Servis Fişi Yazdırma</li>
<li>&nbsp;Detaylı İstatistikler</li>
<li>&nbsp;Sınırsız Kasa Kaydı</li>
</ul>","price":"8400.00","billing_cycle":"yearly","features":{"tickets":true,"basic_reports":false},"limits":{"users":2,"dealers":0,"stocks":10,"konsinye":1,"tickets_per_month":50,"storage_gb":1},"trial_days":14,"is_active":true,"is_popular":false,"sort_order":0,"created_at":null,"updated_at":null},"billingData":{"billing_type":"bireysel","first_name":"Gökhan Türkmen","email":"deneme@deneme.com","phone":"563 434 34 34","il":"12","ilce":"146","address":null,"identity_number":null,"tax_office":null,"tax_number":"5555432323"}} 
[2025-09-03 08:57:29] local.INFO: Paytr Config Check {"merchant_id":"103743","merchant_key":"SET","merchant_salt":"SET"} 
[2025-09-03 08:57:29] local.INFO: Order data prepared {"tenant":25,"order_id":"SUB2511756879049","email":"deneme@deneme.com","amount":10080.0,"user_name":"Gökhan Türkmen","user_address":"12/146","user_phone":"563 434 34 34","basket":[["Abonelik Paketi","8400.00",1]],"success_url":"http://127.0.0.1:8000/subscription/25/1/payment/success","fail_url":"http://127.0.0.1:8000/subscription/25/1/payment/fail"} 
[2025-09-03 08:57:30] local.INFO: Payment record created {"payment_id":27} 
[2025-09-03 08:57:30] local.INFO: Calling Paytr API...  
[2025-09-03 08:57:30] local.INFO: PayTR Request Data: {"merchant_id":"103743","order_id":"SUB2511756879049","amount":1008000,"user_ip":"78.190.145.61","hash_string":"10374378.190.145.61SUB2511756879049deneme@deneme.com1008000W1siQWJvbmVsaWsgUGFrZXRpIiwiODQwMC4wMCIsMV1d10TL1","token":"9K7I+4oPNMG3g/3cAxBgBk8mXRUT7GIFxk95YZdOZ1s="} 
[2025-09-03 08:57:32] local.INFO: PayTR API Response: {"status":"success","token":"916617415180df467a05757c6ef4493b3a76d1fcae340b75c5a884091fbdc651-667346760"} 
[2025-09-03 08:57:32] local.INFO: Paytr API Response {"success":true,"token":"916617415180df467a05757c6ef4493b3a76d1fcae340b75c5a884091fbdc651-667346760","iframe_url":"https://www.paytr.com/odeme/guvenli/916617415180df467a05757c6ef4493b3a76d1fcae340b75c5a884091fbdc651-667346760"} 
[2025-09-03 08:57:32] local.INFO: Paytr success, redirecting to iframe  
[2025-09-03 11:54:09] local.INFO: All active products count: 1  
[2025-09-03 11:54:09] local.INFO: Product ID 5 (Deneme Ürün): Current stock = 3  
[2025-09-03 11:54:09] local.INFO: Added to critical: Deneme Ürün (Stock: 3)  
[2025-09-03 11:54:09] local.INFO: Final Alerts Result: {"critical_count":1,"low_count":0,"total_products_checked":1} 
[2025-09-03 13:31:09] local.INFO: initiatePayment called {"tenant_id":"25","planid":"1","request_data":[]} 
[2025-09-03 13:31:09] local.INFO: Session data check {"planData":{"id":1,"name":"Başlangıç","slug":"basic","icon":"fa fa-adjust","description":"Küçük işletmeler için temel özellikler  
<ul>
<li>Max. 3 Kullanıcı</li>
<li>&nbsp;2 GB Depolama Alanı</li>
<li>&nbsp;Sınırsız Servis Kaydı</li>
<li>&nbsp;Detaylı Servis Arama</li>
<li>&nbsp;Detaylı Servis Raporlama</li>
<li>&nbsp;Detaylı Prim Hesaplama</li>
<li>&nbsp;Toplu Servis Planlama</li>
<li>&nbsp;Servis Fişi Yazdırma</li>
<li>&nbsp;Detaylı İstatistikler</li>
<li>&nbsp;Sınırsız Kasa Kaydı</li>
</ul>","price":"8400.00","billing_cycle":"yearly","features":{"tickets":true,"basic_reports":false},"limits":{"users":2,"dealers":0,"stocks":10,"konsinye":1,"tickets_per_month":50,"storage_gb":1},"trial_days":14,"is_active":true,"is_popular":false,"sort_order":0,"created_at":null,"updated_at":null},"billingData":{"billing_type":"bireysel","first_name":"Gökhan Türkmen","email":"deneme@deneme.com","phone":"563 434 34 34","il":"69","ilce":"829","address":null,"identity_number":null,"tax_office":null,"tax_number":"5555432323"}} 
[2025-09-03 13:31:09] local.INFO: Paytr Config Check {"merchant_id":"103743","merchant_key":"SET","merchant_salt":"SET"} 
[2025-09-03 13:31:09] local.INFO: Order data prepared {"tenant":25,"order_id":"SUB2511756895469","email":"deneme@deneme.com","amount":10080.0,"user_name":"Gökhan Türkmen","user_address":"69/829","user_phone":"563 434 34 34","basket":[["Abonelik Paketi","8400.00",1]],"success_url":"http://127.0.0.1:8000/subscription/25/1/payment/success","fail_url":"http://127.0.0.1:8000/subscription/25/1/payment/fail"} 
[2025-09-03 13:31:09] local.INFO: Payment record created {"payment_id":28} 
[2025-09-03 13:31:09] local.INFO: Calling Paytr API...  
[2025-09-03 13:31:09] local.INFO: PayTR Request Data: {"merchant_id":"103743","order_id":"SUB2511756895469","amount":1008000,"user_ip":"78.190.145.61","hash_string":"10374378.190.145.61SUB2511756895469deneme@deneme.com1008000W1siQWJvbmVsaWsgUGFrZXRpIiwiODQwMC4wMCIsMV1d10TL1","token":"3sAwn8kumYaSBLZQ4Wrs9mIM5Xs4R4llkiQtp9rASZw="} 
[2025-09-03 13:31:11] local.INFO: PayTR API Response: {"status":"success","token":"420ca8631188e95448b0617560e668a5d925f792e53a1e7c59da0298616427dd-667441077"} 
[2025-09-03 13:31:11] local.INFO: Paytr API Response {"success":true,"token":"420ca8631188e95448b0617560e668a5d925f792e53a1e7c59da0298616427dd-667441077","iframe_url":"https://www.paytr.com/odeme/guvenli/420ca8631188e95448b0617560e668a5d925f792e53a1e7c59da0298616427dd-667441077"} 
[2025-09-03 13:31:11] local.INFO: Paytr success, redirecting to iframe  
[2025-09-03 13:40:09] local.INFO: initiatePayment called {"tenant_id":"25","planid":"1","request_data":[]} 
[2025-09-03 13:40:09] local.INFO: Session data check {"planData":{"id":1,"name":"Başlangıç","slug":"basic","icon":"fa fa-adjust","description":"Küçük işletmeler için temel özellikler  
<ul>
<li>Max. 3 Kullanıcı</li>
<li>&nbsp;2 GB Depolama Alanı</li>
<li>&nbsp;Sınırsız Servis Kaydı</li>
<li>&nbsp;Detaylı Servis Arama</li>
<li>&nbsp;Detaylı Servis Raporlama</li>
<li>&nbsp;Detaylı Prim Hesaplama</li>
<li>&nbsp;Toplu Servis Planlama</li>
<li>&nbsp;Servis Fişi Yazdırma</li>
<li>&nbsp;Detaylı İstatistikler</li>
<li>&nbsp;Sınırsız Kasa Kaydı</li>
</ul>","price":"8400.00","billing_cycle":"yearly","features":{"tickets":true,"basic_reports":false},"limits":{"users":2,"dealers":0,"stocks":10,"konsinye":1,"tickets_per_month":50,"storage_gb":1},"trial_days":14,"is_active":true,"is_popular":false,"sort_order":0,"created_at":null,"updated_at":null},"billingData":{"billing_type":"bireysel","first_name":"Gökhan Türkmen","email":"deneme@deneme.com","phone":"563 434 34 34","il":"72","ilce":"844","address":null,"identity_number":null,"tax_office":null,"tax_number":"5555432323"}} 
[2025-09-03 13:40:09] local.INFO: Paytr Config Check {"merchant_id":"103743","merchant_key":"SET","merchant_salt":"SET"} 
[2025-09-03 13:40:09] local.INFO: Order data prepared {"tenant":25,"order_id":"SUB2511756896009","email":"deneme@deneme.com","amount":10080.0,"user_name":"Gökhan Türkmen","user_address":"72/844","user_phone":"563 434 34 34","basket":[["Abonelik Paketi","8400.00",1]],"success_url":"http://127.0.0.1:8000/subscription/25/1/payment/success","fail_url":"http://127.0.0.1:8000/subscription/25/1/payment/fail"} 
[2025-09-03 13:40:09] local.INFO: Payment record created {"payment_id":29} 
[2025-09-03 13:40:09] local.INFO: Calling Paytr API...  
[2025-09-03 13:40:09] local.INFO: PayTR Request Data: {"merchant_id":"103743","order_id":"SUB2511756896009","amount":1008000,"user_ip":"78.190.145.61","hash_string":"10374378.190.145.61SUB2511756896009deneme@deneme.com1008000W1siQWJvbmVsaWsgUGFrZXRpIiwiODQwMC4wMCIsMV1d10TL1","token":"2OeSef5q3W36ijBfqfXoXK7prpQLa0q7rZ9KgUzhP5U="} 
[2025-09-03 13:40:10] local.INFO: PayTR API Response: {"status":"success","token":"52f9363b3fc35e17c954d07bef52aa642233c36c4bccc126521565dec76d2789-667445136"} 
[2025-09-03 13:40:10] local.INFO: Paytr API Response {"success":true,"token":"52f9363b3fc35e17c954d07bef52aa642233c36c4bccc126521565dec76d2789-667445136","iframe_url":"https://www.paytr.com/odeme/guvenli/52f9363b3fc35e17c954d07bef52aa642233c36c4bccc126521565dec76d2789-667445136"} 
[2025-09-03 13:40:10] local.INFO: Paytr success, redirecting to iframe  
[2025-09-03 13:45:26] local.INFO: initiatePayment called {"tenant_id":"25","planid":"1","request_data":[]} 
[2025-09-03 13:45:26] local.INFO: Session data check {"planData":{"id":1,"name":"Başlangıç","slug":"basic","icon":"fa fa-adjust","description":"Küçük işletmeler için temel özellikler  
<ul>
<li>Max. 3 Kullanıcı</li>
<li>&nbsp;2 GB Depolama Alanı</li>
<li>&nbsp;Sınırsız Servis Kaydı</li>
<li>&nbsp;Detaylı Servis Arama</li>
<li>&nbsp;Detaylı Servis Raporlama</li>
<li>&nbsp;Detaylı Prim Hesaplama</li>
<li>&nbsp;Toplu Servis Planlama</li>
<li>&nbsp;Servis Fişi Yazdırma</li>
<li>&nbsp;Detaylı İstatistikler</li>
<li>&nbsp;Sınırsız Kasa Kaydı</li>
</ul>","price":"8400.00","billing_cycle":"yearly","features":{"tickets":true,"basic_reports":false},"limits":{"users":2,"dealers":0,"stocks":10,"konsinye":1,"tickets_per_month":50,"storage_gb":1},"trial_days":14,"is_active":true,"is_popular":false,"sort_order":0,"created_at":null,"updated_at":null},"billingData":{"billing_type":"bireysel","first_name":"Gökhan Türkmen","email":"deneme@deneme.com","phone":"563 434 34 34","il":"69","ilce":"829","address":null,"identity_number":null,"tax_office":null,"tax_number":"5555432323"}} 
[2025-09-03 13:45:26] local.INFO: Paytr Config Check {"merchant_id":"103743","merchant_key":"SET","merchant_salt":"SET"} 
[2025-09-03 13:45:26] local.INFO: Order data prepared {"tenant":25,"order_id":"SUB2511756896326","email":"deneme@deneme.com","amount":10080.0,"user_name":"Gökhan Türkmen","user_address":"69/829","user_phone":"563 434 34 34","basket":[["Abonelik Paketi","8400.00",1]],"success_url":"http://127.0.0.1:8000/subscription/25/1/payment/success","fail_url":"http://127.0.0.1:8000/subscription/25/1/payment/fail"} 
[2025-09-03 13:45:26] local.INFO: Payment record created {"payment_id":30} 
[2025-09-03 13:45:26] local.INFO: Calling Paytr API...  
[2025-09-03 13:45:26] local.INFO: PayTR Request Data: {"merchant_id":"103743","order_id":"SUB2511756896326","amount":1008000,"user_ip":"78.190.145.61","hash_string":"10374378.190.145.61SUB2511756896326deneme@deneme.com1008000W1siQWJvbmVsaWsgUGFrZXRpIiwiODQwMC4wMCIsMV1d10TL1","token":"Cuz84TKr4sbhtGig28cwiOBjBH3OzP4iOrtnW7n10io="} 
[2025-09-03 13:45:27] local.INFO: PayTR API Response: {"status":"success","token":"fabf1d35363f8546fed880b31342480e0005d36eef38a707c2266bf449e690a6-667447506"} 
[2025-09-03 13:45:27] local.INFO: Paytr API Response {"success":true,"token":"fabf1d35363f8546fed880b31342480e0005d36eef38a707c2266bf449e690a6-667447506","iframe_url":"https://www.paytr.com/odeme/guvenli/fabf1d35363f8546fed880b31342480e0005d36eef38a707c2266bf449e690a6-667447506"} 
[2025-09-03 13:45:27] local.INFO: Paytr success, redirecting to iframe  
[2025-09-03 14:28:04] local.INFO: Paytr Callback Received: {"hash":"tZAJE4GQGXVefrvrwdEO36s2+mihOAPYGBsevlHmGaY=","merchant_oid":"SUB2511756877977","status":"success","total_amount":"1008000","payment_type":"card","payment_amount":"1008000","currency":"TL","installment_count":"1","merchant_id":"103743","test_mode":"1"} 
[2025-09-03 14:28:04] local.INFO: Callback Hash Verification: {"calculated_hash":"tZAJE4GQGXVefrvrwdEO36s2+mihOAPYGBsevlHmGaY=","received_hash":"tZAJE4GQGXVefrvrwdEO36s2+mihOAPYGBsevlHmGaY=","merchant_oid":"SUB2511756877977","status":"success","total_amount":"1008000"} 
[2025-09-03 14:28:04] local.INFO: Callback verification successful  
[2025-09-03 14:28:04] local.ERROR: Payment not found for order ID: SUB2511756877977  
[2025-09-03 14:28:04] local.INFO: Paytr Callback Received: {"hash":"amWK8U/TPO1SCd2GBJctfm/KU31h2eY51T5+78a+E3E=","merchant_oid":"SUB2511756879049","status":"success","total_amount":"1008000","payment_type":"card","payment_amount":"1008000","currency":"TL","installment_count":"1","merchant_id":"103743","test_mode":"1"} 
[2025-09-03 14:28:04] local.INFO: Callback Hash Verification: {"calculated_hash":"amWK8U/TPO1SCd2GBJctfm/KU31h2eY51T5+78a+E3E=","received_hash":"amWK8U/TPO1SCd2GBJctfm/KU31h2eY51T5+78a+E3E=","merchant_oid":"SUB2511756879049","status":"success","total_amount":"1008000"} 
[2025-09-03 14:28:04] local.INFO: Callback verification successful  
[2025-09-03 14:28:04] local.ERROR: Payment not found for order ID: SUB2511756879049  
[2025-09-03 14:28:05] local.INFO: Paytr Callback Received: {"hash":"3WARwMiT5LkHLybE8UTEmR1y2tYAZVh8KfSjqjeiJdM=","merchant_oid":"SUB2511756895469","status":"success","total_amount":"1008000","payment_type":"card","payment_amount":"1008000","currency":"TL","installment_count":"1","merchant_id":"103743","test_mode":"1"} 
[2025-09-03 14:28:05] local.INFO: Callback Hash Verification: {"calculated_hash":"3WARwMiT5LkHLybE8UTEmR1y2tYAZVh8KfSjqjeiJdM=","received_hash":"3WARwMiT5LkHLybE8UTEmR1y2tYAZVh8KfSjqjeiJdM=","merchant_oid":"SUB2511756895469","status":"success","total_amount":"1008000"} 
[2025-09-03 14:28:05] local.INFO: Callback verification successful  
[2025-09-03 14:28:05] local.ERROR: Payment not found for order ID: SUB2511756895469  
[2025-09-03 14:28:05] local.INFO: Paytr Callback Received: {"hash":"JjYV9DsJ50FS7970DOnmQ4Hqr+UVjSbjfTIrwLccJcM=","merchant_oid":"SUB2511756896009","status":"success","total_amount":"1008000","payment_type":"card","payment_amount":"1008000","currency":"TL","installment_count":"1","merchant_id":"103743","test_mode":"1"} 
[2025-09-03 14:28:05] local.INFO: Callback Hash Verification: {"calculated_hash":"JjYV9DsJ50FS7970DOnmQ4Hqr+UVjSbjfTIrwLccJcM=","received_hash":"JjYV9DsJ50FS7970DOnmQ4Hqr+UVjSbjfTIrwLccJcM=","merchant_oid":"SUB2511756896009","status":"success","total_amount":"1008000"} 
[2025-09-03 14:28:05] local.INFO: Callback verification successful  
[2025-09-03 14:28:05] local.ERROR: Subscription completion error: Session verisi bulunamadı  
[2025-09-03 14:28:05] local.ERROR: Payment callback error {"message":"Session verisi bulunamadı","file":"C:\\xampp\\htdocs\\serbiscrm\\app\\Http\\Controllers\\Frontend\\SubscriptionController.php","line":403,"post_data":{"hash":"JjYV9DsJ50FS7970DOnmQ4Hqr+UVjSbjfTIrwLccJcM=","merchant_oid":"SUB2511756896009","status":"success","total_amount":"1008000","payment_type":"card","payment_amount":"1008000","currency":"TL","installment_count":"1","merchant_id":"103743","test_mode":"1"}} 
[2025-09-03 14:28:06] local.INFO: Paytr Callback Received: {"hash":"oB9fB6N4Xp8b4z732XplSou+8MrGKMEbb30RzBG2h/Q=","merchant_oid":"SUB2511756896326","status":"success","total_amount":"1008000","payment_type":"card","payment_amount":"1008000","currency":"TL","installment_count":"1","merchant_id":"103743","test_mode":"1"} 
[2025-09-03 14:28:06] local.INFO: Callback Hash Verification: {"calculated_hash":"oB9fB6N4Xp8b4z732XplSou+8MrGKMEbb30RzBG2h/Q=","received_hash":"oB9fB6N4Xp8b4z732XplSou+8MrGKMEbb30RzBG2h/Q=","merchant_oid":"SUB2511756896326","status":"success","total_amount":"1008000"} 
[2025-09-03 14:28:06] local.INFO: Callback verification successful  
[2025-09-03 14:28:06] local.ERROR: Subscription completion error: Session verisi bulunamadı  
[2025-09-03 14:28:06] local.ERROR: Payment callback error {"message":"Session verisi bulunamadı","file":"C:\\xampp\\htdocs\\serbiscrm\\app\\Http\\Controllers\\Frontend\\SubscriptionController.php","line":403,"post_data":{"hash":"oB9fB6N4Xp8b4z732XplSou+8MrGKMEbb30RzBG2h/Q=","merchant_oid":"SUB2511756896326","status":"success","total_amount":"1008000","payment_type":"card","payment_amount":"1008000","currency":"TL","installment_count":"1","merchant_id":"103743","test_mode":"1"}} 
[2025-09-03 14:29:03] local.INFO: Paytr Callback Received: {"hash":"tZAJE4GQGXVefrvrwdEO36s2+mihOAPYGBsevlHmGaY=","merchant_oid":"SUB2511756877977","status":"success","total_amount":"1008000","payment_type":"card","payment_amount":"1008000","currency":"TL","installment_count":"1","merchant_id":"103743","test_mode":"1"} 
[2025-09-03 14:29:03] local.INFO: Callback Hash Verification: {"calculated_hash":"tZAJE4GQGXVefrvrwdEO36s2+mihOAPYGBsevlHmGaY=","received_hash":"tZAJE4GQGXVefrvrwdEO36s2+mihOAPYGBsevlHmGaY=","merchant_oid":"SUB2511756877977","status":"success","total_amount":"1008000"} 
[2025-09-03 14:29:03] local.INFO: Callback verification successful  
[2025-09-03 14:29:03] local.ERROR: Payment not found for order ID: SUB2511756877977  
[2025-09-03 14:29:04] local.INFO: Paytr Callback Received: {"hash":"amWK8U/TPO1SCd2GBJctfm/KU31h2eY51T5+78a+E3E=","merchant_oid":"SUB2511756879049","status":"success","total_amount":"1008000","payment_type":"card","payment_amount":"1008000","currency":"TL","installment_count":"1","merchant_id":"103743","test_mode":"1"} 
[2025-09-03 14:29:04] local.INFO: Callback Hash Verification: {"calculated_hash":"amWK8U/TPO1SCd2GBJctfm/KU31h2eY51T5+78a+E3E=","received_hash":"amWK8U/TPO1SCd2GBJctfm/KU31h2eY51T5+78a+E3E=","merchant_oid":"SUB2511756879049","status":"success","total_amount":"1008000"} 
[2025-09-03 14:29:04] local.INFO: Callback verification successful  
[2025-09-03 14:29:04] local.ERROR: Payment not found for order ID: SUB2511756879049  
[2025-09-03 14:29:05] local.INFO: Paytr Callback Received: {"hash":"3WARwMiT5LkHLybE8UTEmR1y2tYAZVh8KfSjqjeiJdM=","merchant_oid":"SUB2511756895469","status":"success","total_amount":"1008000","payment_type":"card","payment_amount":"1008000","currency":"TL","installment_count":"1","merchant_id":"103743","test_mode":"1"} 
[2025-09-03 14:29:05] local.INFO: Callback Hash Verification: {"calculated_hash":"3WARwMiT5LkHLybE8UTEmR1y2tYAZVh8KfSjqjeiJdM=","received_hash":"3WARwMiT5LkHLybE8UTEmR1y2tYAZVh8KfSjqjeiJdM=","merchant_oid":"SUB2511756895469","status":"success","total_amount":"1008000"} 
[2025-09-03 14:29:05] local.INFO: Callback verification successful  
[2025-09-03 14:29:05] local.ERROR: Payment not found for order ID: SUB2511756895469  
[2025-09-03 14:29:05] local.INFO: Paytr Callback Received: {"hash":"JjYV9DsJ50FS7970DOnmQ4Hqr+UVjSbjfTIrwLccJcM=","merchant_oid":"SUB2511756896009","status":"success","total_amount":"1008000","payment_type":"card","payment_amount":"1008000","currency":"TL","installment_count":"1","merchant_id":"103743","test_mode":"1"} 
[2025-09-03 14:29:05] local.INFO: Callback Hash Verification: {"calculated_hash":"JjYV9DsJ50FS7970DOnmQ4Hqr+UVjSbjfTIrwLccJcM=","received_hash":"JjYV9DsJ50FS7970DOnmQ4Hqr+UVjSbjfTIrwLccJcM=","merchant_oid":"SUB2511756896009","status":"success","total_amount":"1008000"} 
[2025-09-03 14:29:05] local.INFO: Callback verification successful  
[2025-09-03 14:29:05] local.INFO: Payment already processed: SUB2511756896009  
[2025-09-03 14:29:06] local.INFO: Paytr Callback Received: {"hash":"oB9fB6N4Xp8b4z732XplSou+8MrGKMEbb30RzBG2h/Q=","merchant_oid":"SUB2511756896326","status":"success","total_amount":"1008000","payment_type":"card","payment_amount":"1008000","currency":"TL","installment_count":"1","merchant_id":"103743","test_mode":"1"} 
[2025-09-03 14:29:06] local.INFO: Callback Hash Verification: {"calculated_hash":"oB9fB6N4Xp8b4z732XplSou+8MrGKMEbb30RzBG2h/Q=","received_hash":"oB9fB6N4Xp8b4z732XplSou+8MrGKMEbb30RzBG2h/Q=","merchant_oid":"SUB2511756896326","status":"success","total_amount":"1008000"} 
[2025-09-03 14:29:06] local.INFO: Callback verification successful  
[2025-09-03 14:29:06] local.INFO: Payment already processed: SUB2511756896326  
[2025-09-03 14:30:04] local.INFO: Paytr Callback Received: {"hash":"tZAJE4GQGXVefrvrwdEO36s2+mihOAPYGBsevlHmGaY=","merchant_oid":"SUB2511756877977","status":"success","total_amount":"1008000","payment_type":"card","payment_amount":"1008000","currency":"TL","installment_count":"1","merchant_id":"103743","test_mode":"1"} 
[2025-09-03 14:30:04] local.INFO: Callback Hash Verification: {"calculated_hash":"tZAJE4GQGXVefrvrwdEO36s2+mihOAPYGBsevlHmGaY=","received_hash":"tZAJE4GQGXVefrvrwdEO36s2+mihOAPYGBsevlHmGaY=","merchant_oid":"SUB2511756877977","status":"success","total_amount":"1008000"} 
[2025-09-03 14:30:04] local.INFO: Callback verification successful  
[2025-09-03 14:30:04] local.ERROR: Payment not found for order ID: SUB2511756877977  
[2025-09-03 14:30:05] local.INFO: Paytr Callback Received: {"hash":"amWK8U/TPO1SCd2GBJctfm/KU31h2eY51T5+78a+E3E=","merchant_oid":"SUB2511756879049","status":"success","total_amount":"1008000","payment_type":"card","payment_amount":"1008000","currency":"TL","installment_count":"1","merchant_id":"103743","test_mode":"1"} 
[2025-09-03 14:30:05] local.INFO: Callback Hash Verification: {"calculated_hash":"amWK8U/TPO1SCd2GBJctfm/KU31h2eY51T5+78a+E3E=","received_hash":"amWK8U/TPO1SCd2GBJctfm/KU31h2eY51T5+78a+E3E=","merchant_oid":"SUB2511756879049","status":"success","total_amount":"1008000"} 
[2025-09-03 14:30:05] local.INFO: Callback verification successful  
[2025-09-03 14:30:05] local.ERROR: Payment not found for order ID: SUB2511756879049  
[2025-09-03 14:30:06] local.INFO: Paytr Callback Received: {"hash":"3WARwMiT5LkHLybE8UTEmR1y2tYAZVh8KfSjqjeiJdM=","merchant_oid":"SUB2511756895469","status":"success","total_amount":"1008000","payment_type":"card","payment_amount":"1008000","currency":"TL","installment_count":"1","merchant_id":"103743","test_mode":"1"} 
[2025-09-03 14:30:06] local.INFO: Callback Hash Verification: {"calculated_hash":"3WARwMiT5LkHLybE8UTEmR1y2tYAZVh8KfSjqjeiJdM=","received_hash":"3WARwMiT5LkHLybE8UTEmR1y2tYAZVh8KfSjqjeiJdM=","merchant_oid":"SUB2511756895469","status":"success","total_amount":"1008000"} 
[2025-09-03 14:30:06] local.INFO: Callback verification successful  
[2025-09-03 14:30:06] local.ERROR: Payment not found for order ID: SUB2511756895469  
[2025-09-03 14:32:04] local.INFO: Paytr Callback Received: {"hash":"tZAJE4GQGXVefrvrwdEO36s2+mihOAPYGBsevlHmGaY=","merchant_oid":"SUB2511756877977","status":"success","total_amount":"1008000","payment_type":"card","payment_amount":"1008000","currency":"TL","installment_count":"1","merchant_id":"103743","test_mode":"1"} 
[2025-09-03 14:32:04] local.INFO: Callback Hash Verification: {"calculated_hash":"tZAJE4GQGXVefrvrwdEO36s2+mihOAPYGBsevlHmGaY=","received_hash":"tZAJE4GQGXVefrvrwdEO36s2+mihOAPYGBsevlHmGaY=","merchant_oid":"SUB2511756877977","status":"success","total_amount":"1008000"} 
[2025-09-03 14:32:04] local.INFO: Callback verification successful  
[2025-09-03 14:32:04] local.ERROR: Payment not found for order ID: SUB2511756877977  
[2025-09-03 14:32:04] local.INFO: Paytr Callback Received: {"hash":"amWK8U/TPO1SCd2GBJctfm/KU31h2eY51T5+78a+E3E=","merchant_oid":"SUB2511756879049","status":"success","total_amount":"1008000","payment_type":"card","payment_amount":"1008000","currency":"TL","installment_count":"1","merchant_id":"103743","test_mode":"1"} 
[2025-09-03 14:32:04] local.INFO: Callback Hash Verification: {"calculated_hash":"amWK8U/TPO1SCd2GBJctfm/KU31h2eY51T5+78a+E3E=","received_hash":"amWK8U/TPO1SCd2GBJctfm/KU31h2eY51T5+78a+E3E=","merchant_oid":"SUB2511756879049","status":"success","total_amount":"1008000"} 
[2025-09-03 14:32:04] local.INFO: Callback verification successful  
[2025-09-03 14:32:04] local.ERROR: Payment not found for order ID: SUB2511756879049  
[2025-09-03 14:32:05] local.INFO: Paytr Callback Received: {"hash":"3WARwMiT5LkHLybE8UTEmR1y2tYAZVh8KfSjqjeiJdM=","merchant_oid":"SUB2511756895469","status":"success","total_amount":"1008000","payment_type":"card","payment_amount":"1008000","currency":"TL","installment_count":"1","merchant_id":"103743","test_mode":"1"} 
[2025-09-03 14:32:05] local.INFO: Callback Hash Verification: {"calculated_hash":"3WARwMiT5LkHLybE8UTEmR1y2tYAZVh8KfSjqjeiJdM=","received_hash":"3WARwMiT5LkHLybE8UTEmR1y2tYAZVh8KfSjqjeiJdM=","merchant_oid":"SUB2511756895469","status":"success","total_amount":"1008000"} 
[2025-09-03 14:32:05] local.INFO: Callback verification successful  
[2025-09-03 14:32:05] local.ERROR: Payment not found for order ID: SUB2511756895469  
[2025-09-03 14:32:08] local.INFO: initiatePayment called {"tenant_id":"25","planid":"3","request_data":[]} 
[2025-09-03 14:32:08] local.INFO: Session data check {"planData":{"id":3,"name":"Kurumsal","slug":"enterprise","icon":"fa fa-gem","description":"Büyük işletmeler için tam özellik seti
<ul>
<li>Max. 10 Kullanıcı</li>
<li>&nbsp;8 GB Depolama Alanı</li>
<li>&nbsp;Sınırsız Servis Kaydı</li>
<li>&nbsp;Detaylı Servis Arama</li>
<li>&nbsp;Detaylı Servis Raporlama</li>
<li>&nbsp;Detaylı Prim Hesaplama</li>
<li>&nbsp;Toplu Servis Planlama</li>
<li>&nbsp;Servis Fişi Yazdırma</li>
<li>&nbsp;Detaylı İstatistikler</li>
<li>&nbsp;Sınırsız Kasa Kaydı</li>
<li>&nbsp;Sınırsız &Uuml;r&uuml;n Kaydı</li>
<li>&nbsp;Gelen &Ccedil;ağrı Kaydı</li>
</ul>","price":"21600.00","billing_cycle":"yearly","features":{"tickets":true,"basic_reports":true,"inverntory":true,"priority-support":true},"limits":{"users":-1,"dealers":5,"stocks":30,"konsinye":3,"tickets_per_month":-1,"storage_gb":20},"trial_days":14,"is_active":true,"is_popular":false,"sort_order":0,"created_at":null,"updated_at":null},"billingData":{"billing_type":"bireysel","first_name":"Gökhan Türkmen","email":"deneme@deneme.com","phone":"563 434 34 34","il":"8","ilce":"98","address":null,"identity_number":null,"tax_office":null,"tax_number":"5555432323"}} 
[2025-09-03 14:32:08] local.INFO: Paytr Config Check {"merchant_id":"103743","merchant_key":"SET","merchant_salt":"SET"} 
[2025-09-03 14:32:08] local.INFO: Order data prepared {"tenant":25,"order_id":"SUB2531756899128","email":"deneme@deneme.com","amount":25920.0,"user_name":"Gökhan Türkmen","user_address":"8/98","user_phone":"563 434 34 34","basket":[["Abonelik Paketi","21600.00",1]],"success_url":"http://127.0.0.1:8000/payment/success","fail_url":"http://127.0.0.1:8000/payment/fail"} 
[2025-09-03 14:32:08] local.INFO: Payment record created {"payment_id":31} 
[2025-09-03 14:32:08] local.INFO: Calling Paytr API...  
[2025-09-03 14:32:08] local.INFO: PayTR Request Data: {"merchant_id":"103743","order_id":"SUB2531756899128","amount":2592000,"user_ip":"78.190.145.61","hash_string":"10374378.190.145.61SUB2531756899128deneme@deneme.com2592000W1siQWJvbmVsaWsgUGFrZXRpIiwiMjE2MDAuMDAiLDFdXQ==10TL1","token":"JIhGUg0yzhvnYKvDK9APbyivvWdiRJfHJ+veFQ6oC1M="} 
[2025-09-03 14:32:09] local.INFO: PayTR API Response: {"status":"success","token":"6bbf3abfe634e6dd6117700ab8faebd0d95d5505d4c4604bee85b260267e97b0-667468578"} 
[2025-09-03 14:32:09] local.INFO: Paytr API Response {"success":true,"token":"6bbf3abfe634e6dd6117700ab8faebd0d95d5505d4c4604bee85b260267e97b0-667468578","iframe_url":"https://www.paytr.com/odeme/guvenli/6bbf3abfe634e6dd6117700ab8faebd0d95d5505d4c4604bee85b260267e97b0-667468578"} 
[2025-09-03 14:32:09] local.INFO: Paytr success, redirecting to iframe  
[2025-09-03 14:32:15] local.INFO: Paytr Callback Received: {"hash":"gAvWEuCb1mUHd276iJ90WoEDIGxvCxZIFAhtOUKOf0c=","merchant_oid":"SUB2531756899128","status":"success","total_amount":"2592000","payment_type":"card","payment_amount":"2592000","currency":"TL","installment_count":"1","merchant_id":"103743","test_mode":"1"} 
[2025-09-03 14:32:15] local.INFO: Callback Hash Verification: {"calculated_hash":"gAvWEuCb1mUHd276iJ90WoEDIGxvCxZIFAhtOUKOf0c=","received_hash":"gAvWEuCb1mUHd276iJ90WoEDIGxvCxZIFAhtOUKOf0c=","merchant_oid":"SUB2531756899128","status":"success","total_amount":"2592000"} 
[2025-09-03 14:32:15] local.INFO: Callback verification successful  
[2025-09-03 14:32:15] local.ERROR: Subscription completion error: Session verisi bulunamadı  
[2025-09-03 14:32:15] local.ERROR: Payment callback error {"message":"Session verisi bulunamadı","file":"C:\\xampp\\htdocs\\serbiscrm\\app\\Http\\Controllers\\Frontend\\SubscriptionController.php","line":403,"post_data":{"hash":"gAvWEuCb1mUHd276iJ90WoEDIGxvCxZIFAhtOUKOf0c=","merchant_oid":"SUB2531756899128","status":"success","total_amount":"2592000","payment_type":"card","payment_amount":"2592000","currency":"TL","installment_count":"1","merchant_id":"103743","test_mode":"1"}} 
[2025-09-03 14:32:18] local.ERROR: Too few arguments to function App\Http\Controllers\Frontend\SubscriptionController::paymentSuccess(), 0 passed in C:\xampp\htdocs\serbiscrm\vendor\laravel\framework\src\Illuminate\Routing\Controller.php on line 54 and exactly 2 expected {"userId":45,"exception":"[object] (ArgumentCountError(code: 0): Too few arguments to function App\\Http\\Controllers\\Frontend\\SubscriptionController::paymentSuccess(), 0 passed in C:\\xampp\\htdocs\\serbiscrm\\vendor\\laravel\\framework\\src\\Illuminate\\Routing\\Controller.php on line 54 and exactly 2 expected at C:\\xampp\\htdocs\\serbiscrm\\app\\Http\\Controllers\\Frontend\\SubscriptionController.php:334)
[stacktrace]
#0 C:\\xampp\\htdocs\\serbiscrm\\vendor\\laravel\\framework\\src\\Illuminate\\Routing\\Controller.php(54): App\\Http\\Controllers\\Frontend\\SubscriptionController->paymentSuccess()
#1 C:\\xampp\\htdocs\\serbiscrm\\vendor\\laravel\\framework\\src\\Illuminate\\Routing\\ControllerDispatcher.php(43): Illuminate\\Routing\\Controller->callAction('paymentSuccess', Array)
#2 C:\\xampp\\htdocs\\serbiscrm\\vendor\\laravel\\framework\\src\\Illuminate\\Routing\\Route.php(259): Illuminate\\Routing\\ControllerDispatcher->dispatch(Object(Illuminate\\Routing\\Route), Object(App\\Http\\Controllers\\Frontend\\SubscriptionController), 'paymentSuccess')
#3 C:\\xampp\\htdocs\\serbiscrm\\vendor\\laravel\\framework\\src\\Illuminate\\Routing\\Route.php(205): Illuminate\\Routing\\Route->runController()
#4 C:\\xampp\\htdocs\\serbiscrm\\vendor\\laravel\\framework\\src\\Illuminate\\Routing\\Router.php(799): Illuminate\\Routing\\Route->run()
#5 C:\\xampp\\htdocs\\serbiscrm\\vendor\\laravel\\framework\\src\\Illuminate\\Pipeline\\Pipeline.php(141): Illuminate\\Routing\\Router->Illuminate\\Routing\\{closure}(Object(Illuminate\\Http\\Request))
#6 C:\\xampp\\htdocs\\serbiscrm\\app\\Http\\Middleware\\CheckTrialStatus.php(28): Illuminate\\Pipeline\\Pipeline->Illuminate\\Pipeline\\{closure}(Object(Illuminate\\Http\\Request))
#7 C:\\xampp\\htdocs\\serbiscrm\\vendor\\laravel\\framework\\src\\Illuminate\\Pipeline\\Pipeline.php(180): App\\Http\\Middleware\\CheckTrialStatus->handle(Object(Illuminate\\Http\\Request), Object(Closure))
#8 C:\\xampp\\htdocs\\serbiscrm\\vendor\\laravel\\framework\\src\\Illuminate\\Routing\\Middleware\\SubstituteBindings.php(50): Illuminate\\Pipeline\\Pipeline->Illuminate\\Pipeline\\{closure}(Object(Illuminate\\Http\\Request))
#9 C:\\xampp\\htdocs\\serbiscrm\\vendor\\laravel\\framework\\src\\Illuminate\\Pipeline\\Pipeline.php(180): Illuminate\\Routing\\Middleware\\SubstituteBindings->handle(Object(Illuminate\\Http\\Request), Object(Closure))
#10 C:\\xampp\\htdocs\\serbiscrm\\vendor\\laravel\\framework\\src\\Illuminate\\Foundation\\Http\\Middleware\\VerifyCsrfToken.php(78): Illuminate\\Pipeline\\Pipeline->Illuminate\\Pipeline\\{closure}(Object(Illuminate\\Http\\Request))
#11 C:\\xampp\\htdocs\\serbiscrm\\vendor\\laravel\\framework\\src\\Illuminate\\Pipeline\\Pipeline.php(180): Illuminate\\Foundation\\Http\\Middleware\\VerifyCsrfToken->handle(Object(Illuminate\\Http\\Request), Object(Closure))
#12 C:\\xampp\\htdocs\\serbiscrm\\vendor\\laravel\\framework\\src\\Illuminate\\View\\Middleware\\ShareErrorsFromSession.php(49): Illuminate\\Pipeline\\Pipeline->Illuminate\\Pipeline\\{closure}(Object(Illuminate\\Http\\Request))
#13 C:\\xampp\\htdocs\\serbiscrm\\vendor\\laravel\\framework\\src\\Illuminate\\Pipeline\\Pipeline.php(180): Illuminate\\View\\Middleware\\ShareErrorsFromSession->handle(Object(Illuminate\\Http\\Request), Object(Closure))
#14 C:\\xampp\\htdocs\\serbiscrm\\vendor\\laravel\\framework\\src\\Illuminate\\Session\\Middleware\\StartSession.php(121): Illuminate\\Pipeline\\Pipeline->Illuminate\\Pipeline\\{closure}(Object(Illuminate\\Http\\Request))
#15 C:\\xampp\\htdocs\\serbiscrm\\vendor\\laravel\\framework\\src\\Illuminate\\Session\\Middleware\\StartSession.php(64): Illuminate\\Session\\Middleware\\StartSession->handleStatefulRequest(Object(Illuminate\\Http\\Request), Object(Illuminate\\Session\\Store), Object(Closure))
#16 C:\\xampp\\htdocs\\serbiscrm\\vendor\\laravel\\framework\\src\\Illuminate\\Pipeline\\Pipeline.php(180): Illuminate\\Session\\Middleware\\StartSession->handle(Object(Illuminate\\Http\\Request), Object(Closure))
#17 C:\\xampp\\htdocs\\serbiscrm\\vendor\\laravel\\framework\\src\\Illuminate\\Cookie\\Middleware\\AddQueuedCookiesToResponse.php(37): Illuminate\\Pipeline\\Pipeline->Illuminate\\Pipeline\\{closure}(Object(Illuminate\\Http\\Request))
#18 C:\\xampp\\htdocs\\serbiscrm\\vendor\\laravel\\framework\\src\\Illuminate\\Pipeline\\Pipeline.php(180): Illuminate\\Cookie\\Middleware\\AddQueuedCookiesToResponse->handle(Object(Illuminate\\Http\\Request), Object(Closure))
#19 C:\\xampp\\htdocs\\serbiscrm\\vendor\\laravel\\framework\\src\\Illuminate\\Cookie\\Middleware\\EncryptCookies.php(67): Illuminate\\Pipeline\\Pipeline->Illuminate\\Pipeline\\{closure}(Object(Illuminate\\Http\\Request))
#20 C:\\xampp\\htdocs\\serbiscrm\\vendor\\laravel\\framework\\src\\Illuminate\\Pipeline\\Pipeline.php(180): Illuminate\\Cookie\\Middleware\\EncryptCookies->handle(Object(Illuminate\\Http\\Request), Object(Closure))
#21 C:\\xampp\\htdocs\\serbiscrm\\vendor\\laravel\\framework\\src\\Illuminate\\Pipeline\\Pipeline.php(116): Illuminate\\Pipeline\\Pipeline->Illuminate\\Pipeline\\{closure}(Object(Illuminate\\Http\\Request))
#22 C:\\xampp\\htdocs\\serbiscrm\\vendor\\laravel\\framework\\src\\Illuminate\\Routing\\Router.php(798): Illuminate\\Pipeline\\Pipeline->then(Object(Closure))
#23 C:\\xampp\\htdocs\\serbiscrm\\vendor\\laravel\\framework\\src\\Illuminate\\Routing\\Router.php(777): Illuminate\\Routing\\Router->runRouteWithinStack(Object(Illuminate\\Routing\\Route), Object(Illuminate\\Http\\Request))
#24 C:\\xampp\\htdocs\\serbiscrm\\vendor\\laravel\\framework\\src\\Illuminate\\Routing\\Router.php(741): Illuminate\\Routing\\Router->runRoute(Object(Illuminate\\Http\\Request), Object(Illuminate\\Routing\\Route))
#25 C:\\xampp\\htdocs\\serbiscrm\\vendor\\laravel\\framework\\src\\Illuminate\\Routing\\Router.php(730): Illuminate\\Routing\\Router->dispatchToRoute(Object(Illuminate\\Http\\Request))
#26 C:\\xampp\\htdocs\\serbiscrm\\vendor\\laravel\\framework\\src\\Illuminate\\Foundation\\Http\\Kernel.php(200): Illuminate\\Routing\\Router->dispatch(Object(Illuminate\\Http\\Request))
#27 C:\\xampp\\htdocs\\serbiscrm\\vendor\\laravel\\framework\\src\\Illuminate\\Pipeline\\Pipeline.php(141): Illuminate\\Foundation\\Http\\Kernel->Illuminate\\Foundation\\Http\\{closure}(Object(Illuminate\\Http\\Request))
#28 C:\\xampp\\htdocs\\serbiscrm\\vendor\\laravel\\framework\\src\\Illuminate\\Foundation\\Http\\Middleware\\TransformsRequest.php(21): Illuminate\\Pipeline\\Pipeline->Illuminate\\Pipeline\\{closure}(Object(Illuminate\\Http\\Request))
#29 C:\\xampp\\htdocs\\serbiscrm\\vendor\\laravel\\framework\\src\\Illuminate\\Foundation\\Http\\Middleware\\ConvertEmptyStringsToNull.php(31): Illuminate\\Foundation\\Http\\Middleware\\TransformsRequest->handle(Object(Illuminate\\Http\\Request), Object(Closure))
#30 C:\\xampp\\htdocs\\serbiscrm\\vendor\\laravel\\framework\\src\\Illuminate\\Pipeline\\Pipeline.php(180): Illuminate\\Foundation\\Http\\Middleware\\ConvertEmptyStringsToNull->handle(Object(Illuminate\\Http\\Request), Object(Closure))
#31 C:\\xampp\\htdocs\\serbiscrm\\vendor\\laravel\\framework\\src\\Illuminate\\Foundation\\Http\\Middleware\\TransformsRequest.php(21): Illuminate\\Pipeline\\Pipeline->Illuminate\\Pipeline\\{closure}(Object(Illuminate\\Http\\Request))
#32 C:\\xampp\\htdocs\\serbiscrm\\vendor\\laravel\\framework\\src\\Illuminate\\Foundation\\Http\\Middleware\\TrimStrings.php(40): Illuminate\\Foundation\\Http\\Middleware\\TransformsRequest->handle(Object(Illuminate\\Http\\Request), Object(Closure))
#33 C:\\xampp\\htdocs\\serbiscrm\\vendor\\laravel\\framework\\src\\Illuminate\\Pipeline\\Pipeline.php(180): Illuminate\\Foundation\\Http\\Middleware\\TrimStrings->handle(Object(Illuminate\\Http\\Request), Object(Closure))
#34 C:\\xampp\\htdocs\\serbiscrm\\vendor\\laravel\\framework\\src\\Illuminate\\Foundation\\Http\\Middleware\\ValidatePostSize.php(27): Illuminate\\Pipeline\\Pipeline->Illuminate\\Pipeline\\{closure}(Object(Illuminate\\Http\\Request))
#35 C:\\xampp\\htdocs\\serbiscrm\\vendor\\laravel\\framework\\src\\Illuminate\\Pipeline\\Pipeline.php(180): Illuminate\\Foundation\\Http\\Middleware\\ValidatePostSize->handle(Object(Illuminate\\Http\\Request), Object(Closure))
#36 C:\\xampp\\htdocs\\serbiscrm\\vendor\\laravel\\framework\\src\\Illuminate\\Foundation\\Http\\Middleware\\PreventRequestsDuringMaintenance.php(99): Illuminate\\Pipeline\\Pipeline->Illuminate\\Pipeline\\{closure}(Object(Illuminate\\Http\\Request))
#37 C:\\xampp\\htdocs\\serbiscrm\\vendor\\laravel\\framework\\src\\Illuminate\\Pipeline\\Pipeline.php(180): Illuminate\\Foundation\\Http\\Middleware\\PreventRequestsDuringMaintenance->handle(Object(Illuminate\\Http\\Request), Object(Closure))
#38 C:\\xampp\\htdocs\\serbiscrm\\vendor\\laravel\\framework\\src\\Illuminate\\Http\\Middleware\\HandleCors.php(49): Illuminate\\Pipeline\\Pipeline->Illuminate\\Pipeline\\{closure}(Object(Illuminate\\Http\\Request))
#39 C:\\xampp\\htdocs\\serbiscrm\\vendor\\laravel\\framework\\src\\Illuminate\\Pipeline\\Pipeline.php(180): Illuminate\\Http\\Middleware\\HandleCors->handle(Object(Illuminate\\Http\\Request), Object(Closure))
#40 C:\\xampp\\htdocs\\serbiscrm\\vendor\\laravel\\framework\\src\\Illuminate\\Http\\Middleware\\TrustProxies.php(39): Illuminate\\Pipeline\\Pipeline->Illuminate\\Pipeline\\{closure}(Object(Illuminate\\Http\\Request))
#41 C:\\xampp\\htdocs\\serbiscrm\\vendor\\laravel\\framework\\src\\Illuminate\\Pipeline\\Pipeline.php(180): Illuminate\\Http\\Middleware\\TrustProxies->handle(Object(Illuminate\\Http\\Request), Object(Closure))
#42 C:\\xampp\\htdocs\\serbiscrm\\vendor\\laravel\\framework\\src\\Illuminate\\Pipeline\\Pipeline.php(116): Illuminate\\Pipeline\\Pipeline->Illuminate\\Pipeline\\{closure}(Object(Illuminate\\Http\\Request))
#43 C:\\xampp\\htdocs\\serbiscrm\\vendor\\laravel\\framework\\src\\Illuminate\\Foundation\\Http\\Kernel.php(175): Illuminate\\Pipeline\\Pipeline->then(Object(Closure))
#44 C:\\xampp\\htdocs\\serbiscrm\\vendor\\laravel\\framework\\src\\Illuminate\\Foundation\\Http\\Kernel.php(144): Illuminate\\Foundation\\Http\\Kernel->sendRequestThroughRouter(Object(Illuminate\\Http\\Request))
#45 C:\\xampp\\htdocs\\serbiscrm\\public\\index.php(51): Illuminate\\Foundation\\Http\\Kernel->handle(Object(Illuminate\\Http\\Request))
#46 C:\\xampp\\htdocs\\serbiscrm\\vendor\\laravel\\framework\\src\\Illuminate\\Foundation\\resources\\server.php(16): require_once('C:\\\\xampp\\\\htdocs...')
#47 {main}
"} 
[2025-09-03 14:33:03] local.INFO: Paytr Callback Received: {"hash":"tZAJE4GQGXVefrvrwdEO36s2+mihOAPYGBsevlHmGaY=","merchant_oid":"SUB2511756877977","status":"success","total_amount":"1008000","payment_type":"card","payment_amount":"1008000","currency":"TL","installment_count":"1","merchant_id":"103743","test_mode":"1"} 
[2025-09-03 14:33:03] local.INFO: Callback Hash Verification: {"calculated_hash":"tZAJE4GQGXVefrvrwdEO36s2+mihOAPYGBsevlHmGaY=","received_hash":"tZAJE4GQGXVefrvrwdEO36s2+mihOAPYGBsevlHmGaY=","merchant_oid":"SUB2511756877977","status":"success","total_amount":"1008000"} 
[2025-09-03 14:33:03] local.INFO: Callback verification successful  
[2025-09-03 14:33:03] local.ERROR: Payment not found for order ID: SUB2511756877977  
[2025-09-03 14:33:04] local.INFO: Paytr Callback Received: {"hash":"amWK8U/TPO1SCd2GBJctfm/KU31h2eY51T5+78a+E3E=","merchant_oid":"SUB2511756879049","status":"success","total_amount":"1008000","payment_type":"card","payment_amount":"1008000","currency":"TL","installment_count":"1","merchant_id":"103743","test_mode":"1"} 
[2025-09-03 14:33:04] local.INFO: Callback Hash Verification: {"calculated_hash":"amWK8U/TPO1SCd2GBJctfm/KU31h2eY51T5+78a+E3E=","received_hash":"amWK8U/TPO1SCd2GBJctfm/KU31h2eY51T5+78a+E3E=","merchant_oid":"SUB2511756879049","status":"success","total_amount":"1008000"} 
[2025-09-03 14:33:04] local.INFO: Callback verification successful  
[2025-09-03 14:33:04] local.ERROR: Payment not found for order ID: SUB2511756879049  
[2025-09-03 14:33:04] local.INFO: Paytr Callback Received: {"hash":"3WARwMiT5LkHLybE8UTEmR1y2tYAZVh8KfSjqjeiJdM=","merchant_oid":"SUB2511756895469","status":"success","total_amount":"1008000","payment_type":"card","payment_amount":"1008000","currency":"TL","installment_count":"1","merchant_id":"103743","test_mode":"1"} 
[2025-09-03 14:33:04] local.INFO: Callback Hash Verification: {"calculated_hash":"3WARwMiT5LkHLybE8UTEmR1y2tYAZVh8KfSjqjeiJdM=","received_hash":"3WARwMiT5LkHLybE8UTEmR1y2tYAZVh8KfSjqjeiJdM=","merchant_oid":"SUB2511756895469","status":"success","total_amount":"1008000"} 
[2025-09-03 14:33:04] local.INFO: Callback verification successful  
[2025-09-03 14:33:04] local.ERROR: Payment not found for order ID: SUB2511756895469  
[2025-09-03 14:33:05] local.INFO: Paytr Callback Received: {"hash":"gAvWEuCb1mUHd276iJ90WoEDIGxvCxZIFAhtOUKOf0c=","merchant_oid":"SUB2531756899128","status":"success","total_amount":"2592000","payment_type":"card","payment_amount":"2592000","currency":"TL","installment_count":"1","merchant_id":"103743","test_mode":"1"} 
[2025-09-03 14:33:05] local.INFO: Callback Hash Verification: {"calculated_hash":"gAvWEuCb1mUHd276iJ90WoEDIGxvCxZIFAhtOUKOf0c=","received_hash":"gAvWEuCb1mUHd276iJ90WoEDIGxvCxZIFAhtOUKOf0c=","merchant_oid":"SUB2531756899128","status":"success","total_amount":"2592000"} 
[2025-09-03 14:33:05] local.INFO: Callback verification successful  
[2025-09-03 14:33:05] local.INFO: Payment already processed: SUB2531756899128  
[2025-09-03 14:34:04] local.INFO: Paytr Callback Received: {"hash":"tZAJE4GQGXVefrvrwdEO36s2+mihOAPYGBsevlHmGaY=","merchant_oid":"SUB2511756877977","status":"success","total_amount":"1008000","payment_type":"card","payment_amount":"1008000","currency":"TL","installment_count":"1","merchant_id":"103743","test_mode":"1"} 
[2025-09-03 14:34:04] local.INFO: Callback Hash Verification: {"calculated_hash":"tZAJE4GQGXVefrvrwdEO36s2+mihOAPYGBsevlHmGaY=","received_hash":"tZAJE4GQGXVefrvrwdEO36s2+mihOAPYGBsevlHmGaY=","merchant_oid":"SUB2511756877977","status":"success","total_amount":"1008000"} 
[2025-09-03 14:34:04] local.INFO: Callback verification successful  
[2025-09-03 14:34:04] local.ERROR: Payment not found for order ID: SUB2511756877977  
[2025-09-03 14:34:04] local.INFO: Paytr Callback Received: {"hash":"amWK8U/TPO1SCd2GBJctfm/KU31h2eY51T5+78a+E3E=","merchant_oid":"SUB2511756879049","status":"success","total_amount":"1008000","payment_type":"card","payment_amount":"1008000","currency":"TL","installment_count":"1","merchant_id":"103743","test_mode":"1"} 
[2025-09-03 14:34:04] local.INFO: Callback Hash Verification: {"calculated_hash":"amWK8U/TPO1SCd2GBJctfm/KU31h2eY51T5+78a+E3E=","received_hash":"amWK8U/TPO1SCd2GBJctfm/KU31h2eY51T5+78a+E3E=","merchant_oid":"SUB2511756879049","status":"success","total_amount":"1008000"} 
[2025-09-03 14:34:04] local.INFO: Callback verification successful  
[2025-09-03 14:34:04] local.ERROR: Payment not found for order ID: SUB2511756879049  
[2025-09-03 14:34:05] local.INFO: Paytr Callback Received: {"hash":"3WARwMiT5LkHLybE8UTEmR1y2tYAZVh8KfSjqjeiJdM=","merchant_oid":"SUB2511756895469","status":"success","total_amount":"1008000","payment_type":"card","payment_amount":"1008000","currency":"TL","installment_count":"1","merchant_id":"103743","test_mode":"1"} 
[2025-09-03 14:34:05] local.INFO: Callback Hash Verification: {"calculated_hash":"3WARwMiT5LkHLybE8UTEmR1y2tYAZVh8KfSjqjeiJdM=","received_hash":"3WARwMiT5LkHLybE8UTEmR1y2tYAZVh8KfSjqjeiJdM=","merchant_oid":"SUB2511756895469","status":"success","total_amount":"1008000"} 
[2025-09-03 14:34:05] local.INFO: Callback verification successful  
[2025-09-03 14:34:05] local.ERROR: Payment not found for order ID: SUB2511756895469  
[2025-09-03 14:35:04] local.INFO: Paytr Callback Received: {"hash":"tZAJE4GQGXVefrvrwdEO36s2+mihOAPYGBsevlHmGaY=","merchant_oid":"SUB2511756877977","status":"success","total_amount":"1008000","payment_type":"card","payment_amount":"1008000","currency":"TL","installment_count":"1","merchant_id":"103743","test_mode":"1"} 
[2025-09-03 14:35:04] local.INFO: Callback Hash Verification: {"calculated_hash":"tZAJE4GQGXVefrvrwdEO36s2+mihOAPYGBsevlHmGaY=","received_hash":"tZAJE4GQGXVefrvrwdEO36s2+mihOAPYGBsevlHmGaY=","merchant_oid":"SUB2511756877977","status":"success","total_amount":"1008000"} 
[2025-09-03 14:35:04] local.INFO: Callback verification successful  
[2025-09-03 14:35:04] local.ERROR: Payment not found for order ID: SUB2511756877977  
[2025-09-03 14:35:04] local.INFO: Paytr Callback Received: {"hash":"amWK8U/TPO1SCd2GBJctfm/KU31h2eY51T5+78a+E3E=","merchant_oid":"SUB2511756879049","status":"success","total_amount":"1008000","payment_type":"card","payment_amount":"1008000","currency":"TL","installment_count":"1","merchant_id":"103743","test_mode":"1"} 
[2025-09-03 14:35:04] local.INFO: Callback Hash Verification: {"calculated_hash":"amWK8U/TPO1SCd2GBJctfm/KU31h2eY51T5+78a+E3E=","received_hash":"amWK8U/TPO1SCd2GBJctfm/KU31h2eY51T5+78a+E3E=","merchant_oid":"SUB2511756879049","status":"success","total_amount":"1008000"} 
[2025-09-03 14:35:04] local.INFO: Callback verification successful  
[2025-09-03 14:35:04] local.ERROR: Payment not found for order ID: SUB2511756879049  
[2025-09-03 14:35:05] local.INFO: Paytr Callback Received: {"hash":"3WARwMiT5LkHLybE8UTEmR1y2tYAZVh8KfSjqjeiJdM=","merchant_oid":"SUB2511756895469","status":"success","total_amount":"1008000","payment_type":"card","payment_amount":"1008000","currency":"TL","installment_count":"1","merchant_id":"103743","test_mode":"1"} 
[2025-09-03 14:35:05] local.INFO: Callback Hash Verification: {"calculated_hash":"3WARwMiT5LkHLybE8UTEmR1y2tYAZVh8KfSjqjeiJdM=","received_hash":"3WARwMiT5LkHLybE8UTEmR1y2tYAZVh8KfSjqjeiJdM=","merchant_oid":"SUB2511756895469","status":"success","total_amount":"1008000"} 
[2025-09-03 14:35:05] local.INFO: Callback verification successful  
[2025-09-03 14:35:05] local.ERROR: Payment not found for order ID: SUB2511756895469  
[2025-09-03 14:36:03] local.INFO: Paytr Callback Received: {"hash":"tZAJE4GQGXVefrvrwdEO36s2+mihOAPYGBsevlHmGaY=","merchant_oid":"SUB2511756877977","status":"success","total_amount":"1008000","payment_type":"card","payment_amount":"1008000","currency":"TL","installment_count":"1","merchant_id":"103743","test_mode":"1"} 
[2025-09-03 14:36:03] local.INFO: Callback Hash Verification: {"calculated_hash":"tZAJE4GQGXVefrvrwdEO36s2+mihOAPYGBsevlHmGaY=","received_hash":"tZAJE4GQGXVefrvrwdEO36s2+mihOAPYGBsevlHmGaY=","merchant_oid":"SUB2511756877977","status":"success","total_amount":"1008000"} 
[2025-09-03 14:36:03] local.INFO: Callback verification successful  
[2025-09-03 14:36:03] local.ERROR: Payment not found for order ID: SUB2511756877977  
[2025-09-03 14:36:04] local.INFO: Paytr Callback Received: {"hash":"amWK8U/TPO1SCd2GBJctfm/KU31h2eY51T5+78a+E3E=","merchant_oid":"SUB2511756879049","status":"success","total_amount":"1008000","payment_type":"card","payment_amount":"1008000","currency":"TL","installment_count":"1","merchant_id":"103743","test_mode":"1"} 
[2025-09-03 14:36:04] local.INFO: Callback Hash Verification: {"calculated_hash":"amWK8U/TPO1SCd2GBJctfm/KU31h2eY51T5+78a+E3E=","received_hash":"amWK8U/TPO1SCd2GBJctfm/KU31h2eY51T5+78a+E3E=","merchant_oid":"SUB2511756879049","status":"success","total_amount":"1008000"} 
[2025-09-03 14:36:04] local.INFO: Callback verification successful  
[2025-09-03 14:36:04] local.ERROR: Payment not found for order ID: SUB2511756879049  
[2025-09-03 14:36:04] local.INFO: Paytr Callback Received: {"hash":"3WARwMiT5LkHLybE8UTEmR1y2tYAZVh8KfSjqjeiJdM=","merchant_oid":"SUB2511756895469","status":"success","total_amount":"1008000","payment_type":"card","payment_amount":"1008000","currency":"TL","installment_count":"1","merchant_id":"103743","test_mode":"1"} 
[2025-09-03 14:36:04] local.INFO: Callback Hash Verification: {"calculated_hash":"3WARwMiT5LkHLybE8UTEmR1y2tYAZVh8KfSjqjeiJdM=","received_hash":"3WARwMiT5LkHLybE8UTEmR1y2tYAZVh8KfSjqjeiJdM=","merchant_oid":"SUB2511756895469","status":"success","total_amount":"1008000"} 
[2025-09-03 14:36:04] local.INFO: Callback verification successful  
[2025-09-03 14:36:04] local.ERROR: Payment not found for order ID: SUB2511756895469  
[2025-09-03 14:36:50] local.INFO: initiatePayment called {"tenant_id":"25","planid":"2","request_data":[]} 
[2025-09-03 14:36:50] local.INFO: Session data check {"planData":{"id":2,"name":"Profesyonel","slug":"professional","icon":"fa fa-briefcase","description":"Orta ölçekli işletmeler için genişletilmiş özellikler
<ul>
<li>Max. 5 Kullanıcı</li>
<li>&nbsp;4 GB Depolama Alanı</li>
<li>&nbsp;Sınırsız Servis Kaydı</li>
<li>&nbsp;Detaylı Servis Arama</li>
<li>&nbsp;Detaylı Servis Raporlama</li>
<li>&nbsp;Detaylı Prim Hesaplama</li>
<li>&nbsp;Toplu Servis Planlama</li>
<li>&nbsp;Servis Fişi Yazdırma</li>
<li>&nbsp;Detaylı İstatistikler</li>
<li>&nbsp;Sınırsız Kasa Kaydı</li>
<li>&nbsp;Sınırsız &Uuml;r&uuml;n Kaydı</li>
</ul>","price":"10800.00","billing_cycle":"yearly","features":{"tickets":true,"basic_reports":true,"inverntory":true},"limits":{"users":2,"dealers":1,"stocks":5,"konsinye":1,"tickets_per_month":200,"storage_gb":5},"trial_days":14,"is_active":true,"is_popular":false,"sort_order":0,"created_at":null,"updated_at":null},"billingData":{"billing_type":"bireysel","first_name":"Gökhan Türkmen","email":"deneme@deneme.com","phone":"563 434 34 34","il":"47","ilce":"611","address":null,"identity_number":null,"tax_office":null,"tax_number":"5555432323"}} 
[2025-09-03 14:36:50] local.INFO: Paytr Config Check {"merchant_id":"103743","merchant_key":"SET","merchant_salt":"SET"} 
[2025-09-03 14:36:50] local.INFO: Order data prepared {"tenant":25,"order_id":"SUB2521756899410","email":"deneme@deneme.com","amount":12960.0,"user_name":"Gökhan Türkmen","user_address":"47/611","user_phone":"563 434 34 34","basket":[["Profesyonel - Abonelik Paketi","10800.00",1]],"success_url":"http://127.0.0.1:8000/payment/success","fail_url":"http://127.0.0.1:8000/payment/fail"} 
[2025-09-03 14:36:50] local.INFO: Payment record created {"payment_id":32} 
[2025-09-03 14:36:50] local.INFO: Calling Paytr API...  
[2025-09-03 14:36:50] local.INFO: PayTR Request Data: {"merchant_id":"103743","order_id":"SUB2521756899410","amount":1296000,"user_ip":"78.190.145.61","hash_string":"10374378.190.145.61SUB2521756899410deneme@deneme.com1296000W1siUHJvZmVzeW9uZWwgLSBBYm9uZWxpayBQYWtldGkiLCIxMDgwMC4wMCIsMV1d10TL1","token":"A44Q2y9Ni01/ZeLokYMHErixWTzgN555U2tB1/bdYNI="} 
[2025-09-03 14:36:51] local.INFO: PayTR API Response: {"status":"success","token":"2824215acf27b2cfd57a69e6f550a27bc4477684ac60ad5d9e0afa3eb7e63e25-667470462"} 
[2025-09-03 14:36:51] local.INFO: Paytr API Response {"success":true,"token":"2824215acf27b2cfd57a69e6f550a27bc4477684ac60ad5d9e0afa3eb7e63e25-667470462","iframe_url":"https://www.paytr.com/odeme/guvenli/2824215acf27b2cfd57a69e6f550a27bc4477684ac60ad5d9e0afa3eb7e63e25-667470462"} 
[2025-09-03 14:36:51] local.INFO: Paytr success, redirecting to iframe  
[2025-09-03 14:36:58] local.INFO: Paytr Callback Received: {"hash":"9sc0aZRgrFiP7WL5lwuDL7bFcBMHnOcE8lSLPObD9sE=","merchant_oid":"SUB2521756899410","status":"success","total_amount":"1296000","payment_type":"card","payment_amount":"1296000","currency":"TL","installment_count":"1","merchant_id":"103743","test_mode":"1"} 
[2025-09-03 14:36:58] local.INFO: Callback Hash Verification: {"calculated_hash":"9sc0aZRgrFiP7WL5lwuDL7bFcBMHnOcE8lSLPObD9sE=","received_hash":"9sc0aZRgrFiP7WL5lwuDL7bFcBMHnOcE8lSLPObD9sE=","merchant_oid":"SUB2521756899410","status":"success","total_amount":"1296000"} 
[2025-09-03 14:36:58] local.INFO: Callback verification successful  
[2025-09-03 14:36:58] local.ERROR: Subscription completion error: Session verisi bulunamadı  
[2025-09-03 14:36:58] local.ERROR: Payment callback error {"message":"Session verisi bulunamadı","file":"C:\\xampp\\htdocs\\serbiscrm\\app\\Http\\Controllers\\Frontend\\SubscriptionController.php","line":418,"post_data":{"hash":"9sc0aZRgrFiP7WL5lwuDL7bFcBMHnOcE8lSLPObD9sE=","merchant_oid":"SUB2521756899410","status":"success","total_amount":"1296000","payment_type":"card","payment_amount":"1296000","currency":"TL","installment_count":"1","merchant_id":"103743","test_mode":"1"}} 
[2025-09-03 14:37:02] local.INFO: Payment success page accessed  
[2025-09-03 14:37:02] local.INFO: Payment success session data: {"tenant_id":"25","plan_id":"2","payment_id":32} 
[2025-09-03 14:37:04] local.INFO: Paytr Callback Received: {"hash":"tZAJE4GQGXVefrvrwdEO36s2+mihOAPYGBsevlHmGaY=","merchant_oid":"SUB2511756877977","status":"success","total_amount":"1008000","payment_type":"card","payment_amount":"1008000","currency":"TL","installment_count":"1","merchant_id":"103743","test_mode":"1"} 
[2025-09-03 14:37:04] local.INFO: Callback Hash Verification: {"calculated_hash":"tZAJE4GQGXVefrvrwdEO36s2+mihOAPYGBsevlHmGaY=","received_hash":"tZAJE4GQGXVefrvrwdEO36s2+mihOAPYGBsevlHmGaY=","merchant_oid":"SUB2511756877977","status":"success","total_amount":"1008000"} 
[2025-09-03 14:37:04] local.INFO: Callback verification successful  
[2025-09-03 14:37:04] local.ERROR: Payment not found for order ID: SUB2511756877977  
[2025-09-03 14:37:04] local.INFO: Paytr Callback Received: {"hash":"amWK8U/TPO1SCd2GBJctfm/KU31h2eY51T5+78a+E3E=","merchant_oid":"SUB2511756879049","status":"success","total_amount":"1008000","payment_type":"card","payment_amount":"1008000","currency":"TL","installment_count":"1","merchant_id":"103743","test_mode":"1"} 
[2025-09-03 14:37:04] local.INFO: Callback Hash Verification: {"calculated_hash":"amWK8U/TPO1SCd2GBJctfm/KU31h2eY51T5+78a+E3E=","received_hash":"amWK8U/TPO1SCd2GBJctfm/KU31h2eY51T5+78a+E3E=","merchant_oid":"SUB2511756879049","status":"success","total_amount":"1008000"} 
[2025-09-03 14:37:04] local.INFO: Callback verification successful  
[2025-09-03 14:37:04] local.ERROR: Payment not found for order ID: SUB2511756879049  
[2025-09-03 14:37:05] local.INFO: Paytr Callback Received: {"hash":"3WARwMiT5LkHLybE8UTEmR1y2tYAZVh8KfSjqjeiJdM=","merchant_oid":"SUB2511756895469","status":"success","total_amount":"1008000","payment_type":"card","payment_amount":"1008000","currency":"TL","installment_count":"1","merchant_id":"103743","test_mode":"1"} 
[2025-09-03 14:37:05] local.INFO: Callback Hash Verification: {"calculated_hash":"3WARwMiT5LkHLybE8UTEmR1y2tYAZVh8KfSjqjeiJdM=","received_hash":"3WARwMiT5LkHLybE8UTEmR1y2tYAZVh8KfSjqjeiJdM=","merchant_oid":"SUB2511756895469","status":"success","total_amount":"1008000"} 
[2025-09-03 14:37:05] local.INFO: Callback verification successful  
[2025-09-03 14:37:05] local.ERROR: Payment not found for order ID: SUB2511756895469  
[2025-09-03 14:37:05] local.INFO: Paytr Callback Received: {"hash":"9sc0aZRgrFiP7WL5lwuDL7bFcBMHnOcE8lSLPObD9sE=","merchant_oid":"SUB2521756899410","status":"success","total_amount":"1296000","payment_type":"card","payment_amount":"1296000","currency":"TL","installment_count":"1","merchant_id":"103743","test_mode":"1"} 
[2025-09-03 14:37:05] local.INFO: Callback Hash Verification: {"calculated_hash":"9sc0aZRgrFiP7WL5lwuDL7bFcBMHnOcE8lSLPObD9sE=","received_hash":"9sc0aZRgrFiP7WL5lwuDL7bFcBMHnOcE8lSLPObD9sE=","merchant_oid":"SUB2521756899410","status":"success","total_amount":"1296000"} 
[2025-09-03 14:37:05] local.INFO: Callback verification successful  
[2025-09-03 14:37:05] local.INFO: Payment already processed: SUB2521756899410  
[2025-09-03 14:38:05] local.INFO: Paytr Callback Received: {"hash":"tZAJE4GQGXVefrvrwdEO36s2+mihOAPYGBsevlHmGaY=","merchant_oid":"SUB2511756877977","status":"success","total_amount":"1008000","payment_type":"card","payment_amount":"1008000","currency":"TL","installment_count":"1","merchant_id":"103743","test_mode":"1"} 
[2025-09-03 14:38:05] local.INFO: Callback Hash Verification: {"calculated_hash":"tZAJE4GQGXVefrvrwdEO36s2+mihOAPYGBsevlHmGaY=","received_hash":"tZAJE4GQGXVefrvrwdEO36s2+mihOAPYGBsevlHmGaY=","merchant_oid":"SUB2511756877977","status":"success","total_amount":"1008000"} 
[2025-09-03 14:38:05] local.INFO: Callback verification successful  
[2025-09-03 14:38:05] local.ERROR: Payment not found for order ID: SUB2511756877977  
[2025-09-03 14:38:06] local.INFO: Paytr Callback Received: {"hash":"amWK8U/TPO1SCd2GBJctfm/KU31h2eY51T5+78a+E3E=","merchant_oid":"SUB2511756879049","status":"success","total_amount":"1008000","payment_type":"card","payment_amount":"1008000","currency":"TL","installment_count":"1","merchant_id":"103743","test_mode":"1"} 
[2025-09-03 14:38:06] local.INFO: Callback Hash Verification: {"calculated_hash":"amWK8U/TPO1SCd2GBJctfm/KU31h2eY51T5+78a+E3E=","received_hash":"amWK8U/TPO1SCd2GBJctfm/KU31h2eY51T5+78a+E3E=","merchant_oid":"SUB2511756879049","status":"success","total_amount":"1008000"} 
[2025-09-03 14:38:06] local.INFO: Callback verification successful  
[2025-09-03 14:38:06] local.ERROR: Payment not found for order ID: SUB2511756879049  
[2025-09-03 14:38:06] local.INFO: Paytr Callback Received: {"hash":"3WARwMiT5LkHLybE8UTEmR1y2tYAZVh8KfSjqjeiJdM=","merchant_oid":"SUB2511756895469","status":"success","total_amount":"1008000","payment_type":"card","payment_amount":"1008000","currency":"TL","installment_count":"1","merchant_id":"103743","test_mode":"1"} 
[2025-09-03 14:38:06] local.INFO: Callback Hash Verification: {"calculated_hash":"3WARwMiT5LkHLybE8UTEmR1y2tYAZVh8KfSjqjeiJdM=","received_hash":"3WARwMiT5LkHLybE8UTEmR1y2tYAZVh8KfSjqjeiJdM=","merchant_oid":"SUB2511756895469","status":"success","total_amount":"1008000"} 
[2025-09-03 14:38:06] local.INFO: Callback verification successful  
[2025-09-03 14:38:06] local.ERROR: Payment not found for order ID: SUB2511756895469  
[2025-09-03 14:39:03] local.INFO: Paytr Callback Received: {"hash":"tZAJE4GQGXVefrvrwdEO36s2+mihOAPYGBsevlHmGaY=","merchant_oid":"SUB2511756877977","status":"success","total_amount":"1008000","payment_type":"card","payment_amount":"1008000","currency":"TL","installment_count":"1","merchant_id":"103743","test_mode":"1"} 
[2025-09-03 14:39:03] local.INFO: Callback Hash Verification: {"calculated_hash":"tZAJE4GQGXVefrvrwdEO36s2+mihOAPYGBsevlHmGaY=","received_hash":"tZAJE4GQGXVefrvrwdEO36s2+mihOAPYGBsevlHmGaY=","merchant_oid":"SUB2511756877977","status":"success","total_amount":"1008000"} 
[2025-09-03 14:39:03] local.INFO: Callback verification successful  
[2025-09-03 14:39:03] local.ERROR: Payment not found for order ID: SUB2511756877977  
[2025-09-03 14:39:03] local.INFO: Paytr Callback Received: {"hash":"amWK8U/TPO1SCd2GBJctfm/KU31h2eY51T5+78a+E3E=","merchant_oid":"SUB2511756879049","status":"success","total_amount":"1008000","payment_type":"card","payment_amount":"1008000","currency":"TL","installment_count":"1","merchant_id":"103743","test_mode":"1"} 
[2025-09-03 14:39:03] local.INFO: Callback Hash Verification: {"calculated_hash":"amWK8U/TPO1SCd2GBJctfm/KU31h2eY51T5+78a+E3E=","received_hash":"amWK8U/TPO1SCd2GBJctfm/KU31h2eY51T5+78a+E3E=","merchant_oid":"SUB2511756879049","status":"success","total_amount":"1008000"} 
[2025-09-03 14:39:03] local.INFO: Callback verification successful  
[2025-09-03 14:39:03] local.ERROR: Payment not found for order ID: SUB2511756879049  
[2025-09-03 14:39:04] local.INFO: Paytr Callback Received: {"hash":"3WARwMiT5LkHLybE8UTEmR1y2tYAZVh8KfSjqjeiJdM=","merchant_oid":"SUB2511756895469","status":"success","total_amount":"1008000","payment_type":"card","payment_amount":"1008000","currency":"TL","installment_count":"1","merchant_id":"103743","test_mode":"1"} 
[2025-09-03 14:39:04] local.INFO: Callback Hash Verification: {"calculated_hash":"3WARwMiT5LkHLybE8UTEmR1y2tYAZVh8KfSjqjeiJdM=","received_hash":"3WARwMiT5LkHLybE8UTEmR1y2tYAZVh8KfSjqjeiJdM=","merchant_oid":"SUB2511756895469","status":"success","total_amount":"1008000"} 
[2025-09-03 14:39:04] local.INFO: Callback verification successful  
[2025-09-03 14:39:04] local.ERROR: Payment not found for order ID: SUB2511756895469  
[2025-09-03 14:40:08] local.INFO: Paytr Callback Received: {"hash":"tZAJE4GQGXVefrvrwdEO36s2+mihOAPYGBsevlHmGaY=","merchant_oid":"SUB2511756877977","status":"success","total_amount":"1008000","payment_type":"card","payment_amount":"1008000","currency":"TL","installment_count":"1","merchant_id":"103743","test_mode":"1"} 
[2025-09-03 14:40:08] local.INFO: Callback Hash Verification: {"calculated_hash":"tZAJE4GQGXVefrvrwdEO36s2+mihOAPYGBsevlHmGaY=","received_hash":"tZAJE4GQGXVefrvrwdEO36s2+mihOAPYGBsevlHmGaY=","merchant_oid":"SUB2511756877977","status":"success","total_amount":"1008000"} 
[2025-09-03 14:40:08] local.INFO: Callback verification successful  
[2025-09-03 14:40:08] local.ERROR: Payment not found for order ID: SUB2511756877977  
[2025-09-03 14:40:09] local.INFO: Paytr Callback Received: {"hash":"amWK8U/TPO1SCd2GBJctfm/KU31h2eY51T5+78a+E3E=","merchant_oid":"SUB2511756879049","status":"success","total_amount":"1008000","payment_type":"card","payment_amount":"1008000","currency":"TL","installment_count":"1","merchant_id":"103743","test_mode":"1"} 
[2025-09-03 14:40:09] local.INFO: Callback Hash Verification: {"calculated_hash":"amWK8U/TPO1SCd2GBJctfm/KU31h2eY51T5+78a+E3E=","received_hash":"amWK8U/TPO1SCd2GBJctfm/KU31h2eY51T5+78a+E3E=","merchant_oid":"SUB2511756879049","status":"success","total_amount":"1008000"} 
[2025-09-03 14:40:09] local.INFO: Callback verification successful  
[2025-09-03 14:40:09] local.ERROR: Payment not found for order ID: SUB2511756879049  
[2025-09-03 14:40:09] local.INFO: Paytr Callback Received: {"hash":"3WARwMiT5LkHLybE8UTEmR1y2tYAZVh8KfSjqjeiJdM=","merchant_oid":"SUB2511756895469","status":"success","total_amount":"1008000","payment_type":"card","payment_amount":"1008000","currency":"TL","installment_count":"1","merchant_id":"103743","test_mode":"1"} 
[2025-09-03 14:40:09] local.INFO: Callback Hash Verification: {"calculated_hash":"3WARwMiT5LkHLybE8UTEmR1y2tYAZVh8KfSjqjeiJdM=","received_hash":"3WARwMiT5LkHLybE8UTEmR1y2tYAZVh8KfSjqjeiJdM=","merchant_oid":"SUB2511756895469","status":"success","total_amount":"1008000"} 
[2025-09-03 14:40:09] local.INFO: Callback verification successful  
[2025-09-03 14:40:09] local.ERROR: Payment not found for order ID: SUB2511756895469  
[2025-09-03 14:41:05] local.INFO: Paytr Callback Received: {"hash":"tZAJE4GQGXVefrvrwdEO36s2+mihOAPYGBsevlHmGaY=","merchant_oid":"SUB2511756877977","status":"success","total_amount":"1008000","payment_type":"card","payment_amount":"1008000","currency":"TL","installment_count":"1","merchant_id":"103743","test_mode":"1"} 
[2025-09-03 14:41:05] local.INFO: Callback Hash Verification: {"calculated_hash":"tZAJE4GQGXVefrvrwdEO36s2+mihOAPYGBsevlHmGaY=","received_hash":"tZAJE4GQGXVefrvrwdEO36s2+mihOAPYGBsevlHmGaY=","merchant_oid":"SUB2511756877977","status":"success","total_amount":"1008000"} 
[2025-09-03 14:41:05] local.INFO: Callback verification successful  
[2025-09-03 14:41:05] local.ERROR: Payment not found for order ID: SUB2511756877977  
[2025-09-03 14:41:06] local.INFO: Paytr Callback Received: {"hash":"amWK8U/TPO1SCd2GBJctfm/KU31h2eY51T5+78a+E3E=","merchant_oid":"SUB2511756879049","status":"success","total_amount":"1008000","payment_type":"card","payment_amount":"1008000","currency":"TL","installment_count":"1","merchant_id":"103743","test_mode":"1"} 
[2025-09-03 14:41:06] local.INFO: Callback Hash Verification: {"calculated_hash":"amWK8U/TPO1SCd2GBJctfm/KU31h2eY51T5+78a+E3E=","received_hash":"amWK8U/TPO1SCd2GBJctfm/KU31h2eY51T5+78a+E3E=","merchant_oid":"SUB2511756879049","status":"success","total_amount":"1008000"} 
[2025-09-03 14:41:06] local.INFO: Callback verification successful  
[2025-09-03 14:41:06] local.ERROR: Payment not found for order ID: SUB2511756879049  
[2025-09-03 14:41:06] local.INFO: Paytr Callback Received: {"hash":"3WARwMiT5LkHLybE8UTEmR1y2tYAZVh8KfSjqjeiJdM=","merchant_oid":"SUB2511756895469","status":"success","total_amount":"1008000","payment_type":"card","payment_amount":"1008000","currency":"TL","installment_count":"1","merchant_id":"103743","test_mode":"1"} 
[2025-09-03 14:41:06] local.INFO: Callback Hash Verification: {"calculated_hash":"3WARwMiT5LkHLybE8UTEmR1y2tYAZVh8KfSjqjeiJdM=","received_hash":"3WARwMiT5LkHLybE8UTEmR1y2tYAZVh8KfSjqjeiJdM=","merchant_oid":"SUB2511756895469","status":"success","total_amount":"1008000"} 
[2025-09-03 14:41:06] local.INFO: Callback verification successful  
[2025-09-03 14:41:06] local.ERROR: Payment not found for order ID: SUB2511756895469  
[2025-09-03 14:42:04] local.INFO: Paytr Callback Received: {"hash":"tZAJE4GQGXVefrvrwdEO36s2+mihOAPYGBsevlHmGaY=","merchant_oid":"SUB2511756877977","status":"success","total_amount":"1008000","payment_type":"card","payment_amount":"1008000","currency":"TL","installment_count":"1","merchant_id":"103743","test_mode":"1"} 
[2025-09-03 14:42:04] local.INFO: Callback Hash Verification: {"calculated_hash":"tZAJE4GQGXVefrvrwdEO36s2+mihOAPYGBsevlHmGaY=","received_hash":"tZAJE4GQGXVefrvrwdEO36s2+mihOAPYGBsevlHmGaY=","merchant_oid":"SUB2511756877977","status":"success","total_amount":"1008000"} 
[2025-09-03 14:42:04] local.INFO: Callback verification successful  
[2025-09-03 14:42:04] local.ERROR: Payment not found for order ID: SUB2511756877977  
[2025-09-03 14:42:04] local.INFO: Paytr Callback Received: {"hash":"amWK8U/TPO1SCd2GBJctfm/KU31h2eY51T5+78a+E3E=","merchant_oid":"SUB2511756879049","status":"success","total_amount":"1008000","payment_type":"card","payment_amount":"1008000","currency":"TL","installment_count":"1","merchant_id":"103743","test_mode":"1"} 
[2025-09-03 14:42:04] local.INFO: Callback Hash Verification: {"calculated_hash":"amWK8U/TPO1SCd2GBJctfm/KU31h2eY51T5+78a+E3E=","received_hash":"amWK8U/TPO1SCd2GBJctfm/KU31h2eY51T5+78a+E3E=","merchant_oid":"SUB2511756879049","status":"success","total_amount":"1008000"} 
[2025-09-03 14:42:04] local.INFO: Callback verification successful  
[2025-09-03 14:42:04] local.ERROR: Payment not found for order ID: SUB2511756879049  
[2025-09-03 14:42:05] local.INFO: Paytr Callback Received: {"hash":"3WARwMiT5LkHLybE8UTEmR1y2tYAZVh8KfSjqjeiJdM=","merchant_oid":"SUB2511756895469","status":"success","total_amount":"1008000","payment_type":"card","payment_amount":"1008000","currency":"TL","installment_count":"1","merchant_id":"103743","test_mode":"1"} 
[2025-09-03 14:42:05] local.INFO: Callback Hash Verification: {"calculated_hash":"3WARwMiT5LkHLybE8UTEmR1y2tYAZVh8KfSjqjeiJdM=","received_hash":"3WARwMiT5LkHLybE8UTEmR1y2tYAZVh8KfSjqjeiJdM=","merchant_oid":"SUB2511756895469","status":"success","total_amount":"1008000"} 
[2025-09-03 14:42:05] local.INFO: Callback verification successful  
[2025-09-03 14:42:05] local.ERROR: Payment not found for order ID: SUB2511756895469  
[2025-09-03 14:43:04] local.INFO: Paytr Callback Received: {"hash":"tZAJE4GQGXVefrvrwdEO36s2+mihOAPYGBsevlHmGaY=","merchant_oid":"SUB2511756877977","status":"success","total_amount":"1008000","payment_type":"card","payment_amount":"1008000","currency":"TL","installment_count":"1","merchant_id":"103743","test_mode":"1"} 
[2025-09-03 14:43:04] local.INFO: Callback Hash Verification: {"calculated_hash":"tZAJE4GQGXVefrvrwdEO36s2+mihOAPYGBsevlHmGaY=","received_hash":"tZAJE4GQGXVefrvrwdEO36s2+mihOAPYGBsevlHmGaY=","merchant_oid":"SUB2511756877977","status":"success","total_amount":"1008000"} 
[2025-09-03 14:43:04] local.INFO: Callback verification successful  
[2025-09-03 14:43:04] local.ERROR: Payment not found for order ID: SUB2511756877977  
[2025-09-03 14:43:04] local.INFO: Paytr Callback Received: {"hash":"amWK8U/TPO1SCd2GBJctfm/KU31h2eY51T5+78a+E3E=","merchant_oid":"SUB2511756879049","status":"success","total_amount":"1008000","payment_type":"card","payment_amount":"1008000","currency":"TL","installment_count":"1","merchant_id":"103743","test_mode":"1"} 
[2025-09-03 14:43:04] local.INFO: Callback Hash Verification: {"calculated_hash":"amWK8U/TPO1SCd2GBJctfm/KU31h2eY51T5+78a+E3E=","received_hash":"amWK8U/TPO1SCd2GBJctfm/KU31h2eY51T5+78a+E3E=","merchant_oid":"SUB2511756879049","status":"success","total_amount":"1008000"} 
[2025-09-03 14:43:04] local.INFO: Callback verification successful  
[2025-09-03 14:43:04] local.ERROR: Payment not found for order ID: SUB2511756879049  
[2025-09-03 14:43:05] local.INFO: Paytr Callback Received: {"hash":"3WARwMiT5LkHLybE8UTEmR1y2tYAZVh8KfSjqjeiJdM=","merchant_oid":"SUB2511756895469","status":"success","total_amount":"1008000","payment_type":"card","payment_amount":"1008000","currency":"TL","installment_count":"1","merchant_id":"103743","test_mode":"1"} 
[2025-09-03 14:43:05] local.INFO: Callback Hash Verification: {"calculated_hash":"3WARwMiT5LkHLybE8UTEmR1y2tYAZVh8KfSjqjeiJdM=","received_hash":"3WARwMiT5LkHLybE8UTEmR1y2tYAZVh8KfSjqjeiJdM=","merchant_oid":"SUB2511756895469","status":"success","total_amount":"1008000"} 
[2025-09-03 14:43:05] local.INFO: Callback verification successful  
[2025-09-03 14:43:05] local.ERROR: Payment not found for order ID: SUB2511756895469  
[2025-09-03 14:44:03] local.INFO: Paytr Callback Received: {"hash":"tZAJE4GQGXVefrvrwdEO36s2+mihOAPYGBsevlHmGaY=","merchant_oid":"SUB2511756877977","status":"success","total_amount":"1008000","payment_type":"card","payment_amount":"1008000","currency":"TL","installment_count":"1","merchant_id":"103743","test_mode":"1"} 
[2025-09-03 14:44:03] local.INFO: Callback Hash Verification: {"calculated_hash":"tZAJE4GQGXVefrvrwdEO36s2+mihOAPYGBsevlHmGaY=","received_hash":"tZAJE4GQGXVefrvrwdEO36s2+mihOAPYGBsevlHmGaY=","merchant_oid":"SUB2511756877977","status":"success","total_amount":"1008000"} 
[2025-09-03 14:44:03] local.INFO: Callback verification successful  
[2025-09-03 14:44:04] local.ERROR: Payment not found for order ID: SUB2511756877977  
[2025-09-03 14:44:04] local.INFO: Paytr Callback Received: {"hash":"amWK8U/TPO1SCd2GBJctfm/KU31h2eY51T5+78a+E3E=","merchant_oid":"SUB2511756879049","status":"success","total_amount":"1008000","payment_type":"card","payment_amount":"1008000","currency":"TL","installment_count":"1","merchant_id":"103743","test_mode":"1"} 
[2025-09-03 14:44:04] local.INFO: Callback Hash Verification: {"calculated_hash":"amWK8U/TPO1SCd2GBJctfm/KU31h2eY51T5+78a+E3E=","received_hash":"amWK8U/TPO1SCd2GBJctfm/KU31h2eY51T5+78a+E3E=","merchant_oid":"SUB2511756879049","status":"success","total_amount":"1008000"} 
[2025-09-03 14:44:04] local.INFO: Callback verification successful  
[2025-09-03 14:44:04] local.ERROR: Payment not found for order ID: SUB2511756879049  
[2025-09-03 14:44:05] local.INFO: Paytr Callback Received: {"hash":"3WARwMiT5LkHLybE8UTEmR1y2tYAZVh8KfSjqjeiJdM=","merchant_oid":"SUB2511756895469","status":"success","total_amount":"1008000","payment_type":"card","payment_amount":"1008000","currency":"TL","installment_count":"1","merchant_id":"103743","test_mode":"1"} 
[2025-09-03 14:44:05] local.INFO: Callback Hash Verification: {"calculated_hash":"3WARwMiT5LkHLybE8UTEmR1y2tYAZVh8KfSjqjeiJdM=","received_hash":"3WARwMiT5LkHLybE8UTEmR1y2tYAZVh8KfSjqjeiJdM=","merchant_oid":"SUB2511756895469","status":"success","total_amount":"1008000"} 
[2025-09-03 14:44:05] local.INFO: Callback verification successful  
[2025-09-03 14:44:05] local.ERROR: Payment not found for order ID: SUB2511756895469  
[2025-09-03 14:45:04] local.INFO: Paytr Callback Received: {"hash":"tZAJE4GQGXVefrvrwdEO36s2+mihOAPYGBsevlHmGaY=","merchant_oid":"SUB2511756877977","status":"success","total_amount":"1008000","payment_type":"card","payment_amount":"1008000","currency":"TL","installment_count":"1","merchant_id":"103743","test_mode":"1"} 
[2025-09-03 14:45:04] local.INFO: Callback Hash Verification: {"calculated_hash":"tZAJE4GQGXVefrvrwdEO36s2+mihOAPYGBsevlHmGaY=","received_hash":"tZAJE4GQGXVefrvrwdEO36s2+mihOAPYGBsevlHmGaY=","merchant_oid":"SUB2511756877977","status":"success","total_amount":"1008000"} 
[2025-09-03 14:45:04] local.INFO: Callback verification successful  
[2025-09-03 14:45:04] local.ERROR: Payment not found for order ID: SUB2511756877977  
[2025-09-03 14:45:04] local.INFO: Paytr Callback Received: {"hash":"amWK8U/TPO1SCd2GBJctfm/KU31h2eY51T5+78a+E3E=","merchant_oid":"SUB2511756879049","status":"success","total_amount":"1008000","payment_type":"card","payment_amount":"1008000","currency":"TL","installment_count":"1","merchant_id":"103743","test_mode":"1"} 
[2025-09-03 14:45:04] local.INFO: Callback Hash Verification: {"calculated_hash":"amWK8U/TPO1SCd2GBJctfm/KU31h2eY51T5+78a+E3E=","received_hash":"amWK8U/TPO1SCd2GBJctfm/KU31h2eY51T5+78a+E3E=","merchant_oid":"SUB2511756879049","status":"success","total_amount":"1008000"} 
[2025-09-03 14:45:04] local.INFO: Callback verification successful  
[2025-09-03 14:45:04] local.ERROR: Payment not found for order ID: SUB2511756879049  
[2025-09-03 14:45:05] local.INFO: Paytr Callback Received: {"hash":"3WARwMiT5LkHLybE8UTEmR1y2tYAZVh8KfSjqjeiJdM=","merchant_oid":"SUB2511756895469","status":"success","total_amount":"1008000","payment_type":"card","payment_amount":"1008000","currency":"TL","installment_count":"1","merchant_id":"103743","test_mode":"1"} 
[2025-09-03 14:45:05] local.INFO: Callback Hash Verification: {"calculated_hash":"3WARwMiT5LkHLybE8UTEmR1y2tYAZVh8KfSjqjeiJdM=","received_hash":"3WARwMiT5LkHLybE8UTEmR1y2tYAZVh8KfSjqjeiJdM=","merchant_oid":"SUB2511756895469","status":"success","total_amount":"1008000"} 
[2025-09-03 14:45:05] local.INFO: Callback verification successful  
[2025-09-03 14:45:05] local.ERROR: Payment not found for order ID: SUB2511756895469  
[2025-09-03 14:46:04] local.INFO: Paytr Callback Received: {"hash":"tZAJE4GQGXVefrvrwdEO36s2+mihOAPYGBsevlHmGaY=","merchant_oid":"SUB2511756877977","status":"success","total_amount":"1008000","payment_type":"card","payment_amount":"1008000","currency":"TL","installment_count":"1","merchant_id":"103743","test_mode":"1"} 
[2025-09-03 14:46:04] local.INFO: Callback Hash Verification: {"calculated_hash":"tZAJE4GQGXVefrvrwdEO36s2+mihOAPYGBsevlHmGaY=","received_hash":"tZAJE4GQGXVefrvrwdEO36s2+mihOAPYGBsevlHmGaY=","merchant_oid":"SUB2511756877977","status":"success","total_amount":"1008000"} 
[2025-09-03 14:46:04] local.INFO: Callback verification successful  
[2025-09-03 14:46:04] local.ERROR: Payment not found for order ID: SUB2511756877977  
[2025-09-03 14:46:04] local.INFO: Paytr Callback Received: {"hash":"amWK8U/TPO1SCd2GBJctfm/KU31h2eY51T5+78a+E3E=","merchant_oid":"SUB2511756879049","status":"success","total_amount":"1008000","payment_type":"card","payment_amount":"1008000","currency":"TL","installment_count":"1","merchant_id":"103743","test_mode":"1"} 
[2025-09-03 14:46:04] local.INFO: Callback Hash Verification: {"calculated_hash":"amWK8U/TPO1SCd2GBJctfm/KU31h2eY51T5+78a+E3E=","received_hash":"amWK8U/TPO1SCd2GBJctfm/KU31h2eY51T5+78a+E3E=","merchant_oid":"SUB2511756879049","status":"success","total_amount":"1008000"} 
[2025-09-03 14:46:04] local.INFO: Callback verification successful  
[2025-09-03 14:46:04] local.ERROR: Payment not found for order ID: SUB2511756879049  
[2025-09-03 14:46:05] local.INFO: Paytr Callback Received: {"hash":"3WARwMiT5LkHLybE8UTEmR1y2tYAZVh8KfSjqjeiJdM=","merchant_oid":"SUB2511756895469","status":"success","total_amount":"1008000","payment_type":"card","payment_amount":"1008000","currency":"TL","installment_count":"1","merchant_id":"103743","test_mode":"1"} 
[2025-09-03 14:46:05] local.INFO: Callback Hash Verification: {"calculated_hash":"3WARwMiT5LkHLybE8UTEmR1y2tYAZVh8KfSjqjeiJdM=","received_hash":"3WARwMiT5LkHLybE8UTEmR1y2tYAZVh8KfSjqjeiJdM=","merchant_oid":"SUB2511756895469","status":"success","total_amount":"1008000"} 
[2025-09-03 14:46:05] local.INFO: Callback verification successful  
[2025-09-03 14:46:05] local.ERROR: Payment not found for order ID: SUB2511756895469  
[2025-09-03 14:47:03] local.INFO: Paytr Callback Received: {"hash":"tZAJE4GQGXVefrvrwdEO36s2+mihOAPYGBsevlHmGaY=","merchant_oid":"SUB2511756877977","status":"success","total_amount":"1008000","payment_type":"card","payment_amount":"1008000","currency":"TL","installment_count":"1","merchant_id":"103743","test_mode":"1"} 
[2025-09-03 14:47:03] local.INFO: Callback Hash Verification: {"calculated_hash":"tZAJE4GQGXVefrvrwdEO36s2+mihOAPYGBsevlHmGaY=","received_hash":"tZAJE4GQGXVefrvrwdEO36s2+mihOAPYGBsevlHmGaY=","merchant_oid":"SUB2511756877977","status":"success","total_amount":"1008000"} 
[2025-09-03 14:47:03] local.INFO: Callback verification successful  
[2025-09-03 14:47:03] local.ERROR: Payment not found for order ID: SUB2511756877977  
[2025-09-03 14:47:04] local.INFO: Paytr Callback Received: {"hash":"amWK8U/TPO1SCd2GBJctfm/KU31h2eY51T5+78a+E3E=","merchant_oid":"SUB2511756879049","status":"success","total_amount":"1008000","payment_type":"card","payment_amount":"1008000","currency":"TL","installment_count":"1","merchant_id":"103743","test_mode":"1"} 
[2025-09-03 14:47:04] local.INFO: Callback Hash Verification: {"calculated_hash":"amWK8U/TPO1SCd2GBJctfm/KU31h2eY51T5+78a+E3E=","received_hash":"amWK8U/TPO1SCd2GBJctfm/KU31h2eY51T5+78a+E3E=","merchant_oid":"SUB2511756879049","status":"success","total_amount":"1008000"} 
[2025-09-03 14:47:04] local.INFO: Callback verification successful  
[2025-09-03 14:47:04] local.ERROR: Payment not found for order ID: SUB2511756879049  
[2025-09-03 14:47:04] local.INFO: Paytr Callback Received: {"hash":"3WARwMiT5LkHLybE8UTEmR1y2tYAZVh8KfSjqjeiJdM=","merchant_oid":"SUB2511756895469","status":"success","total_amount":"1008000","payment_type":"card","payment_amount":"1008000","currency":"TL","installment_count":"1","merchant_id":"103743","test_mode":"1"} 
[2025-09-03 14:47:04] local.INFO: Callback Hash Verification: {"calculated_hash":"3WARwMiT5LkHLybE8UTEmR1y2tYAZVh8KfSjqjeiJdM=","received_hash":"3WARwMiT5LkHLybE8UTEmR1y2tYAZVh8KfSjqjeiJdM=","merchant_oid":"SUB2511756895469","status":"success","total_amount":"1008000"} 
[2025-09-03 14:47:04] local.INFO: Callback verification successful  
[2025-09-03 14:47:04] local.ERROR: Payment not found for order ID: SUB2511756895469  
[2025-09-03 14:48:04] local.INFO: Paytr Callback Received: {"hash":"tZAJE4GQGXVefrvrwdEO36s2+mihOAPYGBsevlHmGaY=","merchant_oid":"SUB2511756877977","status":"success","total_amount":"1008000","payment_type":"card","payment_amount":"1008000","currency":"TL","installment_count":"1","merchant_id":"103743","test_mode":"1"} 
[2025-09-03 14:48:04] local.INFO: Callback Hash Verification: {"calculated_hash":"tZAJE4GQGXVefrvrwdEO36s2+mihOAPYGBsevlHmGaY=","received_hash":"tZAJE4GQGXVefrvrwdEO36s2+mihOAPYGBsevlHmGaY=","merchant_oid":"SUB2511756877977","status":"success","total_amount":"1008000"} 
[2025-09-03 14:48:04] local.INFO: Callback verification successful  
[2025-09-03 14:48:04] local.ERROR: Payment not found for order ID: SUB2511756877977  
[2025-09-03 14:48:04] local.INFO: Paytr Callback Received: {"hash":"amWK8U/TPO1SCd2GBJctfm/KU31h2eY51T5+78a+E3E=","merchant_oid":"SUB2511756879049","status":"success","total_amount":"1008000","payment_type":"card","payment_amount":"1008000","currency":"TL","installment_count":"1","merchant_id":"103743","test_mode":"1"} 
[2025-09-03 14:48:04] local.INFO: Callback Hash Verification: {"calculated_hash":"amWK8U/TPO1SCd2GBJctfm/KU31h2eY51T5+78a+E3E=","received_hash":"amWK8U/TPO1SCd2GBJctfm/KU31h2eY51T5+78a+E3E=","merchant_oid":"SUB2511756879049","status":"success","total_amount":"1008000"} 
[2025-09-03 14:48:04] local.INFO: Callback verification successful  
[2025-09-03 14:48:04] local.ERROR: Payment not found for order ID: SUB2511756879049  
[2025-09-03 14:48:05] local.INFO: Paytr Callback Received: {"hash":"3WARwMiT5LkHLybE8UTEmR1y2tYAZVh8KfSjqjeiJdM=","merchant_oid":"SUB2511756895469","status":"success","total_amount":"1008000","payment_type":"card","payment_amount":"1008000","currency":"TL","installment_count":"1","merchant_id":"103743","test_mode":"1"} 
[2025-09-03 14:48:05] local.INFO: Callback Hash Verification: {"calculated_hash":"3WARwMiT5LkHLybE8UTEmR1y2tYAZVh8KfSjqjeiJdM=","received_hash":"3WARwMiT5LkHLybE8UTEmR1y2tYAZVh8KfSjqjeiJdM=","merchant_oid":"SUB2511756895469","status":"success","total_amount":"1008000"} 
[2025-09-03 14:48:05] local.INFO: Callback verification successful  
[2025-09-03 14:48:05] local.ERROR: Payment not found for order ID: SUB2511756895469  
[2025-09-03 14:49:03] local.INFO: Paytr Callback Received: {"hash":"tZAJE4GQGXVefrvrwdEO36s2+mihOAPYGBsevlHmGaY=","merchant_oid":"SUB2511756877977","status":"success","total_amount":"1008000","payment_type":"card","payment_amount":"1008000","currency":"TL","installment_count":"1","merchant_id":"103743","test_mode":"1"} 
[2025-09-03 14:49:03] local.INFO: Callback Hash Verification: {"calculated_hash":"tZAJE4GQGXVefrvrwdEO36s2+mihOAPYGBsevlHmGaY=","received_hash":"tZAJE4GQGXVefrvrwdEO36s2+mihOAPYGBsevlHmGaY=","merchant_oid":"SUB2511756877977","status":"success","total_amount":"1008000"} 
[2025-09-03 14:49:03] local.INFO: Callback verification successful  
[2025-09-03 14:49:03] local.ERROR: Payment not found for order ID: SUB2511756877977  
[2025-09-03 14:49:04] local.INFO: Paytr Callback Received: {"hash":"amWK8U/TPO1SCd2GBJctfm/KU31h2eY51T5+78a+E3E=","merchant_oid":"SUB2511756879049","status":"success","total_amount":"1008000","payment_type":"card","payment_amount":"1008000","currency":"TL","installment_count":"1","merchant_id":"103743","test_mode":"1"} 
[2025-09-03 14:49:04] local.INFO: Callback Hash Verification: {"calculated_hash":"amWK8U/TPO1SCd2GBJctfm/KU31h2eY51T5+78a+E3E=","received_hash":"amWK8U/TPO1SCd2GBJctfm/KU31h2eY51T5+78a+E3E=","merchant_oid":"SUB2511756879049","status":"success","total_amount":"1008000"} 
[2025-09-03 14:49:04] local.INFO: Callback verification successful  
[2025-09-03 14:49:04] local.ERROR: Payment not found for order ID: SUB2511756879049  
[2025-09-03 14:49:04] local.INFO: Paytr Callback Received: {"hash":"3WARwMiT5LkHLybE8UTEmR1y2tYAZVh8KfSjqjeiJdM=","merchant_oid":"SUB2511756895469","status":"success","total_amount":"1008000","payment_type":"card","payment_amount":"1008000","currency":"TL","installment_count":"1","merchant_id":"103743","test_mode":"1"} 
[2025-09-03 14:49:04] local.INFO: Callback Hash Verification: {"calculated_hash":"3WARwMiT5LkHLybE8UTEmR1y2tYAZVh8KfSjqjeiJdM=","received_hash":"3WARwMiT5LkHLybE8UTEmR1y2tYAZVh8KfSjqjeiJdM=","merchant_oid":"SUB2511756895469","status":"success","total_amount":"1008000"} 
[2025-09-03 14:49:04] local.INFO: Callback verification successful  
[2025-09-03 14:49:04] local.ERROR: Payment not found for order ID: SUB2511756895469  
[2025-09-03 14:50:04] local.INFO: Paytr Callback Received: {"hash":"tZAJE4GQGXVefrvrwdEO36s2+mihOAPYGBsevlHmGaY=","merchant_oid":"SUB2511756877977","status":"success","total_amount":"1008000","payment_type":"card","payment_amount":"1008000","currency":"TL","installment_count":"1","merchant_id":"103743","test_mode":"1"} 
[2025-09-03 14:50:04] local.INFO: Callback Hash Verification: {"calculated_hash":"tZAJE4GQGXVefrvrwdEO36s2+mihOAPYGBsevlHmGaY=","received_hash":"tZAJE4GQGXVefrvrwdEO36s2+mihOAPYGBsevlHmGaY=","merchant_oid":"SUB2511756877977","status":"success","total_amount":"1008000"} 
[2025-09-03 14:50:04] local.INFO: Callback verification successful  
[2025-09-03 14:50:04] local.ERROR: Payment not found for order ID: SUB2511756877977  
[2025-09-03 14:50:05] local.INFO: Paytr Callback Received: {"hash":"amWK8U/TPO1SCd2GBJctfm/KU31h2eY51T5+78a+E3E=","merchant_oid":"SUB2511756879049","status":"success","total_amount":"1008000","payment_type":"card","payment_amount":"1008000","currency":"TL","installment_count":"1","merchant_id":"103743","test_mode":"1"} 
[2025-09-03 14:50:05] local.INFO: Callback Hash Verification: {"calculated_hash":"amWK8U/TPO1SCd2GBJctfm/KU31h2eY51T5+78a+E3E=","received_hash":"amWK8U/TPO1SCd2GBJctfm/KU31h2eY51T5+78a+E3E=","merchant_oid":"SUB2511756879049","status":"success","total_amount":"1008000"} 
[2025-09-03 14:50:05] local.INFO: Callback verification successful  
[2025-09-03 14:50:05] local.ERROR: Payment not found for order ID: SUB2511756879049  
[2025-09-03 14:50:05] local.INFO: Paytr Callback Received: {"hash":"3WARwMiT5LkHLybE8UTEmR1y2tYAZVh8KfSjqjeiJdM=","merchant_oid":"SUB2511756895469","status":"success","total_amount":"1008000","payment_type":"card","payment_amount":"1008000","currency":"TL","installment_count":"1","merchant_id":"103743","test_mode":"1"} 
[2025-09-03 14:50:05] local.INFO: Callback Hash Verification: {"calculated_hash":"3WARwMiT5LkHLybE8UTEmR1y2tYAZVh8KfSjqjeiJdM=","received_hash":"3WARwMiT5LkHLybE8UTEmR1y2tYAZVh8KfSjqjeiJdM=","merchant_oid":"SUB2511756895469","status":"success","total_amount":"1008000"} 
[2025-09-03 14:50:05] local.INFO: Callback verification successful  
[2025-09-03 14:50:05] local.ERROR: Payment not found for order ID: SUB2511756895469  
[2025-09-03 14:51:03] local.INFO: Paytr Callback Received: {"hash":"tZAJE4GQGXVefrvrwdEO36s2+mihOAPYGBsevlHmGaY=","merchant_oid":"SUB2511756877977","status":"success","total_amount":"1008000","payment_type":"card","payment_amount":"1008000","currency":"TL","installment_count":"1","merchant_id":"103743","test_mode":"1"} 
[2025-09-03 14:51:03] local.INFO: Callback Hash Verification: {"calculated_hash":"tZAJE4GQGXVefrvrwdEO36s2+mihOAPYGBsevlHmGaY=","received_hash":"tZAJE4GQGXVefrvrwdEO36s2+mihOAPYGBsevlHmGaY=","merchant_oid":"SUB2511756877977","status":"success","total_amount":"1008000"} 
[2025-09-03 14:51:03] local.INFO: Callback verification successful  
[2025-09-03 14:51:03] local.ERROR: Payment not found for order ID: SUB2511756877977  
[2025-09-03 14:51:04] local.INFO: Paytr Callback Received: {"hash":"amWK8U/TPO1SCd2GBJctfm/KU31h2eY51T5+78a+E3E=","merchant_oid":"SUB2511756879049","status":"success","total_amount":"1008000","payment_type":"card","payment_amount":"1008000","currency":"TL","installment_count":"1","merchant_id":"103743","test_mode":"1"} 
[2025-09-03 14:51:04] local.INFO: Callback Hash Verification: {"calculated_hash":"amWK8U/TPO1SCd2GBJctfm/KU31h2eY51T5+78a+E3E=","received_hash":"amWK8U/TPO1SCd2GBJctfm/KU31h2eY51T5+78a+E3E=","merchant_oid":"SUB2511756879049","status":"success","total_amount":"1008000"} 
[2025-09-03 14:51:04] local.INFO: Callback verification successful  
[2025-09-03 14:51:04] local.ERROR: Payment not found for order ID: SUB2511756879049  
[2025-09-03 14:51:05] local.INFO: Paytr Callback Received: {"hash":"3WARwMiT5LkHLybE8UTEmR1y2tYAZVh8KfSjqjeiJdM=","merchant_oid":"SUB2511756895469","status":"success","total_amount":"1008000","payment_type":"card","payment_amount":"1008000","currency":"TL","installment_count":"1","merchant_id":"103743","test_mode":"1"} 
[2025-09-03 14:51:05] local.INFO: Callback Hash Verification: {"calculated_hash":"3WARwMiT5LkHLybE8UTEmR1y2tYAZVh8KfSjqjeiJdM=","received_hash":"3WARwMiT5LkHLybE8UTEmR1y2tYAZVh8KfSjqjeiJdM=","merchant_oid":"SUB2511756895469","status":"success","total_amount":"1008000"} 
[2025-09-03 14:51:05] local.INFO: Callback verification successful  
[2025-09-03 14:51:05] local.ERROR: Payment not found for order ID: SUB2511756895469  
[2025-09-03 14:52:04] local.INFO: Paytr Callback Received: {"hash":"tZAJE4GQGXVefrvrwdEO36s2+mihOAPYGBsevlHmGaY=","merchant_oid":"SUB2511756877977","status":"success","total_amount":"1008000","payment_type":"card","payment_amount":"1008000","currency":"TL","installment_count":"1","merchant_id":"103743","test_mode":"1"} 
[2025-09-03 14:52:04] local.INFO: Callback Hash Verification: {"calculated_hash":"tZAJE4GQGXVefrvrwdEO36s2+mihOAPYGBsevlHmGaY=","received_hash":"tZAJE4GQGXVefrvrwdEO36s2+mihOAPYGBsevlHmGaY=","merchant_oid":"SUB2511756877977","status":"success","total_amount":"1008000"} 
[2025-09-03 14:52:04] local.INFO: Callback verification successful  
[2025-09-03 14:52:04] local.ERROR: Payment not found for order ID: SUB2511756877977  
[2025-09-03 14:52:04] local.INFO: Paytr Callback Received: {"hash":"amWK8U/TPO1SCd2GBJctfm/KU31h2eY51T5+78a+E3E=","merchant_oid":"SUB2511756879049","status":"success","total_amount":"1008000","payment_type":"card","payment_amount":"1008000","currency":"TL","installment_count":"1","merchant_id":"103743","test_mode":"1"} 
[2025-09-03 14:52:04] local.INFO: Callback Hash Verification: {"calculated_hash":"amWK8U/TPO1SCd2GBJctfm/KU31h2eY51T5+78a+E3E=","received_hash":"amWK8U/TPO1SCd2GBJctfm/KU31h2eY51T5+78a+E3E=","merchant_oid":"SUB2511756879049","status":"success","total_amount":"1008000"} 
[2025-09-03 14:52:04] local.INFO: Callback verification successful  
[2025-09-03 14:52:04] local.ERROR: Payment not found for order ID: SUB2511756879049  
[2025-09-03 14:52:05] local.INFO: Paytr Callback Received: {"hash":"3WARwMiT5LkHLybE8UTEmR1y2tYAZVh8KfSjqjeiJdM=","merchant_oid":"SUB2511756895469","status":"success","total_amount":"1008000","payment_type":"card","payment_amount":"1008000","currency":"TL","installment_count":"1","merchant_id":"103743","test_mode":"1"} 
[2025-09-03 14:52:05] local.INFO: Callback Hash Verification: {"calculated_hash":"3WARwMiT5LkHLybE8UTEmR1y2tYAZVh8KfSjqjeiJdM=","received_hash":"3WARwMiT5LkHLybE8UTEmR1y2tYAZVh8KfSjqjeiJdM=","merchant_oid":"SUB2511756895469","status":"success","total_amount":"1008000"} 
[2025-09-03 14:52:05] local.INFO: Callback verification successful  
[2025-09-03 14:52:05] local.ERROR: Payment not found for order ID: SUB2511756895469  
[2025-09-03 14:53:03] local.INFO: Paytr Callback Received: {"hash":"tZAJE4GQGXVefrvrwdEO36s2+mihOAPYGBsevlHmGaY=","merchant_oid":"SUB2511756877977","status":"success","total_amount":"1008000","payment_type":"card","payment_amount":"1008000","currency":"TL","installment_count":"1","merchant_id":"103743","test_mode":"1"} 
[2025-09-03 14:53:03] local.INFO: Callback Hash Verification: {"calculated_hash":"tZAJE4GQGXVefrvrwdEO36s2+mihOAPYGBsevlHmGaY=","received_hash":"tZAJE4GQGXVefrvrwdEO36s2+mihOAPYGBsevlHmGaY=","merchant_oid":"SUB2511756877977","status":"success","total_amount":"1008000"} 
[2025-09-03 14:53:03] local.INFO: Callback verification successful  
[2025-09-03 14:53:03] local.ERROR: Payment not found for order ID: SUB2511756877977  
[2025-09-03 14:53:04] local.INFO: Paytr Callback Received: {"hash":"amWK8U/TPO1SCd2GBJctfm/KU31h2eY51T5+78a+E3E=","merchant_oid":"SUB2511756879049","status":"success","total_amount":"1008000","payment_type":"card","payment_amount":"1008000","currency":"TL","installment_count":"1","merchant_id":"103743","test_mode":"1"} 
[2025-09-03 14:53:04] local.INFO: Callback Hash Verification: {"calculated_hash":"amWK8U/TPO1SCd2GBJctfm/KU31h2eY51T5+78a+E3E=","received_hash":"amWK8U/TPO1SCd2GBJctfm/KU31h2eY51T5+78a+E3E=","merchant_oid":"SUB2511756879049","status":"success","total_amount":"1008000"} 
[2025-09-03 14:53:04] local.INFO: Callback verification successful  
[2025-09-03 14:53:04] local.ERROR: Payment not found for order ID: SUB2511756879049  
[2025-09-03 14:53:04] local.INFO: Paytr Callback Received: {"hash":"3WARwMiT5LkHLybE8UTEmR1y2tYAZVh8KfSjqjeiJdM=","merchant_oid":"SUB2511756895469","status":"success","total_amount":"1008000","payment_type":"card","payment_amount":"1008000","currency":"TL","installment_count":"1","merchant_id":"103743","test_mode":"1"} 
[2025-09-03 14:53:04] local.INFO: Callback Hash Verification: {"calculated_hash":"3WARwMiT5LkHLybE8UTEmR1y2tYAZVh8KfSjqjeiJdM=","received_hash":"3WARwMiT5LkHLybE8UTEmR1y2tYAZVh8KfSjqjeiJdM=","merchant_oid":"SUB2511756895469","status":"success","total_amount":"1008000"} 
[2025-09-03 14:53:04] local.INFO: Callback verification successful  
[2025-09-03 14:53:04] local.ERROR: Payment not found for order ID: SUB2511756895469  
[2025-09-03 14:54:04] local.INFO: Paytr Callback Received: {"hash":"tZAJE4GQGXVefrvrwdEO36s2+mihOAPYGBsevlHmGaY=","merchant_oid":"SUB2511756877977","status":"success","total_amount":"1008000","payment_type":"card","payment_amount":"1008000","currency":"TL","installment_count":"1","merchant_id":"103743","test_mode":"1"} 
[2025-09-03 14:54:04] local.INFO: Callback Hash Verification: {"calculated_hash":"tZAJE4GQGXVefrvrwdEO36s2+mihOAPYGBsevlHmGaY=","received_hash":"tZAJE4GQGXVefrvrwdEO36s2+mihOAPYGBsevlHmGaY=","merchant_oid":"SUB2511756877977","status":"success","total_amount":"1008000"} 
[2025-09-03 14:54:04] local.INFO: Callback verification successful  
[2025-09-03 14:54:04] local.ERROR: Payment not found for order ID: SUB2511756877977  
[2025-09-03 14:54:04] local.INFO: Paytr Callback Received: {"hash":"amWK8U/TPO1SCd2GBJctfm/KU31h2eY51T5+78a+E3E=","merchant_oid":"SUB2511756879049","status":"success","total_amount":"1008000","payment_type":"card","payment_amount":"1008000","currency":"TL","installment_count":"1","merchant_id":"103743","test_mode":"1"} 
[2025-09-03 14:54:04] local.INFO: Callback Hash Verification: {"calculated_hash":"amWK8U/TPO1SCd2GBJctfm/KU31h2eY51T5+78a+E3E=","received_hash":"amWK8U/TPO1SCd2GBJctfm/KU31h2eY51T5+78a+E3E=","merchant_oid":"SUB2511756879049","status":"success","total_amount":"1008000"} 
[2025-09-03 14:54:04] local.INFO: Callback verification successful  
[2025-09-03 14:54:04] local.ERROR: Payment not found for order ID: SUB2511756879049  
[2025-09-03 14:54:05] local.INFO: Paytr Callback Received: {"hash":"3WARwMiT5LkHLybE8UTEmR1y2tYAZVh8KfSjqjeiJdM=","merchant_oid":"SUB2511756895469","status":"success","total_amount":"1008000","payment_type":"card","payment_amount":"1008000","currency":"TL","installment_count":"1","merchant_id":"103743","test_mode":"1"} 
[2025-09-03 14:54:05] local.INFO: Callback Hash Verification: {"calculated_hash":"3WARwMiT5LkHLybE8UTEmR1y2tYAZVh8KfSjqjeiJdM=","received_hash":"3WARwMiT5LkHLybE8UTEmR1y2tYAZVh8KfSjqjeiJdM=","merchant_oid":"SUB2511756895469","status":"success","total_amount":"1008000"} 
[2025-09-03 14:54:05] local.INFO: Callback verification successful  
[2025-09-03 14:54:05] local.ERROR: Payment not found for order ID: SUB2511756895469  
[2025-09-03 14:55:04] local.INFO: Paytr Callback Received: {"hash":"tZAJE4GQGXVefrvrwdEO36s2+mihOAPYGBsevlHmGaY=","merchant_oid":"SUB2511756877977","status":"success","total_amount":"1008000","payment_type":"card","payment_amount":"1008000","currency":"TL","installment_count":"1","merchant_id":"103743","test_mode":"1"} 
[2025-09-03 14:55:04] local.INFO: Callback Hash Verification: {"calculated_hash":"tZAJE4GQGXVefrvrwdEO36s2+mihOAPYGBsevlHmGaY=","received_hash":"tZAJE4GQGXVefrvrwdEO36s2+mihOAPYGBsevlHmGaY=","merchant_oid":"SUB2511756877977","status":"success","total_amount":"1008000"} 
[2025-09-03 14:55:04] local.INFO: Callback verification successful  
[2025-09-03 14:55:04] local.ERROR: Payment not found for order ID: SUB2511756877977  
[2025-09-03 14:55:04] local.INFO: Paytr Callback Received: {"hash":"amWK8U/TPO1SCd2GBJctfm/KU31h2eY51T5+78a+E3E=","merchant_oid":"SUB2511756879049","status":"success","total_amount":"1008000","payment_type":"card","payment_amount":"1008000","currency":"TL","installment_count":"1","merchant_id":"103743","test_mode":"1"} 
[2025-09-03 14:55:04] local.INFO: Callback Hash Verification: {"calculated_hash":"amWK8U/TPO1SCd2GBJctfm/KU31h2eY51T5+78a+E3E=","received_hash":"amWK8U/TPO1SCd2GBJctfm/KU31h2eY51T5+78a+E3E=","merchant_oid":"SUB2511756879049","status":"success","total_amount":"1008000"} 
[2025-09-03 14:55:04] local.INFO: Callback verification successful  
[2025-09-03 14:55:04] local.ERROR: Payment not found for order ID: SUB2511756879049  
[2025-09-03 14:55:05] local.INFO: Paytr Callback Received: {"hash":"3WARwMiT5LkHLybE8UTEmR1y2tYAZVh8KfSjqjeiJdM=","merchant_oid":"SUB2511756895469","status":"success","total_amount":"1008000","payment_type":"card","payment_amount":"1008000","currency":"TL","installment_count":"1","merchant_id":"103743","test_mode":"1"} 
[2025-09-03 14:55:05] local.INFO: Callback Hash Verification: {"calculated_hash":"3WARwMiT5LkHLybE8UTEmR1y2tYAZVh8KfSjqjeiJdM=","received_hash":"3WARwMiT5LkHLybE8UTEmR1y2tYAZVh8KfSjqjeiJdM=","merchant_oid":"SUB2511756895469","status":"success","total_amount":"1008000"} 
[2025-09-03 14:55:05] local.INFO: Callback verification successful  
[2025-09-03 14:55:05] local.ERROR: Payment not found for order ID: SUB2511756895469  
[2025-09-03 14:56:03] local.INFO: Paytr Callback Received: {"hash":"tZAJE4GQGXVefrvrwdEO36s2+mihOAPYGBsevlHmGaY=","merchant_oid":"SUB2511756877977","status":"success","total_amount":"1008000","payment_type":"card","payment_amount":"1008000","currency":"TL","installment_count":"1","merchant_id":"103743","test_mode":"1"} 
[2025-09-03 14:56:03] local.INFO: Callback Hash Verification: {"calculated_hash":"tZAJE4GQGXVefrvrwdEO36s2+mihOAPYGBsevlHmGaY=","received_hash":"tZAJE4GQGXVefrvrwdEO36s2+mihOAPYGBsevlHmGaY=","merchant_oid":"SUB2511756877977","status":"success","total_amount":"1008000"} 
[2025-09-03 14:56:03] local.INFO: Callback verification successful  
[2025-09-03 14:56:03] local.ERROR: Payment not found for order ID: SUB2511756877977  
[2025-09-03 14:56:04] local.INFO: Paytr Callback Received: {"hash":"amWK8U/TPO1SCd2GBJctfm/KU31h2eY51T5+78a+E3E=","merchant_oid":"SUB2511756879049","status":"success","total_amount":"1008000","payment_type":"card","payment_amount":"1008000","currency":"TL","installment_count":"1","merchant_id":"103743","test_mode":"1"} 
[2025-09-03 14:56:04] local.INFO: Callback Hash Verification: {"calculated_hash":"amWK8U/TPO1SCd2GBJctfm/KU31h2eY51T5+78a+E3E=","received_hash":"amWK8U/TPO1SCd2GBJctfm/KU31h2eY51T5+78a+E3E=","merchant_oid":"SUB2511756879049","status":"success","total_amount":"1008000"} 
[2025-09-03 14:56:04] local.INFO: Callback verification successful  
[2025-09-03 14:56:04] local.ERROR: Payment not found for order ID: SUB2511756879049  
[2025-09-03 14:56:04] local.INFO: Paytr Callback Received: {"hash":"3WARwMiT5LkHLybE8UTEmR1y2tYAZVh8KfSjqjeiJdM=","merchant_oid":"SUB2511756895469","status":"success","total_amount":"1008000","payment_type":"card","payment_amount":"1008000","currency":"TL","installment_count":"1","merchant_id":"103743","test_mode":"1"} 
[2025-09-03 14:56:04] local.INFO: Callback Hash Verification: {"calculated_hash":"3WARwMiT5LkHLybE8UTEmR1y2tYAZVh8KfSjqjeiJdM=","received_hash":"3WARwMiT5LkHLybE8UTEmR1y2tYAZVh8KfSjqjeiJdM=","merchant_oid":"SUB2511756895469","status":"success","total_amount":"1008000"} 
[2025-09-03 14:56:04] local.INFO: Callback verification successful  
[2025-09-03 14:56:04] local.ERROR: Payment not found for order ID: SUB2511756895469  
[2025-09-03 14:57:04] local.INFO: Paytr Callback Received: {"hash":"tZAJE4GQGXVefrvrwdEO36s2+mihOAPYGBsevlHmGaY=","merchant_oid":"SUB2511756877977","status":"success","total_amount":"1008000","payment_type":"card","payment_amount":"1008000","currency":"TL","installment_count":"1","merchant_id":"103743","test_mode":"1"} 
[2025-09-03 14:57:04] local.INFO: Callback Hash Verification: {"calculated_hash":"tZAJE4GQGXVefrvrwdEO36s2+mihOAPYGBsevlHmGaY=","received_hash":"tZAJE4GQGXVefrvrwdEO36s2+mihOAPYGBsevlHmGaY=","merchant_oid":"SUB2511756877977","status":"success","total_amount":"1008000"} 
[2025-09-03 14:57:04] local.INFO: Callback verification successful  
[2025-09-03 14:57:04] local.ERROR: Payment not found for order ID: SUB2511756877977  
[2025-09-03 14:57:04] local.INFO: Paytr Callback Received: {"hash":"amWK8U/TPO1SCd2GBJctfm/KU31h2eY51T5+78a+E3E=","merchant_oid":"SUB2511756879049","status":"success","total_amount":"1008000","payment_type":"card","payment_amount":"1008000","currency":"TL","installment_count":"1","merchant_id":"103743","test_mode":"1"} 
[2025-09-03 14:57:04] local.INFO: Callback Hash Verification: {"calculated_hash":"amWK8U/TPO1SCd2GBJctfm/KU31h2eY51T5+78a+E3E=","received_hash":"amWK8U/TPO1SCd2GBJctfm/KU31h2eY51T5+78a+E3E=","merchant_oid":"SUB2511756879049","status":"success","total_amount":"1008000"} 
[2025-09-03 14:57:04] local.INFO: Callback verification successful  
[2025-09-03 14:57:04] local.ERROR: Payment not found for order ID: SUB2511756879049  
[2025-09-03 14:57:05] local.INFO: Paytr Callback Received: {"hash":"3WARwMiT5LkHLybE8UTEmR1y2tYAZVh8KfSjqjeiJdM=","merchant_oid":"SUB2511756895469","status":"success","total_amount":"1008000","payment_type":"card","payment_amount":"1008000","currency":"TL","installment_count":"1","merchant_id":"103743","test_mode":"1"} 
[2025-09-03 14:57:05] local.INFO: Callback Hash Verification: {"calculated_hash":"3WARwMiT5LkHLybE8UTEmR1y2tYAZVh8KfSjqjeiJdM=","received_hash":"3WARwMiT5LkHLybE8UTEmR1y2tYAZVh8KfSjqjeiJdM=","merchant_oid":"SUB2511756895469","status":"success","total_amount":"1008000"} 
[2025-09-03 14:57:05] local.INFO: Callback verification successful  
[2025-09-03 14:57:05] local.ERROR: Payment not found for order ID: SUB2511756895469  
[2025-09-03 14:58:04] local.INFO: Paytr Callback Received: {"hash":"tZAJE4GQGXVefrvrwdEO36s2+mihOAPYGBsevlHmGaY=","merchant_oid":"SUB2511756877977","status":"success","total_amount":"1008000","payment_type":"card","payment_amount":"1008000","currency":"TL","installment_count":"1","merchant_id":"103743","test_mode":"1"} 
[2025-09-03 14:58:04] local.INFO: Callback Hash Verification: {"calculated_hash":"tZAJE4GQGXVefrvrwdEO36s2+mihOAPYGBsevlHmGaY=","received_hash":"tZAJE4GQGXVefrvrwdEO36s2+mihOAPYGBsevlHmGaY=","merchant_oid":"SUB2511756877977","status":"success","total_amount":"1008000"} 
[2025-09-03 14:58:04] local.INFO: Callback verification successful  
[2025-09-03 14:58:04] local.ERROR: Payment not found for order ID: SUB2511756877977  
[2025-09-03 14:58:04] local.INFO: Paytr Callback Received: {"hash":"amWK8U/TPO1SCd2GBJctfm/KU31h2eY51T5+78a+E3E=","merchant_oid":"SUB2511756879049","status":"success","total_amount":"1008000","payment_type":"card","payment_amount":"1008000","currency":"TL","installment_count":"1","merchant_id":"103743","test_mode":"1"} 
[2025-09-03 14:58:04] local.INFO: Callback Hash Verification: {"calculated_hash":"amWK8U/TPO1SCd2GBJctfm/KU31h2eY51T5+78a+E3E=","received_hash":"amWK8U/TPO1SCd2GBJctfm/KU31h2eY51T5+78a+E3E=","merchant_oid":"SUB2511756879049","status":"success","total_amount":"1008000"} 
[2025-09-03 14:58:04] local.INFO: Callback verification successful  
[2025-09-03 14:58:04] local.ERROR: Payment not found for order ID: SUB2511756879049  
[2025-09-03 14:58:05] local.INFO: Paytr Callback Received: {"hash":"3WARwMiT5LkHLybE8UTEmR1y2tYAZVh8KfSjqjeiJdM=","merchant_oid":"SUB2511756895469","status":"success","total_amount":"1008000","payment_type":"card","payment_amount":"1008000","currency":"TL","installment_count":"1","merchant_id":"103743","test_mode":"1"} 
[2025-09-03 14:58:05] local.INFO: Callback Hash Verification: {"calculated_hash":"3WARwMiT5LkHLybE8UTEmR1y2tYAZVh8KfSjqjeiJdM=","received_hash":"3WARwMiT5LkHLybE8UTEmR1y2tYAZVh8KfSjqjeiJdM=","merchant_oid":"SUB2511756895469","status":"success","total_amount":"1008000"} 
[2025-09-03 14:58:05] local.INFO: Callback verification successful  
[2025-09-03 14:58:05] local.ERROR: Payment not found for order ID: SUB2511756895469  
[2025-09-03 14:58:06] local.INFO: initiatePayment called {"tenant_id":"25","planid":"1","request_data":[]} 
[2025-09-03 14:58:06] local.INFO: Session data check {"planData":{"id":1,"name":"Başlangıç","slug":"basic","icon":"fa fa-adjust","description":"Küçük işletmeler için temel özellikler  
<ul>
<li>Max. 3 Kullanıcı</li>
<li>&nbsp;2 GB Depolama Alanı</li>
<li>&nbsp;Sınırsız Servis Kaydı</li>
<li>&nbsp;Detaylı Servis Arama</li>
<li>&nbsp;Detaylı Servis Raporlama</li>
<li>&nbsp;Detaylı Prim Hesaplama</li>
<li>&nbsp;Toplu Servis Planlama</li>
<li>&nbsp;Servis Fişi Yazdırma</li>
<li>&nbsp;Detaylı İstatistikler</li>
<li>&nbsp;Sınırsız Kasa Kaydı</li>
</ul>","price":"8400.00","billing_cycle":"yearly","features":{"tickets":true,"basic_reports":false},"limits":{"users":2,"dealers":0,"stocks":10,"konsinye":1,"tickets_per_month":50,"storage_gb":1},"trial_days":14,"is_active":true,"is_popular":false,"sort_order":0,"created_at":null,"updated_at":null},"billingData":{"billing_type":"bireysel","first_name":"Gökhan Türkmen","email":"deneme@deneme.com","phone":"563 434 34 34","il":"10","ilce":"894","address":null,"identity_number":null,"tax_office":null,"tax_number":"5555432323"}} 
[2025-09-03 14:58:06] local.INFO: Paytr Config Check {"merchant_id":"103743","merchant_key":"SET","merchant_salt":"SET"} 
[2025-09-03 14:58:06] local.INFO: Order data prepared {"tenant":25,"order_id":"SUB2511756900686","email":"deneme@deneme.com","amount":10080.0,"user_name":"Gökhan Türkmen","user_address":"10/894","user_phone":"563 434 34 34","basket":[["Başlangıç - Abonelik Paketi","8400.00",1]],"success_url":"http://127.0.0.1:8000/payment/success","fail_url":"http://127.0.0.1:8000/payment/fail"} 
[2025-09-03 14:58:06] local.INFO: Payment record created {"payment_id":33} 
[2025-09-03 14:58:06] local.INFO: Calling Paytr API...  
[2025-09-03 14:58:06] local.INFO: PayTR Request Data: {"merchant_id":"103743","order_id":"SUB2511756900686","amount":1008000,"user_ip":"78.190.145.61","hash_string":"10374378.190.145.61SUB2511756900686deneme@deneme.com1008000W1siQmFcdTAxNWZsYW5nXHUwMTMxXHUwMGU3IC0gQWJvbmVsaWsgUGFrZXRpIiwiODQwMC4wMCIsMV1d10TL1","token":"Slxcibr8dHgyWj8bULBPHIs7N8p2swKihdZM4xEPGjE="} 
[2025-09-03 14:58:07] local.INFO: PayTR API Response: {"status":"success","token":"348c4827a2822141af9fad3d32c8e6d73c93145285685c4c0b3a3f830edb8e85-667478727"} 
[2025-09-03 14:58:07] local.INFO: Paytr API Response {"success":true,"token":"348c4827a2822141af9fad3d32c8e6d73c93145285685c4c0b3a3f830edb8e85-667478727","iframe_url":"https://www.paytr.com/odeme/guvenli/348c4827a2822141af9fad3d32c8e6d73c93145285685c4c0b3a3f830edb8e85-667478727"} 
[2025-09-03 14:58:07] local.INFO: Paytr success, redirecting to iframe  
[2025-09-03 14:58:14] local.INFO: Paytr Callback Received: {"hash":"+ZooADuN24PE1wZFwnbGTe/JUS7AIxlb3Hrka2CUakk=","merchant_oid":"SUB2511756900686","status":"success","total_amount":"1008000","payment_type":"card","payment_amount":"1008000","currency":"TL","installment_count":"1","merchant_id":"103743","test_mode":"1"} 
[2025-09-03 14:58:14] local.INFO: Callback Hash Verification: {"calculated_hash":"+ZooADuN24PE1wZFwnbGTe/JUS7AIxlb3Hrka2CUakk=","received_hash":"+ZooADuN24PE1wZFwnbGTe/JUS7AIxlb3Hrka2CUakk=","merchant_oid":"SUB2511756900686","status":"success","total_amount":"1008000"} 
[2025-09-03 14:58:14] local.INFO: Callback verification successful  
[2025-09-03 14:58:14] local.ERROR: Subscription completion error: Session verisi bulunamadı  
[2025-09-03 14:58:14] local.ERROR: Payment callback error {"message":"Session verisi bulunamadı","file":"C:\\xampp\\htdocs\\serbiscrm\\app\\Http\\Controllers\\Frontend\\SubscriptionController.php","line":418,"post_data":{"hash":"+ZooADuN24PE1wZFwnbGTe/JUS7AIxlb3Hrka2CUakk=","merchant_oid":"SUB2511756900686","status":"success","total_amount":"1008000","payment_type":"card","payment_amount":"1008000","currency":"TL","installment_count":"1","merchant_id":"103743","test_mode":"1"}} 
[2025-09-03 14:58:18] local.INFO: Payment success page accessed  
[2025-09-03 14:58:18] local.INFO: Payment success session data: {"tenant_id":"25","plan_id":"1","payment_id":33} 
[2025-09-03 14:59:03] local.INFO: Paytr Callback Received: {"hash":"tZAJE4GQGXVefrvrwdEO36s2+mihOAPYGBsevlHmGaY=","merchant_oid":"SUB2511756877977","status":"success","total_amount":"1008000","payment_type":"card","payment_amount":"1008000","currency":"TL","installment_count":"1","merchant_id":"103743","test_mode":"1"} 
[2025-09-03 14:59:03] local.INFO: Callback Hash Verification: {"calculated_hash":"tZAJE4GQGXVefrvrwdEO36s2+mihOAPYGBsevlHmGaY=","received_hash":"tZAJE4GQGXVefrvrwdEO36s2+mihOAPYGBsevlHmGaY=","merchant_oid":"SUB2511756877977","status":"success","total_amount":"1008000"} 
[2025-09-03 14:59:03] local.INFO: Callback verification successful  
[2025-09-03 14:59:03] local.ERROR: Payment not found for order ID: SUB2511756877977  
[2025-09-03 14:59:04] local.INFO: Paytr Callback Received: {"hash":"amWK8U/TPO1SCd2GBJctfm/KU31h2eY51T5+78a+E3E=","merchant_oid":"SUB2511756879049","status":"success","total_amount":"1008000","payment_type":"card","payment_amount":"1008000","currency":"TL","installment_count":"1","merchant_id":"103743","test_mode":"1"} 
[2025-09-03 14:59:04] local.INFO: Callback Hash Verification: {"calculated_hash":"amWK8U/TPO1SCd2GBJctfm/KU31h2eY51T5+78a+E3E=","received_hash":"amWK8U/TPO1SCd2GBJctfm/KU31h2eY51T5+78a+E3E=","merchant_oid":"SUB2511756879049","status":"success","total_amount":"1008000"} 
[2025-09-03 14:59:04] local.INFO: Callback verification successful  
[2025-09-03 14:59:04] local.ERROR: Payment not found for order ID: SUB2511756879049  
[2025-09-03 14:59:04] local.INFO: Paytr Callback Received: {"hash":"3WARwMiT5LkHLybE8UTEmR1y2tYAZVh8KfSjqjeiJdM=","merchant_oid":"SUB2511756895469","status":"success","total_amount":"1008000","payment_type":"card","payment_amount":"1008000","currency":"TL","installment_count":"1","merchant_id":"103743","test_mode":"1"} 
[2025-09-03 14:59:04] local.INFO: Callback Hash Verification: {"calculated_hash":"3WARwMiT5LkHLybE8UTEmR1y2tYAZVh8KfSjqjeiJdM=","received_hash":"3WARwMiT5LkHLybE8UTEmR1y2tYAZVh8KfSjqjeiJdM=","merchant_oid":"SUB2511756895469","status":"success","total_amount":"1008000"} 
[2025-09-03 14:59:04] local.INFO: Callback verification successful  
[2025-09-03 14:59:04] local.ERROR: Payment not found for order ID: SUB2511756895469  
[2025-09-03 14:59:05] local.INFO: Paytr Callback Received: {"hash":"+ZooADuN24PE1wZFwnbGTe/JUS7AIxlb3Hrka2CUakk=","merchant_oid":"SUB2511756900686","status":"success","total_amount":"1008000","payment_type":"card","payment_amount":"1008000","currency":"TL","installment_count":"1","merchant_id":"103743","test_mode":"1"} 
[2025-09-03 14:59:05] local.INFO: Callback Hash Verification: {"calculated_hash":"+ZooADuN24PE1wZFwnbGTe/JUS7AIxlb3Hrka2CUakk=","received_hash":"+ZooADuN24PE1wZFwnbGTe/JUS7AIxlb3Hrka2CUakk=","merchant_oid":"SUB2511756900686","status":"success","total_amount":"1008000"} 
[2025-09-03 14:59:05] local.INFO: Callback verification successful  
[2025-09-03 14:59:05] local.INFO: Payment already processed: SUB2511756900686  
[2025-09-03 15:00:05] local.INFO: Paytr Callback Received: {"hash":"tZAJE4GQGXVefrvrwdEO36s2+mihOAPYGBsevlHmGaY=","merchant_oid":"SUB2511756877977","status":"success","total_amount":"1008000","payment_type":"card","payment_amount":"1008000","currency":"TL","installment_count":"1","merchant_id":"103743","test_mode":"1"} 
[2025-09-03 15:00:05] local.INFO: Callback Hash Verification: {"calculated_hash":"tZAJE4GQGXVefrvrwdEO36s2+mihOAPYGBsevlHmGaY=","received_hash":"tZAJE4GQGXVefrvrwdEO36s2+mihOAPYGBsevlHmGaY=","merchant_oid":"SUB2511756877977","status":"success","total_amount":"1008000"} 
[2025-09-03 15:00:05] local.INFO: Callback verification successful  
[2025-09-03 15:00:05] local.ERROR: Payment not found for order ID: SUB2511756877977  
[2025-09-03 15:00:05] local.INFO: Paytr Callback Received: {"hash":"amWK8U/TPO1SCd2GBJctfm/KU31h2eY51T5+78a+E3E=","merchant_oid":"SUB2511756879049","status":"success","total_amount":"1008000","payment_type":"card","payment_amount":"1008000","currency":"TL","installment_count":"1","merchant_id":"103743","test_mode":"1"} 
[2025-09-03 15:00:05] local.INFO: Callback Hash Verification: {"calculated_hash":"amWK8U/TPO1SCd2GBJctfm/KU31h2eY51T5+78a+E3E=","received_hash":"amWK8U/TPO1SCd2GBJctfm/KU31h2eY51T5+78a+E3E=","merchant_oid":"SUB2511756879049","status":"success","total_amount":"1008000"} 
[2025-09-03 15:00:05] local.INFO: Callback verification successful  
[2025-09-03 15:00:05] local.ERROR: Payment not found for order ID: SUB2511756879049  
[2025-09-03 15:00:06] local.INFO: Paytr Callback Received: {"hash":"3WARwMiT5LkHLybE8UTEmR1y2tYAZVh8KfSjqjeiJdM=","merchant_oid":"SUB2511756895469","status":"success","total_amount":"1008000","payment_type":"card","payment_amount":"1008000","currency":"TL","installment_count":"1","merchant_id":"103743","test_mode":"1"} 
[2025-09-03 15:00:06] local.INFO: Callback Hash Verification: {"calculated_hash":"3WARwMiT5LkHLybE8UTEmR1y2tYAZVh8KfSjqjeiJdM=","received_hash":"3WARwMiT5LkHLybE8UTEmR1y2tYAZVh8KfSjqjeiJdM=","merchant_oid":"SUB2511756895469","status":"success","total_amount":"1008000"} 
[2025-09-03 15:00:06] local.INFO: Callback verification successful  
[2025-09-03 15:00:06] local.ERROR: Payment not found for order ID: SUB2511756895469  
[2025-09-03 15:01:03] local.INFO: Paytr Callback Received: {"hash":"tZAJE4GQGXVefrvrwdEO36s2+mihOAPYGBsevlHmGaY=","merchant_oid":"SUB2511756877977","status":"success","total_amount":"1008000","payment_type":"card","payment_amount":"1008000","currency":"TL","installment_count":"1","merchant_id":"103743","test_mode":"1"} 
[2025-09-03 15:01:03] local.INFO: Callback Hash Verification: {"calculated_hash":"tZAJE4GQGXVefrvrwdEO36s2+mihOAPYGBsevlHmGaY=","received_hash":"tZAJE4GQGXVefrvrwdEO36s2+mihOAPYGBsevlHmGaY=","merchant_oid":"SUB2511756877977","status":"success","total_amount":"1008000"} 
[2025-09-03 15:01:03] local.INFO: Callback verification successful  
[2025-09-03 15:01:03] local.ERROR: Payment not found for order ID: SUB2511756877977  
[2025-09-03 15:01:04] local.INFO: Paytr Callback Received: {"hash":"amWK8U/TPO1SCd2GBJctfm/KU31h2eY51T5+78a+E3E=","merchant_oid":"SUB2511756879049","status":"success","total_amount":"1008000","payment_type":"card","payment_amount":"1008000","currency":"TL","installment_count":"1","merchant_id":"103743","test_mode":"1"} 
[2025-09-03 15:01:04] local.INFO: Callback Hash Verification: {"calculated_hash":"amWK8U/TPO1SCd2GBJctfm/KU31h2eY51T5+78a+E3E=","received_hash":"amWK8U/TPO1SCd2GBJctfm/KU31h2eY51T5+78a+E3E=","merchant_oid":"SUB2511756879049","status":"success","total_amount":"1008000"} 
[2025-09-03 15:01:04] local.INFO: Callback verification successful  
[2025-09-03 15:01:04] local.ERROR: Payment not found for order ID: SUB2511756879049  
[2025-09-03 15:01:04] local.INFO: Paytr Callback Received: {"hash":"3WARwMiT5LkHLybE8UTEmR1y2tYAZVh8KfSjqjeiJdM=","merchant_oid":"SUB2511756895469","status":"success","total_amount":"1008000","payment_type":"card","payment_amount":"1008000","currency":"TL","installment_count":"1","merchant_id":"103743","test_mode":"1"} 
[2025-09-03 15:01:04] local.INFO: Callback Hash Verification: {"calculated_hash":"3WARwMiT5LkHLybE8UTEmR1y2tYAZVh8KfSjqjeiJdM=","received_hash":"3WARwMiT5LkHLybE8UTEmR1y2tYAZVh8KfSjqjeiJdM=","merchant_oid":"SUB2511756895469","status":"success","total_amount":"1008000"} 
[2025-09-03 15:01:04] local.INFO: Callback verification successful  
[2025-09-03 15:01:04] local.ERROR: Payment not found for order ID: SUB2511756895469  
[2025-09-03 15:02:04] local.INFO: Paytr Callback Received: {"hash":"tZAJE4GQGXVefrvrwdEO36s2+mihOAPYGBsevlHmGaY=","merchant_oid":"SUB2511756877977","status":"success","total_amount":"1008000","payment_type":"card","payment_amount":"1008000","currency":"TL","installment_count":"1","merchant_id":"103743","test_mode":"1"} 
[2025-09-03 15:02:04] local.INFO: Callback Hash Verification: {"calculated_hash":"tZAJE4GQGXVefrvrwdEO36s2+mihOAPYGBsevlHmGaY=","received_hash":"tZAJE4GQGXVefrvrwdEO36s2+mihOAPYGBsevlHmGaY=","merchant_oid":"SUB2511756877977","status":"success","total_amount":"1008000"} 
[2025-09-03 15:02:04] local.INFO: Callback verification successful  
[2025-09-03 15:02:04] local.ERROR: Payment not found for order ID: SUB2511756877977  
[2025-09-03 15:02:04] local.INFO: Paytr Callback Received: {"hash":"amWK8U/TPO1SCd2GBJctfm/KU31h2eY51T5+78a+E3E=","merchant_oid":"SUB2511756879049","status":"success","total_amount":"1008000","payment_type":"card","payment_amount":"1008000","currency":"TL","installment_count":"1","merchant_id":"103743","test_mode":"1"} 
[2025-09-03 15:02:04] local.INFO: Callback Hash Verification: {"calculated_hash":"amWK8U/TPO1SCd2GBJctfm/KU31h2eY51T5+78a+E3E=","received_hash":"amWK8U/TPO1SCd2GBJctfm/KU31h2eY51T5+78a+E3E=","merchant_oid":"SUB2511756879049","status":"success","total_amount":"1008000"} 
[2025-09-03 15:02:04] local.INFO: Callback verification successful  
[2025-09-03 15:02:04] local.ERROR: Payment not found for order ID: SUB2511756879049  
[2025-09-03 15:02:05] local.INFO: Paytr Callback Received: {"hash":"3WARwMiT5LkHLybE8UTEmR1y2tYAZVh8KfSjqjeiJdM=","merchant_oid":"SUB2511756895469","status":"success","total_amount":"1008000","payment_type":"card","payment_amount":"1008000","currency":"TL","installment_count":"1","merchant_id":"103743","test_mode":"1"} 
[2025-09-03 15:02:05] local.INFO: Callback Hash Verification: {"calculated_hash":"3WARwMiT5LkHLybE8UTEmR1y2tYAZVh8KfSjqjeiJdM=","received_hash":"3WARwMiT5LkHLybE8UTEmR1y2tYAZVh8KfSjqjeiJdM=","merchant_oid":"SUB2511756895469","status":"success","total_amount":"1008000"} 
[2025-09-03 15:02:05] local.INFO: Callback verification successful  
[2025-09-03 15:02:05] local.ERROR: Payment not found for order ID: SUB2511756895469  
[2025-09-03 15:03:03] local.INFO: Paytr Callback Received: {"hash":"tZAJE4GQGXVefrvrwdEO36s2+mihOAPYGBsevlHmGaY=","merchant_oid":"SUB2511756877977","status":"success","total_amount":"1008000","payment_type":"card","payment_amount":"1008000","currency":"TL","installment_count":"1","merchant_id":"103743","test_mode":"1"} 
[2025-09-03 15:03:03] local.INFO: Callback Hash Verification: {"calculated_hash":"tZAJE4GQGXVefrvrwdEO36s2+mihOAPYGBsevlHmGaY=","received_hash":"tZAJE4GQGXVefrvrwdEO36s2+mihOAPYGBsevlHmGaY=","merchant_oid":"SUB2511756877977","status":"success","total_amount":"1008000"} 
[2025-09-03 15:03:03] local.INFO: Callback verification successful  
[2025-09-03 15:03:03] local.ERROR: Payment not found for order ID: SUB2511756877977  
[2025-09-03 15:03:04] local.INFO: Paytr Callback Received: {"hash":"amWK8U/TPO1SCd2GBJctfm/KU31h2eY51T5+78a+E3E=","merchant_oid":"SUB2511756879049","status":"success","total_amount":"1008000","payment_type":"card","payment_amount":"1008000","currency":"TL","installment_count":"1","merchant_id":"103743","test_mode":"1"} 
[2025-09-03 15:03:04] local.INFO: Callback Hash Verification: {"calculated_hash":"amWK8U/TPO1SCd2GBJctfm/KU31h2eY51T5+78a+E3E=","received_hash":"amWK8U/TPO1SCd2GBJctfm/KU31h2eY51T5+78a+E3E=","merchant_oid":"SUB2511756879049","status":"success","total_amount":"1008000"} 
[2025-09-03 15:03:04] local.INFO: Callback verification successful  
[2025-09-03 15:03:04] local.ERROR: Payment not found for order ID: SUB2511756879049  
[2025-09-03 15:03:04] local.INFO: Paytr Callback Received: {"hash":"3WARwMiT5LkHLybE8UTEmR1y2tYAZVh8KfSjqjeiJdM=","merchant_oid":"SUB2511756895469","status":"success","total_amount":"1008000","payment_type":"card","payment_amount":"1008000","currency":"TL","installment_count":"1","merchant_id":"103743","test_mode":"1"} 
[2025-09-03 15:03:04] local.INFO: Callback Hash Verification: {"calculated_hash":"3WARwMiT5LkHLybE8UTEmR1y2tYAZVh8KfSjqjeiJdM=","received_hash":"3WARwMiT5LkHLybE8UTEmR1y2tYAZVh8KfSjqjeiJdM=","merchant_oid":"SUB2511756895469","status":"success","total_amount":"1008000"} 
[2025-09-03 15:03:04] local.INFO: Callback verification successful  
[2025-09-03 15:03:04] local.ERROR: Payment not found for order ID: SUB2511756895469  
[2025-09-03 15:04:04] local.INFO: Paytr Callback Received: {"hash":"tZAJE4GQGXVefrvrwdEO36s2+mihOAPYGBsevlHmGaY=","merchant_oid":"SUB2511756877977","status":"success","total_amount":"1008000","payment_type":"card","payment_amount":"1008000","currency":"TL","installment_count":"1","merchant_id":"103743","test_mode":"1"} 
[2025-09-03 15:04:04] local.INFO: Callback Hash Verification: {"calculated_hash":"tZAJE4GQGXVefrvrwdEO36s2+mihOAPYGBsevlHmGaY=","received_hash":"tZAJE4GQGXVefrvrwdEO36s2+mihOAPYGBsevlHmGaY=","merchant_oid":"SUB2511756877977","status":"success","total_amount":"1008000"} 
[2025-09-03 15:04:04] local.INFO: Callback verification successful  
[2025-09-03 15:04:04] local.ERROR: Payment not found for order ID: SUB2511756877977  
[2025-09-03 15:04:05] local.INFO: Paytr Callback Received: {"hash":"amWK8U/TPO1SCd2GBJctfm/KU31h2eY51T5+78a+E3E=","merchant_oid":"SUB2511756879049","status":"success","total_amount":"1008000","payment_type":"card","payment_amount":"1008000","currency":"TL","installment_count":"1","merchant_id":"103743","test_mode":"1"} 
[2025-09-03 15:04:05] local.INFO: Callback Hash Verification: {"calculated_hash":"amWK8U/TPO1SCd2GBJctfm/KU31h2eY51T5+78a+E3E=","received_hash":"amWK8U/TPO1SCd2GBJctfm/KU31h2eY51T5+78a+E3E=","merchant_oid":"SUB2511756879049","status":"success","total_amount":"1008000"} 
[2025-09-03 15:04:05] local.INFO: Callback verification successful  
[2025-09-03 15:04:05] local.ERROR: Payment not found for order ID: SUB2511756879049  
[2025-09-03 15:04:06] local.INFO: Paytr Callback Received: {"hash":"3WARwMiT5LkHLybE8UTEmR1y2tYAZVh8KfSjqjeiJdM=","merchant_oid":"SUB2511756895469","status":"success","total_amount":"1008000","payment_type":"card","payment_amount":"1008000","currency":"TL","installment_count":"1","merchant_id":"103743","test_mode":"1"} 
[2025-09-03 15:04:06] local.INFO: Callback Hash Verification: {"calculated_hash":"3WARwMiT5LkHLybE8UTEmR1y2tYAZVh8KfSjqjeiJdM=","received_hash":"3WARwMiT5LkHLybE8UTEmR1y2tYAZVh8KfSjqjeiJdM=","merchant_oid":"SUB2511756895469","status":"success","total_amount":"1008000"} 
[2025-09-03 15:04:06] local.INFO: Callback verification successful  
[2025-09-03 15:04:06] local.ERROR: Payment not found for order ID: SUB2511756895469  
[2025-09-03 15:05:05] local.INFO: Paytr Callback Received: {"hash":"tZAJE4GQGXVefrvrwdEO36s2+mihOAPYGBsevlHmGaY=","merchant_oid":"SUB2511756877977","status":"success","total_amount":"1008000","payment_type":"card","payment_amount":"1008000","currency":"TL","installment_count":"1","merchant_id":"103743","test_mode":"1"} 
[2025-09-03 15:05:05] local.INFO: Callback Hash Verification: {"calculated_hash":"tZAJE4GQGXVefrvrwdEO36s2+mihOAPYGBsevlHmGaY=","received_hash":"tZAJE4GQGXVefrvrwdEO36s2+mihOAPYGBsevlHmGaY=","merchant_oid":"SUB2511756877977","status":"success","total_amount":"1008000"} 
[2025-09-03 15:05:05] local.INFO: Callback verification successful  
[2025-09-03 15:05:05] local.ERROR: Payment not found for order ID: SUB2511756877977  
[2025-09-03 15:05:05] local.INFO: Paytr Callback Received: {"hash":"amWK8U/TPO1SCd2GBJctfm/KU31h2eY51T5+78a+E3E=","merchant_oid":"SUB2511756879049","status":"success","total_amount":"1008000","payment_type":"card","payment_amount":"1008000","currency":"TL","installment_count":"1","merchant_id":"103743","test_mode":"1"} 
[2025-09-03 15:05:05] local.INFO: Callback Hash Verification: {"calculated_hash":"amWK8U/TPO1SCd2GBJctfm/KU31h2eY51T5+78a+E3E=","received_hash":"amWK8U/TPO1SCd2GBJctfm/KU31h2eY51T5+78a+E3E=","merchant_oid":"SUB2511756879049","status":"success","total_amount":"1008000"} 
[2025-09-03 15:05:05] local.INFO: Callback verification successful  
[2025-09-03 15:05:05] local.ERROR: Payment not found for order ID: SUB2511756879049  
[2025-09-03 15:05:06] local.INFO: Paytr Callback Received: {"hash":"3WARwMiT5LkHLybE8UTEmR1y2tYAZVh8KfSjqjeiJdM=","merchant_oid":"SUB2511756895469","status":"success","total_amount":"1008000","payment_type":"card","payment_amount":"1008000","currency":"TL","installment_count":"1","merchant_id":"103743","test_mode":"1"} 
[2025-09-03 15:05:06] local.INFO: Callback Hash Verification: {"calculated_hash":"3WARwMiT5LkHLybE8UTEmR1y2tYAZVh8KfSjqjeiJdM=","received_hash":"3WARwMiT5LkHLybE8UTEmR1y2tYAZVh8KfSjqjeiJdM=","merchant_oid":"SUB2511756895469","status":"success","total_amount":"1008000"} 
[2025-09-03 15:05:06] local.INFO: Callback verification successful  
[2025-09-03 15:05:06] local.ERROR: Payment not found for order ID: SUB2511756895469  
[2025-09-03 15:06:04] local.INFO: Paytr Callback Received: {"hash":"tZAJE4GQGXVefrvrwdEO36s2+mihOAPYGBsevlHmGaY=","merchant_oid":"SUB2511756877977","status":"success","total_amount":"1008000","payment_type":"card","payment_amount":"1008000","currency":"TL","installment_count":"1","merchant_id":"103743","test_mode":"1"} 
[2025-09-03 15:06:04] local.INFO: Callback Hash Verification: {"calculated_hash":"tZAJE4GQGXVefrvrwdEO36s2+mihOAPYGBsevlHmGaY=","received_hash":"tZAJE4GQGXVefrvrwdEO36s2+mihOAPYGBsevlHmGaY=","merchant_oid":"SUB2511756877977","status":"success","total_amount":"1008000"} 
[2025-09-03 15:06:04] local.INFO: Callback verification successful  
[2025-09-03 15:06:04] local.ERROR: Payment not found for order ID: SUB2511756877977  
[2025-09-03 15:06:04] local.INFO: Paytr Callback Received: {"hash":"amWK8U/TPO1SCd2GBJctfm/KU31h2eY51T5+78a+E3E=","merchant_oid":"SUB2511756879049","status":"success","total_amount":"1008000","payment_type":"card","payment_amount":"1008000","currency":"TL","installment_count":"1","merchant_id":"103743","test_mode":"1"} 
[2025-09-03 15:06:04] local.INFO: Callback Hash Verification: {"calculated_hash":"amWK8U/TPO1SCd2GBJctfm/KU31h2eY51T5+78a+E3E=","received_hash":"amWK8U/TPO1SCd2GBJctfm/KU31h2eY51T5+78a+E3E=","merchant_oid":"SUB2511756879049","status":"success","total_amount":"1008000"} 
[2025-09-03 15:06:04] local.INFO: Callback verification successful  
[2025-09-03 15:06:04] local.ERROR: Payment not found for order ID: SUB2511756879049  
[2025-09-03 15:06:05] local.INFO: Paytr Callback Received: {"hash":"3WARwMiT5LkHLybE8UTEmR1y2tYAZVh8KfSjqjeiJdM=","merchant_oid":"SUB2511756895469","status":"success","total_amount":"1008000","payment_type":"card","payment_amount":"1008000","currency":"TL","installment_count":"1","merchant_id":"103743","test_mode":"1"} 
[2025-09-03 15:06:05] local.INFO: Callback Hash Verification: {"calculated_hash":"3WARwMiT5LkHLybE8UTEmR1y2tYAZVh8KfSjqjeiJdM=","received_hash":"3WARwMiT5LkHLybE8UTEmR1y2tYAZVh8KfSjqjeiJdM=","merchant_oid":"SUB2511756895469","status":"success","total_amount":"1008000"} 
[2025-09-03 15:06:05] local.INFO: Callback verification successful  
[2025-09-03 15:06:05] local.ERROR: Payment not found for order ID: SUB2511756895469  
[2025-09-03 15:07:03] local.INFO: Paytr Callback Received: {"hash":"tZAJE4GQGXVefrvrwdEO36s2+mihOAPYGBsevlHmGaY=","merchant_oid":"SUB2511756877977","status":"success","total_amount":"1008000","payment_type":"card","payment_amount":"1008000","currency":"TL","installment_count":"1","merchant_id":"103743","test_mode":"1"} 
[2025-09-03 15:07:03] local.INFO: Callback Hash Verification: {"calculated_hash":"tZAJE4GQGXVefrvrwdEO36s2+mihOAPYGBsevlHmGaY=","received_hash":"tZAJE4GQGXVefrvrwdEO36s2+mihOAPYGBsevlHmGaY=","merchant_oid":"SUB2511756877977","status":"success","total_amount":"1008000"} 
[2025-09-03 15:07:03] local.INFO: Callback verification successful  
[2025-09-03 15:07:03] local.ERROR: Payment not found for order ID: SUB2511756877977  
[2025-09-03 15:07:04] local.INFO: Paytr Callback Received: {"hash":"amWK8U/TPO1SCd2GBJctfm/KU31h2eY51T5+78a+E3E=","merchant_oid":"SUB2511756879049","status":"success","total_amount":"1008000","payment_type":"card","payment_amount":"1008000","currency":"TL","installment_count":"1","merchant_id":"103743","test_mode":"1"} 
[2025-09-03 15:07:04] local.INFO: Callback Hash Verification: {"calculated_hash":"amWK8U/TPO1SCd2GBJctfm/KU31h2eY51T5+78a+E3E=","received_hash":"amWK8U/TPO1SCd2GBJctfm/KU31h2eY51T5+78a+E3E=","merchant_oid":"SUB2511756879049","status":"success","total_amount":"1008000"} 
[2025-09-03 15:07:04] local.INFO: Callback verification successful  
[2025-09-03 15:07:04] local.ERROR: Payment not found for order ID: SUB2511756879049  
[2025-09-03 15:07:04] local.INFO: Paytr Callback Received: {"hash":"3WARwMiT5LkHLybE8UTEmR1y2tYAZVh8KfSjqjeiJdM=","merchant_oid":"SUB2511756895469","status":"success","total_amount":"1008000","payment_type":"card","payment_amount":"1008000","currency":"TL","installment_count":"1","merchant_id":"103743","test_mode":"1"} 
[2025-09-03 15:07:04] local.INFO: Callback Hash Verification: {"calculated_hash":"3WARwMiT5LkHLybE8UTEmR1y2tYAZVh8KfSjqjeiJdM=","received_hash":"3WARwMiT5LkHLybE8UTEmR1y2tYAZVh8KfSjqjeiJdM=","merchant_oid":"SUB2511756895469","status":"success","total_amount":"1008000"} 
[2025-09-03 15:07:04] local.INFO: Callback verification successful  
[2025-09-03 15:07:05] local.ERROR: Payment not found for order ID: SUB2511756895469  
[2025-09-03 15:07:45] local.INFO: initiatePayment called {"tenant_id":"25","planid":"1","request_data":[]} 
[2025-09-03 15:07:45] local.INFO: Session data check {"planData":{"id":1,"name":"Başlangıç","slug":"basic","icon":"fa fa-adjust","description":"Küçük işletmeler için temel özellikler  
<ul>
<li>Max. 3 Kullanıcı</li>
<li>&nbsp;2 GB Depolama Alanı</li>
<li>&nbsp;Sınırsız Servis Kaydı</li>
<li>&nbsp;Detaylı Servis Arama</li>
<li>&nbsp;Detaylı Servis Raporlama</li>
<li>&nbsp;Detaylı Prim Hesaplama</li>
<li>&nbsp;Toplu Servis Planlama</li>
<li>&nbsp;Servis Fişi Yazdırma</li>
<li>&nbsp;Detaylı İstatistikler</li>
<li>&nbsp;Sınırsız Kasa Kaydı</li>
</ul>","price":"8400.00","billing_cycle":"yearly","features":{"tickets":true,"basic_reports":false},"limits":{"users":2,"dealers":0,"stocks":10,"konsinye":1,"tickets_per_month":50,"storage_gb":1},"trial_days":14,"is_active":true,"is_popular":false,"sort_order":0,"created_at":null,"updated_at":null},"billingData":{"billing_type":"bireysel","first_name":"Gökhan Türkmen","email":"deneme@deneme.com","phone":"563 434 34 34","il":"69","ilce":"830","address":null,"identity_number":null,"tax_office":null,"tax_number":"5555432323"}} 
[2025-09-03 15:07:45] local.INFO: Paytr Config Check {"merchant_id":"103743","merchant_key":"SET","merchant_salt":"SET"} 
[2025-09-03 15:07:45] local.INFO: Order data prepared {"tenant":25,"order_id":"SUB2511756901265","email":"deneme@deneme.com","amount":10080.0,"user_name":"Gökhan Türkmen","user_address":"69/830","user_phone":"563 434 34 34","basket":[["Başlangıç - Abonelik Paketi","8400.00",1]],"success_url":"http://127.0.0.1:8000/payment/success","fail_url":"http://127.0.0.1:8000/payment/fail"} 
[2025-09-03 15:07:45] local.INFO: Payment record created {"payment_id":34} 
[2025-09-03 15:07:45] local.INFO: Calling Paytr API...  
[2025-09-03 15:07:45] local.INFO: PayTR Request Data: {"merchant_id":"103743","order_id":"SUB2511756901265","amount":1008000,"user_ip":"78.190.145.61","hash_string":"10374378.190.145.61SUB2511756901265deneme@deneme.com1008000W1siQmFcdTAxNWZsYW5nXHUwMTMxXHUwMGU3IC0gQWJvbmVsaWsgUGFrZXRpIiwiODQwMC4wMCIsMV1d10TL1","token":"HJQzNTtmM2D+Ojf2O2sOz7eiV82KaoTcr9lc6M8Da9w="} 
[2025-09-03 15:07:45] local.INFO: PayTR API Response: {"status":"success","token":"eaab5b70f9ac68a620a0d063ec1fe6ac129d95f5a409220960ea05bbd9890a57-667482351"} 
[2025-09-03 15:07:45] local.INFO: Paytr API Response {"success":true,"token":"eaab5b70f9ac68a620a0d063ec1fe6ac129d95f5a409220960ea05bbd9890a57-667482351","iframe_url":"https://www.paytr.com/odeme/guvenli/eaab5b70f9ac68a620a0d063ec1fe6ac129d95f5a409220960ea05bbd9890a57-667482351"} 
[2025-09-03 15:07:45] local.INFO: Paytr success, redirecting to iframe  
[2025-09-03 15:07:51] local.INFO: Paytr Callback Received: {"hash":"hgW0XNsgfDTAPbuNGw1H5dvxixQtoQ4kHm0DjhCka4g=","merchant_oid":"SUB2511756901265","status":"success","total_amount":"1008000","payment_type":"card","payment_amount":"1008000","currency":"TL","installment_count":"1","merchant_id":"103743","test_mode":"1"} 
[2025-09-03 15:07:51] local.INFO: Callback Hash Verification: {"calculated_hash":"hgW0XNsgfDTAPbuNGw1H5dvxixQtoQ4kHm0DjhCka4g=","received_hash":"hgW0XNsgfDTAPbuNGw1H5dvxixQtoQ4kHm0DjhCka4g=","merchant_oid":"SUB2511756901265","status":"success","total_amount":"1008000"} 
[2025-09-03 15:07:51] local.INFO: Callback verification successful  
[2025-09-03 15:07:51] local.INFO: Payment found {"payment_id":34,"current_status":"pending","tenant_id":25} 
[2025-09-03 15:07:51] local.INFO: Processing successful payment {"merchant_oid":"SUB2511756901265","transaction_id":"N/A"} 
[2025-09-03 15:07:51] local.INFO: Payment record updated to completed  
[2025-09-03 15:07:51] local.WARNING: Session data not available in callback, trying to reconstruct from payment  
[2025-09-03 15:07:51] local.INFO: Reconstructing session from payment {"payment_id":34} 
[2025-09-03 15:07:51] local.ERROR: Session reconstruction failed {"error":"No order_data found in gateway_response","payment_id":34} 
[2025-09-03 15:07:51] local.ERROR: Cannot complete subscription: session data still missing after reconstruction  
[2025-09-03 15:07:54] local.INFO: Payment success page accessed  
[2025-09-03 15:07:54] local.INFO: Payment success session data: {"tenant_id":"25","plan_id":"1","payment_id":34} 
[2025-09-03 15:08:03] local.INFO: Paytr Callback Received: {"hash":"tZAJE4GQGXVefrvrwdEO36s2+mihOAPYGBsevlHmGaY=","merchant_oid":"SUB2511756877977","status":"success","total_amount":"1008000","payment_type":"card","payment_amount":"1008000","currency":"TL","installment_count":"1","merchant_id":"103743","test_mode":"1"} 
[2025-09-03 15:08:03] local.INFO: Callback Hash Verification: {"calculated_hash":"tZAJE4GQGXVefrvrwdEO36s2+mihOAPYGBsevlHmGaY=","received_hash":"tZAJE4GQGXVefrvrwdEO36s2+mihOAPYGBsevlHmGaY=","merchant_oid":"SUB2511756877977","status":"success","total_amount":"1008000"} 
[2025-09-03 15:08:03] local.INFO: Callback verification successful  
[2025-09-03 15:08:03] local.ERROR: Payment not found for order ID: SUB2511756877977  
[2025-09-03 15:08:04] local.INFO: Paytr Callback Received: {"hash":"amWK8U/TPO1SCd2GBJctfm/KU31h2eY51T5+78a+E3E=","merchant_oid":"SUB2511756879049","status":"success","total_amount":"1008000","payment_type":"card","payment_amount":"1008000","currency":"TL","installment_count":"1","merchant_id":"103743","test_mode":"1"} 
[2025-09-03 15:08:04] local.INFO: Callback Hash Verification: {"calculated_hash":"amWK8U/TPO1SCd2GBJctfm/KU31h2eY51T5+78a+E3E=","received_hash":"amWK8U/TPO1SCd2GBJctfm/KU31h2eY51T5+78a+E3E=","merchant_oid":"SUB2511756879049","status":"success","total_amount":"1008000"} 
[2025-09-03 15:08:04] local.INFO: Callback verification successful  
[2025-09-03 15:08:04] local.ERROR: Payment not found for order ID: SUB2511756879049  
[2025-09-03 15:08:05] local.INFO: Paytr Callback Received: {"hash":"3WARwMiT5LkHLybE8UTEmR1y2tYAZVh8KfSjqjeiJdM=","merchant_oid":"SUB2511756895469","status":"success","total_amount":"1008000","payment_type":"card","payment_amount":"1008000","currency":"TL","installment_count":"1","merchant_id":"103743","test_mode":"1"} 
[2025-09-03 15:08:05] local.INFO: Callback Hash Verification: {"calculated_hash":"3WARwMiT5LkHLybE8UTEmR1y2tYAZVh8KfSjqjeiJdM=","received_hash":"3WARwMiT5LkHLybE8UTEmR1y2tYAZVh8KfSjqjeiJdM=","merchant_oid":"SUB2511756895469","status":"success","total_amount":"1008000"} 
[2025-09-03 15:08:05] local.INFO: Callback verification successful  
[2025-09-03 15:08:05] local.ERROR: Payment not found for order ID: SUB2511756895469  
[2025-09-03 15:09:03] local.INFO: Paytr Callback Received: {"hash":"tZAJE4GQGXVefrvrwdEO36s2+mihOAPYGBsevlHmGaY=","merchant_oid":"SUB2511756877977","status":"success","total_amount":"1008000","payment_type":"card","payment_amount":"1008000","currency":"TL","installment_count":"1","merchant_id":"103743","test_mode":"1"} 
[2025-09-03 15:09:03] local.INFO: Callback Hash Verification: {"calculated_hash":"tZAJE4GQGXVefrvrwdEO36s2+mihOAPYGBsevlHmGaY=","received_hash":"tZAJE4GQGXVefrvrwdEO36s2+mihOAPYGBsevlHmGaY=","merchant_oid":"SUB2511756877977","status":"success","total_amount":"1008000"} 
[2025-09-03 15:09:03] local.INFO: Callback verification successful  
[2025-09-03 15:09:03] local.ERROR: Payment not found for order ID: SUB2511756877977  
[2025-09-03 15:09:04] local.INFO: Paytr Callback Received: {"hash":"amWK8U/TPO1SCd2GBJctfm/KU31h2eY51T5+78a+E3E=","merchant_oid":"SUB2511756879049","status":"success","total_amount":"1008000","payment_type":"card","payment_amount":"1008000","currency":"TL","installment_count":"1","merchant_id":"103743","test_mode":"1"} 
[2025-09-03 15:09:04] local.INFO: Callback Hash Verification: {"calculated_hash":"amWK8U/TPO1SCd2GBJctfm/KU31h2eY51T5+78a+E3E=","received_hash":"amWK8U/TPO1SCd2GBJctfm/KU31h2eY51T5+78a+E3E=","merchant_oid":"SUB2511756879049","status":"success","total_amount":"1008000"} 
[2025-09-03 15:09:04] local.INFO: Callback verification successful  
[2025-09-03 15:09:04] local.ERROR: Payment not found for order ID: SUB2511756879049  
[2025-09-03 15:09:04] local.INFO: Paytr Callback Received: {"hash":"3WARwMiT5LkHLybE8UTEmR1y2tYAZVh8KfSjqjeiJdM=","merchant_oid":"SUB2511756895469","status":"success","total_amount":"1008000","payment_type":"card","payment_amount":"1008000","currency":"TL","installment_count":"1","merchant_id":"103743","test_mode":"1"} 
[2025-09-03 15:09:04] local.INFO: Callback Hash Verification: {"calculated_hash":"3WARwMiT5LkHLybE8UTEmR1y2tYAZVh8KfSjqjeiJdM=","received_hash":"3WARwMiT5LkHLybE8UTEmR1y2tYAZVh8KfSjqjeiJdM=","merchant_oid":"SUB2511756895469","status":"success","total_amount":"1008000"} 
[2025-09-03 15:09:04] local.INFO: Callback verification successful  
[2025-09-03 15:09:04] local.ERROR: Payment not found for order ID: SUB2511756895469  
[2025-09-03 15:10:05] local.INFO: Paytr Callback Received: {"hash":"tZAJE4GQGXVefrvrwdEO36s2+mihOAPYGBsevlHmGaY=","merchant_oid":"SUB2511756877977","status":"success","total_amount":"1008000","payment_type":"card","payment_amount":"1008000","currency":"TL","installment_count":"1","merchant_id":"103743","test_mode":"1"} 
[2025-09-03 15:10:05] local.INFO: Callback Hash Verification: {"calculated_hash":"tZAJE4GQGXVefrvrwdEO36s2+mihOAPYGBsevlHmGaY=","received_hash":"tZAJE4GQGXVefrvrwdEO36s2+mihOAPYGBsevlHmGaY=","merchant_oid":"SUB2511756877977","status":"success","total_amount":"1008000"} 
[2025-09-03 15:10:05] local.INFO: Callback verification successful  
[2025-09-03 15:10:05] local.ERROR: Payment not found for order ID: SUB2511756877977  
[2025-09-03 15:10:05] local.INFO: Paytr Callback Received: {"hash":"amWK8U/TPO1SCd2GBJctfm/KU31h2eY51T5+78a+E3E=","merchant_oid":"SUB2511756879049","status":"success","total_amount":"1008000","payment_type":"card","payment_amount":"1008000","currency":"TL","installment_count":"1","merchant_id":"103743","test_mode":"1"} 
[2025-09-03 15:10:05] local.INFO: Callback Hash Verification: {"calculated_hash":"amWK8U/TPO1SCd2GBJctfm/KU31h2eY51T5+78a+E3E=","received_hash":"amWK8U/TPO1SCd2GBJctfm/KU31h2eY51T5+78a+E3E=","merchant_oid":"SUB2511756879049","status":"success","total_amount":"1008000"} 
[2025-09-03 15:10:05] local.INFO: Callback verification successful  
[2025-09-03 15:10:05] local.ERROR: Payment not found for order ID: SUB2511756879049  
[2025-09-03 15:10:06] local.INFO: Paytr Callback Received: {"hash":"3WARwMiT5LkHLybE8UTEmR1y2tYAZVh8KfSjqjeiJdM=","merchant_oid":"SUB2511756895469","status":"success","total_amount":"1008000","payment_type":"card","payment_amount":"1008000","currency":"TL","installment_count":"1","merchant_id":"103743","test_mode":"1"} 
[2025-09-03 15:10:06] local.INFO: Callback Hash Verification: {"calculated_hash":"3WARwMiT5LkHLybE8UTEmR1y2tYAZVh8KfSjqjeiJdM=","received_hash":"3WARwMiT5LkHLybE8UTEmR1y2tYAZVh8KfSjqjeiJdM=","merchant_oid":"SUB2511756895469","status":"success","total_amount":"1008000"} 
[2025-09-03 15:10:06] local.INFO: Callback verification successful  
[2025-09-03 15:10:06] local.ERROR: Payment not found for order ID: SUB2511756895469  
[2025-09-03 15:11:03] local.INFO: Paytr Callback Received: {"hash":"tZAJE4GQGXVefrvrwdEO36s2+mihOAPYGBsevlHmGaY=","merchant_oid":"SUB2511756877977","status":"success","total_amount":"1008000","payment_type":"card","payment_amount":"1008000","currency":"TL","installment_count":"1","merchant_id":"103743","test_mode":"1"} 
[2025-09-03 15:11:03] local.INFO: Callback Hash Verification: {"calculated_hash":"tZAJE4GQGXVefrvrwdEO36s2+mihOAPYGBsevlHmGaY=","received_hash":"tZAJE4GQGXVefrvrwdEO36s2+mihOAPYGBsevlHmGaY=","merchant_oid":"SUB2511756877977","status":"success","total_amount":"1008000"} 
[2025-09-03 15:11:03] local.INFO: Callback verification successful  
[2025-09-03 15:11:03] local.ERROR: Payment not found for order ID: SUB2511756877977  
[2025-09-03 15:11:04] local.INFO: Paytr Callback Received: {"hash":"amWK8U/TPO1SCd2GBJctfm/KU31h2eY51T5+78a+E3E=","merchant_oid":"SUB2511756879049","status":"success","total_amount":"1008000","payment_type":"card","payment_amount":"1008000","currency":"TL","installment_count":"1","merchant_id":"103743","test_mode":"1"} 
[2025-09-03 15:11:04] local.INFO: Callback Hash Verification: {"calculated_hash":"amWK8U/TPO1SCd2GBJctfm/KU31h2eY51T5+78a+E3E=","received_hash":"amWK8U/TPO1SCd2GBJctfm/KU31h2eY51T5+78a+E3E=","merchant_oid":"SUB2511756879049","status":"success","total_amount":"1008000"} 
[2025-09-03 15:11:04] local.INFO: Callback verification successful  
[2025-09-03 15:11:04] local.ERROR: Payment not found for order ID: SUB2511756879049  
[2025-09-03 15:11:04] local.INFO: Paytr Callback Received: {"hash":"3WARwMiT5LkHLybE8UTEmR1y2tYAZVh8KfSjqjeiJdM=","merchant_oid":"SUB2511756895469","status":"success","total_amount":"1008000","payment_type":"card","payment_amount":"1008000","currency":"TL","installment_count":"1","merchant_id":"103743","test_mode":"1"} 
[2025-09-03 15:11:04] local.INFO: Callback Hash Verification: {"calculated_hash":"3WARwMiT5LkHLybE8UTEmR1y2tYAZVh8KfSjqjeiJdM=","received_hash":"3WARwMiT5LkHLybE8UTEmR1y2tYAZVh8KfSjqjeiJdM=","merchant_oid":"SUB2511756895469","status":"success","total_amount":"1008000"} 
[2025-09-03 15:11:05] local.INFO: Callback verification successful  
[2025-09-03 15:11:05] local.ERROR: Payment not found for order ID: SUB2511756895469  
[2025-09-03 15:12:04] local.INFO: Paytr Callback Received: {"hash":"tZAJE4GQGXVefrvrwdEO36s2+mihOAPYGBsevlHmGaY=","merchant_oid":"SUB2511756877977","status":"success","total_amount":"1008000","payment_type":"card","payment_amount":"1008000","currency":"TL","installment_count":"1","merchant_id":"103743","test_mode":"1"} 
[2025-09-03 15:12:04] local.INFO: Callback Hash Verification: {"calculated_hash":"tZAJE4GQGXVefrvrwdEO36s2+mihOAPYGBsevlHmGaY=","received_hash":"tZAJE4GQGXVefrvrwdEO36s2+mihOAPYGBsevlHmGaY=","merchant_oid":"SUB2511756877977","status":"success","total_amount":"1008000"} 
[2025-09-03 15:12:04] local.INFO: Callback verification successful  
[2025-09-03 15:12:04] local.ERROR: Payment not found for order ID: SUB2511756877977  
[2025-09-03 15:12:04] local.INFO: Paytr Callback Received: {"hash":"amWK8U/TPO1SCd2GBJctfm/KU31h2eY51T5+78a+E3E=","merchant_oid":"SUB2511756879049","status":"success","total_amount":"1008000","payment_type":"card","payment_amount":"1008000","currency":"TL","installment_count":"1","merchant_id":"103743","test_mode":"1"} 
[2025-09-03 15:12:04] local.INFO: Callback Hash Verification: {"calculated_hash":"amWK8U/TPO1SCd2GBJctfm/KU31h2eY51T5+78a+E3E=","received_hash":"amWK8U/TPO1SCd2GBJctfm/KU31h2eY51T5+78a+E3E=","merchant_oid":"SUB2511756879049","status":"success","total_amount":"1008000"} 
[2025-09-03 15:12:04] local.INFO: Callback verification successful  
[2025-09-03 15:12:04] local.ERROR: Payment not found for order ID: SUB2511756879049  
[2025-09-03 15:12:05] local.INFO: Paytr Callback Received: {"hash":"3WARwMiT5LkHLybE8UTEmR1y2tYAZVh8KfSjqjeiJdM=","merchant_oid":"SUB2511756895469","status":"success","total_amount":"1008000","payment_type":"card","payment_amount":"1008000","currency":"TL","installment_count":"1","merchant_id":"103743","test_mode":"1"} 
[2025-09-03 15:12:05] local.INFO: Callback Hash Verification: {"calculated_hash":"3WARwMiT5LkHLybE8UTEmR1y2tYAZVh8KfSjqjeiJdM=","received_hash":"3WARwMiT5LkHLybE8UTEmR1y2tYAZVh8KfSjqjeiJdM=","merchant_oid":"SUB2511756895469","status":"success","total_amount":"1008000"} 
[2025-09-03 15:12:05] local.INFO: Callback verification successful  
[2025-09-03 15:12:05] local.ERROR: Payment not found for order ID: SUB2511756895469  
[2025-09-03 15:13:03] local.INFO: Paytr Callback Received: {"hash":"tZAJE4GQGXVefrvrwdEO36s2+mihOAPYGBsevlHmGaY=","merchant_oid":"SUB2511756877977","status":"success","total_amount":"1008000","payment_type":"card","payment_amount":"1008000","currency":"TL","installment_count":"1","merchant_id":"103743","test_mode":"1"} 
[2025-09-03 15:13:03] local.INFO: Callback Hash Verification: {"calculated_hash":"tZAJE4GQGXVefrvrwdEO36s2+mihOAPYGBsevlHmGaY=","received_hash":"tZAJE4GQGXVefrvrwdEO36s2+mihOAPYGBsevlHmGaY=","merchant_oid":"SUB2511756877977","status":"success","total_amount":"1008000"} 
[2025-09-03 15:13:03] local.INFO: Callback verification successful  
[2025-09-03 15:13:03] local.ERROR: Payment not found for order ID: SUB2511756877977  
[2025-09-03 15:13:04] local.INFO: Paytr Callback Received: {"hash":"amWK8U/TPO1SCd2GBJctfm/KU31h2eY51T5+78a+E3E=","merchant_oid":"SUB2511756879049","status":"success","total_amount":"1008000","payment_type":"card","payment_amount":"1008000","currency":"TL","installment_count":"1","merchant_id":"103743","test_mode":"1"} 
[2025-09-03 15:13:04] local.INFO: Callback Hash Verification: {"calculated_hash":"amWK8U/TPO1SCd2GBJctfm/KU31h2eY51T5+78a+E3E=","received_hash":"amWK8U/TPO1SCd2GBJctfm/KU31h2eY51T5+78a+E3E=","merchant_oid":"SUB2511756879049","status":"success","total_amount":"1008000"} 
[2025-09-03 15:13:04] local.INFO: Callback verification successful  
[2025-09-03 15:13:04] local.ERROR: Payment not found for order ID: SUB2511756879049  
[2025-09-03 15:13:04] local.INFO: Paytr Callback Received: {"hash":"3WARwMiT5LkHLybE8UTEmR1y2tYAZVh8KfSjqjeiJdM=","merchant_oid":"SUB2511756895469","status":"success","total_amount":"1008000","payment_type":"card","payment_amount":"1008000","currency":"TL","installment_count":"1","merchant_id":"103743","test_mode":"1"} 
[2025-09-03 15:13:04] local.INFO: Callback Hash Verification: {"calculated_hash":"3WARwMiT5LkHLybE8UTEmR1y2tYAZVh8KfSjqjeiJdM=","received_hash":"3WARwMiT5LkHLybE8UTEmR1y2tYAZVh8KfSjqjeiJdM=","merchant_oid":"SUB2511756895469","status":"success","total_amount":"1008000"} 
[2025-09-03 15:13:04] local.INFO: Callback verification successful  
[2025-09-03 15:13:04] local.ERROR: Payment not found for order ID: SUB2511756895469  
[2025-09-03 15:14:04] local.INFO: Paytr Callback Received: {"hash":"tZAJE4GQGXVefrvrwdEO36s2+mihOAPYGBsevlHmGaY=","merchant_oid":"SUB2511756877977","status":"success","total_amount":"1008000","payment_type":"card","payment_amount":"1008000","currency":"TL","installment_count":"1","merchant_id":"103743","test_mode":"1"} 
[2025-09-03 15:14:04] local.INFO: Callback Hash Verification: {"calculated_hash":"tZAJE4GQGXVefrvrwdEO36s2+mihOAPYGBsevlHmGaY=","received_hash":"tZAJE4GQGXVefrvrwdEO36s2+mihOAPYGBsevlHmGaY=","merchant_oid":"SUB2511756877977","status":"success","total_amount":"1008000"} 
[2025-09-03 15:14:04] local.INFO: Callback verification successful  
[2025-09-03 15:14:04] local.ERROR: Payment not found for order ID: SUB2511756877977  
[2025-09-03 15:14:04] local.INFO: Paytr Callback Received: {"hash":"amWK8U/TPO1SCd2GBJctfm/KU31h2eY51T5+78a+E3E=","merchant_oid":"SUB2511756879049","status":"success","total_amount":"1008000","payment_type":"card","payment_amount":"1008000","currency":"TL","installment_count":"1","merchant_id":"103743","test_mode":"1"} 
[2025-09-03 15:14:04] local.INFO: Callback Hash Verification: {"calculated_hash":"amWK8U/TPO1SCd2GBJctfm/KU31h2eY51T5+78a+E3E=","received_hash":"amWK8U/TPO1SCd2GBJctfm/KU31h2eY51T5+78a+E3E=","merchant_oid":"SUB2511756879049","status":"success","total_amount":"1008000"} 
[2025-09-03 15:14:04] local.INFO: Callback verification successful  
[2025-09-03 15:14:04] local.ERROR: Payment not found for order ID: SUB2511756879049  
[2025-09-03 15:14:05] local.INFO: Paytr Callback Received: {"hash":"3WARwMiT5LkHLybE8UTEmR1y2tYAZVh8KfSjqjeiJdM=","merchant_oid":"SUB2511756895469","status":"success","total_amount":"1008000","payment_type":"card","payment_amount":"1008000","currency":"TL","installment_count":"1","merchant_id":"103743","test_mode":"1"} 
[2025-09-03 15:14:05] local.INFO: Callback Hash Verification: {"calculated_hash":"3WARwMiT5LkHLybE8UTEmR1y2tYAZVh8KfSjqjeiJdM=","received_hash":"3WARwMiT5LkHLybE8UTEmR1y2tYAZVh8KfSjqjeiJdM=","merchant_oid":"SUB2511756895469","status":"success","total_amount":"1008000"} 
[2025-09-03 15:14:05] local.INFO: Callback verification successful  
[2025-09-03 15:14:05] local.ERROR: Payment not found for order ID: SUB2511756895469  
[2025-09-03 15:15:03] local.INFO: Paytr Callback Received: {"hash":"tZAJE4GQGXVefrvrwdEO36s2+mihOAPYGBsevlHmGaY=","merchant_oid":"SUB2511756877977","status":"success","total_amount":"1008000","payment_type":"card","payment_amount":"1008000","currency":"TL","installment_count":"1","merchant_id":"103743","test_mode":"1"} 
[2025-09-03 15:15:03] local.INFO: Callback Hash Verification: {"calculated_hash":"tZAJE4GQGXVefrvrwdEO36s2+mihOAPYGBsevlHmGaY=","received_hash":"tZAJE4GQGXVefrvrwdEO36s2+mihOAPYGBsevlHmGaY=","merchant_oid":"SUB2511756877977","status":"success","total_amount":"1008000"} 
[2025-09-03 15:15:03] local.INFO: Callback verification successful  
[2025-09-03 15:15:03] local.ERROR: Payment not found for order ID: SUB2511756877977  
[2025-09-03 15:15:04] local.INFO: Paytr Callback Received: {"hash":"amWK8U/TPO1SCd2GBJctfm/KU31h2eY51T5+78a+E3E=","merchant_oid":"SUB2511756879049","status":"success","total_amount":"1008000","payment_type":"card","payment_amount":"1008000","currency":"TL","installment_count":"1","merchant_id":"103743","test_mode":"1"} 
[2025-09-03 15:15:04] local.INFO: Callback Hash Verification: {"calculated_hash":"amWK8U/TPO1SCd2GBJctfm/KU31h2eY51T5+78a+E3E=","received_hash":"amWK8U/TPO1SCd2GBJctfm/KU31h2eY51T5+78a+E3E=","merchant_oid":"SUB2511756879049","status":"success","total_amount":"1008000"} 
[2025-09-03 15:15:04] local.INFO: Callback verification successful  
[2025-09-03 15:15:04] local.ERROR: Payment not found for order ID: SUB2511756879049  
[2025-09-03 15:15:04] local.INFO: Paytr Callback Received: {"hash":"3WARwMiT5LkHLybE8UTEmR1y2tYAZVh8KfSjqjeiJdM=","merchant_oid":"SUB2511756895469","status":"success","total_amount":"1008000","payment_type":"card","payment_amount":"1008000","currency":"TL","installment_count":"1","merchant_id":"103743","test_mode":"1"} 
[2025-09-03 15:15:04] local.INFO: Callback Hash Verification: {"calculated_hash":"3WARwMiT5LkHLybE8UTEmR1y2tYAZVh8KfSjqjeiJdM=","received_hash":"3WARwMiT5LkHLybE8UTEmR1y2tYAZVh8KfSjqjeiJdM=","merchant_oid":"SUB2511756895469","status":"success","total_amount":"1008000"} 
[2025-09-03 15:15:04] local.INFO: Callback verification successful  
[2025-09-03 15:15:05] local.ERROR: Payment not found for order ID: SUB2511756895469  
[2025-09-03 15:16:04] local.INFO: Paytr Callback Received: {"hash":"tZAJE4GQGXVefrvrwdEO36s2+mihOAPYGBsevlHmGaY=","merchant_oid":"SUB2511756877977","status":"success","total_amount":"1008000","payment_type":"card","payment_amount":"1008000","currency":"TL","installment_count":"1","merchant_id":"103743","test_mode":"1"} 
[2025-09-03 15:16:04] local.INFO: Callback Hash Verification: {"calculated_hash":"tZAJE4GQGXVefrvrwdEO36s2+mihOAPYGBsevlHmGaY=","received_hash":"tZAJE4GQGXVefrvrwdEO36s2+mihOAPYGBsevlHmGaY=","merchant_oid":"SUB2511756877977","status":"success","total_amount":"1008000"} 
[2025-09-03 15:16:04] local.INFO: Callback verification successful  
[2025-09-03 15:16:04] local.ERROR: Payment not found for order ID: SUB2511756877977  
[2025-09-03 15:16:04] local.INFO: Paytr Callback Received: {"hash":"amWK8U/TPO1SCd2GBJctfm/KU31h2eY51T5+78a+E3E=","merchant_oid":"SUB2511756879049","status":"success","total_amount":"1008000","payment_type":"card","payment_amount":"1008000","currency":"TL","installment_count":"1","merchant_id":"103743","test_mode":"1"} 
[2025-09-03 15:16:04] local.INFO: Callback Hash Verification: {"calculated_hash":"amWK8U/TPO1SCd2GBJctfm/KU31h2eY51T5+78a+E3E=","received_hash":"amWK8U/TPO1SCd2GBJctfm/KU31h2eY51T5+78a+E3E=","merchant_oid":"SUB2511756879049","status":"success","total_amount":"1008000"} 
[2025-09-03 15:16:04] local.INFO: Callback verification successful  
[2025-09-03 15:16:04] local.ERROR: Payment not found for order ID: SUB2511756879049  
[2025-09-03 15:16:05] local.INFO: Paytr Callback Received: {"hash":"3WARwMiT5LkHLybE8UTEmR1y2tYAZVh8KfSjqjeiJdM=","merchant_oid":"SUB2511756895469","status":"success","total_amount":"1008000","payment_type":"card","payment_amount":"1008000","currency":"TL","installment_count":"1","merchant_id":"103743","test_mode":"1"} 
[2025-09-03 15:16:05] local.INFO: Callback Hash Verification: {"calculated_hash":"3WARwMiT5LkHLybE8UTEmR1y2tYAZVh8KfSjqjeiJdM=","received_hash":"3WARwMiT5LkHLybE8UTEmR1y2tYAZVh8KfSjqjeiJdM=","merchant_oid":"SUB2511756895469","status":"success","total_amount":"1008000"} 
[2025-09-03 15:16:05] local.INFO: Callback verification successful  
[2025-09-03 15:16:05] local.ERROR: Payment not found for order ID: SUB2511756895469  
[2025-09-03 15:17:04] local.INFO: Paytr Callback Received: {"hash":"tZAJE4GQGXVefrvrwdEO36s2+mihOAPYGBsevlHmGaY=","merchant_oid":"SUB2511756877977","status":"success","total_amount":"1008000","payment_type":"card","payment_amount":"1008000","currency":"TL","installment_count":"1","merchant_id":"103743","test_mode":"1"} 
[2025-09-03 15:17:04] local.INFO: Callback Hash Verification: {"calculated_hash":"tZAJE4GQGXVefrvrwdEO36s2+mihOAPYGBsevlHmGaY=","received_hash":"tZAJE4GQGXVefrvrwdEO36s2+mihOAPYGBsevlHmGaY=","merchant_oid":"SUB2511756877977","status":"success","total_amount":"1008000"} 
[2025-09-03 15:17:04] local.INFO: Callback verification successful  
[2025-09-03 15:17:04] local.ERROR: Payment not found for order ID: SUB2511756877977  
[2025-09-03 15:17:04] local.INFO: Paytr Callback Received: {"hash":"amWK8U/TPO1SCd2GBJctfm/KU31h2eY51T5+78a+E3E=","merchant_oid":"SUB2511756879049","status":"success","total_amount":"1008000","payment_type":"card","payment_amount":"1008000","currency":"TL","installment_count":"1","merchant_id":"103743","test_mode":"1"} 
[2025-09-03 15:17:04] local.INFO: Callback Hash Verification: {"calculated_hash":"amWK8U/TPO1SCd2GBJctfm/KU31h2eY51T5+78a+E3E=","received_hash":"amWK8U/TPO1SCd2GBJctfm/KU31h2eY51T5+78a+E3E=","merchant_oid":"SUB2511756879049","status":"success","total_amount":"1008000"} 
[2025-09-03 15:17:04] local.INFO: Callback verification successful  
[2025-09-03 15:17:04] local.ERROR: Payment not found for order ID: SUB2511756879049  
[2025-09-03 15:17:05] local.INFO: Paytr Callback Received: {"hash":"3WARwMiT5LkHLybE8UTEmR1y2tYAZVh8KfSjqjeiJdM=","merchant_oid":"SUB2511756895469","status":"success","total_amount":"1008000","payment_type":"card","payment_amount":"1008000","currency":"TL","installment_count":"1","merchant_id":"103743","test_mode":"1"} 
[2025-09-03 15:17:05] local.INFO: Callback Hash Verification: {"calculated_hash":"3WARwMiT5LkHLybE8UTEmR1y2tYAZVh8KfSjqjeiJdM=","received_hash":"3WARwMiT5LkHLybE8UTEmR1y2tYAZVh8KfSjqjeiJdM=","merchant_oid":"SUB2511756895469","status":"success","total_amount":"1008000"} 
[2025-09-03 15:17:05] local.INFO: Callback verification successful  
[2025-09-03 15:17:05] local.ERROR: Payment not found for order ID: SUB2511756895469  
[2025-09-03 15:18:04] local.INFO: Paytr Callback Received: {"hash":"tZAJE4GQGXVefrvrwdEO36s2+mihOAPYGBsevlHmGaY=","merchant_oid":"SUB2511756877977","status":"success","total_amount":"1008000","payment_type":"card","payment_amount":"1008000","currency":"TL","installment_count":"1","merchant_id":"103743","test_mode":"1"} 
[2025-09-03 15:18:04] local.INFO: Callback Hash Verification: {"calculated_hash":"tZAJE4GQGXVefrvrwdEO36s2+mihOAPYGBsevlHmGaY=","received_hash":"tZAJE4GQGXVefrvrwdEO36s2+mihOAPYGBsevlHmGaY=","merchant_oid":"SUB2511756877977","status":"success","total_amount":"1008000"} 
[2025-09-03 15:18:04] local.INFO: Callback verification successful  
[2025-09-03 15:18:04] local.ERROR: Payment not found for order ID: SUB2511756877977  
[2025-09-03 15:18:04] local.INFO: Paytr Callback Received: {"hash":"amWK8U/TPO1SCd2GBJctfm/KU31h2eY51T5+78a+E3E=","merchant_oid":"SUB2511756879049","status":"success","total_amount":"1008000","payment_type":"card","payment_amount":"1008000","currency":"TL","installment_count":"1","merchant_id":"103743","test_mode":"1"} 
[2025-09-03 15:18:04] local.INFO: Callback Hash Verification: {"calculated_hash":"amWK8U/TPO1SCd2GBJctfm/KU31h2eY51T5+78a+E3E=","received_hash":"amWK8U/TPO1SCd2GBJctfm/KU31h2eY51T5+78a+E3E=","merchant_oid":"SUB2511756879049","status":"success","total_amount":"1008000"} 
[2025-09-03 15:18:04] local.INFO: Callback verification successful  
[2025-09-03 15:18:04] local.ERROR: Payment not found for order ID: SUB2511756879049  
[2025-09-03 15:18:05] local.INFO: Paytr Callback Received: {"hash":"3WARwMiT5LkHLybE8UTEmR1y2tYAZVh8KfSjqjeiJdM=","merchant_oid":"SUB2511756895469","status":"success","total_amount":"1008000","payment_type":"card","payment_amount":"1008000","currency":"TL","installment_count":"1","merchant_id":"103743","test_mode":"1"} 
[2025-09-03 15:18:05] local.INFO: Callback Hash Verification: {"calculated_hash":"3WARwMiT5LkHLybE8UTEmR1y2tYAZVh8KfSjqjeiJdM=","received_hash":"3WARwMiT5LkHLybE8UTEmR1y2tYAZVh8KfSjqjeiJdM=","merchant_oid":"SUB2511756895469","status":"success","total_amount":"1008000"} 
[2025-09-03 15:18:05] local.INFO: Callback verification successful  
[2025-09-03 15:18:05] local.ERROR: Payment not found for order ID: SUB2511756895469  
[2025-09-03 15:19:03] local.INFO: Paytr Callback Received: {"hash":"tZAJE4GQGXVefrvrwdEO36s2+mihOAPYGBsevlHmGaY=","merchant_oid":"SUB2511756877977","status":"success","total_amount":"1008000","payment_type":"card","payment_amount":"1008000","currency":"TL","installment_count":"1","merchant_id":"103743","test_mode":"1"} 
[2025-09-03 15:19:03] local.INFO: Callback Hash Verification: {"calculated_hash":"tZAJE4GQGXVefrvrwdEO36s2+mihOAPYGBsevlHmGaY=","received_hash":"tZAJE4GQGXVefrvrwdEO36s2+mihOAPYGBsevlHmGaY=","merchant_oid":"SUB2511756877977","status":"success","total_amount":"1008000"} 
[2025-09-03 15:19:03] local.INFO: Callback verification successful  
[2025-09-03 15:19:03] local.ERROR: Payment not found for order ID: SUB2511756877977  
[2025-09-03 15:19:04] local.INFO: Paytr Callback Received: {"hash":"amWK8U/TPO1SCd2GBJctfm/KU31h2eY51T5+78a+E3E=","merchant_oid":"SUB2511756879049","status":"success","total_amount":"1008000","payment_type":"card","payment_amount":"1008000","currency":"TL","installment_count":"1","merchant_id":"103743","test_mode":"1"} 
[2025-09-03 15:19:04] local.INFO: Callback Hash Verification: {"calculated_hash":"amWK8U/TPO1SCd2GBJctfm/KU31h2eY51T5+78a+E3E=","received_hash":"amWK8U/TPO1SCd2GBJctfm/KU31h2eY51T5+78a+E3E=","merchant_oid":"SUB2511756879049","status":"success","total_amount":"1008000"} 
[2025-09-03 15:19:04] local.INFO: Callback verification successful  
[2025-09-03 15:19:04] local.ERROR: Payment not found for order ID: SUB2511756879049  
[2025-09-03 15:19:04] local.INFO: Paytr Callback Received: {"hash":"3WARwMiT5LkHLybE8UTEmR1y2tYAZVh8KfSjqjeiJdM=","merchant_oid":"SUB2511756895469","status":"success","total_amount":"1008000","payment_type":"card","payment_amount":"1008000","currency":"TL","installment_count":"1","merchant_id":"103743","test_mode":"1"} 
[2025-09-03 15:19:04] local.INFO: Callback Hash Verification: {"calculated_hash":"3WARwMiT5LkHLybE8UTEmR1y2tYAZVh8KfSjqjeiJdM=","received_hash":"3WARwMiT5LkHLybE8UTEmR1y2tYAZVh8KfSjqjeiJdM=","merchant_oid":"SUB2511756895469","status":"success","total_amount":"1008000"} 
[2025-09-03 15:19:04] local.INFO: Callback verification successful  
[2025-09-03 15:19:04] local.ERROR: Payment not found for order ID: SUB2511756895469  
[2025-09-03 15:20:05] local.INFO: Paytr Callback Received: {"hash":"tZAJE4GQGXVefrvrwdEO36s2+mihOAPYGBsevlHmGaY=","merchant_oid":"SUB2511756877977","status":"success","total_amount":"1008000","payment_type":"card","payment_amount":"1008000","currency":"TL","installment_count":"1","merchant_id":"103743","test_mode":"1"} 
[2025-09-03 15:20:05] local.INFO: Callback Hash Verification: {"calculated_hash":"tZAJE4GQGXVefrvrwdEO36s2+mihOAPYGBsevlHmGaY=","received_hash":"tZAJE4GQGXVefrvrwdEO36s2+mihOAPYGBsevlHmGaY=","merchant_oid":"SUB2511756877977","status":"success","total_amount":"1008000"} 
[2025-09-03 15:20:05] local.INFO: Callback verification successful  
[2025-09-03 15:20:05] local.ERROR: Payment not found for order ID: SUB2511756877977  
[2025-09-03 15:20:05] local.INFO: Paytr Callback Received: {"hash":"amWK8U/TPO1SCd2GBJctfm/KU31h2eY51T5+78a+E3E=","merchant_oid":"SUB2511756879049","status":"success","total_amount":"1008000","payment_type":"card","payment_amount":"1008000","currency":"TL","installment_count":"1","merchant_id":"103743","test_mode":"1"} 
[2025-09-03 15:20:05] local.INFO: Callback Hash Verification: {"calculated_hash":"amWK8U/TPO1SCd2GBJctfm/KU31h2eY51T5+78a+E3E=","received_hash":"amWK8U/TPO1SCd2GBJctfm/KU31h2eY51T5+78a+E3E=","merchant_oid":"SUB2511756879049","status":"success","total_amount":"1008000"} 
[2025-09-03 15:20:05] local.INFO: Callback verification successful  
[2025-09-03 15:20:05] local.ERROR: Payment not found for order ID: SUB2511756879049  
[2025-09-03 15:20:05] local.INFO: Paytr Callback Received: {"hash":"3WARwMiT5LkHLybE8UTEmR1y2tYAZVh8KfSjqjeiJdM=","merchant_oid":"SUB2511756895469","status":"success","total_amount":"1008000","payment_type":"card","payment_amount":"1008000","currency":"TL","installment_count":"1","merchant_id":"103743","test_mode":"1"} 
[2025-09-03 15:20:05] local.INFO: Callback Hash Verification: {"calculated_hash":"3WARwMiT5LkHLybE8UTEmR1y2tYAZVh8KfSjqjeiJdM=","received_hash":"3WARwMiT5LkHLybE8UTEmR1y2tYAZVh8KfSjqjeiJdM=","merchant_oid":"SUB2511756895469","status":"success","total_amount":"1008000"} 
[2025-09-03 15:20:05] local.INFO: Callback verification successful  
[2025-09-03 15:20:06] local.ERROR: Payment not found for order ID: SUB2511756895469  
[2025-09-03 15:21:04] local.INFO: Paytr Callback Received: {"hash":"tZAJE4GQGXVefrvrwdEO36s2+mihOAPYGBsevlHmGaY=","merchant_oid":"SUB2511756877977","status":"success","total_amount":"1008000","payment_type":"card","payment_amount":"1008000","currency":"TL","installment_count":"1","merchant_id":"103743","test_mode":"1"} 
[2025-09-03 15:21:04] local.INFO: Callback Hash Verification: {"calculated_hash":"tZAJE4GQGXVefrvrwdEO36s2+mihOAPYGBsevlHmGaY=","received_hash":"tZAJE4GQGXVefrvrwdEO36s2+mihOAPYGBsevlHmGaY=","merchant_oid":"SUB2511756877977","status":"success","total_amount":"1008000"} 
[2025-09-03 15:21:04] local.INFO: Callback verification successful  
[2025-09-03 15:21:04] local.ERROR: Payment not found for order ID: SUB2511756877977  
[2025-09-03 15:21:04] local.INFO: Paytr Callback Received: {"hash":"amWK8U/TPO1SCd2GBJctfm/KU31h2eY51T5+78a+E3E=","merchant_oid":"SUB2511756879049","status":"success","total_amount":"1008000","payment_type":"card","payment_amount":"1008000","currency":"TL","installment_count":"1","merchant_id":"103743","test_mode":"1"} 
[2025-09-03 15:21:04] local.INFO: Callback Hash Verification: {"calculated_hash":"amWK8U/TPO1SCd2GBJctfm/KU31h2eY51T5+78a+E3E=","received_hash":"amWK8U/TPO1SCd2GBJctfm/KU31h2eY51T5+78a+E3E=","merchant_oid":"SUB2511756879049","status":"success","total_amount":"1008000"} 
[2025-09-03 15:21:04] local.INFO: Callback verification successful  
[2025-09-03 15:21:04] local.ERROR: Payment not found for order ID: SUB2511756879049  
[2025-09-03 15:21:05] local.INFO: Paytr Callback Received: {"hash":"3WARwMiT5LkHLybE8UTEmR1y2tYAZVh8KfSjqjeiJdM=","merchant_oid":"SUB2511756895469","status":"success","total_amount":"1008000","payment_type":"card","payment_amount":"1008000","currency":"TL","installment_count":"1","merchant_id":"103743","test_mode":"1"} 
[2025-09-03 15:21:05] local.INFO: Callback Hash Verification: {"calculated_hash":"3WARwMiT5LkHLybE8UTEmR1y2tYAZVh8KfSjqjeiJdM=","received_hash":"3WARwMiT5LkHLybE8UTEmR1y2tYAZVh8KfSjqjeiJdM=","merchant_oid":"SUB2511756895469","status":"success","total_amount":"1008000"} 
[2025-09-03 15:21:05] local.INFO: Callback verification successful  
[2025-09-03 15:21:05] local.ERROR: Payment not found for order ID: SUB2511756895469  
[2025-09-03 15:22:03] local.INFO: Paytr Callback Received: {"hash":"tZAJE4GQGXVefrvrwdEO36s2+mihOAPYGBsevlHmGaY=","merchant_oid":"SUB2511756877977","status":"success","total_amount":"1008000","payment_type":"card","payment_amount":"1008000","currency":"TL","installment_count":"1","merchant_id":"103743","test_mode":"1"} 
[2025-09-03 15:22:03] local.INFO: Callback Hash Verification: {"calculated_hash":"tZAJE4GQGXVefrvrwdEO36s2+mihOAPYGBsevlHmGaY=","received_hash":"tZAJE4GQGXVefrvrwdEO36s2+mihOAPYGBsevlHmGaY=","merchant_oid":"SUB2511756877977","status":"success","total_amount":"1008000"} 
[2025-09-03 15:22:03] local.INFO: Callback verification successful  
[2025-09-03 15:22:04] local.ERROR: Payment not found for order ID: SUB2511756877977  
[2025-09-03 15:22:04] local.INFO: Paytr Callback Received: {"hash":"amWK8U/TPO1SCd2GBJctfm/KU31h2eY51T5+78a+E3E=","merchant_oid":"SUB2511756879049","status":"success","total_amount":"1008000","payment_type":"card","payment_amount":"1008000","currency":"TL","installment_count":"1","merchant_id":"103743","test_mode":"1"} 
[2025-09-03 15:22:04] local.INFO: Callback Hash Verification: {"calculated_hash":"amWK8U/TPO1SCd2GBJctfm/KU31h2eY51T5+78a+E3E=","received_hash":"amWK8U/TPO1SCd2GBJctfm/KU31h2eY51T5+78a+E3E=","merchant_oid":"SUB2511756879049","status":"success","total_amount":"1008000"} 
[2025-09-03 15:22:04] local.INFO: Callback verification successful  
[2025-09-03 15:22:04] local.ERROR: Payment not found for order ID: SUB2511756879049  
[2025-09-03 15:22:05] local.INFO: Paytr Callback Received: {"hash":"3WARwMiT5LkHLybE8UTEmR1y2tYAZVh8KfSjqjeiJdM=","merchant_oid":"SUB2511756895469","status":"success","total_amount":"1008000","payment_type":"card","payment_amount":"1008000","currency":"TL","installment_count":"1","merchant_id":"103743","test_mode":"1"} 
[2025-09-03 15:22:05] local.INFO: Callback Hash Verification: {"calculated_hash":"3WARwMiT5LkHLybE8UTEmR1y2tYAZVh8KfSjqjeiJdM=","received_hash":"3WARwMiT5LkHLybE8UTEmR1y2tYAZVh8KfSjqjeiJdM=","merchant_oid":"SUB2511756895469","status":"success","total_amount":"1008000"} 
[2025-09-03 15:22:05] local.INFO: Callback verification successful  
[2025-09-03 15:22:05] local.ERROR: Payment not found for order ID: SUB2511756895469  
[2025-09-03 15:23:05] local.INFO: Paytr Callback Received: {"hash":"tZAJE4GQGXVefrvrwdEO36s2+mihOAPYGBsevlHmGaY=","merchant_oid":"SUB2511756877977","status":"success","total_amount":"1008000","payment_type":"card","payment_amount":"1008000","currency":"TL","installment_count":"1","merchant_id":"103743","test_mode":"1"} 
[2025-09-03 15:23:05] local.INFO: Callback Hash Verification: {"calculated_hash":"tZAJE4GQGXVefrvrwdEO36s2+mihOAPYGBsevlHmGaY=","received_hash":"tZAJE4GQGXVefrvrwdEO36s2+mihOAPYGBsevlHmGaY=","merchant_oid":"SUB2511756877977","status":"success","total_amount":"1008000"} 
[2025-09-03 15:23:05] local.INFO: Callback verification successful  
[2025-09-03 15:23:05] local.ERROR: Payment not found for order ID: SUB2511756877977  
[2025-09-03 15:23:05] local.INFO: Paytr Callback Received: {"hash":"amWK8U/TPO1SCd2GBJctfm/KU31h2eY51T5+78a+E3E=","merchant_oid":"SUB2511756879049","status":"success","total_amount":"1008000","payment_type":"card","payment_amount":"1008000","currency":"TL","installment_count":"1","merchant_id":"103743","test_mode":"1"} 
[2025-09-03 15:23:05] local.INFO: Callback Hash Verification: {"calculated_hash":"amWK8U/TPO1SCd2GBJctfm/KU31h2eY51T5+78a+E3E=","received_hash":"amWK8U/TPO1SCd2GBJctfm/KU31h2eY51T5+78a+E3E=","merchant_oid":"SUB2511756879049","status":"success","total_amount":"1008000"} 
[2025-09-03 15:23:05] local.INFO: Callback verification successful  
[2025-09-03 15:23:05] local.ERROR: Payment not found for order ID: SUB2511756879049  
[2025-09-03 15:23:06] local.INFO: Paytr Callback Received: {"hash":"3WARwMiT5LkHLybE8UTEmR1y2tYAZVh8KfSjqjeiJdM=","merchant_oid":"SUB2511756895469","status":"success","total_amount":"1008000","payment_type":"card","payment_amount":"1008000","currency":"TL","installment_count":"1","merchant_id":"103743","test_mode":"1"} 
[2025-09-03 15:23:06] local.INFO: Callback Hash Verification: {"calculated_hash":"3WARwMiT5LkHLybE8UTEmR1y2tYAZVh8KfSjqjeiJdM=","received_hash":"3WARwMiT5LkHLybE8UTEmR1y2tYAZVh8KfSjqjeiJdM=","merchant_oid":"SUB2511756895469","status":"success","total_amount":"1008000"} 
[2025-09-03 15:23:06] local.INFO: Callback verification successful  
[2025-09-03 15:23:06] local.ERROR: Payment not found for order ID: SUB2511756895469  
[2025-09-03 15:24:03] local.INFO: Paytr Callback Received: {"hash":"tZAJE4GQGXVefrvrwdEO36s2+mihOAPYGBsevlHmGaY=","merchant_oid":"SUB2511756877977","status":"success","total_amount":"1008000","payment_type":"card","payment_amount":"1008000","currency":"TL","installment_count":"1","merchant_id":"103743","test_mode":"1"} 
[2025-09-03 15:24:03] local.INFO: Callback Hash Verification: {"calculated_hash":"tZAJE4GQGXVefrvrwdEO36s2+mihOAPYGBsevlHmGaY=","received_hash":"tZAJE4GQGXVefrvrwdEO36s2+mihOAPYGBsevlHmGaY=","merchant_oid":"SUB2511756877977","status":"success","total_amount":"1008000"} 
[2025-09-03 15:24:03] local.INFO: Callback verification successful  
[2025-09-03 15:24:03] local.ERROR: Payment not found for order ID: SUB2511756877977  
[2025-09-03 15:24:04] local.INFO: Paytr Callback Received: {"hash":"amWK8U/TPO1SCd2GBJctfm/KU31h2eY51T5+78a+E3E=","merchant_oid":"SUB2511756879049","status":"success","total_amount":"1008000","payment_type":"card","payment_amount":"1008000","currency":"TL","installment_count":"1","merchant_id":"103743","test_mode":"1"} 
[2025-09-03 15:24:04] local.INFO: Callback Hash Verification: {"calculated_hash":"amWK8U/TPO1SCd2GBJctfm/KU31h2eY51T5+78a+E3E=","received_hash":"amWK8U/TPO1SCd2GBJctfm/KU31h2eY51T5+78a+E3E=","merchant_oid":"SUB2511756879049","status":"success","total_amount":"1008000"} 
[2025-09-03 15:24:04] local.INFO: Callback verification successful  
[2025-09-03 15:24:04] local.ERROR: Payment not found for order ID: SUB2511756879049  
[2025-09-03 15:24:05] local.INFO: Paytr Callback Received: {"hash":"3WARwMiT5LkHLybE8UTEmR1y2tYAZVh8KfSjqjeiJdM=","merchant_oid":"SUB2511756895469","status":"success","total_amount":"1008000","payment_type":"card","payment_amount":"1008000","currency":"TL","installment_count":"1","merchant_id":"103743","test_mode":"1"} 
[2025-09-03 15:24:05] local.INFO: Callback Hash Verification: {"calculated_hash":"3WARwMiT5LkHLybE8UTEmR1y2tYAZVh8KfSjqjeiJdM=","received_hash":"3WARwMiT5LkHLybE8UTEmR1y2tYAZVh8KfSjqjeiJdM=","merchant_oid":"SUB2511756895469","status":"success","total_amount":"1008000"} 
[2025-09-03 15:24:05] local.INFO: Callback verification successful  
[2025-09-03 15:24:05] local.ERROR: Payment not found for order ID: SUB2511756895469  
[2025-09-03 15:25:04] local.INFO: Paytr Callback Received: {"hash":"tZAJE4GQGXVefrvrwdEO36s2+mihOAPYGBsevlHmGaY=","merchant_oid":"SUB2511756877977","status":"success","total_amount":"1008000","payment_type":"card","payment_amount":"1008000","currency":"TL","installment_count":"1","merchant_id":"103743","test_mode":"1"} 
[2025-09-03 15:25:04] local.INFO: Callback Hash Verification: {"calculated_hash":"tZAJE4GQGXVefrvrwdEO36s2+mihOAPYGBsevlHmGaY=","received_hash":"tZAJE4GQGXVefrvrwdEO36s2+mihOAPYGBsevlHmGaY=","merchant_oid":"SUB2511756877977","status":"success","total_amount":"1008000"} 
[2025-09-03 15:25:04] local.INFO: Callback verification successful  
[2025-09-03 15:25:04] local.ERROR: Payment not found for order ID: SUB2511756877977  
[2025-09-03 15:25:04] local.INFO: Paytr Callback Received: {"hash":"amWK8U/TPO1SCd2GBJctfm/KU31h2eY51T5+78a+E3E=","merchant_oid":"SUB2511756879049","status":"success","total_amount":"1008000","payment_type":"card","payment_amount":"1008000","currency":"TL","installment_count":"1","merchant_id":"103743","test_mode":"1"} 
[2025-09-03 15:25:04] local.INFO: Callback Hash Verification: {"calculated_hash":"amWK8U/TPO1SCd2GBJctfm/KU31h2eY51T5+78a+E3E=","received_hash":"amWK8U/TPO1SCd2GBJctfm/KU31h2eY51T5+78a+E3E=","merchant_oid":"SUB2511756879049","status":"success","total_amount":"1008000"} 
[2025-09-03 15:25:04] local.INFO: Callback verification successful  
[2025-09-03 15:25:04] local.ERROR: Payment not found for order ID: SUB2511756879049  
[2025-09-03 15:25:05] local.INFO: Paytr Callback Received: {"hash":"3WARwMiT5LkHLybE8UTEmR1y2tYAZVh8KfSjqjeiJdM=","merchant_oid":"SUB2511756895469","status":"success","total_amount":"1008000","payment_type":"card","payment_amount":"1008000","currency":"TL","installment_count":"1","merchant_id":"103743","test_mode":"1"} 
[2025-09-03 15:25:05] local.INFO: Callback Hash Verification: {"calculated_hash":"3WARwMiT5LkHLybE8UTEmR1y2tYAZVh8KfSjqjeiJdM=","received_hash":"3WARwMiT5LkHLybE8UTEmR1y2tYAZVh8KfSjqjeiJdM=","merchant_oid":"SUB2511756895469","status":"success","total_amount":"1008000"} 
[2025-09-03 15:25:05] local.INFO: Callback verification successful  
[2025-09-03 15:25:05] local.ERROR: Payment not found for order ID: SUB2511756895469  
[2025-09-03 15:26:03] local.INFO: Paytr Callback Received: {"hash":"tZAJE4GQGXVefrvrwdEO36s2+mihOAPYGBsevlHmGaY=","merchant_oid":"SUB2511756877977","status":"success","total_amount":"1008000","payment_type":"card","payment_amount":"1008000","currency":"TL","installment_count":"1","merchant_id":"103743","test_mode":"1"} 
[2025-09-03 15:26:03] local.INFO: Callback Hash Verification: {"calculated_hash":"tZAJE4GQGXVefrvrwdEO36s2+mihOAPYGBsevlHmGaY=","received_hash":"tZAJE4GQGXVefrvrwdEO36s2+mihOAPYGBsevlHmGaY=","merchant_oid":"SUB2511756877977","status":"success","total_amount":"1008000"} 
[2025-09-03 15:26:03] local.INFO: Callback verification successful  
[2025-09-03 15:26:03] local.ERROR: Payment not found for order ID: SUB2511756877977  
[2025-09-03 15:26:04] local.INFO: Paytr Callback Received: {"hash":"amWK8U/TPO1SCd2GBJctfm/KU31h2eY51T5+78a+E3E=","merchant_oid":"SUB2511756879049","status":"success","total_amount":"1008000","payment_type":"card","payment_amount":"1008000","currency":"TL","installment_count":"1","merchant_id":"103743","test_mode":"1"} 
[2025-09-03 15:26:04] local.INFO: Callback Hash Verification: {"calculated_hash":"amWK8U/TPO1SCd2GBJctfm/KU31h2eY51T5+78a+E3E=","received_hash":"amWK8U/TPO1SCd2GBJctfm/KU31h2eY51T5+78a+E3E=","merchant_oid":"SUB2511756879049","status":"success","total_amount":"1008000"} 
[2025-09-03 15:26:04] local.INFO: Callback verification successful  
[2025-09-03 15:26:04] local.ERROR: Payment not found for order ID: SUB2511756879049  
[2025-09-03 15:26:05] local.INFO: Paytr Callback Received: {"hash":"3WARwMiT5LkHLybE8UTEmR1y2tYAZVh8KfSjqjeiJdM=","merchant_oid":"SUB2511756895469","status":"success","total_amount":"1008000","payment_type":"card","payment_amount":"1008000","currency":"TL","installment_count":"1","merchant_id":"103743","test_mode":"1"} 
[2025-09-03 15:26:05] local.INFO: Callback Hash Verification: {"calculated_hash":"3WARwMiT5LkHLybE8UTEmR1y2tYAZVh8KfSjqjeiJdM=","received_hash":"3WARwMiT5LkHLybE8UTEmR1y2tYAZVh8KfSjqjeiJdM=","merchant_oid":"SUB2511756895469","status":"success","total_amount":"1008000"} 
[2025-09-03 15:26:05] local.INFO: Callback verification successful  
[2025-09-03 15:26:05] local.ERROR: Payment not found for order ID: SUB2511756895469  
[2025-09-03 15:26:37] local.INFO: initiatePayment called {"tenant_id":"25","planid":"1","request_data":[]} 
[2025-09-03 15:26:37] local.INFO: Session data check {"planData":{"id":1,"name":"Başlangıç","slug":"basic","icon":"fa fa-adjust","description":"Küçük işletmeler için temel özellikler  
<ul>
<li>Max. 3 Kullanıcı</li>
<li>&nbsp;2 GB Depolama Alanı</li>
<li>&nbsp;Sınırsız Servis Kaydı</li>
<li>&nbsp;Detaylı Servis Arama</li>
<li>&nbsp;Detaylı Servis Raporlama</li>
<li>&nbsp;Detaylı Prim Hesaplama</li>
<li>&nbsp;Toplu Servis Planlama</li>
<li>&nbsp;Servis Fişi Yazdırma</li>
<li>&nbsp;Detaylı İstatistikler</li>
<li>&nbsp;Sınırsız Kasa Kaydı</li>
</ul>","price":"8400.00","billing_cycle":"yearly","features":{"tickets":true,"basic_reports":false},"limits":{"users":2,"dealers":0,"stocks":10,"konsinye":1,"tickets_per_month":50,"storage_gb":1},"trial_days":14,"is_active":true,"is_popular":false,"sort_order":0,"created_at":null,"updated_at":null},"billingData":{"billing_type":"bireysel","first_name":"Gökhan Türkmen","email":"deneme@deneme.com","phone":"563 434 34 34","il":"69","ilce":"830","address":null,"identity_number":null,"tax_office":null,"tax_number":"5555432323"}} 
[2025-09-03 15:26:37] local.INFO: Paytr Config Check {"merchant_id":"103743","merchant_key":"SET","merchant_salt":"SET"} 
[2025-09-03 15:26:37] local.INFO: Order data prepared {"tenant":25,"order_id":"SUB2511756902397","email":"deneme@deneme.com","amount":10080.0,"user_name":"Gökhan Türkmen","user_address":"69/830","user_phone":"563 434 34 34","basket":[["Başlangıç - Abonelik Paketi","8400.00",1]],"success_url":"http://127.0.0.1:8000/payment/success","fail_url":"http://127.0.0.1:8000/payment/fail"} 
[2025-09-03 15:26:37] local.INFO: Payment record created {"payment_id":35} 
[2025-09-03 15:26:37] local.INFO: Calling Paytr API...  
[2025-09-03 15:26:37] local.INFO: PayTR Request Data: {"merchant_id":"103743","order_id":"SUB2511756902397","amount":1008000,"user_ip":"78.190.145.61","hash_string":"10374378.190.145.61SUB2511756902397deneme@deneme.com1008000W1siQmFcdTAxNWZsYW5nXHUwMTMxXHUwMGU3IC0gQWJvbmVsaWsgUGFrZXRpIiwiODQwMC4wMCIsMV1d10TL1","token":"WA0url/oYpMcbk9QuvfYi5uQmRMXfXWWxxS+ZTm/yiM="} 
[2025-09-03 15:26:38] local.INFO: PayTR API Response: {"status":"success","token":"42a37c161a9fa0453a01d22f7f36084cc88d181333303038f088a1bc0ca3dd62-667490766"} 
[2025-09-03 15:26:38] local.INFO: Paytr API Response {"success":true,"token":"42a37c161a9fa0453a01d22f7f36084cc88d181333303038f088a1bc0ca3dd62-667490766","iframe_url":"https://www.paytr.com/odeme/guvenli/42a37c161a9fa0453a01d22f7f36084cc88d181333303038f088a1bc0ca3dd62-667490766"} 
[2025-09-03 15:26:38] local.INFO: Paytr success, redirecting to iframe  
[2025-09-03 15:26:44] local.INFO: Paytr Callback Received: {"hash":"xd/mBYSCYsao/i0MiiUfcyL+oBVc3zpixzzQc+2xsHk=","merchant_oid":"SUB2511756902397","status":"success","total_amount":"1008000","payment_type":"card","payment_amount":"1008000","currency":"TL","installment_count":"1","merchant_id":"103743","test_mode":"1"} 
[2025-09-03 15:26:44] local.INFO: Callback Hash Verification: {"calculated_hash":"xd/mBYSCYsao/i0MiiUfcyL+oBVc3zpixzzQc+2xsHk=","received_hash":"xd/mBYSCYsao/i0MiiUfcyL+oBVc3zpixzzQc+2xsHk=","merchant_oid":"SUB2511756902397","status":"success","total_amount":"1008000"} 
[2025-09-03 15:26:44] local.INFO: Callback verification successful  
[2025-09-03 15:26:44] local.INFO: Starting subscription completion {"payment_id":35,"tenant_id":25} 
[2025-09-03 15:26:44] local.ERROR: Subscription completion failed {"error_message":"Billing veya plan bilgisi bulunamadı (gateway_response eksik).","error_file":"C:\\xampp\\htdocs\\serbiscrm\\app\\Http\\Controllers\\Frontend\\SubscriptionController.php","error_line":427,"payment_id":35,"tenant_id":25,"trace":"#0 C:\\xampp\\htdocs\\serbiscrm\\app\\Http\\Controllers\\Frontend\\SubscriptionController.php(304): App\\Http\\Controllers\\Frontend\\SubscriptionController->completeSubscription(Object(App\\Models\\SubscriptionPayment))
#1 C:\\xampp\\htdocs\\serbiscrm\\vendor\\laravel\\framework\\src\\Illuminate\\Routing\\Controller.php(54): App\\Http\\Controllers\\Frontend\\SubscriptionController->paymentCallback(Object(Illuminate\\Http\\Request))
#2 C:\\xampp\\htdocs\\serbiscrm\\vendor\\laravel\\framework\\src\\Illuminate\\Routing\\ControllerDispatcher.php(43): Illuminate\\Routing\\Controller->callAction('paymentCallback', Array)
#3 C:\\xampp\\htdocs\\serbiscrm\\vendor\\laravel\\framework\\src\\Illuminate\\Routing\\Route.php(259): Illuminate\\Routing\\ControllerDispatcher->dispatch(Object(Illuminate\\Routing\\Route), Object(App\\Http\\Controllers\\Frontend\\SubscriptionController), 'paymentCallback')
#4 C:\\xampp\\htdocs\\serbiscrm\\vendor\\laravel\\framework\\src\\Illuminate\\Routing\\Route.php(205): Illuminate\\Routing\\Route->runController()
#5 C:\\xampp\\htdocs\\serbiscrm\\vendor\\laravel\\framework\\src\\Illuminate\\Routing\\Router.php(799): Illuminate\\Routing\\Route->run()
#6 C:\\xampp\\htdocs\\serbiscrm\\vendor\\laravel\\framework\\src\\Illuminate\\Pipeline\\Pipeline.php(141): Illuminate\\Routing\\Router->Illuminate\\Routing\\{closure}(Object(Illuminate\\Http\\Request))
#7 C:\\xampp\\htdocs\\serbiscrm\\app\\Http\\Middleware\\CheckTrialStatus.php(28): Illuminate\\Pipeline\\Pipeline->Illuminate\\Pipeline\\{closure}(Object(Illuminate\\Http\\Request))
#8 C:\\xampp\\htdocs\\serbiscrm\\vendor\\laravel\\framework\\src\\Illuminate\\Pipeline\\Pipeline.php(180): App\\Http\\Middleware\\CheckTrialStatus->handle(Object(Illuminate\\Http\\Request), Object(Closure))
#9 C:\\xampp\\htdocs\\serbiscrm\\vendor\\laravel\\framework\\src\\Illuminate\\Routing\\Middleware\\SubstituteBindings.php(50): Illuminate\\Pipeline\\Pipeline->Illuminate\\Pipeline\\{closure}(Object(Illuminate\\Http\\Request))
#10 C:\\xampp\\htdocs\\serbiscrm\\vendor\\laravel\\framework\\src\\Illuminate\\Pipeline\\Pipeline.php(180): Illuminate\\Routing\\Middleware\\SubstituteBindings->handle(Object(Illuminate\\Http\\Request), Object(Closure))
#11 C:\\xampp\\htdocs\\serbiscrm\\vendor\\laravel\\framework\\src\\Illuminate\\View\\Middleware\\ShareErrorsFromSession.php(49): Illuminate\\Pipeline\\Pipeline->Illuminate\\Pipeline\\{closure}(Object(Illuminate\\Http\\Request))
#12 C:\\xampp\\htdocs\\serbiscrm\\vendor\\laravel\\framework\\src\\Illuminate\\Pipeline\\Pipeline.php(180): Illuminate\\View\\Middleware\\ShareErrorsFromSession->handle(Object(Illuminate\\Http\\Request), Object(Closure))
#13 C:\\xampp\\htdocs\\serbiscrm\\vendor\\laravel\\framework\\src\\Illuminate\\Session\\Middleware\\StartSession.php(121): Illuminate\\Pipeline\\Pipeline->Illuminate\\Pipeline\\{closure}(Object(Illuminate\\Http\\Request))
#14 C:\\xampp\\htdocs\\serbiscrm\\vendor\\laravel\\framework\\src\\Illuminate\\Session\\Middleware\\StartSession.php(64): Illuminate\\Session\\Middleware\\StartSession->handleStatefulRequest(Object(Illuminate\\Http\\Request), Object(Illuminate\\Session\\Store), Object(Closure))
#15 C:\\xampp\\htdocs\\serbiscrm\\vendor\\laravel\\framework\\src\\Illuminate\\Pipeline\\Pipeline.php(180): Illuminate\\Session\\Middleware\\StartSession->handle(Object(Illuminate\\Http\\Request), Object(Closure))
#16 C:\\xampp\\htdocs\\serbiscrm\\vendor\\laravel\\framework\\src\\Illuminate\\Cookie\\Middleware\\AddQueuedCookiesToResponse.php(37): Illuminate\\Pipeline\\Pipeline->Illuminate\\Pipeline\\{closure}(Object(Illuminate\\Http\\Request))
#17 C:\\xampp\\htdocs\\serbiscrm\\vendor\\laravel\\framework\\src\\Illuminate\\Pipeline\\Pipeline.php(180): Illuminate\\Cookie\\Middleware\\AddQueuedCookiesToResponse->handle(Object(Illuminate\\Http\\Request), Object(Closure))
#18 C:\\xampp\\htdocs\\serbiscrm\\vendor\\laravel\\framework\\src\\Illuminate\\Cookie\\Middleware\\EncryptCookies.php(67): Illuminate\\Pipeline\\Pipeline->Illuminate\\Pipeline\\{closure}(Object(Illuminate\\Http\\Request))
#19 C:\\xampp\\htdocs\\serbiscrm\\vendor\\laravel\\framework\\src\\Illuminate\\Pipeline\\Pipeline.php(180): Illuminate\\Cookie\\Middleware\\EncryptCookies->handle(Object(Illuminate\\Http\\Request), Object(Closure))
#20 C:\\xampp\\htdocs\\serbiscrm\\vendor\\laravel\\framework\\src\\Illuminate\\Pipeline\\Pipeline.php(116): Illuminate\\Pipeline\\Pipeline->Illuminate\\Pipeline\\{closure}(Object(Illuminate\\Http\\Request))
#21 C:\\xampp\\htdocs\\serbiscrm\\vendor\\laravel\\framework\\src\\Illuminate\\Routing\\Router.php(798): Illuminate\\Pipeline\\Pipeline->then(Object(Closure))
#22 C:\\xampp\\htdocs\\serbiscrm\\vendor\\laravel\\framework\\src\\Illuminate\\Routing\\Router.php(777): Illuminate\\Routing\\Router->runRouteWithinStack(Object(Illuminate\\Routing\\Route), Object(Illuminate\\Http\\Request))
#23 C:\\xampp\\htdocs\\serbiscrm\\vendor\\laravel\\framework\\src\\Illuminate\\Routing\\Router.php(741): Illuminate\\Routing\\Router->runRoute(Object(Illuminate\\Http\\Request), Object(Illuminate\\Routing\\Route))
#24 C:\\xampp\\htdocs\\serbiscrm\\vendor\\laravel\\framework\\src\\Illuminate\\Routing\\Router.php(730): Illuminate\\Routing\\Router->dispatchToRoute(Object(Illuminate\\Http\\Request))
#25 C:\\xampp\\htdocs\\serbiscrm\\vendor\\laravel\\framework\\src\\Illuminate\\Foundation\\Http\\Kernel.php(200): Illuminate\\Routing\\Router->dispatch(Object(Illuminate\\Http\\Request))
#26 C:\\xampp\\htdocs\\serbiscrm\\vendor\\laravel\\framework\\src\\Illuminate\\Pipeline\\Pipeline.php(141): Illuminate\\Foundation\\Http\\Kernel->Illuminate\\Foundation\\Http\\{closure}(Object(Illuminate\\Http\\Request))
#27 C:\\xampp\\htdocs\\serbiscrm\\vendor\\laravel\\framework\\src\\Illuminate\\Foundation\\Http\\Middleware\\TransformsRequest.php(21): Illuminate\\Pipeline\\Pipeline->Illuminate\\Pipeline\\{closure}(Object(Illuminate\\Http\\Request))
#28 C:\\xampp\\htdocs\\serbiscrm\\vendor\\laravel\\framework\\src\\Illuminate\\Foundation\\Http\\Middleware\\ConvertEmptyStringsToNull.php(31): Illuminate\\Foundation\\Http\\Middleware\\TransformsRequest->handle(Object(Illuminate\\Http\\Request), Object(Closure))
#29 C:\\xampp\\htdocs\\serbiscrm\\vendor\\laravel\\framework\\src\\Illuminate\\Pipeline\\Pipeline.php(180): Illuminate\\Foundation\\Http\\Middleware\\ConvertEmptyStringsToNull->handle(Object(Illuminate\\Http\\Request), Object(Closure))
#30 C:\\xampp\\htdocs\\serbiscrm\\vendor\\laravel\\framework\\src\\Illuminate\\Foundation\\Http\\Middleware\\TransformsRequest.php(21): Illuminate\\Pipeline\\Pipeline->Illuminate\\Pipeline\\{closure}(Object(Illuminate\\Http\\Request))
#31 C:\\xampp\\htdocs\\serbiscrm\\vendor\\laravel\\framework\\src\\Illuminate\\Foundation\\Http\\Middleware\\TrimStrings.php(40): Illuminate\\Foundation\\Http\\Middleware\\TransformsRequest->handle(Object(Illuminate\\Http\\Request), Object(Closure))
#32 C:\\xampp\\htdocs\\serbiscrm\\vendor\\laravel\\framework\\src\\Illuminate\\Pipeline\\Pipeline.php(180): Illuminate\\Foundation\\Http\\Middleware\\TrimStrings->handle(Object(Illuminate\\Http\\Request), Object(Closure))
#33 C:\\xampp\\htdocs\\serbiscrm\\vendor\\laravel\\framework\\src\\Illuminate\\Foundation\\Http\\Middleware\\ValidatePostSize.php(27): Illuminate\\Pipeline\\Pipeline->Illuminate\\Pipeline\\{closure}(Object(Illuminate\\Http\\Request))
#34 C:\\xampp\\htdocs\\serbiscrm\\vendor\\laravel\\framework\\src\\Illuminate\\Pipeline\\Pipeline.php(180): Illuminate\\Foundation\\Http\\Middleware\\ValidatePostSize->handle(Object(Illuminate\\Http\\Request), Object(Closure))
#35 C:\\xampp\\htdocs\\serbiscrm\\vendor\\laravel\\framework\\src\\Illuminate\\Foundation\\Http\\Middleware\\PreventRequestsDuringMaintenance.php(99): Illuminate\\Pipeline\\Pipeline->Illuminate\\Pipeline\\{closure}(Object(Illuminate\\Http\\Request))
#36 C:\\xampp\\htdocs\\serbiscrm\\vendor\\laravel\\framework\\src\\Illuminate\\Pipeline\\Pipeline.php(180): Illuminate\\Foundation\\Http\\Middleware\\PreventRequestsDuringMaintenance->handle(Object(Illuminate\\Http\\Request), Object(Closure))
#37 C:\\xampp\\htdocs\\serbiscrm\\vendor\\laravel\\framework\\src\\Illuminate\\Http\\Middleware\\HandleCors.php(49): Illuminate\\Pipeline\\Pipeline->Illuminate\\Pipeline\\{closure}(Object(Illuminate\\Http\\Request))
#38 C:\\xampp\\htdocs\\serbiscrm\\vendor\\laravel\\framework\\src\\Illuminate\\Pipeline\\Pipeline.php(180): Illuminate\\Http\\Middleware\\HandleCors->handle(Object(Illuminate\\Http\\Request), Object(Closure))
#39 C:\\xampp\\htdocs\\serbiscrm\\vendor\\laravel\\framework\\src\\Illuminate\\Http\\Middleware\\TrustProxies.php(39): Illuminate\\Pipeline\\Pipeline->Illuminate\\Pipeline\\{closure}(Object(Illuminate\\Http\\Request))
#40 C:\\xampp\\htdocs\\serbiscrm\\vendor\\laravel\\framework\\src\\Illuminate\\Pipeline\\Pipeline.php(180): Illuminate\\Http\\Middleware\\TrustProxies->handle(Object(Illuminate\\Http\\Request), Object(Closure))
#41 C:\\xampp\\htdocs\\serbiscrm\\vendor\\laravel\\framework\\src\\Illuminate\\Pipeline\\Pipeline.php(116): Illuminate\\Pipeline\\Pipeline->Illuminate\\Pipeline\\{closure}(Object(Illuminate\\Http\\Request))
#42 C:\\xampp\\htdocs\\serbiscrm\\vendor\\laravel\\framework\\src\\Illuminate\\Foundation\\Http\\Kernel.php(175): Illuminate\\Pipeline\\Pipeline->then(Object(Closure))
#43 C:\\xampp\\htdocs\\serbiscrm\\vendor\\laravel\\framework\\src\\Illuminate\\Foundation\\Http\\Kernel.php(144): Illuminate\\Foundation\\Http\\Kernel->sendRequestThroughRouter(Object(Illuminate\\Http\\Request))
#44 C:\\xampp\\htdocs\\serbiscrm\\public\\index.php(51): Illuminate\\Foundation\\Http\\Kernel->handle(Object(Illuminate\\Http\\Request))
#45 C:\\xampp\\htdocs\\serbiscrm\\vendor\\laravel\\framework\\src\\Illuminate\\Foundation\\resources\\server.php(16): require_once('C:\\\\xampp\\\\htdocs...')
#46 {main}"} 
[2025-09-03 15:26:44] local.ERROR: Payment callback error {"message":"Billing veya plan bilgisi bulunamadı (gateway_response eksik).","file":"C:\\xampp\\htdocs\\serbiscrm\\app\\Http\\Controllers\\Frontend\\SubscriptionController.php","line":427,"post_data":{"hash":"xd/mBYSCYsao/i0MiiUfcyL+oBVc3zpixzzQc+2xsHk=","merchant_oid":"SUB2511756902397","status":"success","total_amount":"1008000","payment_type":"card","payment_amount":"1008000","currency":"TL","installment_count":"1","merchant_id":"103743","test_mode":"1"}} 
[2025-09-03 15:26:47] local.INFO: Payment success page accessed  
[2025-09-03 15:26:47] local.INFO: Payment success session data: {"tenant_id":"25","plan_id":"1","payment_id":35} 
[2025-09-03 15:27:04] local.INFO: Paytr Callback Received: {"hash":"tZAJE4GQGXVefrvrwdEO36s2+mihOAPYGBsevlHmGaY=","merchant_oid":"SUB2511756877977","status":"success","total_amount":"1008000","payment_type":"card","payment_amount":"1008000","currency":"TL","installment_count":"1","merchant_id":"103743","test_mode":"1"} 
[2025-09-03 15:27:04] local.INFO: Callback Hash Verification: {"calculated_hash":"tZAJE4GQGXVefrvrwdEO36s2+mihOAPYGBsevlHmGaY=","received_hash":"tZAJE4GQGXVefrvrwdEO36s2+mihOAPYGBsevlHmGaY=","merchant_oid":"SUB2511756877977","status":"success","total_amount":"1008000"} 
[2025-09-03 15:27:04] local.INFO: Callback verification successful  
[2025-09-03 15:27:04] local.ERROR: Payment not found for order ID: SUB2511756877977  
[2025-09-03 15:27:04] local.INFO: Paytr Callback Received: {"hash":"amWK8U/TPO1SCd2GBJctfm/KU31h2eY51T5+78a+E3E=","merchant_oid":"SUB2511756879049","status":"success","total_amount":"1008000","payment_type":"card","payment_amount":"1008000","currency":"TL","installment_count":"1","merchant_id":"103743","test_mode":"1"} 
[2025-09-03 15:27:04] local.INFO: Callback Hash Verification: {"calculated_hash":"amWK8U/TPO1SCd2GBJctfm/KU31h2eY51T5+78a+E3E=","received_hash":"amWK8U/TPO1SCd2GBJctfm/KU31h2eY51T5+78a+E3E=","merchant_oid":"SUB2511756879049","status":"success","total_amount":"1008000"} 
[2025-09-03 15:27:04] local.INFO: Callback verification successful  
[2025-09-03 15:27:04] local.ERROR: Payment not found for order ID: SUB2511756879049  
[2025-09-03 15:27:05] local.INFO: Paytr Callback Received: {"hash":"3WARwMiT5LkHLybE8UTEmR1y2tYAZVh8KfSjqjeiJdM=","merchant_oid":"SUB2511756895469","status":"success","total_amount":"1008000","payment_type":"card","payment_amount":"1008000","currency":"TL","installment_count":"1","merchant_id":"103743","test_mode":"1"} 
[2025-09-03 15:27:05] local.INFO: Callback Hash Verification: {"calculated_hash":"3WARwMiT5LkHLybE8UTEmR1y2tYAZVh8KfSjqjeiJdM=","received_hash":"3WARwMiT5LkHLybE8UTEmR1y2tYAZVh8KfSjqjeiJdM=","merchant_oid":"SUB2511756895469","status":"success","total_amount":"1008000"} 
[2025-09-03 15:27:05] local.INFO: Callback verification successful  
[2025-09-03 15:27:05] local.ERROR: Payment not found for order ID: SUB2511756895469  
[2025-09-03 15:27:06] local.INFO: Paytr Callback Received: {"hash":"xd/mBYSCYsao/i0MiiUfcyL+oBVc3zpixzzQc+2xsHk=","merchant_oid":"SUB2511756902397","status":"success","total_amount":"1008000","payment_type":"card","payment_amount":"1008000","currency":"TL","installment_count":"1","merchant_id":"103743","test_mode":"1"} 
[2025-09-03 15:27:06] local.INFO: Callback Hash Verification: {"calculated_hash":"xd/mBYSCYsao/i0MiiUfcyL+oBVc3zpixzzQc+2xsHk=","received_hash":"xd/mBYSCYsao/i0MiiUfcyL+oBVc3zpixzzQc+2xsHk=","merchant_oid":"SUB2511756902397","status":"success","total_amount":"1008000"} 
[2025-09-03 15:27:06] local.INFO: Callback verification successful  
[2025-09-03 15:27:06] local.INFO: Payment already processed: SUB2511756902397  
[2025-09-03 15:28:04] local.INFO: Paytr Callback Received: {"hash":"tZAJE4GQGXVefrvrwdEO36s2+mihOAPYGBsevlHmGaY=","merchant_oid":"SUB2511756877977","status":"success","total_amount":"1008000","payment_type":"card","payment_amount":"1008000","currency":"TL","installment_count":"1","merchant_id":"103743","test_mode":"1"} 
[2025-09-03 15:28:04] local.INFO: Callback Hash Verification: {"calculated_hash":"tZAJE4GQGXVefrvrwdEO36s2+mihOAPYGBsevlHmGaY=","received_hash":"tZAJE4GQGXVefrvrwdEO36s2+mihOAPYGBsevlHmGaY=","merchant_oid":"SUB2511756877977","status":"success","total_amount":"1008000"} 
[2025-09-03 15:28:04] local.INFO: Callback verification successful  
[2025-09-03 15:28:04] local.ERROR: Payment not found for order ID: SUB2511756877977  
[2025-09-03 15:28:04] local.INFO: Paytr Callback Received: {"hash":"amWK8U/TPO1SCd2GBJctfm/KU31h2eY51T5+78a+E3E=","merchant_oid":"SUB2511756879049","status":"success","total_amount":"1008000","payment_type":"card","payment_amount":"1008000","currency":"TL","installment_count":"1","merchant_id":"103743","test_mode":"1"} 
[2025-09-03 15:28:04] local.INFO: Callback Hash Verification: {"calculated_hash":"amWK8U/TPO1SCd2GBJctfm/KU31h2eY51T5+78a+E3E=","received_hash":"amWK8U/TPO1SCd2GBJctfm/KU31h2eY51T5+78a+E3E=","merchant_oid":"SUB2511756879049","status":"success","total_amount":"1008000"} 
[2025-09-03 15:28:04] local.INFO: Callback verification successful  
[2025-09-03 15:28:04] local.ERROR: Payment not found for order ID: SUB2511756879049  
[2025-09-03 15:28:05] local.INFO: Paytr Callback Received: {"hash":"3WARwMiT5LkHLybE8UTEmR1y2tYAZVh8KfSjqjeiJdM=","merchant_oid":"SUB2511756895469","status":"success","total_amount":"1008000","payment_type":"card","payment_amount":"1008000","currency":"TL","installment_count":"1","merchant_id":"103743","test_mode":"1"} 
[2025-09-03 15:28:05] local.INFO: Callback Hash Verification: {"calculated_hash":"3WARwMiT5LkHLybE8UTEmR1y2tYAZVh8KfSjqjeiJdM=","received_hash":"3WARwMiT5LkHLybE8UTEmR1y2tYAZVh8KfSjqjeiJdM=","merchant_oid":"SUB2511756895469","status":"success","total_amount":"1008000"} 
[2025-09-03 15:28:05] local.INFO: Callback verification successful  
[2025-09-03 15:28:05] local.ERROR: Payment not found for order ID: SUB2511756895469  
[2025-09-03 15:29:03] local.INFO: Paytr Callback Received: {"hash":"tZAJE4GQGXVefrvrwdEO36s2+mihOAPYGBsevlHmGaY=","merchant_oid":"SUB2511756877977","status":"success","total_amount":"1008000","payment_type":"card","payment_amount":"1008000","currency":"TL","installment_count":"1","merchant_id":"103743","test_mode":"1"} 
[2025-09-03 15:29:03] local.INFO: Callback Hash Verification: {"calculated_hash":"tZAJE4GQGXVefrvrwdEO36s2+mihOAPYGBsevlHmGaY=","received_hash":"tZAJE4GQGXVefrvrwdEO36s2+mihOAPYGBsevlHmGaY=","merchant_oid":"SUB2511756877977","status":"success","total_amount":"1008000"} 
[2025-09-03 15:29:03] local.INFO: Callback verification successful  
[2025-09-03 15:29:03] local.ERROR: Payment not found for order ID: SUB2511756877977  
[2025-09-03 15:29:04] local.INFO: Paytr Callback Received: {"hash":"amWK8U/TPO1SCd2GBJctfm/KU31h2eY51T5+78a+E3E=","merchant_oid":"SUB2511756879049","status":"success","total_amount":"1008000","payment_type":"card","payment_amount":"1008000","currency":"TL","installment_count":"1","merchant_id":"103743","test_mode":"1"} 
[2025-09-03 15:29:04] local.INFO: Callback Hash Verification: {"calculated_hash":"amWK8U/TPO1SCd2GBJctfm/KU31h2eY51T5+78a+E3E=","received_hash":"amWK8U/TPO1SCd2GBJctfm/KU31h2eY51T5+78a+E3E=","merchant_oid":"SUB2511756879049","status":"success","total_amount":"1008000"} 
[2025-09-03 15:29:04] local.INFO: Callback verification successful  
[2025-09-03 15:29:04] local.ERROR: Payment not found for order ID: SUB2511756879049  
[2025-09-03 15:29:04] local.INFO: Paytr Callback Received: {"hash":"3WARwMiT5LkHLybE8UTEmR1y2tYAZVh8KfSjqjeiJdM=","merchant_oid":"SUB2511756895469","status":"success","total_amount":"1008000","payment_type":"card","payment_amount":"1008000","currency":"TL","installment_count":"1","merchant_id":"103743","test_mode":"1"} 
[2025-09-03 15:29:04] local.INFO: Callback Hash Verification: {"calculated_hash":"3WARwMiT5LkHLybE8UTEmR1y2tYAZVh8KfSjqjeiJdM=","received_hash":"3WARwMiT5LkHLybE8UTEmR1y2tYAZVh8KfSjqjeiJdM=","merchant_oid":"SUB2511756895469","status":"success","total_amount":"1008000"} 
[2025-09-03 15:29:04] local.INFO: Callback verification successful  
[2025-09-03 15:29:04] local.ERROR: Payment not found for order ID: SUB2511756895469  
[2025-09-03 15:30:05] local.INFO: Paytr Callback Received: {"hash":"tZAJE4GQGXVefrvrwdEO36s2+mihOAPYGBsevlHmGaY=","merchant_oid":"SUB2511756877977","status":"success","total_amount":"1008000","payment_type":"card","payment_amount":"1008000","currency":"TL","installment_count":"1","merchant_id":"103743","test_mode":"1"} 
[2025-09-03 15:30:05] local.INFO: Callback Hash Verification: {"calculated_hash":"tZAJE4GQGXVefrvrwdEO36s2+mihOAPYGBsevlHmGaY=","received_hash":"tZAJE4GQGXVefrvrwdEO36s2+mihOAPYGBsevlHmGaY=","merchant_oid":"SUB2511756877977","status":"success","total_amount":"1008000"} 
[2025-09-03 15:30:05] local.INFO: Callback verification successful  
[2025-09-03 15:30:05] local.ERROR: Payment not found for order ID: SUB2511756877977  
[2025-09-03 15:30:05] local.INFO: Paytr Callback Received: {"hash":"amWK8U/TPO1SCd2GBJctfm/KU31h2eY51T5+78a+E3E=","merchant_oid":"SUB2511756879049","status":"success","total_amount":"1008000","payment_type":"card","payment_amount":"1008000","currency":"TL","installment_count":"1","merchant_id":"103743","test_mode":"1"} 
[2025-09-03 15:30:05] local.INFO: Callback Hash Verification: {"calculated_hash":"amWK8U/TPO1SCd2GBJctfm/KU31h2eY51T5+78a+E3E=","received_hash":"amWK8U/TPO1SCd2GBJctfm/KU31h2eY51T5+78a+E3E=","merchant_oid":"SUB2511756879049","status":"success","total_amount":"1008000"} 
[2025-09-03 15:30:05] local.INFO: Callback verification successful  
[2025-09-03 15:30:05] local.ERROR: Payment not found for order ID: SUB2511756879049  
[2025-09-03 15:30:05] local.INFO: Paytr Callback Received: {"hash":"3WARwMiT5LkHLybE8UTEmR1y2tYAZVh8KfSjqjeiJdM=","merchant_oid":"SUB2511756895469","status":"success","total_amount":"1008000","payment_type":"card","payment_amount":"1008000","currency":"TL","installment_count":"1","merchant_id":"103743","test_mode":"1"} 
[2025-09-03 15:30:05] local.INFO: Callback Hash Verification: {"calculated_hash":"3WARwMiT5LkHLybE8UTEmR1y2tYAZVh8KfSjqjeiJdM=","received_hash":"3WARwMiT5LkHLybE8UTEmR1y2tYAZVh8KfSjqjeiJdM=","merchant_oid":"SUB2511756895469","status":"success","total_amount":"1008000"} 
[2025-09-03 15:30:05] local.INFO: Callback verification successful  
[2025-09-03 15:30:05] local.ERROR: Payment not found for order ID: SUB2511756895469  
[2025-09-03 15:31:03] local.INFO: Paytr Callback Received: {"hash":"tZAJE4GQGXVefrvrwdEO36s2+mihOAPYGBsevlHmGaY=","merchant_oid":"SUB2511756877977","status":"success","total_amount":"1008000","payment_type":"card","payment_amount":"1008000","currency":"TL","installment_count":"1","merchant_id":"103743","test_mode":"1"} 
[2025-09-03 15:31:03] local.INFO: Callback Hash Verification: {"calculated_hash":"tZAJE4GQGXVefrvrwdEO36s2+mihOAPYGBsevlHmGaY=","received_hash":"tZAJE4GQGXVefrvrwdEO36s2+mihOAPYGBsevlHmGaY=","merchant_oid":"SUB2511756877977","status":"success","total_amount":"1008000"} 
[2025-09-03 15:31:03] local.INFO: Callback verification successful  
[2025-09-03 15:31:03] local.ERROR: Payment not found for order ID: SUB2511756877977  
[2025-09-03 15:31:04] local.INFO: Paytr Callback Received: {"hash":"amWK8U/TPO1SCd2GBJctfm/KU31h2eY51T5+78a+E3E=","merchant_oid":"SUB2511756879049","status":"success","total_amount":"1008000","payment_type":"card","payment_amount":"1008000","currency":"TL","installment_count":"1","merchant_id":"103743","test_mode":"1"} 
[2025-09-03 15:31:04] local.INFO: Callback Hash Verification: {"calculated_hash":"amWK8U/TPO1SCd2GBJctfm/KU31h2eY51T5+78a+E3E=","received_hash":"amWK8U/TPO1SCd2GBJctfm/KU31h2eY51T5+78a+E3E=","merchant_oid":"SUB2511756879049","status":"success","total_amount":"1008000"} 
[2025-09-03 15:31:04] local.INFO: Callback verification successful  
[2025-09-03 15:31:04] local.ERROR: Payment not found for order ID: SUB2511756879049  
[2025-09-03 15:31:04] local.INFO: Paytr Callback Received: {"hash":"3WARwMiT5LkHLybE8UTEmR1y2tYAZVh8KfSjqjeiJdM=","merchant_oid":"SUB2511756895469","status":"success","total_amount":"1008000","payment_type":"card","payment_amount":"1008000","currency":"TL","installment_count":"1","merchant_id":"103743","test_mode":"1"} 
[2025-09-03 15:31:04] local.INFO: Callback Hash Verification: {"calculated_hash":"3WARwMiT5LkHLybE8UTEmR1y2tYAZVh8KfSjqjeiJdM=","received_hash":"3WARwMiT5LkHLybE8UTEmR1y2tYAZVh8KfSjqjeiJdM=","merchant_oid":"SUB2511756895469","status":"success","total_amount":"1008000"} 
[2025-09-03 15:31:04] local.INFO: Callback verification successful  
[2025-09-03 15:31:04] local.ERROR: Payment not found for order ID: SUB2511756895469  
[2025-09-03 15:31:54] local.INFO: initiatePayment called {"tenant_id":"25","planid":"1","request_data":[]} 
[2025-09-03 15:31:54] local.INFO: Session data check {"planData":{"id":1,"name":"Başlangıç","slug":"basic","icon":"fa fa-adjust","description":"Küçük işletmeler için temel özellikler  
<ul>
<li>Max. 3 Kullanıcı</li>
<li>&nbsp;2 GB Depolama Alanı</li>
<li>&nbsp;Sınırsız Servis Kaydı</li>
<li>&nbsp;Detaylı Servis Arama</li>
<li>&nbsp;Detaylı Servis Raporlama</li>
<li>&nbsp;Detaylı Prim Hesaplama</li>
<li>&nbsp;Toplu Servis Planlama</li>
<li>&nbsp;Servis Fişi Yazdırma</li>
<li>&nbsp;Detaylı İstatistikler</li>
<li>&nbsp;Sınırsız Kasa Kaydı</li>
</ul>","price":"8400.00","billing_cycle":"yearly","features":{"tickets":true,"basic_reports":false},"limits":{"users":2,"dealers":0,"stocks":10,"konsinye":1,"tickets_per_month":50,"storage_gb":1},"trial_days":14,"is_active":true,"is_popular":false,"sort_order":0,"created_at":null,"updated_at":null},"billingData":{"billing_type":"bireysel","first_name":"Gökhan Türkmen","email":"deneme@deneme.com","phone":"563 434 34 34","il":"74","ilce":"855","address":null,"identity_number":null,"tax_office":null,"tax_number":"5555432323"}} 
[2025-09-03 15:31:54] local.INFO: Paytr Config Check {"merchant_id":"103743","merchant_key":"SET","merchant_salt":"SET"} 
[2025-09-03 15:31:54] local.INFO: Order data prepared {"tenant":25,"order_id":"SUB2511756902714","email":"deneme@deneme.com","amount":10080.0,"user_name":"Gökhan Türkmen","user_address":"74/855","user_phone":"563 434 34 34","basket":[["Başlangıç - Abonelik Paketi","8400.00",1]],"success_url":"http://127.0.0.1:8000/payment/success","fail_url":"http://127.0.0.1:8000/payment/fail"} 
[2025-09-03 15:31:54] local.INFO: Payment record created {"payment_id":36} 
[2025-09-03 15:31:54] local.INFO: Calling Paytr API...  
[2025-09-03 15:31:54] local.INFO: PayTR Request Data: {"merchant_id":"103743","order_id":"SUB2511756902714","amount":1008000,"user_ip":"78.190.145.61","hash_string":"10374378.190.145.61SUB2511756902714deneme@deneme.com1008000W1siQmFcdTAxNWZsYW5nXHUwMTMxXHUwMGU3IC0gQWJvbmVsaWsgUGFrZXRpIiwiODQwMC4wMCIsMV1d10TL1","token":"AMtT3ZHYh9jX1lcNR+uGxO0dP0jmhBQEYMnBJIR2RQo="} 
[2025-09-03 15:31:55] local.INFO: PayTR API Response: {"status":"success","token":"8e8436653062ea5216bdf7ebaf9f913fb48ff5e07220b331271b4842798778df-667493058"} 
[2025-09-03 15:31:55] local.INFO: Paytr API Response {"success":true,"token":"8e8436653062ea5216bdf7ebaf9f913fb48ff5e07220b331271b4842798778df-667493058","iframe_url":"https://www.paytr.com/odeme/guvenli/8e8436653062ea5216bdf7ebaf9f913fb48ff5e07220b331271b4842798778df-667493058"} 
[2025-09-03 15:31:55] local.INFO: Paytr success, redirecting to iframe  
[2025-09-03 15:32:01] local.INFO: Paytr Callback Received: {"hash":"BW2+J7bYRMv/e+bP3yEbKRgUQe8mnUGuiNiHHTKYkxc=","merchant_oid":"SUB2511756902714","status":"success","total_amount":"1008000","payment_type":"card","payment_amount":"1008000","currency":"TL","installment_count":"1","merchant_id":"103743","test_mode":"1"} 
[2025-09-03 15:32:01] local.INFO: Callback Hash Verification: {"calculated_hash":"BW2+J7bYRMv/e+bP3yEbKRgUQe8mnUGuiNiHHTKYkxc=","received_hash":"BW2+J7bYRMv/e+bP3yEbKRgUQe8mnUGuiNiHHTKYkxc=","merchant_oid":"SUB2511756902714","status":"success","total_amount":"1008000"} 
[2025-09-03 15:32:01] local.INFO: Callback verification successful  
[2025-09-03 15:32:01] local.INFO: Starting subscription completion {"payment_id":36,"tenant_id":25} 
[2025-09-03 15:32:01] local.INFO: Session data retrieved {"billing_data_exists":true,"plan_data_exists":true,"billing_keys":["billing_type","first_name","email","phone","il","ilce","address","identity_number","tax_office","tax_number"],"plan_keys":["id","name","slug","icon","description","price","billing_cycle","features","limits","trial_days","is_active","is_popular","sort_order","created_at","updated_at"]} 
[2025-09-03 15:32:01] local.INFO: Tenant found {"tenant_id":25,"tenant_name":"Gökhan Türkmen"} 
[2025-09-03 15:32:01] local.INFO: Plan found {"plan_id":1,"plan_name":"Başlangıç","billing_cycle":"yearly"} 
[2025-09-03 15:32:01] local.INFO: Subscription dates calculated {"start_date":"2025-09-03 15:32:01","end_date":"2026-09-03 15:32:01","billing_cycle":"yearly"} 
[2025-09-03 15:32:01] local.INFO: Tenant update data prepared {"subscription_status":"active","status":1,"bitisTarihi":"2026-09-03 15:32:01","trial_used":1,"subscription_ends_at":"2026-09-03 15:32:01","name":"Gökhan Türkmen","eposta":"deneme@deneme.com","tel1":"563 434 34 34","il":"74","ilce":"855","updated_at":"2025-09-03 15:32:01","vergiNo":"5555432323"} 
[2025-09-03 15:32:01] local.INFO: Tenant update result {"success":true,"tenant_id":25} 
[2025-09-03 15:32:01] local.INFO: Tenant after update {"subscription_status":"active","status":1,"bitisTarihi":"2026-09-03","subscription_ends_at":"2026-09-03 15:32:01"} 
[2025-09-03 15:32:01] local.INFO: Existing subscriptions canceled {"canceled_count":0,"tenant_id":25} 
[2025-09-03 15:32:01] local.INFO: New subscription data prepared {"tenant_id":25,"plan_id":1,"status":"active","starts_at":"2025-09-03 15:32:01","ends_at":"2026-09-03 15:32:01","payment_method":"kredi kartı","subscription_data":"{\"billing_type\":\"bireysel\",\"first_name\":\"G\\u00f6khan T\\u00fcrkmen\",\"email\":\"deneme@deneme.com\",\"phone\":\"563 434 34 34\",\"il\":\"74\",\"ilce\":\"855\",\"address\":null,\"identity_number\":null,\"tax_office\":null,\"tax_number\":\"5555432323\"}","created_at":"2025-09-03 15:32:01","updated_at":"2025-09-03 15:32:01"} 
[2025-09-03 15:32:01] local.INFO: New subscription created {"subscription_id":5,"tenant_id":25,"plan_id":1,"status":"active"} 
[2025-09-03 15:32:01] local.INFO: Payment record updated {"success":true,"payment_id":36,"subscription_id":5} 
[2025-09-03 15:32:01] local.INFO: Transaction committed successfully {"tenant_id":25,"subscription_id":5,"payment_id":36} 
[2025-09-03 15:32:01] local.INFO: Final verification {"tenant_status":"active","tenant_ends_at":"2026-09-03 15:32:01","subscription_status":"active","subscription_ends_at":"2026-09-03 15:32:01"} 
[2025-09-03 15:32:01] local.INFO: Payment completed successfully: SUB2511756902714  
[2025-09-03 15:32:04] local.INFO: Paytr Callback Received: {"hash":"tZAJE4GQGXVefrvrwdEO36s2+mihOAPYGBsevlHmGaY=","merchant_oid":"SUB2511756877977","status":"success","total_amount":"1008000","payment_type":"card","payment_amount":"1008000","currency":"TL","installment_count":"1","merchant_id":"103743","test_mode":"1"} 
[2025-09-03 15:32:04] local.INFO: Callback Hash Verification: {"calculated_hash":"tZAJE4GQGXVefrvrwdEO36s2+mihOAPYGBsevlHmGaY=","received_hash":"tZAJE4GQGXVefrvrwdEO36s2+mihOAPYGBsevlHmGaY=","merchant_oid":"SUB2511756877977","status":"success","total_amount":"1008000"} 
[2025-09-03 15:32:04] local.INFO: Callback verification successful  
[2025-09-03 15:32:04] local.ERROR: Payment not found for order ID: SUB2511756877977  
[2025-09-03 15:32:04] local.INFO: Paytr Callback Received: {"hash":"amWK8U/TPO1SCd2GBJctfm/KU31h2eY51T5+78a+E3E=","merchant_oid":"SUB2511756879049","status":"success","total_amount":"1008000","payment_type":"card","payment_amount":"1008000","currency":"TL","installment_count":"1","merchant_id":"103743","test_mode":"1"} 
[2025-09-03 15:32:04] local.INFO: Callback Hash Verification: {"calculated_hash":"amWK8U/TPO1SCd2GBJctfm/KU31h2eY51T5+78a+E3E=","received_hash":"amWK8U/TPO1SCd2GBJctfm/KU31h2eY51T5+78a+E3E=","merchant_oid":"SUB2511756879049","status":"success","total_amount":"1008000"} 
[2025-09-03 15:32:04] local.INFO: Callback verification successful  
[2025-09-03 15:32:04] local.ERROR: Payment not found for order ID: SUB2511756879049  
[2025-09-03 15:32:04] local.INFO: Paytr Callback Received: {"hash":"3WARwMiT5LkHLybE8UTEmR1y2tYAZVh8KfSjqjeiJdM=","merchant_oid":"SUB2511756895469","status":"success","total_amount":"1008000","payment_type":"card","payment_amount":"1008000","currency":"TL","installment_count":"1","merchant_id":"103743","test_mode":"1"} 
[2025-09-03 15:32:04] local.INFO: Callback Hash Verification: {"calculated_hash":"3WARwMiT5LkHLybE8UTEmR1y2tYAZVh8KfSjqjeiJdM=","received_hash":"3WARwMiT5LkHLybE8UTEmR1y2tYAZVh8KfSjqjeiJdM=","merchant_oid":"SUB2511756895469","status":"success","total_amount":"1008000"} 
[2025-09-03 15:32:04] local.INFO: Callback verification successful  
[2025-09-03 15:32:05] local.ERROR: Payment not found for order ID: SUB2511756895469  
[2025-09-03 15:32:05] local.INFO: Payment success page accessed  
[2025-09-03 15:32:05] local.INFO: Payment success session data: {"tenant_id":"25","plan_id":"1","payment_id":36} 
[2025-09-03 15:32:05] local.INFO: All active products count: 0  
[2025-09-03 15:32:05] local.INFO: Final Alerts Result: {"critical_count":0,"low_count":0,"total_products_checked":0} 
[2025-09-03 15:33:04] local.INFO: Paytr Callback Received: {"hash":"tZAJE4GQGXVefrvrwdEO36s2+mihOAPYGBsevlHmGaY=","merchant_oid":"SUB2511756877977","status":"success","total_amount":"1008000","payment_type":"card","payment_amount":"1008000","currency":"TL","installment_count":"1","merchant_id":"103743","test_mode":"1"} 
[2025-09-03 15:33:04] local.INFO: Callback Hash Verification: {"calculated_hash":"tZAJE4GQGXVefrvrwdEO36s2+mihOAPYGBsevlHmGaY=","received_hash":"tZAJE4GQGXVefrvrwdEO36s2+mihOAPYGBsevlHmGaY=","merchant_oid":"SUB2511756877977","status":"success","total_amount":"1008000"} 
[2025-09-03 15:33:04] local.INFO: Callback verification successful  
[2025-09-03 15:33:04] local.ERROR: Payment not found for order ID: SUB2511756877977  
[2025-09-03 15:33:04] local.INFO: Paytr Callback Received: {"hash":"amWK8U/TPO1SCd2GBJctfm/KU31h2eY51T5+78a+E3E=","merchant_oid":"SUB2511756879049","status":"success","total_amount":"1008000","payment_type":"card","payment_amount":"1008000","currency":"TL","installment_count":"1","merchant_id":"103743","test_mode":"1"} 
[2025-09-03 15:33:04] local.INFO: Callback Hash Verification: {"calculated_hash":"amWK8U/TPO1SCd2GBJctfm/KU31h2eY51T5+78a+E3E=","received_hash":"amWK8U/TPO1SCd2GBJctfm/KU31h2eY51T5+78a+E3E=","merchant_oid":"SUB2511756879049","status":"success","total_amount":"1008000"} 
[2025-09-03 15:33:04] local.INFO: Callback verification successful  
[2025-09-03 15:33:04] local.ERROR: Payment not found for order ID: SUB2511756879049  
[2025-09-03 15:33:05] local.INFO: Paytr Callback Received: {"hash":"3WARwMiT5LkHLybE8UTEmR1y2tYAZVh8KfSjqjeiJdM=","merchant_oid":"SUB2511756895469","status":"success","total_amount":"1008000","payment_type":"card","payment_amount":"1008000","currency":"TL","installment_count":"1","merchant_id":"103743","test_mode":"1"} 
[2025-09-03 15:33:05] local.INFO: Callback Hash Verification: {"calculated_hash":"3WARwMiT5LkHLybE8UTEmR1y2tYAZVh8KfSjqjeiJdM=","received_hash":"3WARwMiT5LkHLybE8UTEmR1y2tYAZVh8KfSjqjeiJdM=","merchant_oid":"SUB2511756895469","status":"success","total_amount":"1008000"} 
[2025-09-03 15:33:05] local.INFO: Callback verification successful  
[2025-09-03 15:33:05] local.ERROR: Payment not found for order ID: SUB2511756895469  
[2025-09-03 15:33:09] local.INFO: All active products count: 0  
[2025-09-03 15:33:09] local.INFO: Final Alerts Result: {"critical_count":0,"low_count":0,"total_products_checked":0} 
[2025-09-03 15:34:04] local.INFO: Paytr Callback Received: {"hash":"tZAJE4GQGXVefrvrwdEO36s2+mihOAPYGBsevlHmGaY=","merchant_oid":"SUB2511756877977","status":"success","total_amount":"1008000","payment_type":"card","payment_amount":"1008000","currency":"TL","installment_count":"1","merchant_id":"103743","test_mode":"1"} 
[2025-09-03 15:34:04] local.INFO: Callback Hash Verification: {"calculated_hash":"tZAJE4GQGXVefrvrwdEO36s2+mihOAPYGBsevlHmGaY=","received_hash":"tZAJE4GQGXVefrvrwdEO36s2+mihOAPYGBsevlHmGaY=","merchant_oid":"SUB2511756877977","status":"success","total_amount":"1008000"} 
[2025-09-03 15:34:04] local.INFO: Callback verification successful  
[2025-09-03 15:34:04] local.ERROR: Payment not found for order ID: SUB2511756877977  
[2025-09-03 15:34:04] local.INFO: Paytr Callback Received: {"hash":"amWK8U/TPO1SCd2GBJctfm/KU31h2eY51T5+78a+E3E=","merchant_oid":"SUB2511756879049","status":"success","total_amount":"1008000","payment_type":"card","payment_amount":"1008000","currency":"TL","installment_count":"1","merchant_id":"103743","test_mode":"1"} 
[2025-09-03 15:34:04] local.INFO: Callback Hash Verification: {"calculated_hash":"amWK8U/TPO1SCd2GBJctfm/KU31h2eY51T5+78a+E3E=","received_hash":"amWK8U/TPO1SCd2GBJctfm/KU31h2eY51T5+78a+E3E=","merchant_oid":"SUB2511756879049","status":"success","total_amount":"1008000"} 
[2025-09-03 15:34:04] local.INFO: Callback verification successful  
[2025-09-03 15:34:04] local.ERROR: Payment not found for order ID: SUB2511756879049  
[2025-09-03 15:34:05] local.INFO: Paytr Callback Received: {"hash":"3WARwMiT5LkHLybE8UTEmR1y2tYAZVh8KfSjqjeiJdM=","merchant_oid":"SUB2511756895469","status":"success","total_amount":"1008000","payment_type":"card","payment_amount":"1008000","currency":"TL","installment_count":"1","merchant_id":"103743","test_mode":"1"} 
[2025-09-03 15:34:05] local.INFO: Callback Hash Verification: {"calculated_hash":"3WARwMiT5LkHLybE8UTEmR1y2tYAZVh8KfSjqjeiJdM=","received_hash":"3WARwMiT5LkHLybE8UTEmR1y2tYAZVh8KfSjqjeiJdM=","merchant_oid":"SUB2511756895469","status":"success","total_amount":"1008000"} 
[2025-09-03 15:34:05] local.INFO: Callback verification successful  
[2025-09-03 15:34:05] local.ERROR: Payment not found for order ID: SUB2511756895469  
[2025-09-03 15:35:03] local.INFO: Paytr Callback Received: {"hash":"tZAJE4GQGXVefrvrwdEO36s2+mihOAPYGBsevlHmGaY=","merchant_oid":"SUB2511756877977","status":"success","total_amount":"1008000","payment_type":"card","payment_amount":"1008000","currency":"TL","installment_count":"1","merchant_id":"103743","test_mode":"1"} 
[2025-09-03 15:35:03] local.INFO: Callback Hash Verification: {"calculated_hash":"tZAJE4GQGXVefrvrwdEO36s2+mihOAPYGBsevlHmGaY=","received_hash":"tZAJE4GQGXVefrvrwdEO36s2+mihOAPYGBsevlHmGaY=","merchant_oid":"SUB2511756877977","status":"success","total_amount":"1008000"} 
[2025-09-03 15:35:03] local.INFO: Callback verification successful  
[2025-09-03 15:35:03] local.ERROR: Payment not found for order ID: SUB2511756877977  
[2025-09-03 15:35:04] local.INFO: Paytr Callback Received: {"hash":"amWK8U/TPO1SCd2GBJctfm/KU31h2eY51T5+78a+E3E=","merchant_oid":"SUB2511756879049","status":"success","total_amount":"1008000","payment_type":"card","payment_amount":"1008000","currency":"TL","installment_count":"1","merchant_id":"103743","test_mode":"1"} 
[2025-09-03 15:35:04] local.INFO: Callback Hash Verification: {"calculated_hash":"amWK8U/TPO1SCd2GBJctfm/KU31h2eY51T5+78a+E3E=","received_hash":"amWK8U/TPO1SCd2GBJctfm/KU31h2eY51T5+78a+E3E=","merchant_oid":"SUB2511756879049","status":"success","total_amount":"1008000"} 
[2025-09-03 15:35:04] local.INFO: Callback verification successful  
[2025-09-03 15:35:04] local.ERROR: Payment not found for order ID: SUB2511756879049  
[2025-09-03 15:35:04] local.INFO: Paytr Callback Received: {"hash":"3WARwMiT5LkHLybE8UTEmR1y2tYAZVh8KfSjqjeiJdM=","merchant_oid":"SUB2511756895469","status":"success","total_amount":"1008000","payment_type":"card","payment_amount":"1008000","currency":"TL","installment_count":"1","merchant_id":"103743","test_mode":"1"} 
[2025-09-03 15:35:04] local.INFO: Callback Hash Verification: {"calculated_hash":"3WARwMiT5LkHLybE8UTEmR1y2tYAZVh8KfSjqjeiJdM=","received_hash":"3WARwMiT5LkHLybE8UTEmR1y2tYAZVh8KfSjqjeiJdM=","merchant_oid":"SUB2511756895469","status":"success","total_amount":"1008000"} 
[2025-09-03 15:35:04] local.INFO: Callback verification successful  
[2025-09-03 15:35:04] local.ERROR: Payment not found for order ID: SUB2511756895469  
[2025-09-03 15:35:25] local.INFO: All active products count: 0  
[2025-09-03 15:35:25] local.INFO: Final Alerts Result: {"critical_count":0,"low_count":0,"total_products_checked":0} 
[2025-09-03 15:36:04] local.INFO: Paytr Callback Received: {"hash":"tZAJE4GQGXVefrvrwdEO36s2+mihOAPYGBsevlHmGaY=","merchant_oid":"SUB2511756877977","status":"success","total_amount":"1008000","payment_type":"card","payment_amount":"1008000","currency":"TL","installment_count":"1","merchant_id":"103743","test_mode":"1"} 
[2025-09-03 15:36:04] local.INFO: Callback Hash Verification: {"calculated_hash":"tZAJE4GQGXVefrvrwdEO36s2+mihOAPYGBsevlHmGaY=","received_hash":"tZAJE4GQGXVefrvrwdEO36s2+mihOAPYGBsevlHmGaY=","merchant_oid":"SUB2511756877977","status":"success","total_amount":"1008000"} 
[2025-09-03 15:36:04] local.INFO: Callback verification successful  
[2025-09-03 15:36:04] local.ERROR: Payment not found for order ID: SUB2511756877977  
[2025-09-03 15:36:04] local.INFO: Paytr Callback Received: {"hash":"amWK8U/TPO1SCd2GBJctfm/KU31h2eY51T5+78a+E3E=","merchant_oid":"SUB2511756879049","status":"success","total_amount":"1008000","payment_type":"card","payment_amount":"1008000","currency":"TL","installment_count":"1","merchant_id":"103743","test_mode":"1"} 
[2025-09-03 15:36:04] local.INFO: Callback Hash Verification: {"calculated_hash":"amWK8U/TPO1SCd2GBJctfm/KU31h2eY51T5+78a+E3E=","received_hash":"amWK8U/TPO1SCd2GBJctfm/KU31h2eY51T5+78a+E3E=","merchant_oid":"SUB2511756879049","status":"success","total_amount":"1008000"} 
[2025-09-03 15:36:04] local.INFO: Callback verification successful  
[2025-09-03 15:36:04] local.ERROR: Payment not found for order ID: SUB2511756879049  
[2025-09-03 15:36:05] local.INFO: Paytr Callback Received: {"hash":"3WARwMiT5LkHLybE8UTEmR1y2tYAZVh8KfSjqjeiJdM=","merchant_oid":"SUB2511756895469","status":"success","total_amount":"1008000","payment_type":"card","payment_amount":"1008000","currency":"TL","installment_count":"1","merchant_id":"103743","test_mode":"1"} 
[2025-09-03 15:36:05] local.INFO: Callback Hash Verification: {"calculated_hash":"3WARwMiT5LkHLybE8UTEmR1y2tYAZVh8KfSjqjeiJdM=","received_hash":"3WARwMiT5LkHLybE8UTEmR1y2tYAZVh8KfSjqjeiJdM=","merchant_oid":"SUB2511756895469","status":"success","total_amount":"1008000"} 
[2025-09-03 15:36:05] local.INFO: Callback verification successful  
[2025-09-03 15:36:05] local.ERROR: Payment not found for order ID: SUB2511756895469  
[2025-09-03 15:37:03] local.INFO: Paytr Callback Received: {"hash":"tZAJE4GQGXVefrvrwdEO36s2+mihOAPYGBsevlHmGaY=","merchant_oid":"SUB2511756877977","status":"success","total_amount":"1008000","payment_type":"card","payment_amount":"1008000","currency":"TL","installment_count":"1","merchant_id":"103743","test_mode":"1"} 
[2025-09-03 15:37:03] local.INFO: Callback Hash Verification: {"calculated_hash":"tZAJE4GQGXVefrvrwdEO36s2+mihOAPYGBsevlHmGaY=","received_hash":"tZAJE4GQGXVefrvrwdEO36s2+mihOAPYGBsevlHmGaY=","merchant_oid":"SUB2511756877977","status":"success","total_amount":"1008000"} 
[2025-09-03 15:37:03] local.INFO: Callback verification successful  
[2025-09-03 15:37:04] local.ERROR: Payment not found for order ID: SUB2511756877977  
[2025-09-03 15:37:04] local.INFO: Paytr Callback Received: {"hash":"amWK8U/TPO1SCd2GBJctfm/KU31h2eY51T5+78a+E3E=","merchant_oid":"SUB2511756879049","status":"success","total_amount":"1008000","payment_type":"card","payment_amount":"1008000","currency":"TL","installment_count":"1","merchant_id":"103743","test_mode":"1"} 
[2025-09-03 15:37:04] local.INFO: Callback Hash Verification: {"calculated_hash":"amWK8U/TPO1SCd2GBJctfm/KU31h2eY51T5+78a+E3E=","received_hash":"amWK8U/TPO1SCd2GBJctfm/KU31h2eY51T5+78a+E3E=","merchant_oid":"SUB2511756879049","status":"success","total_amount":"1008000"} 
[2025-09-03 15:37:04] local.INFO: Callback verification successful  
[2025-09-03 15:37:04] local.ERROR: Payment not found for order ID: SUB2511756879049  
[2025-09-03 15:37:05] local.INFO: Paytr Callback Received: {"hash":"3WARwMiT5LkHLybE8UTEmR1y2tYAZVh8KfSjqjeiJdM=","merchant_oid":"SUB2511756895469","status":"success","total_amount":"1008000","payment_type":"card","payment_amount":"1008000","currency":"TL","installment_count":"1","merchant_id":"103743","test_mode":"1"} 
[2025-09-03 15:37:05] local.INFO: Callback Hash Verification: {"calculated_hash":"3WARwMiT5LkHLybE8UTEmR1y2tYAZVh8KfSjqjeiJdM=","received_hash":"3WARwMiT5LkHLybE8UTEmR1y2tYAZVh8KfSjqjeiJdM=","merchant_oid":"SUB2511756895469","status":"success","total_amount":"1008000"} 
[2025-09-03 15:37:05] local.INFO: Callback verification successful  
[2025-09-03 15:37:05] local.ERROR: Payment not found for order ID: SUB2511756895469  
[2025-09-03 15:38:04] local.INFO: Paytr Callback Received: {"hash":"tZAJE4GQGXVefrvrwdEO36s2+mihOAPYGBsevlHmGaY=","merchant_oid":"SUB2511756877977","status":"success","total_amount":"1008000","payment_type":"card","payment_amount":"1008000","currency":"TL","installment_count":"1","merchant_id":"103743","test_mode":"1"} 
[2025-09-03 15:38:04] local.INFO: Callback Hash Verification: {"calculated_hash":"tZAJE4GQGXVefrvrwdEO36s2+mihOAPYGBsevlHmGaY=","received_hash":"tZAJE4GQGXVefrvrwdEO36s2+mihOAPYGBsevlHmGaY=","merchant_oid":"SUB2511756877977","status":"success","total_amount":"1008000"} 
[2025-09-03 15:38:04] local.INFO: Callback verification successful  
[2025-09-03 15:38:04] local.ERROR: Payment not found for order ID: SUB2511756877977  
[2025-09-03 15:38:04] local.INFO: Paytr Callback Received: {"hash":"amWK8U/TPO1SCd2GBJctfm/KU31h2eY51T5+78a+E3E=","merchant_oid":"SUB2511756879049","status":"success","total_amount":"1008000","payment_type":"card","payment_amount":"1008000","currency":"TL","installment_count":"1","merchant_id":"103743","test_mode":"1"} 
[2025-09-03 15:38:04] local.INFO: Callback Hash Verification: {"calculated_hash":"amWK8U/TPO1SCd2GBJctfm/KU31h2eY51T5+78a+E3E=","received_hash":"amWK8U/TPO1SCd2GBJctfm/KU31h2eY51T5+78a+E3E=","merchant_oid":"SUB2511756879049","status":"success","total_amount":"1008000"} 
[2025-09-03 15:38:04] local.INFO: Callback verification successful  
[2025-09-03 15:38:04] local.ERROR: Payment not found for order ID: SUB2511756879049  
[2025-09-03 15:38:05] local.INFO: Paytr Callback Received: {"hash":"3WARwMiT5LkHLybE8UTEmR1y2tYAZVh8KfSjqjeiJdM=","merchant_oid":"SUB2511756895469","status":"success","total_amount":"1008000","payment_type":"card","payment_amount":"1008000","currency":"TL","installment_count":"1","merchant_id":"103743","test_mode":"1"} 
[2025-09-03 15:38:05] local.INFO: Callback Hash Verification: {"calculated_hash":"3WARwMiT5LkHLybE8UTEmR1y2tYAZVh8KfSjqjeiJdM=","received_hash":"3WARwMiT5LkHLybE8UTEmR1y2tYAZVh8KfSjqjeiJdM=","merchant_oid":"SUB2511756895469","status":"success","total_amount":"1008000"} 
[2025-09-03 15:38:05] local.INFO: Callback verification successful  
[2025-09-03 15:38:05] local.ERROR: Payment not found for order ID: SUB2511756895469  
[2025-09-03 15:39:03] local.INFO: Paytr Callback Received: {"hash":"tZAJE4GQGXVefrvrwdEO36s2+mihOAPYGBsevlHmGaY=","merchant_oid":"SUB2511756877977","status":"success","total_amount":"1008000","payment_type":"card","payment_amount":"1008000","currency":"TL","installment_count":"1","merchant_id":"103743","test_mode":"1"} 
[2025-09-03 15:39:03] local.INFO: Callback Hash Verification: {"calculated_hash":"tZAJE4GQGXVefrvrwdEO36s2+mihOAPYGBsevlHmGaY=","received_hash":"tZAJE4GQGXVefrvrwdEO36s2+mihOAPYGBsevlHmGaY=","merchant_oid":"SUB2511756877977","status":"success","total_amount":"1008000"} 
[2025-09-03 15:39:03] local.INFO: Callback verification successful  
[2025-09-03 15:39:03] local.ERROR: Payment not found for order ID: SUB2511756877977  
[2025-09-03 15:39:04] local.INFO: Paytr Callback Received: {"hash":"amWK8U/TPO1SCd2GBJctfm/KU31h2eY51T5+78a+E3E=","merchant_oid":"SUB2511756879049","status":"success","total_amount":"1008000","payment_type":"card","payment_amount":"1008000","currency":"TL","installment_count":"1","merchant_id":"103743","test_mode":"1"} 
[2025-09-03 15:39:04] local.INFO: Callback Hash Verification: {"calculated_hash":"amWK8U/TPO1SCd2GBJctfm/KU31h2eY51T5+78a+E3E=","received_hash":"amWK8U/TPO1SCd2GBJctfm/KU31h2eY51T5+78a+E3E=","merchant_oid":"SUB2511756879049","status":"success","total_amount":"1008000"} 
[2025-09-03 15:39:04] local.INFO: Callback verification successful  
[2025-09-03 15:39:04] local.ERROR: Payment not found for order ID: SUB2511756879049  
[2025-09-03 15:39:04] local.INFO: Paytr Callback Received: {"hash":"3WARwMiT5LkHLybE8UTEmR1y2tYAZVh8KfSjqjeiJdM=","merchant_oid":"SUB2511756895469","status":"success","total_amount":"1008000","payment_type":"card","payment_amount":"1008000","currency":"TL","installment_count":"1","merchant_id":"103743","test_mode":"1"} 
[2025-09-03 15:39:04] local.INFO: Callback Hash Verification: {"calculated_hash":"3WARwMiT5LkHLybE8UTEmR1y2tYAZVh8KfSjqjeiJdM=","received_hash":"3WARwMiT5LkHLybE8UTEmR1y2tYAZVh8KfSjqjeiJdM=","merchant_oid":"SUB2511756895469","status":"success","total_amount":"1008000"} 
[2025-09-03 15:39:04] local.INFO: Callback verification successful  
[2025-09-03 15:39:04] local.ERROR: Payment not found for order ID: SUB2511756895469  
[2025-09-03 15:40:04] local.INFO: Paytr Callback Received: {"hash":"tZAJE4GQGXVefrvrwdEO36s2+mihOAPYGBsevlHmGaY=","merchant_oid":"SUB2511756877977","status":"success","total_amount":"1008000","payment_type":"card","payment_amount":"1008000","currency":"TL","installment_count":"1","merchant_id":"103743","test_mode":"1"} 
[2025-09-03 15:40:04] local.INFO: Callback Hash Verification: {"calculated_hash":"tZAJE4GQGXVefrvrwdEO36s2+mihOAPYGBsevlHmGaY=","received_hash":"tZAJE4GQGXVefrvrwdEO36s2+mihOAPYGBsevlHmGaY=","merchant_oid":"SUB2511756877977","status":"success","total_amount":"1008000"} 
[2025-09-03 15:40:04] local.INFO: Callback verification successful  
[2025-09-03 15:40:04] local.ERROR: Payment not found for order ID: SUB2511756877977  
[2025-09-03 15:40:05] local.INFO: Paytr Callback Received: {"hash":"amWK8U/TPO1SCd2GBJctfm/KU31h2eY51T5+78a+E3E=","merchant_oid":"SUB2511756879049","status":"success","total_amount":"1008000","payment_type":"card","payment_amount":"1008000","currency":"TL","installment_count":"1","merchant_id":"103743","test_mode":"1"} 
[2025-09-03 15:40:05] local.INFO: Callback Hash Verification: {"calculated_hash":"amWK8U/TPO1SCd2GBJctfm/KU31h2eY51T5+78a+E3E=","received_hash":"amWK8U/TPO1SCd2GBJctfm/KU31h2eY51T5+78a+E3E=","merchant_oid":"SUB2511756879049","status":"success","total_amount":"1008000"} 
[2025-09-03 15:40:05] local.INFO: Callback verification successful  
[2025-09-03 15:40:05] local.ERROR: Payment not found for order ID: SUB2511756879049  
[2025-09-03 15:40:05] local.INFO: Paytr Callback Received: {"hash":"3WARwMiT5LkHLybE8UTEmR1y2tYAZVh8KfSjqjeiJdM=","merchant_oid":"SUB2511756895469","status":"success","total_amount":"1008000","payment_type":"card","payment_amount":"1008000","currency":"TL","installment_count":"1","merchant_id":"103743","test_mode":"1"} 
[2025-09-03 15:40:05] local.INFO: Callback Hash Verification: {"calculated_hash":"3WARwMiT5LkHLybE8UTEmR1y2tYAZVh8KfSjqjeiJdM=","received_hash":"3WARwMiT5LkHLybE8UTEmR1y2tYAZVh8KfSjqjeiJdM=","merchant_oid":"SUB2511756895469","status":"success","total_amount":"1008000"} 
[2025-09-03 15:40:05] local.INFO: Callback verification successful  
[2025-09-03 15:40:05] local.ERROR: Payment not found for order ID: SUB2511756895469  
[2025-09-03 15:41:03] local.INFO: Paytr Callback Received: {"hash":"tZAJE4GQGXVefrvrwdEO36s2+mihOAPYGBsevlHmGaY=","merchant_oid":"SUB2511756877977","status":"success","total_amount":"1008000","payment_type":"card","payment_amount":"1008000","currency":"TL","installment_count":"1","merchant_id":"103743","test_mode":"1"} 
[2025-09-03 15:41:03] local.INFO: Callback Hash Verification: {"calculated_hash":"tZAJE4GQGXVefrvrwdEO36s2+mihOAPYGBsevlHmGaY=","received_hash":"tZAJE4GQGXVefrvrwdEO36s2+mihOAPYGBsevlHmGaY=","merchant_oid":"SUB2511756877977","status":"success","total_amount":"1008000"} 
[2025-09-03 15:41:03] local.INFO: Callback verification successful  
[2025-09-03 15:41:03] local.ERROR: Payment not found for order ID: SUB2511756877977  
[2025-09-03 15:41:04] local.INFO: Paytr Callback Received: {"hash":"amWK8U/TPO1SCd2GBJctfm/KU31h2eY51T5+78a+E3E=","merchant_oid":"SUB2511756879049","status":"success","total_amount":"1008000","payment_type":"card","payment_amount":"1008000","currency":"TL","installment_count":"1","merchant_id":"103743","test_mode":"1"} 
[2025-09-03 15:41:04] local.INFO: Callback Hash Verification: {"calculated_hash":"amWK8U/TPO1SCd2GBJctfm/KU31h2eY51T5+78a+E3E=","received_hash":"amWK8U/TPO1SCd2GBJctfm/KU31h2eY51T5+78a+E3E=","merchant_oid":"SUB2511756879049","status":"success","total_amount":"1008000"} 
[2025-09-03 15:41:04] local.INFO: Callback verification successful  
[2025-09-03 15:41:04] local.ERROR: Payment not found for order ID: SUB2511756879049  
[2025-09-03 15:41:04] local.INFO: Paytr Callback Received: {"hash":"3WARwMiT5LkHLybE8UTEmR1y2tYAZVh8KfSjqjeiJdM=","merchant_oid":"SUB2511756895469","status":"success","total_amount":"1008000","payment_type":"card","payment_amount":"1008000","currency":"TL","installment_count":"1","merchant_id":"103743","test_mode":"1"} 
[2025-09-03 15:41:04] local.INFO: Callback Hash Verification: {"calculated_hash":"3WARwMiT5LkHLybE8UTEmR1y2tYAZVh8KfSjqjeiJdM=","received_hash":"3WARwMiT5LkHLybE8UTEmR1y2tYAZVh8KfSjqjeiJdM=","merchant_oid":"SUB2511756895469","status":"success","total_amount":"1008000"} 
[2025-09-03 15:41:04] local.INFO: Callback verification successful  
[2025-09-03 15:41:04] local.ERROR: Payment not found for order ID: SUB2511756895469  
[2025-09-03 15:42:04] local.INFO: Paytr Callback Received: {"hash":"tZAJE4GQGXVefrvrwdEO36s2+mihOAPYGBsevlHmGaY=","merchant_oid":"SUB2511756877977","status":"success","total_amount":"1008000","payment_type":"card","payment_amount":"1008000","currency":"TL","installment_count":"1","merchant_id":"103743","test_mode":"1"} 
[2025-09-03 15:42:04] local.INFO: Callback Hash Verification: {"calculated_hash":"tZAJE4GQGXVefrvrwdEO36s2+mihOAPYGBsevlHmGaY=","received_hash":"tZAJE4GQGXVefrvrwdEO36s2+mihOAPYGBsevlHmGaY=","merchant_oid":"SUB2511756877977","status":"success","total_amount":"1008000"} 
[2025-09-03 15:42:04] local.INFO: Callback verification successful  
[2025-09-03 15:42:04] local.ERROR: Payment not found for order ID: SUB2511756877977  
[2025-09-03 15:42:04] local.INFO: Paytr Callback Received: {"hash":"amWK8U/TPO1SCd2GBJctfm/KU31h2eY51T5+78a+E3E=","merchant_oid":"SUB2511756879049","status":"success","total_amount":"1008000","payment_type":"card","payment_amount":"1008000","currency":"TL","installment_count":"1","merchant_id":"103743","test_mode":"1"} 
[2025-09-03 15:42:04] local.INFO: Callback Hash Verification: {"calculated_hash":"amWK8U/TPO1SCd2GBJctfm/KU31h2eY51T5+78a+E3E=","received_hash":"amWK8U/TPO1SCd2GBJctfm/KU31h2eY51T5+78a+E3E=","merchant_oid":"SUB2511756879049","status":"success","total_amount":"1008000"} 
[2025-09-03 15:42:04] local.INFO: Callback verification successful  
[2025-09-03 15:42:04] local.ERROR: Payment not found for order ID: SUB2511756879049  
[2025-09-03 15:42:05] local.INFO: Paytr Callback Received: {"hash":"3WARwMiT5LkHLybE8UTEmR1y2tYAZVh8KfSjqjeiJdM=","merchant_oid":"SUB2511756895469","status":"success","total_amount":"1008000","payment_type":"card","payment_amount":"1008000","currency":"TL","installment_count":"1","merchant_id":"103743","test_mode":"1"} 
[2025-09-03 15:42:05] local.INFO: Callback Hash Verification: {"calculated_hash":"3WARwMiT5LkHLybE8UTEmR1y2tYAZVh8KfSjqjeiJdM=","received_hash":"3WARwMiT5LkHLybE8UTEmR1y2tYAZVh8KfSjqjeiJdM=","merchant_oid":"SUB2511756895469","status":"success","total_amount":"1008000"} 
[2025-09-03 15:42:05] local.INFO: Callback verification successful  
[2025-09-03 15:42:05] local.ERROR: Payment not found for order ID: SUB2511756895469  
[2025-09-03 15:43:03] local.INFO: Paytr Callback Received: {"hash":"tZAJE4GQGXVefrvrwdEO36s2+mihOAPYGBsevlHmGaY=","merchant_oid":"SUB2511756877977","status":"success","total_amount":"1008000","payment_type":"card","payment_amount":"1008000","currency":"TL","installment_count":"1","merchant_id":"103743","test_mode":"1"} 
[2025-09-03 15:43:03] local.INFO: Callback Hash Verification: {"calculated_hash":"tZAJE4GQGXVefrvrwdEO36s2+mihOAPYGBsevlHmGaY=","received_hash":"tZAJE4GQGXVefrvrwdEO36s2+mihOAPYGBsevlHmGaY=","merchant_oid":"SUB2511756877977","status":"success","total_amount":"1008000"} 
[2025-09-03 15:43:03] local.INFO: Callback verification successful  
[2025-09-03 15:43:03] local.ERROR: Payment not found for order ID: SUB2511756877977  
[2025-09-03 15:43:03] local.INFO: Paytr Callback Received: {"hash":"amWK8U/TPO1SCd2GBJctfm/KU31h2eY51T5+78a+E3E=","merchant_oid":"SUB2511756879049","status":"success","total_amount":"1008000","payment_type":"card","payment_amount":"1008000","currency":"TL","installment_count":"1","merchant_id":"103743","test_mode":"1"} 
[2025-09-03 15:43:03] local.INFO: Callback Hash Verification: {"calculated_hash":"amWK8U/TPO1SCd2GBJctfm/KU31h2eY51T5+78a+E3E=","received_hash":"amWK8U/TPO1SCd2GBJctfm/KU31h2eY51T5+78a+E3E=","merchant_oid":"SUB2511756879049","status":"success","total_amount":"1008000"} 
[2025-09-03 15:43:03] local.INFO: Callback verification successful  
[2025-09-03 15:43:03] local.ERROR: Payment not found for order ID: SUB2511756879049  
[2025-09-03 15:43:04] local.INFO: Paytr Callback Received: {"hash":"3WARwMiT5LkHLybE8UTEmR1y2tYAZVh8KfSjqjeiJdM=","merchant_oid":"SUB2511756895469","status":"success","total_amount":"1008000","payment_type":"card","payment_amount":"1008000","currency":"TL","installment_count":"1","merchant_id":"103743","test_mode":"1"} 
[2025-09-03 15:43:04] local.INFO: Callback Hash Verification: {"calculated_hash":"3WARwMiT5LkHLybE8UTEmR1y2tYAZVh8KfSjqjeiJdM=","received_hash":"3WARwMiT5LkHLybE8UTEmR1y2tYAZVh8KfSjqjeiJdM=","merchant_oid":"SUB2511756895469","status":"success","total_amount":"1008000"} 
[2025-09-03 15:43:04] local.INFO: Callback verification successful  
[2025-09-03 15:43:04] local.ERROR: Payment not found for order ID: SUB2511756895469  
[2025-09-03 15:44:03] local.INFO: Paytr Callback Received: {"hash":"tZAJE4GQGXVefrvrwdEO36s2+mihOAPYGBsevlHmGaY=","merchant_oid":"SUB2511756877977","status":"success","total_amount":"1008000","payment_type":"card","payment_amount":"1008000","currency":"TL","installment_count":"1","merchant_id":"103743","test_mode":"1"} 
[2025-09-03 15:44:03] local.INFO: Callback Hash Verification: {"calculated_hash":"tZAJE4GQGXVefrvrwdEO36s2+mihOAPYGBsevlHmGaY=","received_hash":"tZAJE4GQGXVefrvrwdEO36s2+mihOAPYGBsevlHmGaY=","merchant_oid":"SUB2511756877977","status":"success","total_amount":"1008000"} 
[2025-09-03 15:44:03] local.INFO: Callback verification successful  
[2025-09-03 15:44:03] local.ERROR: Payment not found for order ID: SUB2511756877977  
[2025-09-03 15:44:04] local.INFO: Paytr Callback Received: {"hash":"amWK8U/TPO1SCd2GBJctfm/KU31h2eY51T5+78a+E3E=","merchant_oid":"SUB2511756879049","status":"success","total_amount":"1008000","payment_type":"card","payment_amount":"1008000","currency":"TL","installment_count":"1","merchant_id":"103743","test_mode":"1"} 
[2025-09-03 15:44:04] local.INFO: Callback Hash Verification: {"calculated_hash":"amWK8U/TPO1SCd2GBJctfm/KU31h2eY51T5+78a+E3E=","received_hash":"amWK8U/TPO1SCd2GBJctfm/KU31h2eY51T5+78a+E3E=","merchant_oid":"SUB2511756879049","status":"success","total_amount":"1008000"} 
[2025-09-03 15:44:04] local.INFO: Callback verification successful  
[2025-09-03 15:44:04] local.ERROR: Payment not found for order ID: SUB2511756879049  
[2025-09-03 15:44:04] local.INFO: Paytr Callback Received: {"hash":"3WARwMiT5LkHLybE8UTEmR1y2tYAZVh8KfSjqjeiJdM=","merchant_oid":"SUB2511756895469","status":"success","total_amount":"1008000","payment_type":"card","payment_amount":"1008000","currency":"TL","installment_count":"1","merchant_id":"103743","test_mode":"1"} 
[2025-09-03 15:44:04] local.INFO: Callback Hash Verification: {"calculated_hash":"3WARwMiT5LkHLybE8UTEmR1y2tYAZVh8KfSjqjeiJdM=","received_hash":"3WARwMiT5LkHLybE8UTEmR1y2tYAZVh8KfSjqjeiJdM=","merchant_oid":"SUB2511756895469","status":"success","total_amount":"1008000"} 
[2025-09-03 15:44:04] local.INFO: Callback verification successful  
[2025-09-03 15:44:04] local.ERROR: Payment not found for order ID: SUB2511756895469  
[2025-09-03 15:45:04] local.INFO: Paytr Callback Received: {"hash":"tZAJE4GQGXVefrvrwdEO36s2+mihOAPYGBsevlHmGaY=","merchant_oid":"SUB2511756877977","status":"success","total_amount":"1008000","payment_type":"card","payment_amount":"1008000","currency":"TL","installment_count":"1","merchant_id":"103743","test_mode":"1"} 
[2025-09-03 15:45:04] local.INFO: Callback Hash Verification: {"calculated_hash":"tZAJE4GQGXVefrvrwdEO36s2+mihOAPYGBsevlHmGaY=","received_hash":"tZAJE4GQGXVefrvrwdEO36s2+mihOAPYGBsevlHmGaY=","merchant_oid":"SUB2511756877977","status":"success","total_amount":"1008000"} 
[2025-09-03 15:45:04] local.INFO: Callback verification successful  
[2025-09-03 15:45:04] local.ERROR: Payment not found for order ID: SUB2511756877977  
[2025-09-03 15:45:04] local.INFO: Paytr Callback Received: {"hash":"amWK8U/TPO1SCd2GBJctfm/KU31h2eY51T5+78a+E3E=","merchant_oid":"SUB2511756879049","status":"success","total_amount":"1008000","payment_type":"card","payment_amount":"1008000","currency":"TL","installment_count":"1","merchant_id":"103743","test_mode":"1"} 
[2025-09-03 15:45:04] local.INFO: Callback Hash Verification: {"calculated_hash":"amWK8U/TPO1SCd2GBJctfm/KU31h2eY51T5+78a+E3E=","received_hash":"amWK8U/TPO1SCd2GBJctfm/KU31h2eY51T5+78a+E3E=","merchant_oid":"SUB2511756879049","status":"success","total_amount":"1008000"} 
[2025-09-03 15:45:04] local.INFO: Callback verification successful  
[2025-09-03 15:45:04] local.ERROR: Payment not found for order ID: SUB2511756879049  
[2025-09-03 15:45:05] local.INFO: Paytr Callback Received: {"hash":"3WARwMiT5LkHLybE8UTEmR1y2tYAZVh8KfSjqjeiJdM=","merchant_oid":"SUB2511756895469","status":"success","total_amount":"1008000","payment_type":"card","payment_amount":"1008000","currency":"TL","installment_count":"1","merchant_id":"103743","test_mode":"1"} 
[2025-09-03 15:45:05] local.INFO: Callback Hash Verification: {"calculated_hash":"3WARwMiT5LkHLybE8UTEmR1y2tYAZVh8KfSjqjeiJdM=","received_hash":"3WARwMiT5LkHLybE8UTEmR1y2tYAZVh8KfSjqjeiJdM=","merchant_oid":"SUB2511756895469","status":"success","total_amount":"1008000"} 
[2025-09-03 15:45:05] local.INFO: Callback verification successful  
[2025-09-03 15:45:05] local.ERROR: Payment not found for order ID: SUB2511756895469  
[2025-09-03 15:46:03] local.INFO: Paytr Callback Received: {"hash":"tZAJE4GQGXVefrvrwdEO36s2+mihOAPYGBsevlHmGaY=","merchant_oid":"SUB2511756877977","status":"success","total_amount":"1008000","payment_type":"card","payment_amount":"1008000","currency":"TL","installment_count":"1","merchant_id":"103743","test_mode":"1"} 
[2025-09-03 15:46:03] local.INFO: Callback Hash Verification: {"calculated_hash":"tZAJE4GQGXVefrvrwdEO36s2+mihOAPYGBsevlHmGaY=","received_hash":"tZAJE4GQGXVefrvrwdEO36s2+mihOAPYGBsevlHmGaY=","merchant_oid":"SUB2511756877977","status":"success","total_amount":"1008000"} 
[2025-09-03 15:46:03] local.INFO: Callback verification successful  
[2025-09-03 15:46:03] local.ERROR: Payment not found for order ID: SUB2511756877977  
[2025-09-03 15:46:04] local.INFO: Paytr Callback Received: {"hash":"amWK8U/TPO1SCd2GBJctfm/KU31h2eY51T5+78a+E3E=","merchant_oid":"SUB2511756879049","status":"success","total_amount":"1008000","payment_type":"card","payment_amount":"1008000","currency":"TL","installment_count":"1","merchant_id":"103743","test_mode":"1"} 
[2025-09-03 15:46:04] local.INFO: Callback Hash Verification: {"calculated_hash":"amWK8U/TPO1SCd2GBJctfm/KU31h2eY51T5+78a+E3E=","received_hash":"amWK8U/TPO1SCd2GBJctfm/KU31h2eY51T5+78a+E3E=","merchant_oid":"SUB2511756879049","status":"success","total_amount":"1008000"} 
[2025-09-03 15:46:04] local.INFO: Callback verification successful  
[2025-09-03 15:46:04] local.ERROR: Payment not found for order ID: SUB2511756879049  
[2025-09-03 15:46:04] local.INFO: Paytr Callback Received: {"hash":"3WARwMiT5LkHLybE8UTEmR1y2tYAZVh8KfSjqjeiJdM=","merchant_oid":"SUB2511756895469","status":"success","total_amount":"1008000","payment_type":"card","payment_amount":"1008000","currency":"TL","installment_count":"1","merchant_id":"103743","test_mode":"1"} 
[2025-09-03 15:46:04] local.INFO: Callback Hash Verification: {"calculated_hash":"3WARwMiT5LkHLybE8UTEmR1y2tYAZVh8KfSjqjeiJdM=","received_hash":"3WARwMiT5LkHLybE8UTEmR1y2tYAZVh8KfSjqjeiJdM=","merchant_oid":"SUB2511756895469","status":"success","total_amount":"1008000"} 
[2025-09-03 15:46:04] local.INFO: Callback verification successful  
[2025-09-03 15:46:04] local.ERROR: Payment not found for order ID: SUB2511756895469  
[2025-09-03 15:47:03] local.INFO: Paytr Callback Received: {"hash":"tZAJE4GQGXVefrvrwdEO36s2+mihOAPYGBsevlHmGaY=","merchant_oid":"SUB2511756877977","status":"success","total_amount":"1008000","payment_type":"card","payment_amount":"1008000","currency":"TL","installment_count":"1","merchant_id":"103743","test_mode":"1"} 
[2025-09-03 15:47:03] local.INFO: Callback Hash Verification: {"calculated_hash":"tZAJE4GQGXVefrvrwdEO36s2+mihOAPYGBsevlHmGaY=","received_hash":"tZAJE4GQGXVefrvrwdEO36s2+mihOAPYGBsevlHmGaY=","merchant_oid":"SUB2511756877977","status":"success","total_amount":"1008000"} 
[2025-09-03 15:47:03] local.INFO: Callback verification successful  
[2025-09-03 15:47:03] local.ERROR: Payment not found for order ID: SUB2511756877977  
[2025-09-03 15:47:03] local.INFO: Paytr Callback Received: {"hash":"amWK8U/TPO1SCd2GBJctfm/KU31h2eY51T5+78a+E3E=","merchant_oid":"SUB2511756879049","status":"success","total_amount":"1008000","payment_type":"card","payment_amount":"1008000","currency":"TL","installment_count":"1","merchant_id":"103743","test_mode":"1"} 
[2025-09-03 15:47:03] local.INFO: Callback Hash Verification: {"calculated_hash":"amWK8U/TPO1SCd2GBJctfm/KU31h2eY51T5+78a+E3E=","received_hash":"amWK8U/TPO1SCd2GBJctfm/KU31h2eY51T5+78a+E3E=","merchant_oid":"SUB2511756879049","status":"success","total_amount":"1008000"} 
[2025-09-03 15:47:03] local.INFO: Callback verification successful  
[2025-09-03 15:47:03] local.ERROR: Payment not found for order ID: SUB2511756879049  
[2025-09-03 15:47:04] local.INFO: Paytr Callback Received: {"hash":"3WARwMiT5LkHLybE8UTEmR1y2tYAZVh8KfSjqjeiJdM=","merchant_oid":"SUB2511756895469","status":"success","total_amount":"1008000","payment_type":"card","payment_amount":"1008000","currency":"TL","installment_count":"1","merchant_id":"103743","test_mode":"1"} 
[2025-09-03 15:47:04] local.INFO: Callback Hash Verification: {"calculated_hash":"3WARwMiT5LkHLybE8UTEmR1y2tYAZVh8KfSjqjeiJdM=","received_hash":"3WARwMiT5LkHLybE8UTEmR1y2tYAZVh8KfSjqjeiJdM=","merchant_oid":"SUB2511756895469","status":"success","total_amount":"1008000"} 
[2025-09-03 15:47:04] local.INFO: Callback verification successful  
[2025-09-03 15:47:04] local.ERROR: Payment not found for order ID: SUB2511756895469  
[2025-09-03 15:48:04] local.INFO: Paytr Callback Received: {"hash":"tZAJE4GQGXVefrvrwdEO36s2+mihOAPYGBsevlHmGaY=","merchant_oid":"SUB2511756877977","status":"success","total_amount":"1008000","payment_type":"card","payment_amount":"1008000","currency":"TL","installment_count":"1","merchant_id":"103743","test_mode":"1"} 
[2025-09-03 15:48:04] local.INFO: Callback Hash Verification: {"calculated_hash":"tZAJE4GQGXVefrvrwdEO36s2+mihOAPYGBsevlHmGaY=","received_hash":"tZAJE4GQGXVefrvrwdEO36s2+mihOAPYGBsevlHmGaY=","merchant_oid":"SUB2511756877977","status":"success","total_amount":"1008000"} 
[2025-09-03 15:48:04] local.INFO: Callback verification successful  
[2025-09-03 15:48:04] local.ERROR: Payment not found for order ID: SUB2511756877977  
[2025-09-03 15:48:04] local.INFO: Paytr Callback Received: {"hash":"amWK8U/TPO1SCd2GBJctfm/KU31h2eY51T5+78a+E3E=","merchant_oid":"SUB2511756879049","status":"success","total_amount":"1008000","payment_type":"card","payment_amount":"1008000","currency":"TL","installment_count":"1","merchant_id":"103743","test_mode":"1"} 
[2025-09-03 15:48:04] local.INFO: Callback Hash Verification: {"calculated_hash":"amWK8U/TPO1SCd2GBJctfm/KU31h2eY51T5+78a+E3E=","received_hash":"amWK8U/TPO1SCd2GBJctfm/KU31h2eY51T5+78a+E3E=","merchant_oid":"SUB2511756879049","status":"success","total_amount":"1008000"} 
[2025-09-03 15:48:04] local.INFO: Callback verification successful  
[2025-09-03 15:48:04] local.ERROR: Payment not found for order ID: SUB2511756879049  
[2025-09-03 15:48:05] local.INFO: Paytr Callback Received: {"hash":"3WARwMiT5LkHLybE8UTEmR1y2tYAZVh8KfSjqjeiJdM=","merchant_oid":"SUB2511756895469","status":"success","total_amount":"1008000","payment_type":"card","payment_amount":"1008000","currency":"TL","installment_count":"1","merchant_id":"103743","test_mode":"1"} 
[2025-09-03 15:48:05] local.INFO: Callback Hash Verification: {"calculated_hash":"3WARwMiT5LkHLybE8UTEmR1y2tYAZVh8KfSjqjeiJdM=","received_hash":"3WARwMiT5LkHLybE8UTEmR1y2tYAZVh8KfSjqjeiJdM=","merchant_oid":"SUB2511756895469","status":"success","total_amount":"1008000"} 
[2025-09-03 15:48:05] local.INFO: Callback verification successful  
[2025-09-03 15:48:05] local.ERROR: Payment not found for order ID: SUB2511756895469  
[2025-09-03 15:49:03] local.INFO: Paytr Callback Received: {"hash":"tZAJE4GQGXVefrvrwdEO36s2+mihOAPYGBsevlHmGaY=","merchant_oid":"SUB2511756877977","status":"success","total_amount":"1008000","payment_type":"card","payment_amount":"1008000","currency":"TL","installment_count":"1","merchant_id":"103743","test_mode":"1"} 
[2025-09-03 15:49:03] local.INFO: Callback Hash Verification: {"calculated_hash":"tZAJE4GQGXVefrvrwdEO36s2+mihOAPYGBsevlHmGaY=","received_hash":"tZAJE4GQGXVefrvrwdEO36s2+mihOAPYGBsevlHmGaY=","merchant_oid":"SUB2511756877977","status":"success","total_amount":"1008000"} 
[2025-09-03 15:49:03] local.INFO: Callback verification successful  
[2025-09-03 15:49:03] local.ERROR: Payment not found for order ID: SUB2511756877977  
[2025-09-03 15:49:03] local.INFO: Paytr Callback Received: {"hash":"amWK8U/TPO1SCd2GBJctfm/KU31h2eY51T5+78a+E3E=","merchant_oid":"SUB2511756879049","status":"success","total_amount":"1008000","payment_type":"card","payment_amount":"1008000","currency":"TL","installment_count":"1","merchant_id":"103743","test_mode":"1"} 
[2025-09-03 15:49:03] local.INFO: Callback Hash Verification: {"calculated_hash":"amWK8U/TPO1SCd2GBJctfm/KU31h2eY51T5+78a+E3E=","received_hash":"amWK8U/TPO1SCd2GBJctfm/KU31h2eY51T5+78a+E3E=","merchant_oid":"SUB2511756879049","status":"success","total_amount":"1008000"} 
[2025-09-03 15:49:03] local.INFO: Callback verification successful  
[2025-09-03 15:49:03] local.ERROR: Payment not found for order ID: SUB2511756879049  
[2025-09-03 15:49:04] local.INFO: Paytr Callback Received: {"hash":"3WARwMiT5LkHLybE8UTEmR1y2tYAZVh8KfSjqjeiJdM=","merchant_oid":"SUB2511756895469","status":"success","total_amount":"1008000","payment_type":"card","payment_amount":"1008000","currency":"TL","installment_count":"1","merchant_id":"103743","test_mode":"1"} 
[2025-09-03 15:49:04] local.INFO: Callback Hash Verification: {"calculated_hash":"3WARwMiT5LkHLybE8UTEmR1y2tYAZVh8KfSjqjeiJdM=","received_hash":"3WARwMiT5LkHLybE8UTEmR1y2tYAZVh8KfSjqjeiJdM=","merchant_oid":"SUB2511756895469","status":"success","total_amount":"1008000"} 
[2025-09-03 15:49:04] local.INFO: Callback verification successful  
[2025-09-03 15:49:04] local.ERROR: Payment not found for order ID: SUB2511756895469  
[2025-09-03 15:50:04] local.INFO: Paytr Callback Received: {"hash":"tZAJE4GQGXVefrvrwdEO36s2+mihOAPYGBsevlHmGaY=","merchant_oid":"SUB2511756877977","status":"success","total_amount":"1008000","payment_type":"card","payment_amount":"1008000","currency":"TL","installment_count":"1","merchant_id":"103743","test_mode":"1"} 
[2025-09-03 15:50:04] local.INFO: Callback Hash Verification: {"calculated_hash":"tZAJE4GQGXVefrvrwdEO36s2+mihOAPYGBsevlHmGaY=","received_hash":"tZAJE4GQGXVefrvrwdEO36s2+mihOAPYGBsevlHmGaY=","merchant_oid":"SUB2511756877977","status":"success","total_amount":"1008000"} 
[2025-09-03 15:50:04] local.INFO: Callback verification successful  
[2025-09-03 15:50:05] local.ERROR: Payment not found for order ID: SUB2511756877977  
[2025-09-03 15:50:05] local.INFO: Paytr Callback Received: {"hash":"amWK8U/TPO1SCd2GBJctfm/KU31h2eY51T5+78a+E3E=","merchant_oid":"SUB2511756879049","status":"success","total_amount":"1008000","payment_type":"card","payment_amount":"1008000","currency":"TL","installment_count":"1","merchant_id":"103743","test_mode":"1"} 
[2025-09-03 15:50:05] local.INFO: Callback Hash Verification: {"calculated_hash":"amWK8U/TPO1SCd2GBJctfm/KU31h2eY51T5+78a+E3E=","received_hash":"amWK8U/TPO1SCd2GBJctfm/KU31h2eY51T5+78a+E3E=","merchant_oid":"SUB2511756879049","status":"success","total_amount":"1008000"} 
[2025-09-03 15:50:05] local.INFO: Callback verification successful  
[2025-09-03 15:50:05] local.ERROR: Payment not found for order ID: SUB2511756879049  
[2025-09-03 15:50:06] local.INFO: Paytr Callback Received: {"hash":"3WARwMiT5LkHLybE8UTEmR1y2tYAZVh8KfSjqjeiJdM=","merchant_oid":"SUB2511756895469","status":"success","total_amount":"1008000","payment_type":"card","payment_amount":"1008000","currency":"TL","installment_count":"1","merchant_id":"103743","test_mode":"1"} 
[2025-09-03 15:50:06] local.INFO: Callback Hash Verification: {"calculated_hash":"3WARwMiT5LkHLybE8UTEmR1y2tYAZVh8KfSjqjeiJdM=","received_hash":"3WARwMiT5LkHLybE8UTEmR1y2tYAZVh8KfSjqjeiJdM=","merchant_oid":"SUB2511756895469","status":"success","total_amount":"1008000"} 
[2025-09-03 15:50:06] local.INFO: Callback verification successful  
[2025-09-03 15:50:06] local.ERROR: Payment not found for order ID: SUB2511756895469  
[2025-09-03 15:51:04] local.INFO: Paytr Callback Received: {"hash":"tZAJE4GQGXVefrvrwdEO36s2+mihOAPYGBsevlHmGaY=","merchant_oid":"SUB2511756877977","status":"success","total_amount":"1008000","payment_type":"card","payment_amount":"1008000","currency":"TL","installment_count":"1","merchant_id":"103743","test_mode":"1"} 
[2025-09-03 15:51:04] local.INFO: Callback Hash Verification: {"calculated_hash":"tZAJE4GQGXVefrvrwdEO36s2+mihOAPYGBsevlHmGaY=","received_hash":"tZAJE4GQGXVefrvrwdEO36s2+mihOAPYGBsevlHmGaY=","merchant_oid":"SUB2511756877977","status":"success","total_amount":"1008000"} 
[2025-09-03 15:51:04] local.INFO: Callback verification successful  
[2025-09-03 15:51:04] local.ERROR: Payment not found for order ID: SUB2511756877977  
[2025-09-03 15:51:04] local.INFO: Paytr Callback Received: {"hash":"amWK8U/TPO1SCd2GBJctfm/KU31h2eY51T5+78a+E3E=","merchant_oid":"SUB2511756879049","status":"success","total_amount":"1008000","payment_type":"card","payment_amount":"1008000","currency":"TL","installment_count":"1","merchant_id":"103743","test_mode":"1"} 
[2025-09-03 15:51:04] local.INFO: Callback Hash Verification: {"calculated_hash":"amWK8U/TPO1SCd2GBJctfm/KU31h2eY51T5+78a+E3E=","received_hash":"amWK8U/TPO1SCd2GBJctfm/KU31h2eY51T5+78a+E3E=","merchant_oid":"SUB2511756879049","status":"success","total_amount":"1008000"} 
[2025-09-03 15:51:04] local.INFO: Callback verification successful  
[2025-09-03 15:51:04] local.ERROR: Payment not found for order ID: SUB2511756879049  
[2025-09-03 15:51:04] local.INFO: Paytr Callback Received: {"hash":"3WARwMiT5LkHLybE8UTEmR1y2tYAZVh8KfSjqjeiJdM=","merchant_oid":"SUB2511756895469","status":"success","total_amount":"1008000","payment_type":"card","payment_amount":"1008000","currency":"TL","installment_count":"1","merchant_id":"103743","test_mode":"1"} 
[2025-09-03 15:51:04] local.INFO: Callback Hash Verification: {"calculated_hash":"3WARwMiT5LkHLybE8UTEmR1y2tYAZVh8KfSjqjeiJdM=","received_hash":"3WARwMiT5LkHLybE8UTEmR1y2tYAZVh8KfSjqjeiJdM=","merchant_oid":"SUB2511756895469","status":"success","total_amount":"1008000"} 
[2025-09-03 15:51:04] local.INFO: Callback verification successful  
[2025-09-03 15:51:05] local.ERROR: Payment not found for order ID: SUB2511756895469  
[2025-09-03 15:52:04] local.INFO: Paytr Callback Received: {"hash":"tZAJE4GQGXVefrvrwdEO36s2+mihOAPYGBsevlHmGaY=","merchant_oid":"SUB2511756877977","status":"success","total_amount":"1008000","payment_type":"card","payment_amount":"1008000","currency":"TL","installment_count":"1","merchant_id":"103743","test_mode":"1"} 
[2025-09-03 15:52:04] local.INFO: Callback Hash Verification: {"calculated_hash":"tZAJE4GQGXVefrvrwdEO36s2+mihOAPYGBsevlHmGaY=","received_hash":"tZAJE4GQGXVefrvrwdEO36s2+mihOAPYGBsevlHmGaY=","merchant_oid":"SUB2511756877977","status":"success","total_amount":"1008000"} 
[2025-09-03 15:52:04] local.INFO: Callback verification successful  
[2025-09-03 15:52:04] local.ERROR: Payment not found for order ID: SUB2511756877977  
[2025-09-03 15:52:05] local.INFO: Paytr Callback Received: {"hash":"amWK8U/TPO1SCd2GBJctfm/KU31h2eY51T5+78a+E3E=","merchant_oid":"SUB2511756879049","status":"success","total_amount":"1008000","payment_type":"card","payment_amount":"1008000","currency":"TL","installment_count":"1","merchant_id":"103743","test_mode":"1"} 
[2025-09-03 15:52:05] local.INFO: Callback Hash Verification: {"calculated_hash":"amWK8U/TPO1SCd2GBJctfm/KU31h2eY51T5+78a+E3E=","received_hash":"amWK8U/TPO1SCd2GBJctfm/KU31h2eY51T5+78a+E3E=","merchant_oid":"SUB2511756879049","status":"success","total_amount":"1008000"} 
[2025-09-03 15:52:05] local.INFO: Callback verification successful  
[2025-09-03 15:52:05] local.ERROR: Payment not found for order ID: SUB2511756879049  
[2025-09-03 15:52:05] local.INFO: Paytr Callback Received: {"hash":"3WARwMiT5LkHLybE8UTEmR1y2tYAZVh8KfSjqjeiJdM=","merchant_oid":"SUB2511756895469","status":"success","total_amount":"1008000","payment_type":"card","payment_amount":"1008000","currency":"TL","installment_count":"1","merchant_id":"103743","test_mode":"1"} 
[2025-09-03 15:52:05] local.INFO: Callback Hash Verification: {"calculated_hash":"3WARwMiT5LkHLybE8UTEmR1y2tYAZVh8KfSjqjeiJdM=","received_hash":"3WARwMiT5LkHLybE8UTEmR1y2tYAZVh8KfSjqjeiJdM=","merchant_oid":"SUB2511756895469","status":"success","total_amount":"1008000"} 
[2025-09-03 15:52:05] local.INFO: Callback verification successful  
[2025-09-03 15:52:05] local.ERROR: Payment not found for order ID: SUB2511756895469  
[2025-09-03 15:53:04] local.INFO: Paytr Callback Received: {"hash":"tZAJE4GQGXVefrvrwdEO36s2+mihOAPYGBsevlHmGaY=","merchant_oid":"SUB2511756877977","status":"success","total_amount":"1008000","payment_type":"card","payment_amount":"1008000","currency":"TL","installment_count":"1","merchant_id":"103743","test_mode":"1"} 
[2025-09-03 15:53:04] local.INFO: Callback Hash Verification: {"calculated_hash":"tZAJE4GQGXVefrvrwdEO36s2+mihOAPYGBsevlHmGaY=","received_hash":"tZAJE4GQGXVefrvrwdEO36s2+mihOAPYGBsevlHmGaY=","merchant_oid":"SUB2511756877977","status":"success","total_amount":"1008000"} 
[2025-09-03 15:53:04] local.INFO: Callback verification successful  
[2025-09-03 15:53:04] local.ERROR: Payment not found for order ID: SUB2511756877977  
[2025-09-03 15:53:05] local.INFO: Paytr Callback Received: {"hash":"amWK8U/TPO1SCd2GBJctfm/KU31h2eY51T5+78a+E3E=","merchant_oid":"SUB2511756879049","status":"success","total_amount":"1008000","payment_type":"card","payment_amount":"1008000","currency":"TL","installment_count":"1","merchant_id":"103743","test_mode":"1"} 
[2025-09-03 15:53:05] local.INFO: Callback Hash Verification: {"calculated_hash":"amWK8U/TPO1SCd2GBJctfm/KU31h2eY51T5+78a+E3E=","received_hash":"amWK8U/TPO1SCd2GBJctfm/KU31h2eY51T5+78a+E3E=","merchant_oid":"SUB2511756879049","status":"success","total_amount":"1008000"} 
[2025-09-03 15:53:05] local.INFO: Callback verification successful  
[2025-09-03 15:53:05] local.ERROR: Payment not found for order ID: SUB2511756879049  
[2025-09-03 15:53:05] local.INFO: Paytr Callback Received: {"hash":"3WARwMiT5LkHLybE8UTEmR1y2tYAZVh8KfSjqjeiJdM=","merchant_oid":"SUB2511756895469","status":"success","total_amount":"1008000","payment_type":"card","payment_amount":"1008000","currency":"TL","installment_count":"1","merchant_id":"103743","test_mode":"1"} 
[2025-09-03 15:53:05] local.INFO: Callback Hash Verification: {"calculated_hash":"3WARwMiT5LkHLybE8UTEmR1y2tYAZVh8KfSjqjeiJdM=","received_hash":"3WARwMiT5LkHLybE8UTEmR1y2tYAZVh8KfSjqjeiJdM=","merchant_oid":"SUB2511756895469","status":"success","total_amount":"1008000"} 
[2025-09-03 15:53:05] local.INFO: Callback verification successful  
[2025-09-03 15:53:05] local.ERROR: Payment not found for order ID: SUB2511756895469  
[2025-09-03 15:54:03] local.INFO: Paytr Callback Received: {"hash":"tZAJE4GQGXVefrvrwdEO36s2+mihOAPYGBsevlHmGaY=","merchant_oid":"SUB2511756877977","status":"success","total_amount":"1008000","payment_type":"card","payment_amount":"1008000","currency":"TL","installment_count":"1","merchant_id":"103743","test_mode":"1"} 
[2025-09-03 15:54:03] local.INFO: Callback Hash Verification: {"calculated_hash":"tZAJE4GQGXVefrvrwdEO36s2+mihOAPYGBsevlHmGaY=","received_hash":"tZAJE4GQGXVefrvrwdEO36s2+mihOAPYGBsevlHmGaY=","merchant_oid":"SUB2511756877977","status":"success","total_amount":"1008000"} 
[2025-09-03 15:54:03] local.INFO: Callback verification successful  
[2025-09-03 15:54:03] local.ERROR: Payment not found for order ID: SUB2511756877977  
[2025-09-03 15:54:04] local.INFO: Paytr Callback Received: {"hash":"amWK8U/TPO1SCd2GBJctfm/KU31h2eY51T5+78a+E3E=","merchant_oid":"SUB2511756879049","status":"success","total_amount":"1008000","payment_type":"card","payment_amount":"1008000","currency":"TL","installment_count":"1","merchant_id":"103743","test_mode":"1"} 
[2025-09-03 15:54:04] local.INFO: Callback Hash Verification: {"calculated_hash":"amWK8U/TPO1SCd2GBJctfm/KU31h2eY51T5+78a+E3E=","received_hash":"amWK8U/TPO1SCd2GBJctfm/KU31h2eY51T5+78a+E3E=","merchant_oid":"SUB2511756879049","status":"success","total_amount":"1008000"} 
[2025-09-03 15:54:04] local.INFO: Callback verification successful  
[2025-09-03 15:54:04] local.ERROR: Payment not found for order ID: SUB2511756879049  
[2025-09-03 15:54:04] local.INFO: Paytr Callback Received: {"hash":"3WARwMiT5LkHLybE8UTEmR1y2tYAZVh8KfSjqjeiJdM=","merchant_oid":"SUB2511756895469","status":"success","total_amount":"1008000","payment_type":"card","payment_amount":"1008000","currency":"TL","installment_count":"1","merchant_id":"103743","test_mode":"1"} 
[2025-09-03 15:54:04] local.INFO: Callback Hash Verification: {"calculated_hash":"3WARwMiT5LkHLybE8UTEmR1y2tYAZVh8KfSjqjeiJdM=","received_hash":"3WARwMiT5LkHLybE8UTEmR1y2tYAZVh8KfSjqjeiJdM=","merchant_oid":"SUB2511756895469","status":"success","total_amount":"1008000"} 
[2025-09-03 15:54:04] local.INFO: Callback verification successful  
[2025-09-03 15:54:05] local.ERROR: Payment not found for order ID: SUB2511756895469  
[2025-09-03 15:55:04] local.INFO: Paytr Callback Received: {"hash":"tZAJE4GQGXVefrvrwdEO36s2+mihOAPYGBsevlHmGaY=","merchant_oid":"SUB2511756877977","status":"success","total_amount":"1008000","payment_type":"card","payment_amount":"1008000","currency":"TL","installment_count":"1","merchant_id":"103743","test_mode":"1"} 
[2025-09-03 15:55:04] local.INFO: Callback Hash Verification: {"calculated_hash":"tZAJE4GQGXVefrvrwdEO36s2+mihOAPYGBsevlHmGaY=","received_hash":"tZAJE4GQGXVefrvrwdEO36s2+mihOAPYGBsevlHmGaY=","merchant_oid":"SUB2511756877977","status":"success","total_amount":"1008000"} 
[2025-09-03 15:55:04] local.INFO: Callback verification successful  
[2025-09-03 15:55:04] local.ERROR: Payment not found for order ID: SUB2511756877977  
[2025-09-03 15:55:05] local.INFO: Paytr Callback Received: {"hash":"amWK8U/TPO1SCd2GBJctfm/KU31h2eY51T5+78a+E3E=","merchant_oid":"SUB2511756879049","status":"success","total_amount":"1008000","payment_type":"card","payment_amount":"1008000","currency":"TL","installment_count":"1","merchant_id":"103743","test_mode":"1"} 
[2025-09-03 15:55:05] local.INFO: Callback Hash Verification: {"calculated_hash":"amWK8U/TPO1SCd2GBJctfm/KU31h2eY51T5+78a+E3E=","received_hash":"amWK8U/TPO1SCd2GBJctfm/KU31h2eY51T5+78a+E3E=","merchant_oid":"SUB2511756879049","status":"success","total_amount":"1008000"} 
[2025-09-03 15:55:05] local.INFO: Callback verification successful  
[2025-09-03 15:55:05] local.ERROR: Payment not found for order ID: SUB2511756879049  
[2025-09-03 15:55:05] local.INFO: Paytr Callback Received: {"hash":"3WARwMiT5LkHLybE8UTEmR1y2tYAZVh8KfSjqjeiJdM=","merchant_oid":"SUB2511756895469","status":"success","total_amount":"1008000","payment_type":"card","payment_amount":"1008000","currency":"TL","installment_count":"1","merchant_id":"103743","test_mode":"1"} 
[2025-09-03 15:55:05] local.INFO: Callback Hash Verification: {"calculated_hash":"3WARwMiT5LkHLybE8UTEmR1y2tYAZVh8KfSjqjeiJdM=","received_hash":"3WARwMiT5LkHLybE8UTEmR1y2tYAZVh8KfSjqjeiJdM=","merchant_oid":"SUB2511756895469","status":"success","total_amount":"1008000"} 
[2025-09-03 15:55:05] local.INFO: Callback verification successful  
[2025-09-03 15:55:05] local.ERROR: Payment not found for order ID: SUB2511756895469  
[2025-09-03 15:56:04] local.INFO: Paytr Callback Received: {"hash":"tZAJE4GQGXVefrvrwdEO36s2+mihOAPYGBsevlHmGaY=","merchant_oid":"SUB2511756877977","status":"success","total_amount":"1008000","payment_type":"card","payment_amount":"1008000","currency":"TL","installment_count":"1","merchant_id":"103743","test_mode":"1"} 
[2025-09-03 15:56:04] local.INFO: Callback Hash Verification: {"calculated_hash":"tZAJE4GQGXVefrvrwdEO36s2+mihOAPYGBsevlHmGaY=","received_hash":"tZAJE4GQGXVefrvrwdEO36s2+mihOAPYGBsevlHmGaY=","merchant_oid":"SUB2511756877977","status":"success","total_amount":"1008000"} 
[2025-09-03 15:56:04] local.INFO: Callback verification successful  
[2025-09-03 15:56:04] local.ERROR: Payment not found for order ID: SUB2511756877977  
[2025-09-03 15:56:04] local.INFO: Paytr Callback Received: {"hash":"amWK8U/TPO1SCd2GBJctfm/KU31h2eY51T5+78a+E3E=","merchant_oid":"SUB2511756879049","status":"success","total_amount":"1008000","payment_type":"card","payment_amount":"1008000","currency":"TL","installment_count":"1","merchant_id":"103743","test_mode":"1"} 
[2025-09-03 15:56:04] local.INFO: Callback Hash Verification: {"calculated_hash":"amWK8U/TPO1SCd2GBJctfm/KU31h2eY51T5+78a+E3E=","received_hash":"amWK8U/TPO1SCd2GBJctfm/KU31h2eY51T5+78a+E3E=","merchant_oid":"SUB2511756879049","status":"success","total_amount":"1008000"} 
[2025-09-03 15:56:04] local.INFO: Callback verification successful  
[2025-09-03 15:56:04] local.ERROR: Payment not found for order ID: SUB2511756879049  
[2025-09-03 15:56:05] local.INFO: Paytr Callback Received: {"hash":"3WARwMiT5LkHLybE8UTEmR1y2tYAZVh8KfSjqjeiJdM=","merchant_oid":"SUB2511756895469","status":"success","total_amount":"1008000","payment_type":"card","payment_amount":"1008000","currency":"TL","installment_count":"1","merchant_id":"103743","test_mode":"1"} 
[2025-09-03 15:56:05] local.INFO: Callback Hash Verification: {"calculated_hash":"3WARwMiT5LkHLybE8UTEmR1y2tYAZVh8KfSjqjeiJdM=","received_hash":"3WARwMiT5LkHLybE8UTEmR1y2tYAZVh8KfSjqjeiJdM=","merchant_oid":"SUB2511756895469","status":"success","total_amount":"1008000"} 
[2025-09-03 15:56:05] local.INFO: Callback verification successful  
[2025-09-03 15:56:05] local.ERROR: Payment not found for order ID: SUB2511756895469  
[2025-09-03 15:57:03] local.INFO: Paytr Callback Received: {"hash":"tZAJE4GQGXVefrvrwdEO36s2+mihOAPYGBsevlHmGaY=","merchant_oid":"SUB2511756877977","status":"success","total_amount":"1008000","payment_type":"card","payment_amount":"1008000","currency":"TL","installment_count":"1","merchant_id":"103743","test_mode":"1"} 
[2025-09-03 15:57:03] local.INFO: Callback Hash Verification: {"calculated_hash":"tZAJE4GQGXVefrvrwdEO36s2+mihOAPYGBsevlHmGaY=","received_hash":"tZAJE4GQGXVefrvrwdEO36s2+mihOAPYGBsevlHmGaY=","merchant_oid":"SUB2511756877977","status":"success","total_amount":"1008000"} 
[2025-09-03 15:57:03] local.INFO: Callback verification successful  
[2025-09-03 15:57:03] local.ERROR: Payment not found for order ID: SUB2511756877977  
[2025-09-03 15:57:03] local.INFO: Paytr Callback Received: {"hash":"amWK8U/TPO1SCd2GBJctfm/KU31h2eY51T5+78a+E3E=","merchant_oid":"SUB2511756879049","status":"success","total_amount":"1008000","payment_type":"card","payment_amount":"1008000","currency":"TL","installment_count":"1","merchant_id":"103743","test_mode":"1"} 
[2025-09-03 15:57:03] local.INFO: Callback Hash Verification: {"calculated_hash":"amWK8U/TPO1SCd2GBJctfm/KU31h2eY51T5+78a+E3E=","received_hash":"amWK8U/TPO1SCd2GBJctfm/KU31h2eY51T5+78a+E3E=","merchant_oid":"SUB2511756879049","status":"success","total_amount":"1008000"} 
[2025-09-03 15:57:03] local.INFO: Callback verification successful  
[2025-09-03 15:57:03] local.ERROR: Payment not found for order ID: SUB2511756879049  
[2025-09-03 15:57:04] local.INFO: Paytr Callback Received: {"hash":"3WARwMiT5LkHLybE8UTEmR1y2tYAZVh8KfSjqjeiJdM=","merchant_oid":"SUB2511756895469","status":"success","total_amount":"1008000","payment_type":"card","payment_amount":"1008000","currency":"TL","installment_count":"1","merchant_id":"103743","test_mode":"1"} 
[2025-09-03 15:57:04] local.INFO: Callback Hash Verification: {"calculated_hash":"3WARwMiT5LkHLybE8UTEmR1y2tYAZVh8KfSjqjeiJdM=","received_hash":"3WARwMiT5LkHLybE8UTEmR1y2tYAZVh8KfSjqjeiJdM=","merchant_oid":"SUB2511756895469","status":"success","total_amount":"1008000"} 
[2025-09-03 15:57:04] local.INFO: Callback verification successful  
[2025-09-03 15:57:04] local.ERROR: Payment not found for order ID: SUB2511756895469  
[2025-09-03 15:58:04] local.INFO: Paytr Callback Received: {"hash":"tZAJE4GQGXVefrvrwdEO36s2+mihOAPYGBsevlHmGaY=","merchant_oid":"SUB2511756877977","status":"success","total_amount":"1008000","payment_type":"card","payment_amount":"1008000","currency":"TL","installment_count":"1","merchant_id":"103743","test_mode":"1"} 
[2025-09-03 15:58:04] local.INFO: Callback Hash Verification: {"calculated_hash":"tZAJE4GQGXVefrvrwdEO36s2+mihOAPYGBsevlHmGaY=","received_hash":"tZAJE4GQGXVefrvrwdEO36s2+mihOAPYGBsevlHmGaY=","merchant_oid":"SUB2511756877977","status":"success","total_amount":"1008000"} 
[2025-09-03 15:58:04] local.INFO: Callback verification successful  
[2025-09-03 15:58:04] local.ERROR: Payment not found for order ID: SUB2511756877977  
[2025-09-03 15:58:04] local.INFO: Paytr Callback Received: {"hash":"amWK8U/TPO1SCd2GBJctfm/KU31h2eY51T5+78a+E3E=","merchant_oid":"SUB2511756879049","status":"success","total_amount":"1008000","payment_type":"card","payment_amount":"1008000","currency":"TL","installment_count":"1","merchant_id":"103743","test_mode":"1"} 
[2025-09-03 15:58:04] local.INFO: Callback Hash Verification: {"calculated_hash":"amWK8U/TPO1SCd2GBJctfm/KU31h2eY51T5+78a+E3E=","received_hash":"amWK8U/TPO1SCd2GBJctfm/KU31h2eY51T5+78a+E3E=","merchant_oid":"SUB2511756879049","status":"success","total_amount":"1008000"} 
[2025-09-03 15:58:04] local.INFO: Callback verification successful  
[2025-09-03 15:58:04] local.ERROR: Payment not found for order ID: SUB2511756879049  
[2025-09-03 15:58:05] local.INFO: Paytr Callback Received: {"hash":"3WARwMiT5LkHLybE8UTEmR1y2tYAZVh8KfSjqjeiJdM=","merchant_oid":"SUB2511756895469","status":"success","total_amount":"1008000","payment_type":"card","payment_amount":"1008000","currency":"TL","installment_count":"1","merchant_id":"103743","test_mode":"1"} 
[2025-09-03 15:58:05] local.INFO: Callback Hash Verification: {"calculated_hash":"3WARwMiT5LkHLybE8UTEmR1y2tYAZVh8KfSjqjeiJdM=","received_hash":"3WARwMiT5LkHLybE8UTEmR1y2tYAZVh8KfSjqjeiJdM=","merchant_oid":"SUB2511756895469","status":"success","total_amount":"1008000"} 
[2025-09-03 15:58:05] local.INFO: Callback verification successful  
[2025-09-03 15:58:05] local.ERROR: Payment not found for order ID: SUB2511756895469  
[2025-09-03 15:59:03] local.INFO: Paytr Callback Received: {"hash":"tZAJE4GQGXVefrvrwdEO36s2+mihOAPYGBsevlHmGaY=","merchant_oid":"SUB2511756877977","status":"success","total_amount":"1008000","payment_type":"card","payment_amount":"1008000","currency":"TL","installment_count":"1","merchant_id":"103743","test_mode":"1"} 
[2025-09-03 15:59:03] local.INFO: Callback Hash Verification: {"calculated_hash":"tZAJE4GQGXVefrvrwdEO36s2+mihOAPYGBsevlHmGaY=","received_hash":"tZAJE4GQGXVefrvrwdEO36s2+mihOAPYGBsevlHmGaY=","merchant_oid":"SUB2511756877977","status":"success","total_amount":"1008000"} 
[2025-09-03 15:59:03] local.INFO: Callback verification successful  
[2025-09-03 15:59:03] local.ERROR: Payment not found for order ID: SUB2511756877977  
[2025-09-03 15:59:04] local.INFO: Paytr Callback Received: {"hash":"amWK8U/TPO1SCd2GBJctfm/KU31h2eY51T5+78a+E3E=","merchant_oid":"SUB2511756879049","status":"success","total_amount":"1008000","payment_type":"card","payment_amount":"1008000","currency":"TL","installment_count":"1","merchant_id":"103743","test_mode":"1"} 
[2025-09-03 15:59:04] local.INFO: Callback Hash Verification: {"calculated_hash":"amWK8U/TPO1SCd2GBJctfm/KU31h2eY51T5+78a+E3E=","received_hash":"amWK8U/TPO1SCd2GBJctfm/KU31h2eY51T5+78a+E3E=","merchant_oid":"SUB2511756879049","status":"success","total_amount":"1008000"} 
[2025-09-03 15:59:04] local.INFO: Callback verification successful  
[2025-09-03 15:59:04] local.ERROR: Payment not found for order ID: SUB2511756879049  
[2025-09-03 15:59:04] local.INFO: Paytr Callback Received: {"hash":"3WARwMiT5LkHLybE8UTEmR1y2tYAZVh8KfSjqjeiJdM=","merchant_oid":"SUB2511756895469","status":"success","total_amount":"1008000","payment_type":"card","payment_amount":"1008000","currency":"TL","installment_count":"1","merchant_id":"103743","test_mode":"1"} 
[2025-09-03 15:59:04] local.INFO: Callback Hash Verification: {"calculated_hash":"3WARwMiT5LkHLybE8UTEmR1y2tYAZVh8KfSjqjeiJdM=","received_hash":"3WARwMiT5LkHLybE8UTEmR1y2tYAZVh8KfSjqjeiJdM=","merchant_oid":"SUB2511756895469","status":"success","total_amount":"1008000"} 
[2025-09-03 15:59:04] local.INFO: Callback verification successful  
[2025-09-03 15:59:04] local.ERROR: Payment not found for order ID: SUB2511756895469  
[2025-09-03 16:00:05] local.INFO: Paytr Callback Received: {"hash":"tZAJE4GQGXVefrvrwdEO36s2+mihOAPYGBsevlHmGaY=","merchant_oid":"SUB2511756877977","status":"success","total_amount":"1008000","payment_type":"card","payment_amount":"1008000","currency":"TL","installment_count":"1","merchant_id":"103743","test_mode":"1"} 
[2025-09-03 16:00:05] local.INFO: Callback Hash Verification: {"calculated_hash":"tZAJE4GQGXVefrvrwdEO36s2+mihOAPYGBsevlHmGaY=","received_hash":"tZAJE4GQGXVefrvrwdEO36s2+mihOAPYGBsevlHmGaY=","merchant_oid":"SUB2511756877977","status":"success","total_amount":"1008000"} 
[2025-09-03 16:00:05] local.INFO: Callback verification successful  
[2025-09-03 16:00:05] local.ERROR: Payment not found for order ID: SUB2511756877977  
[2025-09-03 16:00:05] local.INFO: Paytr Callback Received: {"hash":"amWK8U/TPO1SCd2GBJctfm/KU31h2eY51T5+78a+E3E=","merchant_oid":"SUB2511756879049","status":"success","total_amount":"1008000","payment_type":"card","payment_amount":"1008000","currency":"TL","installment_count":"1","merchant_id":"103743","test_mode":"1"} 
[2025-09-03 16:00:05] local.INFO: Callback Hash Verification: {"calculated_hash":"amWK8U/TPO1SCd2GBJctfm/KU31h2eY51T5+78a+E3E=","received_hash":"amWK8U/TPO1SCd2GBJctfm/KU31h2eY51T5+78a+E3E=","merchant_oid":"SUB2511756879049","status":"success","total_amount":"1008000"} 
[2025-09-03 16:00:05] local.INFO: Callback verification successful  
[2025-09-03 16:00:05] local.ERROR: Payment not found for order ID: SUB2511756879049  
[2025-09-03 16:00:06] local.INFO: Paytr Callback Received: {"hash":"3WARwMiT5LkHLybE8UTEmR1y2tYAZVh8KfSjqjeiJdM=","merchant_oid":"SUB2511756895469","status":"success","total_amount":"1008000","payment_type":"card","payment_amount":"1008000","currency":"TL","installment_count":"1","merchant_id":"103743","test_mode":"1"} 
[2025-09-03 16:00:06] local.INFO: Callback Hash Verification: {"calculated_hash":"3WARwMiT5LkHLybE8UTEmR1y2tYAZVh8KfSjqjeiJdM=","received_hash":"3WARwMiT5LkHLybE8UTEmR1y2tYAZVh8KfSjqjeiJdM=","merchant_oid":"SUB2511756895469","status":"success","total_amount":"1008000"} 
[2025-09-03 16:00:06] local.INFO: Callback verification successful  
[2025-09-03 16:00:06] local.ERROR: Payment not found for order ID: SUB2511756895469  
[2025-09-03 16:01:03] local.INFO: Paytr Callback Received: {"hash":"tZAJE4GQGXVefrvrwdEO36s2+mihOAPYGBsevlHmGaY=","merchant_oid":"SUB2511756877977","status":"success","total_amount":"1008000","payment_type":"card","payment_amount":"1008000","currency":"TL","installment_count":"1","merchant_id":"103743","test_mode":"1"} 
[2025-09-03 16:01:03] local.INFO: Callback Hash Verification: {"calculated_hash":"tZAJE4GQGXVefrvrwdEO36s2+mihOAPYGBsevlHmGaY=","received_hash":"tZAJE4GQGXVefrvrwdEO36s2+mihOAPYGBsevlHmGaY=","merchant_oid":"SUB2511756877977","status":"success","total_amount":"1008000"} 
[2025-09-03 16:01:03] local.INFO: Callback verification successful  
[2025-09-03 16:01:03] local.ERROR: Payment not found for order ID: SUB2511756877977  
[2025-09-03 16:01:04] local.INFO: Paytr Callback Received: {"hash":"amWK8U/TPO1SCd2GBJctfm/KU31h2eY51T5+78a+E3E=","merchant_oid":"SUB2511756879049","status":"success","total_amount":"1008000","payment_type":"card","payment_amount":"1008000","currency":"TL","installment_count":"1","merchant_id":"103743","test_mode":"1"} 
[2025-09-03 16:01:04] local.INFO: Callback Hash Verification: {"calculated_hash":"amWK8U/TPO1SCd2GBJctfm/KU31h2eY51T5+78a+E3E=","received_hash":"amWK8U/TPO1SCd2GBJctfm/KU31h2eY51T5+78a+E3E=","merchant_oid":"SUB2511756879049","status":"success","total_amount":"1008000"} 
[2025-09-03 16:01:04] local.INFO: Callback verification successful  
[2025-09-03 16:01:04] local.ERROR: Payment not found for order ID: SUB2511756879049  
[2025-09-03 16:01:04] local.INFO: Paytr Callback Received: {"hash":"3WARwMiT5LkHLybE8UTEmR1y2tYAZVh8KfSjqjeiJdM=","merchant_oid":"SUB2511756895469","status":"success","total_amount":"1008000","payment_type":"card","payment_amount":"1008000","currency":"TL","installment_count":"1","merchant_id":"103743","test_mode":"1"} 
[2025-09-03 16:01:04] local.INFO: Callback Hash Verification: {"calculated_hash":"3WARwMiT5LkHLybE8UTEmR1y2tYAZVh8KfSjqjeiJdM=","received_hash":"3WARwMiT5LkHLybE8UTEmR1y2tYAZVh8KfSjqjeiJdM=","merchant_oid":"SUB2511756895469","status":"success","total_amount":"1008000"} 
[2025-09-03 16:01:04] local.INFO: Callback verification successful  
[2025-09-03 16:01:04] local.ERROR: Payment not found for order ID: SUB2511756895469  
[2025-09-03 16:03:10] local.INFO: All active products count: 0  
[2025-09-03 16:03:10] local.INFO: Final Alerts Result: {"critical_count":0,"low_count":0,"total_products_checked":0} 
