[2025-10-31 08:42:48] local.INFO: All active products count: 0  
[2025-10-31 08:42:48] local.INFO: Final Alerts Result: {"critical_count":0,"low_count":0,"total_products_checked":0} 
[2025-10-31 10:47:33] local.INFO: All active products count: 3  
[2025-10-31 10:47:33] local.INFO: Product ID 5 (Deneme Ürün): Current stock = 4  
[2025-10-31 10:47:33] local.INFO: Added to low: Deneme Ürün (Stock: 4)  
[2025-10-31 10:47:33] local.INFO: Product ID 10 (stok112): Current stock = 11  
[2025-10-31 10:47:33] local.INFO: Product ID 11 (Dolap vidası): Current stock = 10  
[2025-10-31 10:47:33] local.INFO: Final Alerts Result: {"critical_count":0,"low_count":1,"total_products_checked":3} 
[2025-10-31 10:52:00] local.ERROR: ActivityLogger Error: SQLSTATE[22007]: Invalid datetime format: 1366 Incorrect integer value: 'Teknisyen Yönlendir' for column `serbiscrm`.`activity_logs`.`reference_id` at row 1 (Connection: mysql, SQL: insert into `activity_logs` (`tenant_id`, `user_id`, `user_name`, `user_role`, `ip_address`, `action`, `module`, `description`, `old_values`, `new_values`, `reference_table`, `reference_id`, `user_agent`, `updated_at`, `created_at`) values (3, 6, Deneme Test, Patron, 127.0.0.1, service_plan_deleted, service, ServisID: 60 Aşama Silindi: 214, ?, ?, service_plannings, Teknisyen Yönlendir, Mozilla/5.0 (Windows NT 10.0; Win64; x64) AppleWebKit/537.36 (KHTML, like Gecko) Chrome/141.0.0.0 Safari/537.36, 2025-10-31 10:52:00, 2025-10-31 10:52:00))  
[2025-10-31 11:11:41] local.INFO: All active products count: 3  
[2025-10-31 11:11:41] local.INFO: Product ID 5 (Deneme Ürün): Current stock = 4  
[2025-10-31 11:11:41] local.INFO: Added to low: Deneme Ürün (Stock: 4)  
[2025-10-31 11:11:41] local.INFO: Product ID 10 (stok112): Current stock = 11  
[2025-10-31 11:11:41] local.INFO: Product ID 11 (Dolap vidası): Current stock = 9  
[2025-10-31 11:11:41] local.INFO: Final Alerts Result: {"critical_count":0,"low_count":1,"total_products_checked":3} 
[2025-10-31 12:30:37] local.INFO: PayTR Request Data: {"merchant_id":"614136","order_id":"INT31761903037","amount":180000,"user_ip":"78.190.145.61","hash_string":"61413678.190.145.61INT31761903037info@testteknik.com180000W1siTkVUR1NNIiwiMTgwMC4wMCIsMV1d10TL1","token":"c/iHLQFv0O8/volnuMBg1wiqLmGY6lm3aT+FnbuFpbQ="} 
[2025-10-31 12:30:40] local.INFO: PayTR API Response: {"status":"success","token":"8c4b5359022f63047c3be8f4d6ca0d2efad94fca880fca1606f458542671d4fd-692859549"} 
[2025-10-31 12:30:47] local.INFO: Paytr Callback Received: {"hash":"TPudGpEcLvvyaBO01pFtsf1+lDANJNSgytXArwP15ys=","merchant_oid":"INT31761903037","status":"success","total_amount":"180000","payment_type":"card","payment_amount":"180000","currency":"TL","installment_count":"1","merchant_id":"614136","test_mode":"1"} 
[2025-10-31 12:30:47] local.INFO: Callback Hash Verification: {"calculated_hash":"TPudGpEcLvvyaBO01pFtsf1+lDANJNSgytXArwP15ys=","received_hash":"TPudGpEcLvvyaBO01pFtsf1+lDANJNSgytXArwP15ys=","merchant_oid":"INT31761903037","status":"success","total_amount":"180000"} 
[2025-10-31 12:30:47] local.INFO: Callback verification successful  
[2025-10-31 12:30:47] local.ERROR: Payment callback error {"message":"Attempt to read property \"status\" on null","file":"C:\\xampp\\htdocs\\serbiscrm\\app\\Http\\Controllers\\Frontend\\SubscriptionController.php","line":380,"post_data":{"hash":"TPudGpEcLvvyaBO01pFtsf1+lDANJNSgytXArwP15ys=","merchant_oid":"INT31761903037","status":"success","total_amount":"180000","payment_type":"card","payment_amount":"180000","currency":"TL","installment_count":"1","merchant_id":"614136","test_mode":"1"}} 
[2025-10-31 12:30:51] local.INFO: PayTR Request Data: {"merchant_id":"614136","order_id":"INT31761903051","amount":180000,"user_ip":"78.190.145.61","hash_string":"61413678.190.145.61INT31761903051info@testteknik.com180000W1siTkVUR1NNIiwiMTgwMC4wMCIsMV1d10TL1","token":"XNYjrE3OiIH3flJ/zNTdodryrCFHYx/I/fnI8QAIqnI="} 
[2025-10-31 12:30:52] local.INFO: PayTR API Response: {"status":"success","token":"e1f076b61f48f193ebc10c9ad1106c03387b4a6825cc1342e596da7aeb66c84c-692859615"} 
[2025-10-31 12:31:10] local.INFO: Paytr Callback Received: {"hash":"TPudGpEcLvvyaBO01pFtsf1+lDANJNSgytXArwP15ys=","merchant_oid":"INT31761903037","status":"success","total_amount":"180000","payment_type":"card","payment_amount":"180000","currency":"TL","installment_count":"1","merchant_id":"614136","test_mode":"1"} 
[2025-10-31 12:31:10] local.INFO: Callback Hash Verification: {"calculated_hash":"TPudGpEcLvvyaBO01pFtsf1+lDANJNSgytXArwP15ys=","received_hash":"TPudGpEcLvvyaBO01pFtsf1+lDANJNSgytXArwP15ys=","merchant_oid":"INT31761903037","status":"success","total_amount":"180000"} 
[2025-10-31 12:31:10] local.INFO: Callback verification successful  
[2025-10-31 12:31:10] local.ERROR: Payment callback error {"message":"Attempt to read property \"status\" on null","file":"C:\\xampp\\htdocs\\serbiscrm\\app\\Http\\Controllers\\Frontend\\SubscriptionController.php","line":380,"post_data":{"hash":"TPudGpEcLvvyaBO01pFtsf1+lDANJNSgytXArwP15ys=","merchant_oid":"INT31761903037","status":"success","total_amount":"180000","payment_type":"card","payment_amount":"180000","currency":"TL","installment_count":"1","merchant_id":"614136","test_mode":"1"}} 
[2025-10-31 12:32:08] local.INFO: Paytr Callback Received: {"hash":"TPudGpEcLvvyaBO01pFtsf1+lDANJNSgytXArwP15ys=","merchant_oid":"INT31761903037","status":"success","total_amount":"180000","payment_type":"card","payment_amount":"180000","currency":"TL","installment_count":"1","merchant_id":"614136","test_mode":"1"} 
[2025-10-31 12:32:08] local.INFO: Callback Hash Verification: {"calculated_hash":"TPudGpEcLvvyaBO01pFtsf1+lDANJNSgytXArwP15ys=","received_hash":"TPudGpEcLvvyaBO01pFtsf1+lDANJNSgytXArwP15ys=","merchant_oid":"INT31761903037","status":"success","total_amount":"180000"} 
[2025-10-31 12:32:08] local.INFO: Callback verification successful  
[2025-10-31 12:32:08] local.ERROR: Payment callback error {"message":"Attempt to read property \"status\" on null","file":"C:\\xampp\\htdocs\\serbiscrm\\app\\Http\\Controllers\\Frontend\\SubscriptionController.php","line":380,"post_data":{"hash":"TPudGpEcLvvyaBO01pFtsf1+lDANJNSgytXArwP15ys=","merchant_oid":"INT31761903037","status":"success","total_amount":"180000","payment_type":"card","payment_amount":"180000","currency":"TL","installment_count":"1","merchant_id":"614136","test_mode":"1"}} 
[2025-10-31 12:33:13] local.INFO: Paytr Callback Received: {"hash":"TPudGpEcLvvyaBO01pFtsf1+lDANJNSgytXArwP15ys=","merchant_oid":"INT31761903037","status":"success","total_amount":"180000","payment_type":"card","payment_amount":"180000","currency":"TL","installment_count":"1","merchant_id":"614136","test_mode":"1"} 
[2025-10-31 12:33:13] local.INFO: Callback Hash Verification: {"calculated_hash":"TPudGpEcLvvyaBO01pFtsf1+lDANJNSgytXArwP15ys=","received_hash":"TPudGpEcLvvyaBO01pFtsf1+lDANJNSgytXArwP15ys=","merchant_oid":"INT31761903037","status":"success","total_amount":"180000"} 
[2025-10-31 12:33:13] local.INFO: Callback verification successful  
[2025-10-31 12:33:13] local.ERROR: Payment callback error {"message":"Attempt to read property \"status\" on null","file":"C:\\xampp\\htdocs\\serbiscrm\\app\\Http\\Controllers\\Frontend\\SubscriptionController.php","line":380,"post_data":{"hash":"TPudGpEcLvvyaBO01pFtsf1+lDANJNSgytXArwP15ys=","merchant_oid":"INT31761903037","status":"success","total_amount":"180000","payment_type":"card","payment_amount":"180000","currency":"TL","installment_count":"1","merchant_id":"614136","test_mode":"1"}} 
[2025-10-31 12:34:08] local.INFO: Paytr Callback Received: {"hash":"TPudGpEcLvvyaBO01pFtsf1+lDANJNSgytXArwP15ys=","merchant_oid":"INT31761903037","status":"success","total_amount":"180000","payment_type":"card","payment_amount":"180000","currency":"TL","installment_count":"1","merchant_id":"614136","test_mode":"1"} 
[2025-10-31 12:34:08] local.INFO: Callback Hash Verification: {"calculated_hash":"TPudGpEcLvvyaBO01pFtsf1+lDANJNSgytXArwP15ys=","received_hash":"TPudGpEcLvvyaBO01pFtsf1+lDANJNSgytXArwP15ys=","merchant_oid":"INT31761903037","status":"success","total_amount":"180000"} 
[2025-10-31 12:34:08] local.INFO: Callback verification successful  
[2025-10-31 12:34:08] local.ERROR: Payment callback error {"message":"Attempt to read property \"status\" on null","file":"C:\\xampp\\htdocs\\serbiscrm\\app\\Http\\Controllers\\Frontend\\SubscriptionController.php","line":380,"post_data":{"hash":"TPudGpEcLvvyaBO01pFtsf1+lDANJNSgytXArwP15ys=","merchant_oid":"INT31761903037","status":"success","total_amount":"180000","payment_type":"card","payment_amount":"180000","currency":"TL","installment_count":"1","merchant_id":"614136","test_mode":"1"}} 
[2025-10-31 12:35:07] local.INFO: Paytr Callback Received: {"hash":"TPudGpEcLvvyaBO01pFtsf1+lDANJNSgytXArwP15ys=","merchant_oid":"INT31761903037","status":"success","total_amount":"180000","payment_type":"card","payment_amount":"180000","currency":"TL","installment_count":"1","merchant_id":"614136","test_mode":"1"} 
[2025-10-31 12:35:07] local.INFO: Callback Hash Verification: {"calculated_hash":"TPudGpEcLvvyaBO01pFtsf1+lDANJNSgytXArwP15ys=","received_hash":"TPudGpEcLvvyaBO01pFtsf1+lDANJNSgytXArwP15ys=","merchant_oid":"INT31761903037","status":"success","total_amount":"180000"} 
[2025-10-31 12:35:07] local.INFO: Callback verification successful  
[2025-10-31 12:35:07] local.ERROR: Payment callback error {"message":"Attempt to read property \"status\" on null","file":"C:\\xampp\\htdocs\\serbiscrm\\app\\Http\\Controllers\\Frontend\\SubscriptionController.php","line":380,"post_data":{"hash":"TPudGpEcLvvyaBO01pFtsf1+lDANJNSgytXArwP15ys=","merchant_oid":"INT31761903037","status":"success","total_amount":"180000","payment_type":"card","payment_amount":"180000","currency":"TL","installment_count":"1","merchant_id":"614136","test_mode":"1"}} 
[2025-10-31 12:36:08] local.INFO: Paytr Callback Received: {"hash":"TPudGpEcLvvyaBO01pFtsf1+lDANJNSgytXArwP15ys=","merchant_oid":"INT31761903037","status":"success","total_amount":"180000","payment_type":"card","payment_amount":"180000","currency":"TL","installment_count":"1","merchant_id":"614136","test_mode":"1"} 
[2025-10-31 12:36:08] local.INFO: Callback Hash Verification: {"calculated_hash":"TPudGpEcLvvyaBO01pFtsf1+lDANJNSgytXArwP15ys=","received_hash":"TPudGpEcLvvyaBO01pFtsf1+lDANJNSgytXArwP15ys=","merchant_oid":"INT31761903037","status":"success","total_amount":"180000"} 
[2025-10-31 12:36:08] local.INFO: Callback verification successful  
[2025-10-31 12:36:08] local.ERROR: Payment callback error {"message":"Attempt to read property \"status\" on null","file":"C:\\xampp\\htdocs\\serbiscrm\\app\\Http\\Controllers\\Frontend\\SubscriptionController.php","line":380,"post_data":{"hash":"TPudGpEcLvvyaBO01pFtsf1+lDANJNSgytXArwP15ys=","merchant_oid":"INT31761903037","status":"success","total_amount":"180000","payment_type":"card","payment_amount":"180000","currency":"TL","installment_count":"1","merchant_id":"614136","test_mode":"1"}} 
[2025-10-31 12:37:08] local.INFO: Paytr Callback Received: {"hash":"TPudGpEcLvvyaBO01pFtsf1+lDANJNSgytXArwP15ys=","merchant_oid":"INT31761903037","status":"success","total_amount":"180000","payment_type":"card","payment_amount":"180000","currency":"TL","installment_count":"1","merchant_id":"614136","test_mode":"1"} 
[2025-10-31 12:37:08] local.INFO: Callback Hash Verification: {"calculated_hash":"TPudGpEcLvvyaBO01pFtsf1+lDANJNSgytXArwP15ys=","received_hash":"TPudGpEcLvvyaBO01pFtsf1+lDANJNSgytXArwP15ys=","merchant_oid":"INT31761903037","status":"success","total_amount":"180000"} 
[2025-10-31 12:37:08] local.INFO: Callback verification successful  
[2025-10-31 12:37:08] local.ERROR: Payment callback error {"message":"Attempt to read property \"status\" on null","file":"C:\\xampp\\htdocs\\serbiscrm\\app\\Http\\Controllers\\Frontend\\SubscriptionController.php","line":380,"post_data":{"hash":"TPudGpEcLvvyaBO01pFtsf1+lDANJNSgytXArwP15ys=","merchant_oid":"INT31761903037","status":"success","total_amount":"180000","payment_type":"card","payment_amount":"180000","currency":"TL","installment_count":"1","merchant_id":"614136","test_mode":"1"}} 
[2025-10-31 12:38:07] local.INFO: Paytr Callback Received: {"hash":"TPudGpEcLvvyaBO01pFtsf1+lDANJNSgytXArwP15ys=","merchant_oid":"INT31761903037","status":"success","total_amount":"180000","payment_type":"card","payment_amount":"180000","currency":"TL","installment_count":"1","merchant_id":"614136","test_mode":"1"} 
[2025-10-31 12:38:07] local.INFO: Callback Hash Verification: {"calculated_hash":"TPudGpEcLvvyaBO01pFtsf1+lDANJNSgytXArwP15ys=","received_hash":"TPudGpEcLvvyaBO01pFtsf1+lDANJNSgytXArwP15ys=","merchant_oid":"INT31761903037","status":"success","total_amount":"180000"} 
[2025-10-31 12:38:07] local.INFO: Callback verification successful  
[2025-10-31 12:38:07] local.ERROR: Payment callback error {"message":"Attempt to read property \"status\" on null","file":"C:\\xampp\\htdocs\\serbiscrm\\app\\Http\\Controllers\\Frontend\\SubscriptionController.php","line":380,"post_data":{"hash":"TPudGpEcLvvyaBO01pFtsf1+lDANJNSgytXArwP15ys=","merchant_oid":"INT31761903037","status":"success","total_amount":"180000","payment_type":"card","payment_amount":"180000","currency":"TL","installment_count":"1","merchant_id":"614136","test_mode":"1"}} 
[2025-10-31 12:39:08] local.INFO: Paytr Callback Received: {"hash":"TPudGpEcLvvyaBO01pFtsf1+lDANJNSgytXArwP15ys=","merchant_oid":"INT31761903037","status":"success","total_amount":"180000","payment_type":"card","payment_amount":"180000","currency":"TL","installment_count":"1","merchant_id":"614136","test_mode":"1"} 
[2025-10-31 12:39:08] local.INFO: Callback Hash Verification: {"calculated_hash":"TPudGpEcLvvyaBO01pFtsf1+lDANJNSgytXArwP15ys=","received_hash":"TPudGpEcLvvyaBO01pFtsf1+lDANJNSgytXArwP15ys=","merchant_oid":"INT31761903037","status":"success","total_amount":"180000"} 
[2025-10-31 12:39:08] local.INFO: Callback verification successful  
[2025-10-31 12:39:08] local.ERROR: Payment callback error {"message":"Attempt to read property \"status\" on null","file":"C:\\xampp\\htdocs\\serbiscrm\\app\\Http\\Controllers\\Frontend\\SubscriptionController.php","line":380,"post_data":{"hash":"TPudGpEcLvvyaBO01pFtsf1+lDANJNSgytXArwP15ys=","merchant_oid":"INT31761903037","status":"success","total_amount":"180000","payment_type":"card","payment_amount":"180000","currency":"TL","installment_count":"1","merchant_id":"614136","test_mode":"1"}} 
[2025-10-31 12:40:08] local.INFO: Paytr Callback Received: {"hash":"TPudGpEcLvvyaBO01pFtsf1+lDANJNSgytXArwP15ys=","merchant_oid":"INT31761903037","status":"success","total_amount":"180000","payment_type":"card","payment_amount":"180000","currency":"TL","installment_count":"1","merchant_id":"614136","test_mode":"1"} 
[2025-10-31 12:40:08] local.INFO: Callback Hash Verification: {"calculated_hash":"TPudGpEcLvvyaBO01pFtsf1+lDANJNSgytXArwP15ys=","received_hash":"TPudGpEcLvvyaBO01pFtsf1+lDANJNSgytXArwP15ys=","merchant_oid":"INT31761903037","status":"success","total_amount":"180000"} 
[2025-10-31 12:40:08] local.INFO: Callback verification successful  
[2025-10-31 12:40:08] local.ERROR: Payment callback error {"message":"Attempt to read property \"status\" on null","file":"C:\\xampp\\htdocs\\serbiscrm\\app\\Http\\Controllers\\Frontend\\SubscriptionController.php","line":380,"post_data":{"hash":"TPudGpEcLvvyaBO01pFtsf1+lDANJNSgytXArwP15ys=","merchant_oid":"INT31761903037","status":"success","total_amount":"180000","payment_type":"card","payment_amount":"180000","currency":"TL","installment_count":"1","merchant_id":"614136","test_mode":"1"}} 
[2025-10-31 12:41:07] local.INFO: Paytr Callback Received: {"hash":"TPudGpEcLvvyaBO01pFtsf1+lDANJNSgytXArwP15ys=","merchant_oid":"INT31761903037","status":"success","total_amount":"180000","payment_type":"card","payment_amount":"180000","currency":"TL","installment_count":"1","merchant_id":"614136","test_mode":"1"} 
[2025-10-31 12:41:07] local.INFO: Callback Hash Verification: {"calculated_hash":"TPudGpEcLvvyaBO01pFtsf1+lDANJNSgytXArwP15ys=","received_hash":"TPudGpEcLvvyaBO01pFtsf1+lDANJNSgytXArwP15ys=","merchant_oid":"INT31761903037","status":"success","total_amount":"180000"} 
[2025-10-31 12:41:07] local.INFO: Callback verification successful  
[2025-10-31 12:41:07] local.ERROR: Payment callback error {"message":"Attempt to read property \"status\" on null","file":"C:\\xampp\\htdocs\\serbiscrm\\app\\Http\\Controllers\\Frontend\\SubscriptionController.php","line":380,"post_data":{"hash":"TPudGpEcLvvyaBO01pFtsf1+lDANJNSgytXArwP15ys=","merchant_oid":"INT31761903037","status":"success","total_amount":"180000","payment_type":"card","payment_amount":"180000","currency":"TL","installment_count":"1","merchant_id":"614136","test_mode":"1"}} 
[2025-10-31 12:42:07] local.INFO: Paytr Callback Received: {"hash":"TPudGpEcLvvyaBO01pFtsf1+lDANJNSgytXArwP15ys=","merchant_oid":"INT31761903037","status":"success","total_amount":"180000","payment_type":"card","payment_amount":"180000","currency":"TL","installment_count":"1","merchant_id":"614136","test_mode":"1"} 
[2025-10-31 12:42:07] local.INFO: Callback Hash Verification: {"calculated_hash":"TPudGpEcLvvyaBO01pFtsf1+lDANJNSgytXArwP15ys=","received_hash":"TPudGpEcLvvyaBO01pFtsf1+lDANJNSgytXArwP15ys=","merchant_oid":"INT31761903037","status":"success","total_amount":"180000"} 
[2025-10-31 12:42:07] local.INFO: Callback verification successful  
[2025-10-31 12:42:07] local.ERROR: Payment callback error {"message":"Attempt to read property \"status\" on null","file":"C:\\xampp\\htdocs\\serbiscrm\\app\\Http\\Controllers\\Frontend\\SubscriptionController.php","line":380,"post_data":{"hash":"TPudGpEcLvvyaBO01pFtsf1+lDANJNSgytXArwP15ys=","merchant_oid":"INT31761903037","status":"success","total_amount":"180000","payment_type":"card","payment_amount":"180000","currency":"TL","installment_count":"1","merchant_id":"614136","test_mode":"1"}} 
[2025-10-31 12:43:08] local.INFO: Paytr Callback Received: {"hash":"TPudGpEcLvvyaBO01pFtsf1+lDANJNSgytXArwP15ys=","merchant_oid":"INT31761903037","status":"success","total_amount":"180000","payment_type":"card","payment_amount":"180000","currency":"TL","installment_count":"1","merchant_id":"614136","test_mode":"1"} 
[2025-10-31 12:43:08] local.INFO: Callback Hash Verification: {"calculated_hash":"TPudGpEcLvvyaBO01pFtsf1+lDANJNSgytXArwP15ys=","received_hash":"TPudGpEcLvvyaBO01pFtsf1+lDANJNSgytXArwP15ys=","merchant_oid":"INT31761903037","status":"success","total_amount":"180000"} 
[2025-10-31 12:43:08] local.INFO: Callback verification successful  
[2025-10-31 12:43:08] local.ERROR: Payment callback error {"message":"Attempt to read property \"status\" on null","file":"C:\\xampp\\htdocs\\serbiscrm\\app\\Http\\Controllers\\Frontend\\SubscriptionController.php","line":380,"post_data":{"hash":"TPudGpEcLvvyaBO01pFtsf1+lDANJNSgytXArwP15ys=","merchant_oid":"INT31761903037","status":"success","total_amount":"180000","payment_type":"card","payment_amount":"180000","currency":"TL","installment_count":"1","merchant_id":"614136","test_mode":"1"}} 
[2025-10-31 12:44:07] local.INFO: Paytr Callback Received: {"hash":"TPudGpEcLvvyaBO01pFtsf1+lDANJNSgytXArwP15ys=","merchant_oid":"INT31761903037","status":"success","total_amount":"180000","payment_type":"card","payment_amount":"180000","currency":"TL","installment_count":"1","merchant_id":"614136","test_mode":"1"} 
[2025-10-31 12:44:07] local.INFO: Callback Hash Verification: {"calculated_hash":"TPudGpEcLvvyaBO01pFtsf1+lDANJNSgytXArwP15ys=","received_hash":"TPudGpEcLvvyaBO01pFtsf1+lDANJNSgytXArwP15ys=","merchant_oid":"INT31761903037","status":"success","total_amount":"180000"} 
[2025-10-31 12:44:07] local.INFO: Callback verification successful  
[2025-10-31 12:44:07] local.ERROR: Payment callback error {"message":"Attempt to read property \"status\" on null","file":"C:\\xampp\\htdocs\\serbiscrm\\app\\Http\\Controllers\\Frontend\\SubscriptionController.php","line":380,"post_data":{"hash":"TPudGpEcLvvyaBO01pFtsf1+lDANJNSgytXArwP15ys=","merchant_oid":"INT31761903037","status":"success","total_amount":"180000","payment_type":"card","payment_amount":"180000","currency":"TL","installment_count":"1","merchant_id":"614136","test_mode":"1"}} 
[2025-10-31 12:45:08] local.INFO: Paytr Callback Received: {"hash":"TPudGpEcLvvyaBO01pFtsf1+lDANJNSgytXArwP15ys=","merchant_oid":"INT31761903037","status":"success","total_amount":"180000","payment_type":"card","payment_amount":"180000","currency":"TL","installment_count":"1","merchant_id":"614136","test_mode":"1"} 
[2025-10-31 12:45:08] local.INFO: Callback Hash Verification: {"calculated_hash":"TPudGpEcLvvyaBO01pFtsf1+lDANJNSgytXArwP15ys=","received_hash":"TPudGpEcLvvyaBO01pFtsf1+lDANJNSgytXArwP15ys=","merchant_oid":"INT31761903037","status":"success","total_amount":"180000"} 
[2025-10-31 12:45:08] local.INFO: Callback verification successful  
[2025-10-31 12:45:08] local.ERROR: Payment callback error {"message":"Attempt to read property \"status\" on null","file":"C:\\xampp\\htdocs\\serbiscrm\\app\\Http\\Controllers\\Frontend\\SubscriptionController.php","line":380,"post_data":{"hash":"TPudGpEcLvvyaBO01pFtsf1+lDANJNSgytXArwP15ys=","merchant_oid":"INT31761903037","status":"success","total_amount":"180000","payment_type":"card","payment_amount":"180000","currency":"TL","installment_count":"1","merchant_id":"614136","test_mode":"1"}} 
[2025-10-31 12:46:08] local.INFO: Paytr Callback Received: {"hash":"TPudGpEcLvvyaBO01pFtsf1+lDANJNSgytXArwP15ys=","merchant_oid":"INT31761903037","status":"success","total_amount":"180000","payment_type":"card","payment_amount":"180000","currency":"TL","installment_count":"1","merchant_id":"614136","test_mode":"1"} 
[2025-10-31 12:46:08] local.INFO: Callback Hash Verification: {"calculated_hash":"TPudGpEcLvvyaBO01pFtsf1+lDANJNSgytXArwP15ys=","received_hash":"TPudGpEcLvvyaBO01pFtsf1+lDANJNSgytXArwP15ys=","merchant_oid":"INT31761903037","status":"success","total_amount":"180000"} 
[2025-10-31 12:46:08] local.INFO: Callback verification successful  
[2025-10-31 12:46:08] local.ERROR: Payment callback error {"message":"Attempt to read property \"status\" on null","file":"C:\\xampp\\htdocs\\serbiscrm\\app\\Http\\Controllers\\Frontend\\SubscriptionController.php","line":380,"post_data":{"hash":"TPudGpEcLvvyaBO01pFtsf1+lDANJNSgytXArwP15ys=","merchant_oid":"INT31761903037","status":"success","total_amount":"180000","payment_type":"card","payment_amount":"180000","currency":"TL","installment_count":"1","merchant_id":"614136","test_mode":"1"}} 
[2025-10-31 12:47:07] local.INFO: Paytr Callback Received: {"hash":"TPudGpEcLvvyaBO01pFtsf1+lDANJNSgytXArwP15ys=","merchant_oid":"INT31761903037","status":"success","total_amount":"180000","payment_type":"card","payment_amount":"180000","currency":"TL","installment_count":"1","merchant_id":"614136","test_mode":"1"} 
[2025-10-31 12:47:07] local.INFO: Callback Hash Verification: {"calculated_hash":"TPudGpEcLvvyaBO01pFtsf1+lDANJNSgytXArwP15ys=","received_hash":"TPudGpEcLvvyaBO01pFtsf1+lDANJNSgytXArwP15ys=","merchant_oid":"INT31761903037","status":"success","total_amount":"180000"} 
[2025-10-31 12:47:07] local.INFO: Callback verification successful  
[2025-10-31 12:47:07] local.ERROR: Payment callback error {"message":"Attempt to read property \"status\" on null","file":"C:\\xampp\\htdocs\\serbiscrm\\app\\Http\\Controllers\\Frontend\\SubscriptionController.php","line":380,"post_data":{"hash":"TPudGpEcLvvyaBO01pFtsf1+lDANJNSgytXArwP15ys=","merchant_oid":"INT31761903037","status":"success","total_amount":"180000","payment_type":"card","payment_amount":"180000","currency":"TL","installment_count":"1","merchant_id":"614136","test_mode":"1"}} 
[2025-10-31 12:48:12] local.INFO: Paytr Callback Received: {"hash":"TPudGpEcLvvyaBO01pFtsf1+lDANJNSgytXArwP15ys=","merchant_oid":"INT31761903037","status":"success","total_amount":"180000","payment_type":"card","payment_amount":"180000","currency":"TL","installment_count":"1","merchant_id":"614136","test_mode":"1"} 
[2025-10-31 12:48:12] local.INFO: Callback Hash Verification: {"calculated_hash":"TPudGpEcLvvyaBO01pFtsf1+lDANJNSgytXArwP15ys=","received_hash":"TPudGpEcLvvyaBO01pFtsf1+lDANJNSgytXArwP15ys=","merchant_oid":"INT31761903037","status":"success","total_amount":"180000"} 
[2025-10-31 12:48:12] local.INFO: Callback verification successful  
[2025-10-31 12:48:12] local.ERROR: Payment callback error {"message":"Attempt to read property \"status\" on null","file":"C:\\xampp\\htdocs\\serbiscrm\\app\\Http\\Controllers\\Frontend\\SubscriptionController.php","line":380,"post_data":{"hash":"TPudGpEcLvvyaBO01pFtsf1+lDANJNSgytXArwP15ys=","merchant_oid":"INT31761903037","status":"success","total_amount":"180000","payment_type":"card","payment_amount":"180000","currency":"TL","installment_count":"1","merchant_id":"614136","test_mode":"1"}} 
[2025-10-31 12:49:08] local.INFO: Paytr Callback Received: {"hash":"TPudGpEcLvvyaBO01pFtsf1+lDANJNSgytXArwP15ys=","merchant_oid":"INT31761903037","status":"success","total_amount":"180000","payment_type":"card","payment_amount":"180000","currency":"TL","installment_count":"1","merchant_id":"614136","test_mode":"1"} 
[2025-10-31 12:49:08] local.INFO: Callback Hash Verification: {"calculated_hash":"TPudGpEcLvvyaBO01pFtsf1+lDANJNSgytXArwP15ys=","received_hash":"TPudGpEcLvvyaBO01pFtsf1+lDANJNSgytXArwP15ys=","merchant_oid":"INT31761903037","status":"success","total_amount":"180000"} 
[2025-10-31 12:49:08] local.INFO: Callback verification successful  
[2025-10-31 12:49:08] local.ERROR: Payment callback error {"message":"Attempt to read property \"status\" on null","file":"C:\\xampp\\htdocs\\serbiscrm\\app\\Http\\Controllers\\Frontend\\SubscriptionController.php","line":380,"post_data":{"hash":"TPudGpEcLvvyaBO01pFtsf1+lDANJNSgytXArwP15ys=","merchant_oid":"INT31761903037","status":"success","total_amount":"180000","payment_type":"card","payment_amount":"180000","currency":"TL","installment_count":"1","merchant_id":"614136","test_mode":"1"}} 
[2025-10-31 12:50:08] local.INFO: Paytr Callback Received: {"hash":"TPudGpEcLvvyaBO01pFtsf1+lDANJNSgytXArwP15ys=","merchant_oid":"INT31761903037","status":"success","total_amount":"180000","payment_type":"card","payment_amount":"180000","currency":"TL","installment_count":"1","merchant_id":"614136","test_mode":"1"} 
[2025-10-31 12:50:08] local.INFO: Callback Hash Verification: {"calculated_hash":"TPudGpEcLvvyaBO01pFtsf1+lDANJNSgytXArwP15ys=","received_hash":"TPudGpEcLvvyaBO01pFtsf1+lDANJNSgytXArwP15ys=","merchant_oid":"INT31761903037","status":"success","total_amount":"180000"} 
[2025-10-31 12:50:08] local.INFO: Callback verification successful  
[2025-10-31 12:50:08] local.ERROR: Payment callback error {"message":"Attempt to read property \"status\" on null","file":"C:\\xampp\\htdocs\\serbiscrm\\app\\Http\\Controllers\\Frontend\\SubscriptionController.php","line":380,"post_data":{"hash":"TPudGpEcLvvyaBO01pFtsf1+lDANJNSgytXArwP15ys=","merchant_oid":"INT31761903037","status":"success","total_amount":"180000","payment_type":"card","payment_amount":"180000","currency":"TL","installment_count":"1","merchant_id":"614136","test_mode":"1"}} 
[2025-10-31 12:51:07] local.INFO: Paytr Callback Received: {"hash":"TPudGpEcLvvyaBO01pFtsf1+lDANJNSgytXArwP15ys=","merchant_oid":"INT31761903037","status":"success","total_amount":"180000","payment_type":"card","payment_amount":"180000","currency":"TL","installment_count":"1","merchant_id":"614136","test_mode":"1"} 
[2025-10-31 12:51:07] local.INFO: Callback Hash Verification: {"calculated_hash":"TPudGpEcLvvyaBO01pFtsf1+lDANJNSgytXArwP15ys=","received_hash":"TPudGpEcLvvyaBO01pFtsf1+lDANJNSgytXArwP15ys=","merchant_oid":"INT31761903037","status":"success","total_amount":"180000"} 
[2025-10-31 12:51:07] local.INFO: Callback verification successful  
[2025-10-31 12:51:07] local.ERROR: Payment callback error {"message":"Attempt to read property \"status\" on null","file":"C:\\xampp\\htdocs\\serbiscrm\\app\\Http\\Controllers\\Frontend\\SubscriptionController.php","line":380,"post_data":{"hash":"TPudGpEcLvvyaBO01pFtsf1+lDANJNSgytXArwP15ys=","merchant_oid":"INT31761903037","status":"success","total_amount":"180000","payment_type":"card","payment_amount":"180000","currency":"TL","installment_count":"1","merchant_id":"614136","test_mode":"1"}} 
[2025-10-31 12:52:07] local.INFO: Paytr Callback Received: {"hash":"TPudGpEcLvvyaBO01pFtsf1+lDANJNSgytXArwP15ys=","merchant_oid":"INT31761903037","status":"success","total_amount":"180000","payment_type":"card","payment_amount":"180000","currency":"TL","installment_count":"1","merchant_id":"614136","test_mode":"1"} 
[2025-10-31 12:52:07] local.INFO: Callback Hash Verification: {"calculated_hash":"TPudGpEcLvvyaBO01pFtsf1+lDANJNSgytXArwP15ys=","received_hash":"TPudGpEcLvvyaBO01pFtsf1+lDANJNSgytXArwP15ys=","merchant_oid":"INT31761903037","status":"success","total_amount":"180000"} 
[2025-10-31 12:52:07] local.INFO: Callback verification successful  
[2025-10-31 12:52:07] local.ERROR: Payment callback error {"message":"Attempt to read property \"status\" on null","file":"C:\\xampp\\htdocs\\serbiscrm\\app\\Http\\Controllers\\Frontend\\SubscriptionController.php","line":380,"post_data":{"hash":"TPudGpEcLvvyaBO01pFtsf1+lDANJNSgytXArwP15ys=","merchant_oid":"INT31761903037","status":"success","total_amount":"180000","payment_type":"card","payment_amount":"180000","currency":"TL","installment_count":"1","merchant_id":"614136","test_mode":"1"}} 
[2025-10-31 12:53:07] local.INFO: Paytr Callback Received: {"hash":"TPudGpEcLvvyaBO01pFtsf1+lDANJNSgytXArwP15ys=","merchant_oid":"INT31761903037","status":"success","total_amount":"180000","payment_type":"card","payment_amount":"180000","currency":"TL","installment_count":"1","merchant_id":"614136","test_mode":"1"} 
[2025-10-31 12:53:07] local.INFO: Callback Hash Verification: {"calculated_hash":"TPudGpEcLvvyaBO01pFtsf1+lDANJNSgytXArwP15ys=","received_hash":"TPudGpEcLvvyaBO01pFtsf1+lDANJNSgytXArwP15ys=","merchant_oid":"INT31761903037","status":"success","total_amount":"180000"} 
[2025-10-31 12:53:07] local.INFO: Callback verification successful  
[2025-10-31 12:53:07] local.ERROR: Payment callback error {"message":"Attempt to read property \"status\" on null","file":"C:\\xampp\\htdocs\\serbiscrm\\app\\Http\\Controllers\\Frontend\\SubscriptionController.php","line":380,"post_data":{"hash":"TPudGpEcLvvyaBO01pFtsf1+lDANJNSgytXArwP15ys=","merchant_oid":"INT31761903037","status":"success","total_amount":"180000","payment_type":"card","payment_amount":"180000","currency":"TL","installment_count":"1","merchant_id":"614136","test_mode":"1"}} 
[2025-10-31 12:54:08] local.INFO: Paytr Callback Received: {"hash":"TPudGpEcLvvyaBO01pFtsf1+lDANJNSgytXArwP15ys=","merchant_oid":"INT31761903037","status":"success","total_amount":"180000","payment_type":"card","payment_amount":"180000","currency":"TL","installment_count":"1","merchant_id":"614136","test_mode":"1"} 
[2025-10-31 12:54:08] local.INFO: Callback Hash Verification: {"calculated_hash":"TPudGpEcLvvyaBO01pFtsf1+lDANJNSgytXArwP15ys=","received_hash":"TPudGpEcLvvyaBO01pFtsf1+lDANJNSgytXArwP15ys=","merchant_oid":"INT31761903037","status":"success","total_amount":"180000"} 
[2025-10-31 12:54:08] local.INFO: Callback verification successful  
[2025-10-31 12:54:08] local.ERROR: Payment callback error {"message":"Attempt to read property \"status\" on null","file":"C:\\xampp\\htdocs\\serbiscrm\\app\\Http\\Controllers\\Frontend\\SubscriptionController.php","line":380,"post_data":{"hash":"TPudGpEcLvvyaBO01pFtsf1+lDANJNSgytXArwP15ys=","merchant_oid":"INT31761903037","status":"success","total_amount":"180000","payment_type":"card","payment_amount":"180000","currency":"TL","installment_count":"1","merchant_id":"614136","test_mode":"1"}} 
[2025-10-31 12:55:07] local.INFO: Paytr Callback Received: {"hash":"TPudGpEcLvvyaBO01pFtsf1+lDANJNSgytXArwP15ys=","merchant_oid":"INT31761903037","status":"success","total_amount":"180000","payment_type":"card","payment_amount":"180000","currency":"TL","installment_count":"1","merchant_id":"614136","test_mode":"1"} 
[2025-10-31 12:55:07] local.INFO: Callback Hash Verification: {"calculated_hash":"TPudGpEcLvvyaBO01pFtsf1+lDANJNSgytXArwP15ys=","received_hash":"TPudGpEcLvvyaBO01pFtsf1+lDANJNSgytXArwP15ys=","merchant_oid":"INT31761903037","status":"success","total_amount":"180000"} 
[2025-10-31 12:55:07] local.INFO: Callback verification successful  
[2025-10-31 12:55:07] local.ERROR: Payment callback error {"message":"Attempt to read property \"status\" on null","file":"C:\\xampp\\htdocs\\serbiscrm\\app\\Http\\Controllers\\Frontend\\SubscriptionController.php","line":380,"post_data":{"hash":"TPudGpEcLvvyaBO01pFtsf1+lDANJNSgytXArwP15ys=","merchant_oid":"INT31761903037","status":"success","total_amount":"180000","payment_type":"card","payment_amount":"180000","currency":"TL","installment_count":"1","merchant_id":"614136","test_mode":"1"}} 
[2025-10-31 12:56:08] local.INFO: Paytr Callback Received: {"hash":"TPudGpEcLvvyaBO01pFtsf1+lDANJNSgytXArwP15ys=","merchant_oid":"INT31761903037","status":"success","total_amount":"180000","payment_type":"card","payment_amount":"180000","currency":"TL","installment_count":"1","merchant_id":"614136","test_mode":"1"} 
[2025-10-31 12:56:08] local.INFO: Callback Hash Verification: {"calculated_hash":"TPudGpEcLvvyaBO01pFtsf1+lDANJNSgytXArwP15ys=","received_hash":"TPudGpEcLvvyaBO01pFtsf1+lDANJNSgytXArwP15ys=","merchant_oid":"INT31761903037","status":"success","total_amount":"180000"} 
[2025-10-31 12:56:08] local.INFO: Callback verification successful  
[2025-10-31 12:56:08] local.ERROR: Payment callback error {"message":"Attempt to read property \"status\" on null","file":"C:\\xampp\\htdocs\\serbiscrm\\app\\Http\\Controllers\\Frontend\\SubscriptionController.php","line":380,"post_data":{"hash":"TPudGpEcLvvyaBO01pFtsf1+lDANJNSgytXArwP15ys=","merchant_oid":"INT31761903037","status":"success","total_amount":"180000","payment_type":"card","payment_amount":"180000","currency":"TL","installment_count":"1","merchant_id":"614136","test_mode":"1"}} 
[2025-10-31 12:57:08] local.INFO: Paytr Callback Received: {"hash":"TPudGpEcLvvyaBO01pFtsf1+lDANJNSgytXArwP15ys=","merchant_oid":"INT31761903037","status":"success","total_amount":"180000","payment_type":"card","payment_amount":"180000","currency":"TL","installment_count":"1","merchant_id":"614136","test_mode":"1"} 
[2025-10-31 12:57:08] local.INFO: Callback Hash Verification: {"calculated_hash":"TPudGpEcLvvyaBO01pFtsf1+lDANJNSgytXArwP15ys=","received_hash":"TPudGpEcLvvyaBO01pFtsf1+lDANJNSgytXArwP15ys=","merchant_oid":"INT31761903037","status":"success","total_amount":"180000"} 
[2025-10-31 12:57:08] local.INFO: Callback verification successful  
[2025-10-31 12:57:08] local.ERROR: Payment callback error {"message":"Attempt to read property \"status\" on null","file":"C:\\xampp\\htdocs\\serbiscrm\\app\\Http\\Controllers\\Frontend\\SubscriptionController.php","line":380,"post_data":{"hash":"TPudGpEcLvvyaBO01pFtsf1+lDANJNSgytXArwP15ys=","merchant_oid":"INT31761903037","status":"success","total_amount":"180000","payment_type":"card","payment_amount":"180000","currency":"TL","installment_count":"1","merchant_id":"614136","test_mode":"1"}} 
[2025-10-31 12:58:08] local.INFO: Paytr Callback Received: {"hash":"TPudGpEcLvvyaBO01pFtsf1+lDANJNSgytXArwP15ys=","merchant_oid":"INT31761903037","status":"success","total_amount":"180000","payment_type":"card","payment_amount":"180000","currency":"TL","installment_count":"1","merchant_id":"614136","test_mode":"1"} 
[2025-10-31 12:58:08] local.INFO: Callback Hash Verification: {"calculated_hash":"TPudGpEcLvvyaBO01pFtsf1+lDANJNSgytXArwP15ys=","received_hash":"TPudGpEcLvvyaBO01pFtsf1+lDANJNSgytXArwP15ys=","merchant_oid":"INT31761903037","status":"success","total_amount":"180000"} 
[2025-10-31 12:58:08] local.INFO: Callback verification successful  
[2025-10-31 12:58:08] local.ERROR: Payment callback error {"message":"Attempt to read property \"status\" on null","file":"C:\\xampp\\htdocs\\serbiscrm\\app\\Http\\Controllers\\Frontend\\SubscriptionController.php","line":380,"post_data":{"hash":"TPudGpEcLvvyaBO01pFtsf1+lDANJNSgytXArwP15ys=","merchant_oid":"INT31761903037","status":"success","total_amount":"180000","payment_type":"card","payment_amount":"180000","currency":"TL","installment_count":"1","merchant_id":"614136","test_mode":"1"}} 
[2025-10-31 12:59:07] local.INFO: Paytr Callback Received: {"hash":"TPudGpEcLvvyaBO01pFtsf1+lDANJNSgytXArwP15ys=","merchant_oid":"INT31761903037","status":"success","total_amount":"180000","payment_type":"card","payment_amount":"180000","currency":"TL","installment_count":"1","merchant_id":"614136","test_mode":"1"} 
[2025-10-31 12:59:07] local.INFO: Callback Hash Verification: {"calculated_hash":"TPudGpEcLvvyaBO01pFtsf1+lDANJNSgytXArwP15ys=","received_hash":"TPudGpEcLvvyaBO01pFtsf1+lDANJNSgytXArwP15ys=","merchant_oid":"INT31761903037","status":"success","total_amount":"180000"} 
[2025-10-31 12:59:07] local.INFO: Callback verification successful  
[2025-10-31 12:59:07] local.ERROR: Payment callback error {"message":"Attempt to read property \"status\" on null","file":"C:\\xampp\\htdocs\\serbiscrm\\app\\Http\\Controllers\\Frontend\\SubscriptionController.php","line":380,"post_data":{"hash":"TPudGpEcLvvyaBO01pFtsf1+lDANJNSgytXArwP15ys=","merchant_oid":"INT31761903037","status":"success","total_amount":"180000","payment_type":"card","payment_amount":"180000","currency":"TL","installment_count":"1","merchant_id":"614136","test_mode":"1"}} 
[2025-10-31 13:00:09] local.INFO: Paytr Callback Received: {"hash":"TPudGpEcLvvyaBO01pFtsf1+lDANJNSgytXArwP15ys=","merchant_oid":"INT31761903037","status":"success","total_amount":"180000","payment_type":"card","payment_amount":"180000","currency":"TL","installment_count":"1","merchant_id":"614136","test_mode":"1"} 
[2025-10-31 13:00:09] local.INFO: Callback Hash Verification: {"calculated_hash":"TPudGpEcLvvyaBO01pFtsf1+lDANJNSgytXArwP15ys=","received_hash":"TPudGpEcLvvyaBO01pFtsf1+lDANJNSgytXArwP15ys=","merchant_oid":"INT31761903037","status":"success","total_amount":"180000"} 
[2025-10-31 13:00:09] local.INFO: Callback verification successful  
[2025-10-31 13:00:09] local.ERROR: Payment callback error {"message":"Attempt to read property \"status\" on null","file":"C:\\xampp\\htdocs\\serbiscrm\\app\\Http\\Controllers\\Frontend\\SubscriptionController.php","line":380,"post_data":{"hash":"TPudGpEcLvvyaBO01pFtsf1+lDANJNSgytXArwP15ys=","merchant_oid":"INT31761903037","status":"success","total_amount":"180000","payment_type":"card","payment_amount":"180000","currency":"TL","installment_count":"1","merchant_id":"614136","test_mode":"1"}} 
[2025-10-31 13:01:07] local.INFO: Paytr Callback Received: {"hash":"TPudGpEcLvvyaBO01pFtsf1+lDANJNSgytXArwP15ys=","merchant_oid":"INT31761903037","status":"success","total_amount":"180000","payment_type":"card","payment_amount":"180000","currency":"TL","installment_count":"1","merchant_id":"614136","test_mode":"1"} 
[2025-10-31 13:01:07] local.INFO: Callback Hash Verification: {"calculated_hash":"TPudGpEcLvvyaBO01pFtsf1+lDANJNSgytXArwP15ys=","received_hash":"TPudGpEcLvvyaBO01pFtsf1+lDANJNSgytXArwP15ys=","merchant_oid":"INT31761903037","status":"success","total_amount":"180000"} 
[2025-10-31 13:01:07] local.INFO: Callback verification successful  
[2025-10-31 13:01:07] local.ERROR: Payment callback error {"message":"Attempt to read property \"status\" on null","file":"C:\\xampp\\htdocs\\serbiscrm\\app\\Http\\Controllers\\Frontend\\SubscriptionController.php","line":380,"post_data":{"hash":"TPudGpEcLvvyaBO01pFtsf1+lDANJNSgytXArwP15ys=","merchant_oid":"INT31761903037","status":"success","total_amount":"180000","payment_type":"card","payment_amount":"180000","currency":"TL","installment_count":"1","merchant_id":"614136","test_mode":"1"}} 
[2025-10-31 13:02:07] local.INFO: Paytr Callback Received: {"hash":"TPudGpEcLvvyaBO01pFtsf1+lDANJNSgytXArwP15ys=","merchant_oid":"INT31761903037","status":"success","total_amount":"180000","payment_type":"card","payment_amount":"180000","currency":"TL","installment_count":"1","merchant_id":"614136","test_mode":"1"} 
[2025-10-31 13:02:07] local.INFO: Callback Hash Verification: {"calculated_hash":"TPudGpEcLvvyaBO01pFtsf1+lDANJNSgytXArwP15ys=","received_hash":"TPudGpEcLvvyaBO01pFtsf1+lDANJNSgytXArwP15ys=","merchant_oid":"INT31761903037","status":"success","total_amount":"180000"} 
[2025-10-31 13:02:07] local.INFO: Callback verification successful  
[2025-10-31 13:02:07] local.ERROR: Payment callback error {"message":"Attempt to read property \"status\" on null","file":"C:\\xampp\\htdocs\\serbiscrm\\app\\Http\\Controllers\\Frontend\\SubscriptionController.php","line":380,"post_data":{"hash":"TPudGpEcLvvyaBO01pFtsf1+lDANJNSgytXArwP15ys=","merchant_oid":"INT31761903037","status":"success","total_amount":"180000","payment_type":"card","payment_amount":"180000","currency":"TL","installment_count":"1","merchant_id":"614136","test_mode":"1"}} 
[2025-10-31 13:02:08] local.INFO: Paytr Callback Received: {"hash":"JtMeIfrJa7iZINQa7hn5tqEwtTfBbXDz4pIxIwYBVss=","merchant_oid":"INT31761903051","status":"failed","total_amount":"0","failed_reason_code":"6","failed_reason_msg":"Müşteri ödeme yapmaktan vazgeçti ve ödeme sayfasından ayrıldı.","payment_type":"card","merchant_id":"614136","test_mode":"1"} 
[2025-10-31 13:02:08] local.INFO: Callback Hash Verification: {"calculated_hash":"JtMeIfrJa7iZINQa7hn5tqEwtTfBbXDz4pIxIwYBVss=","received_hash":"JtMeIfrJa7iZINQa7hn5tqEwtTfBbXDz4pIxIwYBVss=","merchant_oid":"INT31761903051","status":"failed","total_amount":"0"} 
[2025-10-31 13:02:08] local.INFO: Callback verification successful  
[2025-10-31 13:02:08] local.ERROR: Payment callback error {"message":"Attempt to read property \"status\" on null","file":"C:\\xampp\\htdocs\\serbiscrm\\app\\Http\\Controllers\\Frontend\\SubscriptionController.php","line":380,"post_data":{"hash":"JtMeIfrJa7iZINQa7hn5tqEwtTfBbXDz4pIxIwYBVss=","merchant_oid":"INT31761903051","status":"failed","total_amount":"0","failed_reason_code":"6","failed_reason_msg":"Müşteri ödeme yapmaktan vazgeçti ve ödeme sayfasından ayrıldı.","payment_type":"card","merchant_id":"614136","test_mode":"1"}} 
[2025-10-31 13:03:08] local.INFO: Paytr Callback Received: {"hash":"TPudGpEcLvvyaBO01pFtsf1+lDANJNSgytXArwP15ys=","merchant_oid":"INT31761903037","status":"success","total_amount":"180000","payment_type":"card","payment_amount":"180000","currency":"TL","installment_count":"1","merchant_id":"614136","test_mode":"1"} 
[2025-10-31 13:03:08] local.INFO: Callback Hash Verification: {"calculated_hash":"TPudGpEcLvvyaBO01pFtsf1+lDANJNSgytXArwP15ys=","received_hash":"TPudGpEcLvvyaBO01pFtsf1+lDANJNSgytXArwP15ys=","merchant_oid":"INT31761903037","status":"success","total_amount":"180000"} 
[2025-10-31 13:03:08] local.INFO: Callback verification successful  
[2025-10-31 13:03:08] local.ERROR: Payment callback error {"message":"Attempt to read property \"status\" on null","file":"C:\\xampp\\htdocs\\serbiscrm\\app\\Http\\Controllers\\Frontend\\SubscriptionController.php","line":380,"post_data":{"hash":"TPudGpEcLvvyaBO01pFtsf1+lDANJNSgytXArwP15ys=","merchant_oid":"INT31761903037","status":"success","total_amount":"180000","payment_type":"card","payment_amount":"180000","currency":"TL","installment_count":"1","merchant_id":"614136","test_mode":"1"}} 
[2025-10-31 13:03:08] local.INFO: Paytr Callback Received: {"hash":"JtMeIfrJa7iZINQa7hn5tqEwtTfBbXDz4pIxIwYBVss=","merchant_oid":"INT31761903051","status":"failed","total_amount":"0","failed_reason_code":"6","failed_reason_msg":"Müşteri ödeme yapmaktan vazgeçti ve ödeme sayfasından ayrıldı.","payment_type":"card","merchant_id":"614136","test_mode":"1"} 
[2025-10-31 13:03:08] local.INFO: Callback Hash Verification: {"calculated_hash":"JtMeIfrJa7iZINQa7hn5tqEwtTfBbXDz4pIxIwYBVss=","received_hash":"JtMeIfrJa7iZINQa7hn5tqEwtTfBbXDz4pIxIwYBVss=","merchant_oid":"INT31761903051","status":"failed","total_amount":"0"} 
[2025-10-31 13:03:08] local.INFO: Callback verification successful  
[2025-10-31 13:03:08] local.ERROR: Payment callback error {"message":"Attempt to read property \"status\" on null","file":"C:\\xampp\\htdocs\\serbiscrm\\app\\Http\\Controllers\\Frontend\\SubscriptionController.php","line":380,"post_data":{"hash":"JtMeIfrJa7iZINQa7hn5tqEwtTfBbXDz4pIxIwYBVss=","merchant_oid":"INT31761903051","status":"failed","total_amount":"0","failed_reason_code":"6","failed_reason_msg":"Müşteri ödeme yapmaktan vazgeçti ve ödeme sayfasından ayrıldı.","payment_type":"card","merchant_id":"614136","test_mode":"1"}} 
[2025-10-31 13:04:07] local.INFO: Paytr Callback Received: {"hash":"TPudGpEcLvvyaBO01pFtsf1+lDANJNSgytXArwP15ys=","merchant_oid":"INT31761903037","status":"success","total_amount":"180000","payment_type":"card","payment_amount":"180000","currency":"TL","installment_count":"1","merchant_id":"614136","test_mode":"1"} 
[2025-10-31 13:04:07] local.INFO: Callback Hash Verification: {"calculated_hash":"TPudGpEcLvvyaBO01pFtsf1+lDANJNSgytXArwP15ys=","received_hash":"TPudGpEcLvvyaBO01pFtsf1+lDANJNSgytXArwP15ys=","merchant_oid":"INT31761903037","status":"success","total_amount":"180000"} 
[2025-10-31 13:04:07] local.INFO: Callback verification successful  
[2025-10-31 13:04:07] local.ERROR: Payment callback error {"message":"Attempt to read property \"status\" on null","file":"C:\\xampp\\htdocs\\serbiscrm\\app\\Http\\Controllers\\Frontend\\SubscriptionController.php","line":380,"post_data":{"hash":"TPudGpEcLvvyaBO01pFtsf1+lDANJNSgytXArwP15ys=","merchant_oid":"INT31761903037","status":"success","total_amount":"180000","payment_type":"card","payment_amount":"180000","currency":"TL","installment_count":"1","merchant_id":"614136","test_mode":"1"}} 
[2025-10-31 13:04:08] local.INFO: Paytr Callback Received: {"hash":"JtMeIfrJa7iZINQa7hn5tqEwtTfBbXDz4pIxIwYBVss=","merchant_oid":"INT31761903051","status":"failed","total_amount":"0","failed_reason_code":"6","failed_reason_msg":"Müşteri ödeme yapmaktan vazgeçti ve ödeme sayfasından ayrıldı.","payment_type":"card","merchant_id":"614136","test_mode":"1"} 
[2025-10-31 13:04:08] local.INFO: Callback Hash Verification: {"calculated_hash":"JtMeIfrJa7iZINQa7hn5tqEwtTfBbXDz4pIxIwYBVss=","received_hash":"JtMeIfrJa7iZINQa7hn5tqEwtTfBbXDz4pIxIwYBVss=","merchant_oid":"INT31761903051","status":"failed","total_amount":"0"} 
[2025-10-31 13:04:08] local.INFO: Callback verification successful  
[2025-10-31 13:04:08] local.ERROR: Payment callback error {"message":"Attempt to read property \"status\" on null","file":"C:\\xampp\\htdocs\\serbiscrm\\app\\Http\\Controllers\\Frontend\\SubscriptionController.php","line":380,"post_data":{"hash":"JtMeIfrJa7iZINQa7hn5tqEwtTfBbXDz4pIxIwYBVss=","merchant_oid":"INT31761903051","status":"failed","total_amount":"0","failed_reason_code":"6","failed_reason_msg":"Müşteri ödeme yapmaktan vazgeçti ve ödeme sayfasından ayrıldı.","payment_type":"card","merchant_id":"614136","test_mode":"1"}} 
[2025-10-31 13:05:07] local.INFO: Paytr Callback Received: {"hash":"TPudGpEcLvvyaBO01pFtsf1+lDANJNSgytXArwP15ys=","merchant_oid":"INT31761903037","status":"success","total_amount":"180000","payment_type":"card","payment_amount":"180000","currency":"TL","installment_count":"1","merchant_id":"614136","test_mode":"1"} 
[2025-10-31 13:05:07] local.INFO: Callback Hash Verification: {"calculated_hash":"TPudGpEcLvvyaBO01pFtsf1+lDANJNSgytXArwP15ys=","received_hash":"TPudGpEcLvvyaBO01pFtsf1+lDANJNSgytXArwP15ys=","merchant_oid":"INT31761903037","status":"success","total_amount":"180000"} 
[2025-10-31 13:05:07] local.INFO: Callback verification successful  
[2025-10-31 13:05:07] local.ERROR: Payment callback error {"message":"Attempt to read property \"status\" on null","file":"C:\\xampp\\htdocs\\serbiscrm\\app\\Http\\Controllers\\Frontend\\SubscriptionController.php","line":380,"post_data":{"hash":"TPudGpEcLvvyaBO01pFtsf1+lDANJNSgytXArwP15ys=","merchant_oid":"INT31761903037","status":"success","total_amount":"180000","payment_type":"card","payment_amount":"180000","currency":"TL","installment_count":"1","merchant_id":"614136","test_mode":"1"}} 
[2025-10-31 13:05:08] local.INFO: Paytr Callback Received: {"hash":"JtMeIfrJa7iZINQa7hn5tqEwtTfBbXDz4pIxIwYBVss=","merchant_oid":"INT31761903051","status":"failed","total_amount":"0","failed_reason_code":"6","failed_reason_msg":"Müşteri ödeme yapmaktan vazgeçti ve ödeme sayfasından ayrıldı.","payment_type":"card","merchant_id":"614136","test_mode":"1"} 
[2025-10-31 13:05:08] local.INFO: Callback Hash Verification: {"calculated_hash":"JtMeIfrJa7iZINQa7hn5tqEwtTfBbXDz4pIxIwYBVss=","received_hash":"JtMeIfrJa7iZINQa7hn5tqEwtTfBbXDz4pIxIwYBVss=","merchant_oid":"INT31761903051","status":"failed","total_amount":"0"} 
[2025-10-31 13:05:08] local.INFO: Callback verification successful  
[2025-10-31 13:05:08] local.ERROR: Payment callback error {"message":"Attempt to read property \"status\" on null","file":"C:\\xampp\\htdocs\\serbiscrm\\app\\Http\\Controllers\\Frontend\\SubscriptionController.php","line":380,"post_data":{"hash":"JtMeIfrJa7iZINQa7hn5tqEwtTfBbXDz4pIxIwYBVss=","merchant_oid":"INT31761903051","status":"failed","total_amount":"0","failed_reason_code":"6","failed_reason_msg":"Müşteri ödeme yapmaktan vazgeçti ve ödeme sayfasından ayrıldı.","payment_type":"card","merchant_id":"614136","test_mode":"1"}} 
[2025-10-31 13:06:08] local.INFO: Paytr Callback Received: {"hash":"TPudGpEcLvvyaBO01pFtsf1+lDANJNSgytXArwP15ys=","merchant_oid":"INT31761903037","status":"success","total_amount":"180000","payment_type":"card","payment_amount":"180000","currency":"TL","installment_count":"1","merchant_id":"614136","test_mode":"1"} 
[2025-10-31 13:06:08] local.INFO: Callback Hash Verification: {"calculated_hash":"TPudGpEcLvvyaBO01pFtsf1+lDANJNSgytXArwP15ys=","received_hash":"TPudGpEcLvvyaBO01pFtsf1+lDANJNSgytXArwP15ys=","merchant_oid":"INT31761903037","status":"success","total_amount":"180000"} 
[2025-10-31 13:06:08] local.INFO: Callback verification successful  
[2025-10-31 13:06:08] local.ERROR: Payment callback error {"message":"Attempt to read property \"status\" on null","file":"C:\\xampp\\htdocs\\serbiscrm\\app\\Http\\Controllers\\Frontend\\SubscriptionController.php","line":380,"post_data":{"hash":"TPudGpEcLvvyaBO01pFtsf1+lDANJNSgytXArwP15ys=","merchant_oid":"INT31761903037","status":"success","total_amount":"180000","payment_type":"card","payment_amount":"180000","currency":"TL","installment_count":"1","merchant_id":"614136","test_mode":"1"}} 
[2025-10-31 13:06:08] local.INFO: Paytr Callback Received: {"hash":"JtMeIfrJa7iZINQa7hn5tqEwtTfBbXDz4pIxIwYBVss=","merchant_oid":"INT31761903051","status":"failed","total_amount":"0","failed_reason_code":"6","failed_reason_msg":"Müşteri ödeme yapmaktan vazgeçti ve ödeme sayfasından ayrıldı.","payment_type":"card","merchant_id":"614136","test_mode":"1"} 
[2025-10-31 13:06:08] local.INFO: Callback Hash Verification: {"calculated_hash":"JtMeIfrJa7iZINQa7hn5tqEwtTfBbXDz4pIxIwYBVss=","received_hash":"JtMeIfrJa7iZINQa7hn5tqEwtTfBbXDz4pIxIwYBVss=","merchant_oid":"INT31761903051","status":"failed","total_amount":"0"} 
[2025-10-31 13:06:08] local.INFO: Callback verification successful  
[2025-10-31 13:06:08] local.ERROR: Payment callback error {"message":"Attempt to read property \"status\" on null","file":"C:\\xampp\\htdocs\\serbiscrm\\app\\Http\\Controllers\\Frontend\\SubscriptionController.php","line":380,"post_data":{"hash":"JtMeIfrJa7iZINQa7hn5tqEwtTfBbXDz4pIxIwYBVss=","merchant_oid":"INT31761903051","status":"failed","total_amount":"0","failed_reason_code":"6","failed_reason_msg":"Müşteri ödeme yapmaktan vazgeçti ve ödeme sayfasından ayrıldı.","payment_type":"card","merchant_id":"614136","test_mode":"1"}} 
[2025-10-31 13:07:07] local.INFO: Paytr Callback Received: {"hash":"TPudGpEcLvvyaBO01pFtsf1+lDANJNSgytXArwP15ys=","merchant_oid":"INT31761903037","status":"success","total_amount":"180000","payment_type":"card","payment_amount":"180000","currency":"TL","installment_count":"1","merchant_id":"614136","test_mode":"1"} 
[2025-10-31 13:07:07] local.INFO: Callback Hash Verification: {"calculated_hash":"TPudGpEcLvvyaBO01pFtsf1+lDANJNSgytXArwP15ys=","received_hash":"TPudGpEcLvvyaBO01pFtsf1+lDANJNSgytXArwP15ys=","merchant_oid":"INT31761903037","status":"success","total_amount":"180000"} 
[2025-10-31 13:07:07] local.INFO: Callback verification successful  
[2025-10-31 13:07:07] local.ERROR: Payment callback error {"message":"Attempt to read property \"status\" on null","file":"C:\\xampp\\htdocs\\serbiscrm\\app\\Http\\Controllers\\Frontend\\SubscriptionController.php","line":380,"post_data":{"hash":"TPudGpEcLvvyaBO01pFtsf1+lDANJNSgytXArwP15ys=","merchant_oid":"INT31761903037","status":"success","total_amount":"180000","payment_type":"card","payment_amount":"180000","currency":"TL","installment_count":"1","merchant_id":"614136","test_mode":"1"}} 
[2025-10-31 13:07:08] local.INFO: Paytr Callback Received: {"hash":"JtMeIfrJa7iZINQa7hn5tqEwtTfBbXDz4pIxIwYBVss=","merchant_oid":"INT31761903051","status":"failed","total_amount":"0","failed_reason_code":"6","failed_reason_msg":"Müşteri ödeme yapmaktan vazgeçti ve ödeme sayfasından ayrıldı.","payment_type":"card","merchant_id":"614136","test_mode":"1"} 
[2025-10-31 13:07:08] local.INFO: Callback Hash Verification: {"calculated_hash":"JtMeIfrJa7iZINQa7hn5tqEwtTfBbXDz4pIxIwYBVss=","received_hash":"JtMeIfrJa7iZINQa7hn5tqEwtTfBbXDz4pIxIwYBVss=","merchant_oid":"INT31761903051","status":"failed","total_amount":"0"} 
[2025-10-31 13:07:08] local.INFO: Callback verification successful  
[2025-10-31 13:07:08] local.ERROR: Payment callback error {"message":"Attempt to read property \"status\" on null","file":"C:\\xampp\\htdocs\\serbiscrm\\app\\Http\\Controllers\\Frontend\\SubscriptionController.php","line":380,"post_data":{"hash":"JtMeIfrJa7iZINQa7hn5tqEwtTfBbXDz4pIxIwYBVss=","merchant_oid":"INT31761903051","status":"failed","total_amount":"0","failed_reason_code":"6","failed_reason_msg":"Müşteri ödeme yapmaktan vazgeçti ve ödeme sayfasından ayrıldı.","payment_type":"card","merchant_id":"614136","test_mode":"1"}} 
[2025-10-31 13:08:07] local.INFO: Paytr Callback Received: {"hash":"TPudGpEcLvvyaBO01pFtsf1+lDANJNSgytXArwP15ys=","merchant_oid":"INT31761903037","status":"success","total_amount":"180000","payment_type":"card","payment_amount":"180000","currency":"TL","installment_count":"1","merchant_id":"614136","test_mode":"1"} 
[2025-10-31 13:08:07] local.INFO: Callback Hash Verification: {"calculated_hash":"TPudGpEcLvvyaBO01pFtsf1+lDANJNSgytXArwP15ys=","received_hash":"TPudGpEcLvvyaBO01pFtsf1+lDANJNSgytXArwP15ys=","merchant_oid":"INT31761903037","status":"success","total_amount":"180000"} 
[2025-10-31 13:08:07] local.INFO: Callback verification successful  
[2025-10-31 13:08:07] local.ERROR: Payment callback error {"message":"Attempt to read property \"status\" on null","file":"C:\\xampp\\htdocs\\serbiscrm\\app\\Http\\Controllers\\Frontend\\SubscriptionController.php","line":380,"post_data":{"hash":"TPudGpEcLvvyaBO01pFtsf1+lDANJNSgytXArwP15ys=","merchant_oid":"INT31761903037","status":"success","total_amount":"180000","payment_type":"card","payment_amount":"180000","currency":"TL","installment_count":"1","merchant_id":"614136","test_mode":"1"}} 
[2025-10-31 13:08:07] local.INFO: Paytr Callback Received: {"hash":"JtMeIfrJa7iZINQa7hn5tqEwtTfBbXDz4pIxIwYBVss=","merchant_oid":"INT31761903051","status":"failed","total_amount":"0","failed_reason_code":"6","failed_reason_msg":"Müşteri ödeme yapmaktan vazgeçti ve ödeme sayfasından ayrıldı.","payment_type":"card","merchant_id":"614136","test_mode":"1"} 
[2025-10-31 13:08:07] local.INFO: Callback Hash Verification: {"calculated_hash":"JtMeIfrJa7iZINQa7hn5tqEwtTfBbXDz4pIxIwYBVss=","received_hash":"JtMeIfrJa7iZINQa7hn5tqEwtTfBbXDz4pIxIwYBVss=","merchant_oid":"INT31761903051","status":"failed","total_amount":"0"} 
[2025-10-31 13:08:07] local.INFO: Callback verification successful  
[2025-10-31 13:08:07] local.ERROR: Payment callback error {"message":"Attempt to read property \"status\" on null","file":"C:\\xampp\\htdocs\\serbiscrm\\app\\Http\\Controllers\\Frontend\\SubscriptionController.php","line":380,"post_data":{"hash":"JtMeIfrJa7iZINQa7hn5tqEwtTfBbXDz4pIxIwYBVss=","merchant_oid":"INT31761903051","status":"failed","total_amount":"0","failed_reason_code":"6","failed_reason_msg":"Müşteri ödeme yapmaktan vazgeçti ve ödeme sayfasından ayrıldı.","payment_type":"card","merchant_id":"614136","test_mode":"1"}} 
[2025-10-31 13:09:07] local.INFO: Paytr Callback Received: {"hash":"TPudGpEcLvvyaBO01pFtsf1+lDANJNSgytXArwP15ys=","merchant_oid":"INT31761903037","status":"success","total_amount":"180000","payment_type":"card","payment_amount":"180000","currency":"TL","installment_count":"1","merchant_id":"614136","test_mode":"1"} 
[2025-10-31 13:09:07] local.INFO: Callback Hash Verification: {"calculated_hash":"TPudGpEcLvvyaBO01pFtsf1+lDANJNSgytXArwP15ys=","received_hash":"TPudGpEcLvvyaBO01pFtsf1+lDANJNSgytXArwP15ys=","merchant_oid":"INT31761903037","status":"success","total_amount":"180000"} 
[2025-10-31 13:09:07] local.INFO: Callback verification successful  
[2025-10-31 13:09:07] local.ERROR: Payment callback error {"message":"Attempt to read property \"status\" on null","file":"C:\\xampp\\htdocs\\serbiscrm\\app\\Http\\Controllers\\Frontend\\SubscriptionController.php","line":380,"post_data":{"hash":"TPudGpEcLvvyaBO01pFtsf1+lDANJNSgytXArwP15ys=","merchant_oid":"INT31761903037","status":"success","total_amount":"180000","payment_type":"card","payment_amount":"180000","currency":"TL","installment_count":"1","merchant_id":"614136","test_mode":"1"}} 
[2025-10-31 13:09:08] local.INFO: Paytr Callback Received: {"hash":"JtMeIfrJa7iZINQa7hn5tqEwtTfBbXDz4pIxIwYBVss=","merchant_oid":"INT31761903051","status":"failed","total_amount":"0","failed_reason_code":"6","failed_reason_msg":"Müşteri ödeme yapmaktan vazgeçti ve ödeme sayfasından ayrıldı.","payment_type":"card","merchant_id":"614136","test_mode":"1"} 
[2025-10-31 13:09:08] local.INFO: Callback Hash Verification: {"calculated_hash":"JtMeIfrJa7iZINQa7hn5tqEwtTfBbXDz4pIxIwYBVss=","received_hash":"JtMeIfrJa7iZINQa7hn5tqEwtTfBbXDz4pIxIwYBVss=","merchant_oid":"INT31761903051","status":"failed","total_amount":"0"} 
[2025-10-31 13:09:08] local.INFO: Callback verification successful  
[2025-10-31 13:09:08] local.ERROR: Payment callback error {"message":"Attempt to read property \"status\" on null","file":"C:\\xampp\\htdocs\\serbiscrm\\app\\Http\\Controllers\\Frontend\\SubscriptionController.php","line":380,"post_data":{"hash":"JtMeIfrJa7iZINQa7hn5tqEwtTfBbXDz4pIxIwYBVss=","merchant_oid":"INT31761903051","status":"failed","total_amount":"0","failed_reason_code":"6","failed_reason_msg":"Müşteri ödeme yapmaktan vazgeçti ve ödeme sayfasından ayrıldı.","payment_type":"card","merchant_id":"614136","test_mode":"1"}} 
[2025-10-31 13:10:08] local.INFO: Paytr Callback Received: {"hash":"TPudGpEcLvvyaBO01pFtsf1+lDANJNSgytXArwP15ys=","merchant_oid":"INT31761903037","status":"success","total_amount":"180000","payment_type":"card","payment_amount":"180000","currency":"TL","installment_count":"1","merchant_id":"614136","test_mode":"1"} 
[2025-10-31 13:10:08] local.INFO: Callback Hash Verification: {"calculated_hash":"TPudGpEcLvvyaBO01pFtsf1+lDANJNSgytXArwP15ys=","received_hash":"TPudGpEcLvvyaBO01pFtsf1+lDANJNSgytXArwP15ys=","merchant_oid":"INT31761903037","status":"success","total_amount":"180000"} 
[2025-10-31 13:10:08] local.INFO: Callback verification successful  
[2025-10-31 13:10:08] local.ERROR: Payment callback error {"message":"Attempt to read property \"status\" on null","file":"C:\\xampp\\htdocs\\serbiscrm\\app\\Http\\Controllers\\Frontend\\SubscriptionController.php","line":380,"post_data":{"hash":"TPudGpEcLvvyaBO01pFtsf1+lDANJNSgytXArwP15ys=","merchant_oid":"INT31761903037","status":"success","total_amount":"180000","payment_type":"card","payment_amount":"180000","currency":"TL","installment_count":"1","merchant_id":"614136","test_mode":"1"}} 
[2025-10-31 13:10:09] local.INFO: Paytr Callback Received: {"hash":"JtMeIfrJa7iZINQa7hn5tqEwtTfBbXDz4pIxIwYBVss=","merchant_oid":"INT31761903051","status":"failed","total_amount":"0","failed_reason_code":"6","failed_reason_msg":"Müşteri ödeme yapmaktan vazgeçti ve ödeme sayfasından ayrıldı.","payment_type":"card","merchant_id":"614136","test_mode":"1"} 
[2025-10-31 13:10:09] local.INFO: Callback Hash Verification: {"calculated_hash":"JtMeIfrJa7iZINQa7hn5tqEwtTfBbXDz4pIxIwYBVss=","received_hash":"JtMeIfrJa7iZINQa7hn5tqEwtTfBbXDz4pIxIwYBVss=","merchant_oid":"INT31761903051","status":"failed","total_amount":"0"} 
[2025-10-31 13:10:09] local.INFO: Callback verification successful  
[2025-10-31 13:10:09] local.ERROR: Payment callback error {"message":"Attempt to read property \"status\" on null","file":"C:\\xampp\\htdocs\\serbiscrm\\app\\Http\\Controllers\\Frontend\\SubscriptionController.php","line":380,"post_data":{"hash":"JtMeIfrJa7iZINQa7hn5tqEwtTfBbXDz4pIxIwYBVss=","merchant_oid":"INT31761903051","status":"failed","total_amount":"0","failed_reason_code":"6","failed_reason_msg":"Müşteri ödeme yapmaktan vazgeçti ve ödeme sayfasından ayrıldı.","payment_type":"card","merchant_id":"614136","test_mode":"1"}} 
[2025-10-31 13:11:08] local.INFO: Paytr Callback Received: {"hash":"TPudGpEcLvvyaBO01pFtsf1+lDANJNSgytXArwP15ys=","merchant_oid":"INT31761903037","status":"success","total_amount":"180000","payment_type":"card","payment_amount":"180000","currency":"TL","installment_count":"1","merchant_id":"614136","test_mode":"1"} 
[2025-10-31 13:11:08] local.INFO: Callback Hash Verification: {"calculated_hash":"TPudGpEcLvvyaBO01pFtsf1+lDANJNSgytXArwP15ys=","received_hash":"TPudGpEcLvvyaBO01pFtsf1+lDANJNSgytXArwP15ys=","merchant_oid":"INT31761903037","status":"success","total_amount":"180000"} 
[2025-10-31 13:11:08] local.INFO: Callback verification successful  
[2025-10-31 13:11:08] local.ERROR: Payment callback error {"message":"Attempt to read property \"status\" on null","file":"C:\\xampp\\htdocs\\serbiscrm\\app\\Http\\Controllers\\Frontend\\SubscriptionController.php","line":380,"post_data":{"hash":"TPudGpEcLvvyaBO01pFtsf1+lDANJNSgytXArwP15ys=","merchant_oid":"INT31761903037","status":"success","total_amount":"180000","payment_type":"card","payment_amount":"180000","currency":"TL","installment_count":"1","merchant_id":"614136","test_mode":"1"}} 
[2025-10-31 13:11:08] local.INFO: Paytr Callback Received: {"hash":"JtMeIfrJa7iZINQa7hn5tqEwtTfBbXDz4pIxIwYBVss=","merchant_oid":"INT31761903051","status":"failed","total_amount":"0","failed_reason_code":"6","failed_reason_msg":"Müşteri ödeme yapmaktan vazgeçti ve ödeme sayfasından ayrıldı.","payment_type":"card","merchant_id":"614136","test_mode":"1"} 
[2025-10-31 13:11:08] local.INFO: Callback Hash Verification: {"calculated_hash":"JtMeIfrJa7iZINQa7hn5tqEwtTfBbXDz4pIxIwYBVss=","received_hash":"JtMeIfrJa7iZINQa7hn5tqEwtTfBbXDz4pIxIwYBVss=","merchant_oid":"INT31761903051","status":"failed","total_amount":"0"} 
[2025-10-31 13:11:08] local.INFO: Callback verification successful  
[2025-10-31 13:11:08] local.ERROR: Payment callback error {"message":"Attempt to read property \"status\" on null","file":"C:\\xampp\\htdocs\\serbiscrm\\app\\Http\\Controllers\\Frontend\\SubscriptionController.php","line":380,"post_data":{"hash":"JtMeIfrJa7iZINQa7hn5tqEwtTfBbXDz4pIxIwYBVss=","merchant_oid":"INT31761903051","status":"failed","total_amount":"0","failed_reason_code":"6","failed_reason_msg":"Müşteri ödeme yapmaktan vazgeçti ve ödeme sayfasından ayrıldı.","payment_type":"card","merchant_id":"614136","test_mode":"1"}} 
[2025-10-31 13:12:08] local.INFO: Paytr Callback Received: {"hash":"TPudGpEcLvvyaBO01pFtsf1+lDANJNSgytXArwP15ys=","merchant_oid":"INT31761903037","status":"success","total_amount":"180000","payment_type":"card","payment_amount":"180000","currency":"TL","installment_count":"1","merchant_id":"614136","test_mode":"1"} 
[2025-10-31 13:12:08] local.INFO: Callback Hash Verification: {"calculated_hash":"TPudGpEcLvvyaBO01pFtsf1+lDANJNSgytXArwP15ys=","received_hash":"TPudGpEcLvvyaBO01pFtsf1+lDANJNSgytXArwP15ys=","merchant_oid":"INT31761903037","status":"success","total_amount":"180000"} 
[2025-10-31 13:12:08] local.INFO: Callback verification successful  
[2025-10-31 13:12:08] local.ERROR: Payment callback error {"message":"Attempt to read property \"status\" on null","file":"C:\\xampp\\htdocs\\serbiscrm\\app\\Http\\Controllers\\Frontend\\SubscriptionController.php","line":380,"post_data":{"hash":"TPudGpEcLvvyaBO01pFtsf1+lDANJNSgytXArwP15ys=","merchant_oid":"INT31761903037","status":"success","total_amount":"180000","payment_type":"card","payment_amount":"180000","currency":"TL","installment_count":"1","merchant_id":"614136","test_mode":"1"}} 
[2025-10-31 13:12:08] local.INFO: Paytr Callback Received: {"hash":"JtMeIfrJa7iZINQa7hn5tqEwtTfBbXDz4pIxIwYBVss=","merchant_oid":"INT31761903051","status":"failed","total_amount":"0","failed_reason_code":"6","failed_reason_msg":"Müşteri ödeme yapmaktan vazgeçti ve ödeme sayfasından ayrıldı.","payment_type":"card","merchant_id":"614136","test_mode":"1"} 
[2025-10-31 13:12:08] local.INFO: Callback Hash Verification: {"calculated_hash":"JtMeIfrJa7iZINQa7hn5tqEwtTfBbXDz4pIxIwYBVss=","received_hash":"JtMeIfrJa7iZINQa7hn5tqEwtTfBbXDz4pIxIwYBVss=","merchant_oid":"INT31761903051","status":"failed","total_amount":"0"} 
[2025-10-31 13:12:08] local.INFO: Callback verification successful  
[2025-10-31 13:12:08] local.ERROR: Payment callback error {"message":"Attempt to read property \"status\" on null","file":"C:\\xampp\\htdocs\\serbiscrm\\app\\Http\\Controllers\\Frontend\\SubscriptionController.php","line":380,"post_data":{"hash":"JtMeIfrJa7iZINQa7hn5tqEwtTfBbXDz4pIxIwYBVss=","merchant_oid":"INT31761903051","status":"failed","total_amount":"0","failed_reason_code":"6","failed_reason_msg":"Müşteri ödeme yapmaktan vazgeçti ve ödeme sayfasından ayrıldı.","payment_type":"card","merchant_id":"614136","test_mode":"1"}} 
[2025-10-31 13:13:07] local.INFO: Paytr Callback Received: {"hash":"TPudGpEcLvvyaBO01pFtsf1+lDANJNSgytXArwP15ys=","merchant_oid":"INT31761903037","status":"success","total_amount":"180000","payment_type":"card","payment_amount":"180000","currency":"TL","installment_count":"1","merchant_id":"614136","test_mode":"1"} 
[2025-10-31 13:13:07] local.INFO: Callback Hash Verification: {"calculated_hash":"TPudGpEcLvvyaBO01pFtsf1+lDANJNSgytXArwP15ys=","received_hash":"TPudGpEcLvvyaBO01pFtsf1+lDANJNSgytXArwP15ys=","merchant_oid":"INT31761903037","status":"success","total_amount":"180000"} 
[2025-10-31 13:13:07] local.INFO: Callback verification successful  
[2025-10-31 13:13:07] local.ERROR: Payment callback error {"message":"Attempt to read property \"status\" on null","file":"C:\\xampp\\htdocs\\serbiscrm\\app\\Http\\Controllers\\Frontend\\SubscriptionController.php","line":380,"post_data":{"hash":"TPudGpEcLvvyaBO01pFtsf1+lDANJNSgytXArwP15ys=","merchant_oid":"INT31761903037","status":"success","total_amount":"180000","payment_type":"card","payment_amount":"180000","currency":"TL","installment_count":"1","merchant_id":"614136","test_mode":"1"}} 
[2025-10-31 13:13:08] local.INFO: Paytr Callback Received: {"hash":"JtMeIfrJa7iZINQa7hn5tqEwtTfBbXDz4pIxIwYBVss=","merchant_oid":"INT31761903051","status":"failed","total_amount":"0","failed_reason_code":"6","failed_reason_msg":"Müşteri ödeme yapmaktan vazgeçti ve ödeme sayfasından ayrıldı.","payment_type":"card","merchant_id":"614136","test_mode":"1"} 
[2025-10-31 13:13:08] local.INFO: Callback Hash Verification: {"calculated_hash":"JtMeIfrJa7iZINQa7hn5tqEwtTfBbXDz4pIxIwYBVss=","received_hash":"JtMeIfrJa7iZINQa7hn5tqEwtTfBbXDz4pIxIwYBVss=","merchant_oid":"INT31761903051","status":"failed","total_amount":"0"} 
[2025-10-31 13:13:08] local.INFO: Callback verification successful  
[2025-10-31 13:13:08] local.ERROR: Payment callback error {"message":"Attempt to read property \"status\" on null","file":"C:\\xampp\\htdocs\\serbiscrm\\app\\Http\\Controllers\\Frontend\\SubscriptionController.php","line":380,"post_data":{"hash":"JtMeIfrJa7iZINQa7hn5tqEwtTfBbXDz4pIxIwYBVss=","merchant_oid":"INT31761903051","status":"failed","total_amount":"0","failed_reason_code":"6","failed_reason_msg":"Müşteri ödeme yapmaktan vazgeçti ve ödeme sayfasından ayrıldı.","payment_type":"card","merchant_id":"614136","test_mode":"1"}} 
[2025-10-31 13:14:08] local.INFO: Paytr Callback Received: {"hash":"TPudGpEcLvvyaBO01pFtsf1+lDANJNSgytXArwP15ys=","merchant_oid":"INT31761903037","status":"success","total_amount":"180000","payment_type":"card","payment_amount":"180000","currency":"TL","installment_count":"1","merchant_id":"614136","test_mode":"1"} 
[2025-10-31 13:14:08] local.INFO: Callback Hash Verification: {"calculated_hash":"TPudGpEcLvvyaBO01pFtsf1+lDANJNSgytXArwP15ys=","received_hash":"TPudGpEcLvvyaBO01pFtsf1+lDANJNSgytXArwP15ys=","merchant_oid":"INT31761903037","status":"success","total_amount":"180000"} 
[2025-10-31 13:14:08] local.INFO: Callback verification successful  
[2025-10-31 13:14:08] local.ERROR: Payment callback error {"message":"Attempt to read property \"status\" on null","file":"C:\\xampp\\htdocs\\serbiscrm\\app\\Http\\Controllers\\Frontend\\SubscriptionController.php","line":380,"post_data":{"hash":"TPudGpEcLvvyaBO01pFtsf1+lDANJNSgytXArwP15ys=","merchant_oid":"INT31761903037","status":"success","total_amount":"180000","payment_type":"card","payment_amount":"180000","currency":"TL","installment_count":"1","merchant_id":"614136","test_mode":"1"}} 
[2025-10-31 13:14:08] local.INFO: Paytr Callback Received: {"hash":"JtMeIfrJa7iZINQa7hn5tqEwtTfBbXDz4pIxIwYBVss=","merchant_oid":"INT31761903051","status":"failed","total_amount":"0","failed_reason_code":"6","failed_reason_msg":"Müşteri ödeme yapmaktan vazgeçti ve ödeme sayfasından ayrıldı.","payment_type":"card","merchant_id":"614136","test_mode":"1"} 
[2025-10-31 13:14:08] local.INFO: Callback Hash Verification: {"calculated_hash":"JtMeIfrJa7iZINQa7hn5tqEwtTfBbXDz4pIxIwYBVss=","received_hash":"JtMeIfrJa7iZINQa7hn5tqEwtTfBbXDz4pIxIwYBVss=","merchant_oid":"INT31761903051","status":"failed","total_amount":"0"} 
[2025-10-31 13:14:08] local.INFO: Callback verification successful  
[2025-10-31 13:14:08] local.ERROR: Payment callback error {"message":"Attempt to read property \"status\" on null","file":"C:\\xampp\\htdocs\\serbiscrm\\app\\Http\\Controllers\\Frontend\\SubscriptionController.php","line":380,"post_data":{"hash":"JtMeIfrJa7iZINQa7hn5tqEwtTfBbXDz4pIxIwYBVss=","merchant_oid":"INT31761903051","status":"failed","total_amount":"0","failed_reason_code":"6","failed_reason_msg":"Müşteri ödeme yapmaktan vazgeçti ve ödeme sayfasından ayrıldı.","payment_type":"card","merchant_id":"614136","test_mode":"1"}} 
[2025-10-31 13:15:07] local.INFO: Paytr Callback Received: {"hash":"TPudGpEcLvvyaBO01pFtsf1+lDANJNSgytXArwP15ys=","merchant_oid":"INT31761903037","status":"success","total_amount":"180000","payment_type":"card","payment_amount":"180000","currency":"TL","installment_count":"1","merchant_id":"614136","test_mode":"1"} 
[2025-10-31 13:15:07] local.INFO: Callback Hash Verification: {"calculated_hash":"TPudGpEcLvvyaBO01pFtsf1+lDANJNSgytXArwP15ys=","received_hash":"TPudGpEcLvvyaBO01pFtsf1+lDANJNSgytXArwP15ys=","merchant_oid":"INT31761903037","status":"success","total_amount":"180000"} 
[2025-10-31 13:15:07] local.INFO: Callback verification successful  
[2025-10-31 13:15:07] local.ERROR: Payment callback error {"message":"Attempt to read property \"status\" on null","file":"C:\\xampp\\htdocs\\serbiscrm\\app\\Http\\Controllers\\Frontend\\SubscriptionController.php","line":380,"post_data":{"hash":"TPudGpEcLvvyaBO01pFtsf1+lDANJNSgytXArwP15ys=","merchant_oid":"INT31761903037","status":"success","total_amount":"180000","payment_type":"card","payment_amount":"180000","currency":"TL","installment_count":"1","merchant_id":"614136","test_mode":"1"}} 
[2025-10-31 13:15:08] local.INFO: Paytr Callback Received: {"hash":"JtMeIfrJa7iZINQa7hn5tqEwtTfBbXDz4pIxIwYBVss=","merchant_oid":"INT31761903051","status":"failed","total_amount":"0","failed_reason_code":"6","failed_reason_msg":"Müşteri ödeme yapmaktan vazgeçti ve ödeme sayfasından ayrıldı.","payment_type":"card","merchant_id":"614136","test_mode":"1"} 
[2025-10-31 13:15:08] local.INFO: Callback Hash Verification: {"calculated_hash":"JtMeIfrJa7iZINQa7hn5tqEwtTfBbXDz4pIxIwYBVss=","received_hash":"JtMeIfrJa7iZINQa7hn5tqEwtTfBbXDz4pIxIwYBVss=","merchant_oid":"INT31761903051","status":"failed","total_amount":"0"} 
[2025-10-31 13:15:08] local.INFO: Callback verification successful  
[2025-10-31 13:15:08] local.ERROR: Payment callback error {"message":"Attempt to read property \"status\" on null","file":"C:\\xampp\\htdocs\\serbiscrm\\app\\Http\\Controllers\\Frontend\\SubscriptionController.php","line":380,"post_data":{"hash":"JtMeIfrJa7iZINQa7hn5tqEwtTfBbXDz4pIxIwYBVss=","merchant_oid":"INT31761903051","status":"failed","total_amount":"0","failed_reason_code":"6","failed_reason_msg":"Müşteri ödeme yapmaktan vazgeçti ve ödeme sayfasından ayrıldı.","payment_type":"card","merchant_id":"614136","test_mode":"1"}} 
[2025-10-31 13:16:08] local.INFO: Paytr Callback Received: {"hash":"TPudGpEcLvvyaBO01pFtsf1+lDANJNSgytXArwP15ys=","merchant_oid":"INT31761903037","status":"success","total_amount":"180000","payment_type":"card","payment_amount":"180000","currency":"TL","installment_count":"1","merchant_id":"614136","test_mode":"1"} 
[2025-10-31 13:16:08] local.INFO: Callback Hash Verification: {"calculated_hash":"TPudGpEcLvvyaBO01pFtsf1+lDANJNSgytXArwP15ys=","received_hash":"TPudGpEcLvvyaBO01pFtsf1+lDANJNSgytXArwP15ys=","merchant_oid":"INT31761903037","status":"success","total_amount":"180000"} 
[2025-10-31 13:16:08] local.INFO: Callback verification successful  
[2025-10-31 13:16:08] local.ERROR: Payment callback error {"message":"Attempt to read property \"status\" on null","file":"C:\\xampp\\htdocs\\serbiscrm\\app\\Http\\Controllers\\Frontend\\SubscriptionController.php","line":380,"post_data":{"hash":"TPudGpEcLvvyaBO01pFtsf1+lDANJNSgytXArwP15ys=","merchant_oid":"INT31761903037","status":"success","total_amount":"180000","payment_type":"card","payment_amount":"180000","currency":"TL","installment_count":"1","merchant_id":"614136","test_mode":"1"}} 
[2025-10-31 13:16:08] local.INFO: Paytr Callback Received: {"hash":"JtMeIfrJa7iZINQa7hn5tqEwtTfBbXDz4pIxIwYBVss=","merchant_oid":"INT31761903051","status":"failed","total_amount":"0","failed_reason_code":"6","failed_reason_msg":"Müşteri ödeme yapmaktan vazgeçti ve ödeme sayfasından ayrıldı.","payment_type":"card","merchant_id":"614136","test_mode":"1"} 
[2025-10-31 13:16:08] local.INFO: Callback Hash Verification: {"calculated_hash":"JtMeIfrJa7iZINQa7hn5tqEwtTfBbXDz4pIxIwYBVss=","received_hash":"JtMeIfrJa7iZINQa7hn5tqEwtTfBbXDz4pIxIwYBVss=","merchant_oid":"INT31761903051","status":"failed","total_amount":"0"} 
[2025-10-31 13:16:08] local.INFO: Callback verification successful  
[2025-10-31 13:16:08] local.ERROR: Payment callback error {"message":"Attempt to read property \"status\" on null","file":"C:\\xampp\\htdocs\\serbiscrm\\app\\Http\\Controllers\\Frontend\\SubscriptionController.php","line":380,"post_data":{"hash":"JtMeIfrJa7iZINQa7hn5tqEwtTfBbXDz4pIxIwYBVss=","merchant_oid":"INT31761903051","status":"failed","total_amount":"0","failed_reason_code":"6","failed_reason_msg":"Müşteri ödeme yapmaktan vazgeçti ve ödeme sayfasından ayrıldı.","payment_type":"card","merchant_id":"614136","test_mode":"1"}} 
[2025-10-31 13:17:07] local.INFO: Paytr Callback Received: {"hash":"TPudGpEcLvvyaBO01pFtsf1+lDANJNSgytXArwP15ys=","merchant_oid":"INT31761903037","status":"success","total_amount":"180000","payment_type":"card","payment_amount":"180000","currency":"TL","installment_count":"1","merchant_id":"614136","test_mode":"1"} 
[2025-10-31 13:17:07] local.INFO: Callback Hash Verification: {"calculated_hash":"TPudGpEcLvvyaBO01pFtsf1+lDANJNSgytXArwP15ys=","received_hash":"TPudGpEcLvvyaBO01pFtsf1+lDANJNSgytXArwP15ys=","merchant_oid":"INT31761903037","status":"success","total_amount":"180000"} 
[2025-10-31 13:17:07] local.INFO: Callback verification successful  
[2025-10-31 13:17:07] local.ERROR: Payment callback error {"message":"Attempt to read property \"status\" on null","file":"C:\\xampp\\htdocs\\serbiscrm\\app\\Http\\Controllers\\Frontend\\SubscriptionController.php","line":380,"post_data":{"hash":"TPudGpEcLvvyaBO01pFtsf1+lDANJNSgytXArwP15ys=","merchant_oid":"INT31761903037","status":"success","total_amount":"180000","payment_type":"card","payment_amount":"180000","currency":"TL","installment_count":"1","merchant_id":"614136","test_mode":"1"}} 
[2025-10-31 13:17:07] local.INFO: Paytr Callback Received: {"hash":"JtMeIfrJa7iZINQa7hn5tqEwtTfBbXDz4pIxIwYBVss=","merchant_oid":"INT31761903051","status":"failed","total_amount":"0","failed_reason_code":"6","failed_reason_msg":"Müşteri ödeme yapmaktan vazgeçti ve ödeme sayfasından ayrıldı.","payment_type":"card","merchant_id":"614136","test_mode":"1"} 
[2025-10-31 13:17:07] local.INFO: Callback Hash Verification: {"calculated_hash":"JtMeIfrJa7iZINQa7hn5tqEwtTfBbXDz4pIxIwYBVss=","received_hash":"JtMeIfrJa7iZINQa7hn5tqEwtTfBbXDz4pIxIwYBVss=","merchant_oid":"INT31761903051","status":"failed","total_amount":"0"} 
[2025-10-31 13:17:07] local.INFO: Callback verification successful  
[2025-10-31 13:17:07] local.ERROR: Payment callback error {"message":"Attempt to read property \"status\" on null","file":"C:\\xampp\\htdocs\\serbiscrm\\app\\Http\\Controllers\\Frontend\\SubscriptionController.php","line":380,"post_data":{"hash":"JtMeIfrJa7iZINQa7hn5tqEwtTfBbXDz4pIxIwYBVss=","merchant_oid":"INT31761903051","status":"failed","total_amount":"0","failed_reason_code":"6","failed_reason_msg":"Müşteri ödeme yapmaktan vazgeçti ve ödeme sayfasından ayrıldı.","payment_type":"card","merchant_id":"614136","test_mode":"1"}} 
[2025-10-31 13:18:07] local.INFO: Paytr Callback Received: {"hash":"TPudGpEcLvvyaBO01pFtsf1+lDANJNSgytXArwP15ys=","merchant_oid":"INT31761903037","status":"success","total_amount":"180000","payment_type":"card","payment_amount":"180000","currency":"TL","installment_count":"1","merchant_id":"614136","test_mode":"1"} 
[2025-10-31 13:18:07] local.INFO: Callback Hash Verification: {"calculated_hash":"TPudGpEcLvvyaBO01pFtsf1+lDANJNSgytXArwP15ys=","received_hash":"TPudGpEcLvvyaBO01pFtsf1+lDANJNSgytXArwP15ys=","merchant_oid":"INT31761903037","status":"success","total_amount":"180000"} 
[2025-10-31 13:18:07] local.INFO: Callback verification successful  
[2025-10-31 13:18:07] local.ERROR: Payment callback error {"message":"Attempt to read property \"status\" on null","file":"C:\\xampp\\htdocs\\serbiscrm\\app\\Http\\Controllers\\Frontend\\SubscriptionController.php","line":380,"post_data":{"hash":"TPudGpEcLvvyaBO01pFtsf1+lDANJNSgytXArwP15ys=","merchant_oid":"INT31761903037","status":"success","total_amount":"180000","payment_type":"card","payment_amount":"180000","currency":"TL","installment_count":"1","merchant_id":"614136","test_mode":"1"}} 
[2025-10-31 13:18:08] local.INFO: Paytr Callback Received: {"hash":"JtMeIfrJa7iZINQa7hn5tqEwtTfBbXDz4pIxIwYBVss=","merchant_oid":"INT31761903051","status":"failed","total_amount":"0","failed_reason_code":"6","failed_reason_msg":"Müşteri ödeme yapmaktan vazgeçti ve ödeme sayfasından ayrıldı.","payment_type":"card","merchant_id":"614136","test_mode":"1"} 
[2025-10-31 13:18:08] local.INFO: Callback Hash Verification: {"calculated_hash":"JtMeIfrJa7iZINQa7hn5tqEwtTfBbXDz4pIxIwYBVss=","received_hash":"JtMeIfrJa7iZINQa7hn5tqEwtTfBbXDz4pIxIwYBVss=","merchant_oid":"INT31761903051","status":"failed","total_amount":"0"} 
[2025-10-31 13:18:08] local.INFO: Callback verification successful  
[2025-10-31 13:18:08] local.ERROR: Payment callback error {"message":"Attempt to read property \"status\" on null","file":"C:\\xampp\\htdocs\\serbiscrm\\app\\Http\\Controllers\\Frontend\\SubscriptionController.php","line":380,"post_data":{"hash":"JtMeIfrJa7iZINQa7hn5tqEwtTfBbXDz4pIxIwYBVss=","merchant_oid":"INT31761903051","status":"failed","total_amount":"0","failed_reason_code":"6","failed_reason_msg":"Müşteri ödeme yapmaktan vazgeçti ve ödeme sayfasından ayrıldı.","payment_type":"card","merchant_id":"614136","test_mode":"1"}} 
[2025-10-31 13:19:08] local.INFO: Paytr Callback Received: {"hash":"TPudGpEcLvvyaBO01pFtsf1+lDANJNSgytXArwP15ys=","merchant_oid":"INT31761903037","status":"success","total_amount":"180000","payment_type":"card","payment_amount":"180000","currency":"TL","installment_count":"1","merchant_id":"614136","test_mode":"1"} 
[2025-10-31 13:19:08] local.INFO: Callback Hash Verification: {"calculated_hash":"TPudGpEcLvvyaBO01pFtsf1+lDANJNSgytXArwP15ys=","received_hash":"TPudGpEcLvvyaBO01pFtsf1+lDANJNSgytXArwP15ys=","merchant_oid":"INT31761903037","status":"success","total_amount":"180000"} 
[2025-10-31 13:19:08] local.INFO: Callback verification successful  
[2025-10-31 13:19:08] local.ERROR: Payment callback error {"message":"Attempt to read property \"status\" on null","file":"C:\\xampp\\htdocs\\serbiscrm\\app\\Http\\Controllers\\Frontend\\SubscriptionController.php","line":380,"post_data":{"hash":"TPudGpEcLvvyaBO01pFtsf1+lDANJNSgytXArwP15ys=","merchant_oid":"INT31761903037","status":"success","total_amount":"180000","payment_type":"card","payment_amount":"180000","currency":"TL","installment_count":"1","merchant_id":"614136","test_mode":"1"}} 
[2025-10-31 13:19:08] local.INFO: Paytr Callback Received: {"hash":"JtMeIfrJa7iZINQa7hn5tqEwtTfBbXDz4pIxIwYBVss=","merchant_oid":"INT31761903051","status":"failed","total_amount":"0","failed_reason_code":"6","failed_reason_msg":"Müşteri ödeme yapmaktan vazgeçti ve ödeme sayfasından ayrıldı.","payment_type":"card","merchant_id":"614136","test_mode":"1"} 
[2025-10-31 13:19:08] local.INFO: Callback Hash Verification: {"calculated_hash":"JtMeIfrJa7iZINQa7hn5tqEwtTfBbXDz4pIxIwYBVss=","received_hash":"JtMeIfrJa7iZINQa7hn5tqEwtTfBbXDz4pIxIwYBVss=","merchant_oid":"INT31761903051","status":"failed","total_amount":"0"} 
[2025-10-31 13:19:08] local.INFO: Callback verification successful  
[2025-10-31 13:19:08] local.ERROR: Payment callback error {"message":"Attempt to read property \"status\" on null","file":"C:\\xampp\\htdocs\\serbiscrm\\app\\Http\\Controllers\\Frontend\\SubscriptionController.php","line":380,"post_data":{"hash":"JtMeIfrJa7iZINQa7hn5tqEwtTfBbXDz4pIxIwYBVss=","merchant_oid":"INT31761903051","status":"failed","total_amount":"0","failed_reason_code":"6","failed_reason_msg":"Müşteri ödeme yapmaktan vazgeçti ve ödeme sayfasından ayrıldı.","payment_type":"card","merchant_id":"614136","test_mode":"1"}} 
[2025-10-31 13:20:08] local.INFO: Paytr Callback Received: {"hash":"TPudGpEcLvvyaBO01pFtsf1+lDANJNSgytXArwP15ys=","merchant_oid":"INT31761903037","status":"success","total_amount":"180000","payment_type":"card","payment_amount":"180000","currency":"TL","installment_count":"1","merchant_id":"614136","test_mode":"1"} 
[2025-10-31 13:20:08] local.INFO: Callback Hash Verification: {"calculated_hash":"TPudGpEcLvvyaBO01pFtsf1+lDANJNSgytXArwP15ys=","received_hash":"TPudGpEcLvvyaBO01pFtsf1+lDANJNSgytXArwP15ys=","merchant_oid":"INT31761903037","status":"success","total_amount":"180000"} 
[2025-10-31 13:20:08] local.INFO: Callback verification successful  
[2025-10-31 13:20:08] local.ERROR: Payment callback error {"message":"Attempt to read property \"status\" on null","file":"C:\\xampp\\htdocs\\serbiscrm\\app\\Http\\Controllers\\Frontend\\SubscriptionController.php","line":380,"post_data":{"hash":"TPudGpEcLvvyaBO01pFtsf1+lDANJNSgytXArwP15ys=","merchant_oid":"INT31761903037","status":"success","total_amount":"180000","payment_type":"card","payment_amount":"180000","currency":"TL","installment_count":"1","merchant_id":"614136","test_mode":"1"}} 
[2025-10-31 13:20:09] local.INFO: Paytr Callback Received: {"hash":"JtMeIfrJa7iZINQa7hn5tqEwtTfBbXDz4pIxIwYBVss=","merchant_oid":"INT31761903051","status":"failed","total_amount":"0","failed_reason_code":"6","failed_reason_msg":"Müşteri ödeme yapmaktan vazgeçti ve ödeme sayfasından ayrıldı.","payment_type":"card","merchant_id":"614136","test_mode":"1"} 
[2025-10-31 13:20:09] local.INFO: Callback Hash Verification: {"calculated_hash":"JtMeIfrJa7iZINQa7hn5tqEwtTfBbXDz4pIxIwYBVss=","received_hash":"JtMeIfrJa7iZINQa7hn5tqEwtTfBbXDz4pIxIwYBVss=","merchant_oid":"INT31761903051","status":"failed","total_amount":"0"} 
[2025-10-31 13:20:09] local.INFO: Callback verification successful  
[2025-10-31 13:20:09] local.ERROR: Payment callback error {"message":"Attempt to read property \"status\" on null","file":"C:\\xampp\\htdocs\\serbiscrm\\app\\Http\\Controllers\\Frontend\\SubscriptionController.php","line":380,"post_data":{"hash":"JtMeIfrJa7iZINQa7hn5tqEwtTfBbXDz4pIxIwYBVss=","merchant_oid":"INT31761903051","status":"failed","total_amount":"0","failed_reason_code":"6","failed_reason_msg":"Müşteri ödeme yapmaktan vazgeçti ve ödeme sayfasından ayrıldı.","payment_type":"card","merchant_id":"614136","test_mode":"1"}} 
[2025-10-31 13:21:08] local.INFO: Paytr Callback Received: {"hash":"TPudGpEcLvvyaBO01pFtsf1+lDANJNSgytXArwP15ys=","merchant_oid":"INT31761903037","status":"success","total_amount":"180000","payment_type":"card","payment_amount":"180000","currency":"TL","installment_count":"1","merchant_id":"614136","test_mode":"1"} 
[2025-10-31 13:21:08] local.INFO: Callback Hash Verification: {"calculated_hash":"TPudGpEcLvvyaBO01pFtsf1+lDANJNSgytXArwP15ys=","received_hash":"TPudGpEcLvvyaBO01pFtsf1+lDANJNSgytXArwP15ys=","merchant_oid":"INT31761903037","status":"success","total_amount":"180000"} 
[2025-10-31 13:21:08] local.INFO: Callback verification successful  
[2025-10-31 13:21:08] local.ERROR: Payment callback error {"message":"Attempt to read property \"status\" on null","file":"C:\\xampp\\htdocs\\serbiscrm\\app\\Http\\Controllers\\Frontend\\SubscriptionController.php","line":380,"post_data":{"hash":"TPudGpEcLvvyaBO01pFtsf1+lDANJNSgytXArwP15ys=","merchant_oid":"INT31761903037","status":"success","total_amount":"180000","payment_type":"card","payment_amount":"180000","currency":"TL","installment_count":"1","merchant_id":"614136","test_mode":"1"}} 
[2025-10-31 13:21:08] local.INFO: Paytr Callback Received: {"hash":"JtMeIfrJa7iZINQa7hn5tqEwtTfBbXDz4pIxIwYBVss=","merchant_oid":"INT31761903051","status":"failed","total_amount":"0","failed_reason_code":"6","failed_reason_msg":"Müşteri ödeme yapmaktan vazgeçti ve ödeme sayfasından ayrıldı.","payment_type":"card","merchant_id":"614136","test_mode":"1"} 
[2025-10-31 13:21:08] local.INFO: Callback Hash Verification: {"calculated_hash":"JtMeIfrJa7iZINQa7hn5tqEwtTfBbXDz4pIxIwYBVss=","received_hash":"JtMeIfrJa7iZINQa7hn5tqEwtTfBbXDz4pIxIwYBVss=","merchant_oid":"INT31761903051","status":"failed","total_amount":"0"} 
[2025-10-31 13:21:08] local.INFO: Callback verification successful  
[2025-10-31 13:21:08] local.ERROR: Payment callback error {"message":"Attempt to read property \"status\" on null","file":"C:\\xampp\\htdocs\\serbiscrm\\app\\Http\\Controllers\\Frontend\\SubscriptionController.php","line":380,"post_data":{"hash":"JtMeIfrJa7iZINQa7hn5tqEwtTfBbXDz4pIxIwYBVss=","merchant_oid":"INT31761903051","status":"failed","total_amount":"0","failed_reason_code":"6","failed_reason_msg":"Müşteri ödeme yapmaktan vazgeçti ve ödeme sayfasından ayrıldı.","payment_type":"card","merchant_id":"614136","test_mode":"1"}} 
[2025-10-31 13:22:08] local.INFO: Paytr Callback Received: {"hash":"TPudGpEcLvvyaBO01pFtsf1+lDANJNSgytXArwP15ys=","merchant_oid":"INT31761903037","status":"success","total_amount":"180000","payment_type":"card","payment_amount":"180000","currency":"TL","installment_count":"1","merchant_id":"614136","test_mode":"1"} 
[2025-10-31 13:22:08] local.INFO: Callback Hash Verification: {"calculated_hash":"TPudGpEcLvvyaBO01pFtsf1+lDANJNSgytXArwP15ys=","received_hash":"TPudGpEcLvvyaBO01pFtsf1+lDANJNSgytXArwP15ys=","merchant_oid":"INT31761903037","status":"success","total_amount":"180000"} 
[2025-10-31 13:22:08] local.INFO: Callback verification successful  
[2025-10-31 13:22:08] local.ERROR: Payment callback error {"message":"Attempt to read property \"status\" on null","file":"C:\\xampp\\htdocs\\serbiscrm\\app\\Http\\Controllers\\Frontend\\SubscriptionController.php","line":380,"post_data":{"hash":"TPudGpEcLvvyaBO01pFtsf1+lDANJNSgytXArwP15ys=","merchant_oid":"INT31761903037","status":"success","total_amount":"180000","payment_type":"card","payment_amount":"180000","currency":"TL","installment_count":"1","merchant_id":"614136","test_mode":"1"}} 
[2025-10-31 13:22:09] local.INFO: Paytr Callback Received: {"hash":"JtMeIfrJa7iZINQa7hn5tqEwtTfBbXDz4pIxIwYBVss=","merchant_oid":"INT31761903051","status":"failed","total_amount":"0","failed_reason_code":"6","failed_reason_msg":"Müşteri ödeme yapmaktan vazgeçti ve ödeme sayfasından ayrıldı.","payment_type":"card","merchant_id":"614136","test_mode":"1"} 
[2025-10-31 13:22:09] local.INFO: Callback Hash Verification: {"calculated_hash":"JtMeIfrJa7iZINQa7hn5tqEwtTfBbXDz4pIxIwYBVss=","received_hash":"JtMeIfrJa7iZINQa7hn5tqEwtTfBbXDz4pIxIwYBVss=","merchant_oid":"INT31761903051","status":"failed","total_amount":"0"} 
[2025-10-31 13:22:09] local.INFO: Callback verification successful  
[2025-10-31 13:22:09] local.ERROR: Payment callback error {"message":"Attempt to read property \"status\" on null","file":"C:\\xampp\\htdocs\\serbiscrm\\app\\Http\\Controllers\\Frontend\\SubscriptionController.php","line":380,"post_data":{"hash":"JtMeIfrJa7iZINQa7hn5tqEwtTfBbXDz4pIxIwYBVss=","merchant_oid":"INT31761903051","status":"failed","total_amount":"0","failed_reason_code":"6","failed_reason_msg":"Müşteri ödeme yapmaktan vazgeçti ve ödeme sayfasından ayrıldı.","payment_type":"card","merchant_id":"614136","test_mode":"1"}} 
[2025-10-31 13:23:07] local.INFO: Paytr Callback Received: {"hash":"TPudGpEcLvvyaBO01pFtsf1+lDANJNSgytXArwP15ys=","merchant_oid":"INT31761903037","status":"success","total_amount":"180000","payment_type":"card","payment_amount":"180000","currency":"TL","installment_count":"1","merchant_id":"614136","test_mode":"1"} 
[2025-10-31 13:23:07] local.INFO: Callback Hash Verification: {"calculated_hash":"TPudGpEcLvvyaBO01pFtsf1+lDANJNSgytXArwP15ys=","received_hash":"TPudGpEcLvvyaBO01pFtsf1+lDANJNSgytXArwP15ys=","merchant_oid":"INT31761903037","status":"success","total_amount":"180000"} 
[2025-10-31 13:23:07] local.INFO: Callback verification successful  
[2025-10-31 13:23:07] local.ERROR: Payment callback error {"message":"Attempt to read property \"status\" on null","file":"C:\\xampp\\htdocs\\serbiscrm\\app\\Http\\Controllers\\Frontend\\SubscriptionController.php","line":380,"post_data":{"hash":"TPudGpEcLvvyaBO01pFtsf1+lDANJNSgytXArwP15ys=","merchant_oid":"INT31761903037","status":"success","total_amount":"180000","payment_type":"card","payment_amount":"180000","currency":"TL","installment_count":"1","merchant_id":"614136","test_mode":"1"}} 
[2025-10-31 13:23:08] local.INFO: Paytr Callback Received: {"hash":"JtMeIfrJa7iZINQa7hn5tqEwtTfBbXDz4pIxIwYBVss=","merchant_oid":"INT31761903051","status":"failed","total_amount":"0","failed_reason_code":"6","failed_reason_msg":"Müşteri ödeme yapmaktan vazgeçti ve ödeme sayfasından ayrıldı.","payment_type":"card","merchant_id":"614136","test_mode":"1"} 
[2025-10-31 13:23:08] local.INFO: Callback Hash Verification: {"calculated_hash":"JtMeIfrJa7iZINQa7hn5tqEwtTfBbXDz4pIxIwYBVss=","received_hash":"JtMeIfrJa7iZINQa7hn5tqEwtTfBbXDz4pIxIwYBVss=","merchant_oid":"INT31761903051","status":"failed","total_amount":"0"} 
[2025-10-31 13:23:08] local.INFO: Callback verification successful  
[2025-10-31 13:23:08] local.ERROR: Payment callback error {"message":"Attempt to read property \"status\" on null","file":"C:\\xampp\\htdocs\\serbiscrm\\app\\Http\\Controllers\\Frontend\\SubscriptionController.php","line":380,"post_data":{"hash":"JtMeIfrJa7iZINQa7hn5tqEwtTfBbXDz4pIxIwYBVss=","merchant_oid":"INT31761903051","status":"failed","total_amount":"0","failed_reason_code":"6","failed_reason_msg":"Müşteri ödeme yapmaktan vazgeçti ve ödeme sayfasından ayrıldı.","payment_type":"card","merchant_id":"614136","test_mode":"1"}} 
[2025-10-31 13:24:08] local.INFO: Paytr Callback Received: {"hash":"TPudGpEcLvvyaBO01pFtsf1+lDANJNSgytXArwP15ys=","merchant_oid":"INT31761903037","status":"success","total_amount":"180000","payment_type":"card","payment_amount":"180000","currency":"TL","installment_count":"1","merchant_id":"614136","test_mode":"1"} 
[2025-10-31 13:24:08] local.INFO: Callback Hash Verification: {"calculated_hash":"TPudGpEcLvvyaBO01pFtsf1+lDANJNSgytXArwP15ys=","received_hash":"TPudGpEcLvvyaBO01pFtsf1+lDANJNSgytXArwP15ys=","merchant_oid":"INT31761903037","status":"success","total_amount":"180000"} 
[2025-10-31 13:24:08] local.INFO: Callback verification successful  
[2025-10-31 13:24:08] local.ERROR: Payment callback error {"message":"Attempt to read property \"status\" on null","file":"C:\\xampp\\htdocs\\serbiscrm\\app\\Http\\Controllers\\Frontend\\SubscriptionController.php","line":380,"post_data":{"hash":"TPudGpEcLvvyaBO01pFtsf1+lDANJNSgytXArwP15ys=","merchant_oid":"INT31761903037","status":"success","total_amount":"180000","payment_type":"card","payment_amount":"180000","currency":"TL","installment_count":"1","merchant_id":"614136","test_mode":"1"}} 
[2025-10-31 13:24:09] local.INFO: Paytr Callback Received: {"hash":"JtMeIfrJa7iZINQa7hn5tqEwtTfBbXDz4pIxIwYBVss=","merchant_oid":"INT31761903051","status":"failed","total_amount":"0","failed_reason_code":"6","failed_reason_msg":"Müşteri ödeme yapmaktan vazgeçti ve ödeme sayfasından ayrıldı.","payment_type":"card","merchant_id":"614136","test_mode":"1"} 
[2025-10-31 13:24:09] local.INFO: Callback Hash Verification: {"calculated_hash":"JtMeIfrJa7iZINQa7hn5tqEwtTfBbXDz4pIxIwYBVss=","received_hash":"JtMeIfrJa7iZINQa7hn5tqEwtTfBbXDz4pIxIwYBVss=","merchant_oid":"INT31761903051","status":"failed","total_amount":"0"} 
[2025-10-31 13:24:09] local.INFO: Callback verification successful  
[2025-10-31 13:24:09] local.ERROR: Payment callback error {"message":"Attempt to read property \"status\" on null","file":"C:\\xampp\\htdocs\\serbiscrm\\app\\Http\\Controllers\\Frontend\\SubscriptionController.php","line":380,"post_data":{"hash":"JtMeIfrJa7iZINQa7hn5tqEwtTfBbXDz4pIxIwYBVss=","merchant_oid":"INT31761903051","status":"failed","total_amount":"0","failed_reason_code":"6","failed_reason_msg":"Müşteri ödeme yapmaktan vazgeçti ve ödeme sayfasından ayrıldı.","payment_type":"card","merchant_id":"614136","test_mode":"1"}} 
[2025-10-31 13:25:07] local.INFO: Paytr Callback Received: {"hash":"TPudGpEcLvvyaBO01pFtsf1+lDANJNSgytXArwP15ys=","merchant_oid":"INT31761903037","status":"success","total_amount":"180000","payment_type":"card","payment_amount":"180000","currency":"TL","installment_count":"1","merchant_id":"614136","test_mode":"1"} 
[2025-10-31 13:25:07] local.INFO: Callback Hash Verification: {"calculated_hash":"TPudGpEcLvvyaBO01pFtsf1+lDANJNSgytXArwP15ys=","received_hash":"TPudGpEcLvvyaBO01pFtsf1+lDANJNSgytXArwP15ys=","merchant_oid":"INT31761903037","status":"success","total_amount":"180000"} 
[2025-10-31 13:25:07] local.INFO: Callback verification successful  
[2025-10-31 13:25:07] local.ERROR: Payment callback error {"message":"Attempt to read property \"status\" on null","file":"C:\\xampp\\htdocs\\serbiscrm\\app\\Http\\Controllers\\Frontend\\SubscriptionController.php","line":380,"post_data":{"hash":"TPudGpEcLvvyaBO01pFtsf1+lDANJNSgytXArwP15ys=","merchant_oid":"INT31761903037","status":"success","total_amount":"180000","payment_type":"card","payment_amount":"180000","currency":"TL","installment_count":"1","merchant_id":"614136","test_mode":"1"}} 
[2025-10-31 13:25:08] local.INFO: Paytr Callback Received: {"hash":"JtMeIfrJa7iZINQa7hn5tqEwtTfBbXDz4pIxIwYBVss=","merchant_oid":"INT31761903051","status":"failed","total_amount":"0","failed_reason_code":"6","failed_reason_msg":"Müşteri ödeme yapmaktan vazgeçti ve ödeme sayfasından ayrıldı.","payment_type":"card","merchant_id":"614136","test_mode":"1"} 
[2025-10-31 13:25:08] local.INFO: Callback Hash Verification: {"calculated_hash":"JtMeIfrJa7iZINQa7hn5tqEwtTfBbXDz4pIxIwYBVss=","received_hash":"JtMeIfrJa7iZINQa7hn5tqEwtTfBbXDz4pIxIwYBVss=","merchant_oid":"INT31761903051","status":"failed","total_amount":"0"} 
[2025-10-31 13:25:08] local.INFO: Callback verification successful  
[2025-10-31 13:25:08] local.ERROR: Payment callback error {"message":"Attempt to read property \"status\" on null","file":"C:\\xampp\\htdocs\\serbiscrm\\app\\Http\\Controllers\\Frontend\\SubscriptionController.php","line":380,"post_data":{"hash":"JtMeIfrJa7iZINQa7hn5tqEwtTfBbXDz4pIxIwYBVss=","merchant_oid":"INT31761903051","status":"failed","total_amount":"0","failed_reason_code":"6","failed_reason_msg":"Müşteri ödeme yapmaktan vazgeçti ve ödeme sayfasından ayrıldı.","payment_type":"card","merchant_id":"614136","test_mode":"1"}} 
[2025-10-31 13:26:03] local.INFO: PayTR Request Data: {"merchant_id":"614136","order_id":"INT31761906363","amount":285000,"user_ip":"78.190.145.61","hash_string":"61413678.190.145.61INT31761906363info@testteknik.com285000W1siUEFSQVx1MDE1ZVx1MDBkY1QiLCIyODUwLjAwIiwxXV0=10TL1","token":"UQaw9OEQghRzo1Z42sYQ4FOkl/XG3C8ApV4xB3zdEHo="} 
[2025-10-31 13:26:04] local.INFO: PayTR API Response: {"status":"success","token":"0d4277e4a40c4d34253b93b94e8db8c968e63349fa1a7373431162a2cdb684c7-692879871"} 
[2025-10-31 13:26:08] local.INFO: Paytr Callback Received: {"hash":"TPudGpEcLvvyaBO01pFtsf1+lDANJNSgytXArwP15ys=","merchant_oid":"INT31761903037","status":"success","total_amount":"180000","payment_type":"card","payment_amount":"180000","currency":"TL","installment_count":"1","merchant_id":"614136","test_mode":"1"} 
[2025-10-31 13:26:08] local.INFO: Callback Hash Verification: {"calculated_hash":"TPudGpEcLvvyaBO01pFtsf1+lDANJNSgytXArwP15ys=","received_hash":"TPudGpEcLvvyaBO01pFtsf1+lDANJNSgytXArwP15ys=","merchant_oid":"INT31761903037","status":"success","total_amount":"180000"} 
[2025-10-31 13:26:08] local.INFO: Callback verification successful  
[2025-10-31 13:26:08] local.ERROR: Payment callback error {"message":"Attempt to read property \"status\" on null","file":"C:\\xampp\\htdocs\\serbiscrm\\app\\Http\\Controllers\\Frontend\\SubscriptionController.php","line":380,"post_data":{"hash":"TPudGpEcLvvyaBO01pFtsf1+lDANJNSgytXArwP15ys=","merchant_oid":"INT31761903037","status":"success","total_amount":"180000","payment_type":"card","payment_amount":"180000","currency":"TL","installment_count":"1","merchant_id":"614136","test_mode":"1"}} 
[2025-10-31 13:26:08] local.INFO: Paytr Callback Received: {"hash":"JtMeIfrJa7iZINQa7hn5tqEwtTfBbXDz4pIxIwYBVss=","merchant_oid":"INT31761903051","status":"failed","total_amount":"0","failed_reason_code":"6","failed_reason_msg":"Müşteri ödeme yapmaktan vazgeçti ve ödeme sayfasından ayrıldı.","payment_type":"card","merchant_id":"614136","test_mode":"1"} 
[2025-10-31 13:26:08] local.INFO: Callback Hash Verification: {"calculated_hash":"JtMeIfrJa7iZINQa7hn5tqEwtTfBbXDz4pIxIwYBVss=","received_hash":"JtMeIfrJa7iZINQa7hn5tqEwtTfBbXDz4pIxIwYBVss=","merchant_oid":"INT31761903051","status":"failed","total_amount":"0"} 
[2025-10-31 13:26:08] local.INFO: Callback verification successful  
[2025-10-31 13:26:08] local.ERROR: Payment callback error {"message":"Attempt to read property \"status\" on null","file":"C:\\xampp\\htdocs\\serbiscrm\\app\\Http\\Controllers\\Frontend\\SubscriptionController.php","line":380,"post_data":{"hash":"JtMeIfrJa7iZINQa7hn5tqEwtTfBbXDz4pIxIwYBVss=","merchant_oid":"INT31761903051","status":"failed","total_amount":"0","failed_reason_code":"6","failed_reason_msg":"Müşteri ödeme yapmaktan vazgeçti ve ödeme sayfasından ayrıldı.","payment_type":"card","merchant_id":"614136","test_mode":"1"}} 
[2025-10-31 13:26:11] local.INFO: Paytr Callback Received: {"hash":"oYXOuol2q/2cEAOR968kTfLy6+UhHv2wVHGeucjha9I=","merchant_oid":"INT31761906363","status":"success","total_amount":"285000","payment_type":"card","payment_amount":"285000","currency":"TL","installment_count":"1","merchant_id":"614136","test_mode":"1"} 
[2025-10-31 13:26:11] local.INFO: Callback Hash Verification: {"calculated_hash":"oYXOuol2q/2cEAOR968kTfLy6+UhHv2wVHGeucjha9I=","received_hash":"oYXOuol2q/2cEAOR968kTfLy6+UhHv2wVHGeucjha9I=","merchant_oid":"INT31761906363","status":"success","total_amount":"285000"} 
[2025-10-31 13:26:11] local.INFO: Callback verification successful  
[2025-10-31 13:26:11] local.ERROR: Payment callback error {"message":"Attempt to read property \"status\" on null","file":"C:\\xampp\\htdocs\\serbiscrm\\app\\Http\\Controllers\\Frontend\\SubscriptionController.php","line":380,"post_data":{"hash":"oYXOuol2q/2cEAOR968kTfLy6+UhHv2wVHGeucjha9I=","merchant_oid":"INT31761906363","status":"success","total_amount":"285000","payment_type":"card","payment_amount":"285000","currency":"TL","installment_count":"1","merchant_id":"614136","test_mode":"1"}} 
[2025-10-31 13:26:15] local.INFO: PayTR Request Data: {"merchant_id":"614136","order_id":"INT31761906375","amount":285000,"user_ip":"78.190.145.61","hash_string":"61413678.190.145.61INT31761906375info@testteknik.com285000W1siUEFSQVx1MDE1ZVx1MDBkY1QiLCIyODUwLjAwIiwxXV0=10TL1","token":"xmWlCLKEj1Z2UFVDO8HEppvs0wbDecnE0K/fhJJvGBI="} 
[2025-10-31 13:26:16] local.INFO: PayTR API Response: {"status":"success","token":"8cdeaffa8e7038b7fb86845959981c64d978ae11b3bc0d080fb5f8296ccf6698-692879958"} 
[2025-10-31 13:27:07] local.INFO: Paytr Callback Received: {"hash":"TPudGpEcLvvyaBO01pFtsf1+lDANJNSgytXArwP15ys=","merchant_oid":"INT31761903037","status":"success","total_amount":"180000","payment_type":"card","payment_amount":"180000","currency":"TL","installment_count":"1","merchant_id":"614136","test_mode":"1"} 
[2025-10-31 13:27:07] local.INFO: Callback Hash Verification: {"calculated_hash":"TPudGpEcLvvyaBO01pFtsf1+lDANJNSgytXArwP15ys=","received_hash":"TPudGpEcLvvyaBO01pFtsf1+lDANJNSgytXArwP15ys=","merchant_oid":"INT31761903037","status":"success","total_amount":"180000"} 
[2025-10-31 13:27:07] local.INFO: Callback verification successful  
[2025-10-31 13:27:07] local.ERROR: Payment callback error {"message":"Attempt to read property \"status\" on null","file":"C:\\xampp\\htdocs\\serbiscrm\\app\\Http\\Controllers\\Frontend\\SubscriptionController.php","line":380,"post_data":{"hash":"TPudGpEcLvvyaBO01pFtsf1+lDANJNSgytXArwP15ys=","merchant_oid":"INT31761903037","status":"success","total_amount":"180000","payment_type":"card","payment_amount":"180000","currency":"TL","installment_count":"1","merchant_id":"614136","test_mode":"1"}} 
[2025-10-31 13:27:08] local.INFO: Paytr Callback Received: {"hash":"JtMeIfrJa7iZINQa7hn5tqEwtTfBbXDz4pIxIwYBVss=","merchant_oid":"INT31761903051","status":"failed","total_amount":"0","failed_reason_code":"6","failed_reason_msg":"Müşteri ödeme yapmaktan vazgeçti ve ödeme sayfasından ayrıldı.","payment_type":"card","merchant_id":"614136","test_mode":"1"} 
[2025-10-31 13:27:08] local.INFO: Callback Hash Verification: {"calculated_hash":"JtMeIfrJa7iZINQa7hn5tqEwtTfBbXDz4pIxIwYBVss=","received_hash":"JtMeIfrJa7iZINQa7hn5tqEwtTfBbXDz4pIxIwYBVss=","merchant_oid":"INT31761903051","status":"failed","total_amount":"0"} 
[2025-10-31 13:27:08] local.INFO: Callback verification successful  
[2025-10-31 13:27:08] local.ERROR: Payment callback error {"message":"Attempt to read property \"status\" on null","file":"C:\\xampp\\htdocs\\serbiscrm\\app\\Http\\Controllers\\Frontend\\SubscriptionController.php","line":380,"post_data":{"hash":"JtMeIfrJa7iZINQa7hn5tqEwtTfBbXDz4pIxIwYBVss=","merchant_oid":"INT31761903051","status":"failed","total_amount":"0","failed_reason_code":"6","failed_reason_msg":"Müşteri ödeme yapmaktan vazgeçti ve ödeme sayfasından ayrıldı.","payment_type":"card","merchant_id":"614136","test_mode":"1"}} 
[2025-10-31 13:27:09] local.INFO: Paytr Callback Received: {"hash":"oYXOuol2q/2cEAOR968kTfLy6+UhHv2wVHGeucjha9I=","merchant_oid":"INT31761906363","status":"success","total_amount":"285000","payment_type":"card","payment_amount":"285000","currency":"TL","installment_count":"1","merchant_id":"614136","test_mode":"1"} 
[2025-10-31 13:27:09] local.INFO: Callback Hash Verification: {"calculated_hash":"oYXOuol2q/2cEAOR968kTfLy6+UhHv2wVHGeucjha9I=","received_hash":"oYXOuol2q/2cEAOR968kTfLy6+UhHv2wVHGeucjha9I=","merchant_oid":"INT31761906363","status":"success","total_amount":"285000"} 
[2025-10-31 13:27:09] local.INFO: Callback verification successful  
[2025-10-31 13:27:09] local.ERROR: Payment callback error {"message":"Attempt to read property \"status\" on null","file":"C:\\xampp\\htdocs\\serbiscrm\\app\\Http\\Controllers\\Frontend\\SubscriptionController.php","line":380,"post_data":{"hash":"oYXOuol2q/2cEAOR968kTfLy6+UhHv2wVHGeucjha9I=","merchant_oid":"INT31761906363","status":"success","total_amount":"285000","payment_type":"card","payment_amount":"285000","currency":"TL","installment_count":"1","merchant_id":"614136","test_mode":"1"}} 
[2025-10-31 13:28:08] local.INFO: Paytr Callback Received: {"hash":"TPudGpEcLvvyaBO01pFtsf1+lDANJNSgytXArwP15ys=","merchant_oid":"INT31761903037","status":"success","total_amount":"180000","payment_type":"card","payment_amount":"180000","currency":"TL","installment_count":"1","merchant_id":"614136","test_mode":"1"} 
[2025-10-31 13:28:08] local.INFO: Callback Hash Verification: {"calculated_hash":"TPudGpEcLvvyaBO01pFtsf1+lDANJNSgytXArwP15ys=","received_hash":"TPudGpEcLvvyaBO01pFtsf1+lDANJNSgytXArwP15ys=","merchant_oid":"INT31761903037","status":"success","total_amount":"180000"} 
[2025-10-31 13:28:08] local.INFO: Callback verification successful  
[2025-10-31 13:28:08] local.ERROR: Payment callback error {"message":"Attempt to read property \"status\" on null","file":"C:\\xampp\\htdocs\\serbiscrm\\app\\Http\\Controllers\\Frontend\\SubscriptionController.php","line":380,"post_data":{"hash":"TPudGpEcLvvyaBO01pFtsf1+lDANJNSgytXArwP15ys=","merchant_oid":"INT31761903037","status":"success","total_amount":"180000","payment_type":"card","payment_amount":"180000","currency":"TL","installment_count":"1","merchant_id":"614136","test_mode":"1"}} 
[2025-10-31 13:28:08] local.INFO: Paytr Callback Received: {"hash":"JtMeIfrJa7iZINQa7hn5tqEwtTfBbXDz4pIxIwYBVss=","merchant_oid":"INT31761903051","status":"failed","total_amount":"0","failed_reason_code":"6","failed_reason_msg":"Müşteri ödeme yapmaktan vazgeçti ve ödeme sayfasından ayrıldı.","payment_type":"card","merchant_id":"614136","test_mode":"1"} 
[2025-10-31 13:28:08] local.INFO: Callback Hash Verification: {"calculated_hash":"JtMeIfrJa7iZINQa7hn5tqEwtTfBbXDz4pIxIwYBVss=","received_hash":"JtMeIfrJa7iZINQa7hn5tqEwtTfBbXDz4pIxIwYBVss=","merchant_oid":"INT31761903051","status":"failed","total_amount":"0"} 
[2025-10-31 13:28:08] local.INFO: Callback verification successful  
[2025-10-31 13:28:08] local.ERROR: Payment callback error {"message":"Attempt to read property \"status\" on null","file":"C:\\xampp\\htdocs\\serbiscrm\\app\\Http\\Controllers\\Frontend\\SubscriptionController.php","line":380,"post_data":{"hash":"JtMeIfrJa7iZINQa7hn5tqEwtTfBbXDz4pIxIwYBVss=","merchant_oid":"INT31761903051","status":"failed","total_amount":"0","failed_reason_code":"6","failed_reason_msg":"Müşteri ödeme yapmaktan vazgeçti ve ödeme sayfasından ayrıldı.","payment_type":"card","merchant_id":"614136","test_mode":"1"}} 
[2025-10-31 13:28:09] local.INFO: Paytr Callback Received: {"hash":"oYXOuol2q/2cEAOR968kTfLy6+UhHv2wVHGeucjha9I=","merchant_oid":"INT31761906363","status":"success","total_amount":"285000","payment_type":"card","payment_amount":"285000","currency":"TL","installment_count":"1","merchant_id":"614136","test_mode":"1"} 
[2025-10-31 13:28:09] local.INFO: Callback Hash Verification: {"calculated_hash":"oYXOuol2q/2cEAOR968kTfLy6+UhHv2wVHGeucjha9I=","received_hash":"oYXOuol2q/2cEAOR968kTfLy6+UhHv2wVHGeucjha9I=","merchant_oid":"INT31761906363","status":"success","total_amount":"285000"} 
[2025-10-31 13:28:09] local.INFO: Callback verification successful  
[2025-10-31 13:28:09] local.ERROR: Payment callback error {"message":"Attempt to read property \"status\" on null","file":"C:\\xampp\\htdocs\\serbiscrm\\app\\Http\\Controllers\\Frontend\\SubscriptionController.php","line":380,"post_data":{"hash":"oYXOuol2q/2cEAOR968kTfLy6+UhHv2wVHGeucjha9I=","merchant_oid":"INT31761906363","status":"success","total_amount":"285000","payment_type":"card","payment_amount":"285000","currency":"TL","installment_count":"1","merchant_id":"614136","test_mode":"1"}} 
[2025-10-31 13:29:07] local.INFO: Paytr Callback Received: {"hash":"TPudGpEcLvvyaBO01pFtsf1+lDANJNSgytXArwP15ys=","merchant_oid":"INT31761903037","status":"success","total_amount":"180000","payment_type":"card","payment_amount":"180000","currency":"TL","installment_count":"1","merchant_id":"614136","test_mode":"1"} 
[2025-10-31 13:29:07] local.INFO: Callback Hash Verification: {"calculated_hash":"TPudGpEcLvvyaBO01pFtsf1+lDANJNSgytXArwP15ys=","received_hash":"TPudGpEcLvvyaBO01pFtsf1+lDANJNSgytXArwP15ys=","merchant_oid":"INT31761903037","status":"success","total_amount":"180000"} 
[2025-10-31 13:29:07] local.INFO: Callback verification successful  
[2025-10-31 13:29:07] local.ERROR: Payment callback error {"message":"Attempt to read property \"status\" on null","file":"C:\\xampp\\htdocs\\serbiscrm\\app\\Http\\Controllers\\Frontend\\SubscriptionController.php","line":380,"post_data":{"hash":"TPudGpEcLvvyaBO01pFtsf1+lDANJNSgytXArwP15ys=","merchant_oid":"INT31761903037","status":"success","total_amount":"180000","payment_type":"card","payment_amount":"180000","currency":"TL","installment_count":"1","merchant_id":"614136","test_mode":"1"}} 
[2025-10-31 13:29:08] local.INFO: Paytr Callback Received: {"hash":"JtMeIfrJa7iZINQa7hn5tqEwtTfBbXDz4pIxIwYBVss=","merchant_oid":"INT31761903051","status":"failed","total_amount":"0","failed_reason_code":"6","failed_reason_msg":"Müşteri ödeme yapmaktan vazgeçti ve ödeme sayfasından ayrıldı.","payment_type":"card","merchant_id":"614136","test_mode":"1"} 
[2025-10-31 13:29:08] local.INFO: Callback Hash Verification: {"calculated_hash":"JtMeIfrJa7iZINQa7hn5tqEwtTfBbXDz4pIxIwYBVss=","received_hash":"JtMeIfrJa7iZINQa7hn5tqEwtTfBbXDz4pIxIwYBVss=","merchant_oid":"INT31761903051","status":"failed","total_amount":"0"} 
[2025-10-31 13:29:08] local.INFO: Callback verification successful  
[2025-10-31 13:29:08] local.ERROR: Payment callback error {"message":"Attempt to read property \"status\" on null","file":"C:\\xampp\\htdocs\\serbiscrm\\app\\Http\\Controllers\\Frontend\\SubscriptionController.php","line":380,"post_data":{"hash":"JtMeIfrJa7iZINQa7hn5tqEwtTfBbXDz4pIxIwYBVss=","merchant_oid":"INT31761903051","status":"failed","total_amount":"0","failed_reason_code":"6","failed_reason_msg":"Müşteri ödeme yapmaktan vazgeçti ve ödeme sayfasından ayrıldı.","payment_type":"card","merchant_id":"614136","test_mode":"1"}} 
[2025-10-31 13:29:08] local.INFO: Paytr Callback Received: {"hash":"oYXOuol2q/2cEAOR968kTfLy6+UhHv2wVHGeucjha9I=","merchant_oid":"INT31761906363","status":"success","total_amount":"285000","payment_type":"card","payment_amount":"285000","currency":"TL","installment_count":"1","merchant_id":"614136","test_mode":"1"} 
[2025-10-31 13:29:08] local.INFO: Callback Hash Verification: {"calculated_hash":"oYXOuol2q/2cEAOR968kTfLy6+UhHv2wVHGeucjha9I=","received_hash":"oYXOuol2q/2cEAOR968kTfLy6+UhHv2wVHGeucjha9I=","merchant_oid":"INT31761906363","status":"success","total_amount":"285000"} 
[2025-10-31 13:29:08] local.INFO: Callback verification successful  
[2025-10-31 13:29:09] local.ERROR: Payment callback error {"message":"Attempt to read property \"status\" on null","file":"C:\\xampp\\htdocs\\serbiscrm\\app\\Http\\Controllers\\Frontend\\SubscriptionController.php","line":380,"post_data":{"hash":"oYXOuol2q/2cEAOR968kTfLy6+UhHv2wVHGeucjha9I=","merchant_oid":"INT31761906363","status":"success","total_amount":"285000","payment_type":"card","payment_amount":"285000","currency":"TL","installment_count":"1","merchant_id":"614136","test_mode":"1"}} 
[2025-10-31 13:30:09] local.INFO: Paytr Callback Received: {"hash":"TPudGpEcLvvyaBO01pFtsf1+lDANJNSgytXArwP15ys=","merchant_oid":"INT31761903037","status":"success","total_amount":"180000","payment_type":"card","payment_amount":"180000","currency":"TL","installment_count":"1","merchant_id":"614136","test_mode":"1"} 
[2025-10-31 13:30:09] local.INFO: Callback Hash Verification: {"calculated_hash":"TPudGpEcLvvyaBO01pFtsf1+lDANJNSgytXArwP15ys=","received_hash":"TPudGpEcLvvyaBO01pFtsf1+lDANJNSgytXArwP15ys=","merchant_oid":"INT31761903037","status":"success","total_amount":"180000"} 
[2025-10-31 13:30:09] local.INFO: Callback verification successful  
[2025-10-31 13:30:09] local.ERROR: Payment callback error {"message":"Attempt to read property \"status\" on null","file":"C:\\xampp\\htdocs\\serbiscrm\\app\\Http\\Controllers\\Frontend\\SubscriptionController.php","line":380,"post_data":{"hash":"TPudGpEcLvvyaBO01pFtsf1+lDANJNSgytXArwP15ys=","merchant_oid":"INT31761903037","status":"success","total_amount":"180000","payment_type":"card","payment_amount":"180000","currency":"TL","installment_count":"1","merchant_id":"614136","test_mode":"1"}} 
[2025-10-31 13:30:09] local.INFO: Paytr Callback Received: {"hash":"JtMeIfrJa7iZINQa7hn5tqEwtTfBbXDz4pIxIwYBVss=","merchant_oid":"INT31761903051","status":"failed","total_amount":"0","failed_reason_code":"6","failed_reason_msg":"Müşteri ödeme yapmaktan vazgeçti ve ödeme sayfasından ayrıldı.","payment_type":"card","merchant_id":"614136","test_mode":"1"} 
[2025-10-31 13:30:09] local.INFO: Callback Hash Verification: {"calculated_hash":"JtMeIfrJa7iZINQa7hn5tqEwtTfBbXDz4pIxIwYBVss=","received_hash":"JtMeIfrJa7iZINQa7hn5tqEwtTfBbXDz4pIxIwYBVss=","merchant_oid":"INT31761903051","status":"failed","total_amount":"0"} 
[2025-10-31 13:30:09] local.INFO: Callback verification successful  
[2025-10-31 13:30:09] local.ERROR: Payment callback error {"message":"Attempt to read property \"status\" on null","file":"C:\\xampp\\htdocs\\serbiscrm\\app\\Http\\Controllers\\Frontend\\SubscriptionController.php","line":380,"post_data":{"hash":"JtMeIfrJa7iZINQa7hn5tqEwtTfBbXDz4pIxIwYBVss=","merchant_oid":"INT31761903051","status":"failed","total_amount":"0","failed_reason_code":"6","failed_reason_msg":"Müşteri ödeme yapmaktan vazgeçti ve ödeme sayfasından ayrıldı.","payment_type":"card","merchant_id":"614136","test_mode":"1"}} 
[2025-10-31 13:30:10] local.INFO: Paytr Callback Received: {"hash":"oYXOuol2q/2cEAOR968kTfLy6+UhHv2wVHGeucjha9I=","merchant_oid":"INT31761906363","status":"success","total_amount":"285000","payment_type":"card","payment_amount":"285000","currency":"TL","installment_count":"1","merchant_id":"614136","test_mode":"1"} 
[2025-10-31 13:30:10] local.INFO: Callback Hash Verification: {"calculated_hash":"oYXOuol2q/2cEAOR968kTfLy6+UhHv2wVHGeucjha9I=","received_hash":"oYXOuol2q/2cEAOR968kTfLy6+UhHv2wVHGeucjha9I=","merchant_oid":"INT31761906363","status":"success","total_amount":"285000"} 
[2025-10-31 13:30:10] local.INFO: Callback verification successful  
[2025-10-31 13:30:10] local.ERROR: Payment callback error {"message":"Attempt to read property \"status\" on null","file":"C:\\xampp\\htdocs\\serbiscrm\\app\\Http\\Controllers\\Frontend\\SubscriptionController.php","line":380,"post_data":{"hash":"oYXOuol2q/2cEAOR968kTfLy6+UhHv2wVHGeucjha9I=","merchant_oid":"INT31761906363","status":"success","total_amount":"285000","payment_type":"card","payment_amount":"285000","currency":"TL","installment_count":"1","merchant_id":"614136","test_mode":"1"}} 
[2025-10-31 13:31:08] local.INFO: Paytr Callback Received: {"hash":"TPudGpEcLvvyaBO01pFtsf1+lDANJNSgytXArwP15ys=","merchant_oid":"INT31761903037","status":"success","total_amount":"180000","payment_type":"card","payment_amount":"180000","currency":"TL","installment_count":"1","merchant_id":"614136","test_mode":"1"} 
[2025-10-31 13:31:08] local.INFO: Callback Hash Verification: {"calculated_hash":"TPudGpEcLvvyaBO01pFtsf1+lDANJNSgytXArwP15ys=","received_hash":"TPudGpEcLvvyaBO01pFtsf1+lDANJNSgytXArwP15ys=","merchant_oid":"INT31761903037","status":"success","total_amount":"180000"} 
[2025-10-31 13:31:08] local.INFO: Callback verification successful  
[2025-10-31 13:31:08] local.ERROR: Payment callback error {"message":"Attempt to read property \"status\" on null","file":"C:\\xampp\\htdocs\\serbiscrm\\app\\Http\\Controllers\\Frontend\\SubscriptionController.php","line":380,"post_data":{"hash":"TPudGpEcLvvyaBO01pFtsf1+lDANJNSgytXArwP15ys=","merchant_oid":"INT31761903037","status":"success","total_amount":"180000","payment_type":"card","payment_amount":"180000","currency":"TL","installment_count":"1","merchant_id":"614136","test_mode":"1"}} 
[2025-10-31 13:31:08] local.INFO: Paytr Callback Received: {"hash":"JtMeIfrJa7iZINQa7hn5tqEwtTfBbXDz4pIxIwYBVss=","merchant_oid":"INT31761903051","status":"failed","total_amount":"0","failed_reason_code":"6","failed_reason_msg":"Müşteri ödeme yapmaktan vazgeçti ve ödeme sayfasından ayrıldı.","payment_type":"card","merchant_id":"614136","test_mode":"1"} 
[2025-10-31 13:31:08] local.INFO: Callback Hash Verification: {"calculated_hash":"JtMeIfrJa7iZINQa7hn5tqEwtTfBbXDz4pIxIwYBVss=","received_hash":"JtMeIfrJa7iZINQa7hn5tqEwtTfBbXDz4pIxIwYBVss=","merchant_oid":"INT31761903051","status":"failed","total_amount":"0"} 
[2025-10-31 13:31:08] local.INFO: Callback verification successful  
[2025-10-31 13:31:08] local.ERROR: Payment callback error {"message":"Attempt to read property \"status\" on null","file":"C:\\xampp\\htdocs\\serbiscrm\\app\\Http\\Controllers\\Frontend\\SubscriptionController.php","line":380,"post_data":{"hash":"JtMeIfrJa7iZINQa7hn5tqEwtTfBbXDz4pIxIwYBVss=","merchant_oid":"INT31761903051","status":"failed","total_amount":"0","failed_reason_code":"6","failed_reason_msg":"Müşteri ödeme yapmaktan vazgeçti ve ödeme sayfasından ayrıldı.","payment_type":"card","merchant_id":"614136","test_mode":"1"}} 
[2025-10-31 13:31:09] local.INFO: Paytr Callback Received: {"hash":"oYXOuol2q/2cEAOR968kTfLy6+UhHv2wVHGeucjha9I=","merchant_oid":"INT31761906363","status":"success","total_amount":"285000","payment_type":"card","payment_amount":"285000","currency":"TL","installment_count":"1","merchant_id":"614136","test_mode":"1"} 
[2025-10-31 13:31:09] local.INFO: Callback Hash Verification: {"calculated_hash":"oYXOuol2q/2cEAOR968kTfLy6+UhHv2wVHGeucjha9I=","received_hash":"oYXOuol2q/2cEAOR968kTfLy6+UhHv2wVHGeucjha9I=","merchant_oid":"INT31761906363","status":"success","total_amount":"285000"} 
[2025-10-31 13:31:09] local.INFO: Callback verification successful  
[2025-10-31 13:31:09] local.ERROR: Payment callback error {"message":"Attempt to read property \"status\" on null","file":"C:\\xampp\\htdocs\\serbiscrm\\app\\Http\\Controllers\\Frontend\\SubscriptionController.php","line":380,"post_data":{"hash":"oYXOuol2q/2cEAOR968kTfLy6+UhHv2wVHGeucjha9I=","merchant_oid":"INT31761906363","status":"success","total_amount":"285000","payment_type":"card","payment_amount":"285000","currency":"TL","installment_count":"1","merchant_id":"614136","test_mode":"1"}} 
[2025-10-31 13:32:08] local.INFO: Paytr Callback Received: {"hash":"TPudGpEcLvvyaBO01pFtsf1+lDANJNSgytXArwP15ys=","merchant_oid":"INT31761903037","status":"success","total_amount":"180000","payment_type":"card","payment_amount":"180000","currency":"TL","installment_count":"1","merchant_id":"614136","test_mode":"1"} 
[2025-10-31 13:32:08] local.INFO: Callback Hash Verification: {"calculated_hash":"TPudGpEcLvvyaBO01pFtsf1+lDANJNSgytXArwP15ys=","received_hash":"TPudGpEcLvvyaBO01pFtsf1+lDANJNSgytXArwP15ys=","merchant_oid":"INT31761903037","status":"success","total_amount":"180000"} 
[2025-10-31 13:32:08] local.INFO: Callback verification successful  
[2025-10-31 13:32:08] local.ERROR: Payment callback error {"message":"Attempt to read property \"status\" on null","file":"C:\\xampp\\htdocs\\serbiscrm\\app\\Http\\Controllers\\Frontend\\SubscriptionController.php","line":380,"post_data":{"hash":"TPudGpEcLvvyaBO01pFtsf1+lDANJNSgytXArwP15ys=","merchant_oid":"INT31761903037","status":"success","total_amount":"180000","payment_type":"card","payment_amount":"180000","currency":"TL","installment_count":"1","merchant_id":"614136","test_mode":"1"}} 
[2025-10-31 13:32:09] local.INFO: Paytr Callback Received: {"hash":"JtMeIfrJa7iZINQa7hn5tqEwtTfBbXDz4pIxIwYBVss=","merchant_oid":"INT31761903051","status":"failed","total_amount":"0","failed_reason_code":"6","failed_reason_msg":"Müşteri ödeme yapmaktan vazgeçti ve ödeme sayfasından ayrıldı.","payment_type":"card","merchant_id":"614136","test_mode":"1"} 
[2025-10-31 13:32:09] local.INFO: Callback Hash Verification: {"calculated_hash":"JtMeIfrJa7iZINQa7hn5tqEwtTfBbXDz4pIxIwYBVss=","received_hash":"JtMeIfrJa7iZINQa7hn5tqEwtTfBbXDz4pIxIwYBVss=","merchant_oid":"INT31761903051","status":"failed","total_amount":"0"} 
[2025-10-31 13:32:09] local.INFO: Callback verification successful  
[2025-10-31 13:32:09] local.ERROR: Payment callback error {"message":"Attempt to read property \"status\" on null","file":"C:\\xampp\\htdocs\\serbiscrm\\app\\Http\\Controllers\\Frontend\\SubscriptionController.php","line":380,"post_data":{"hash":"JtMeIfrJa7iZINQa7hn5tqEwtTfBbXDz4pIxIwYBVss=","merchant_oid":"INT31761903051","status":"failed","total_amount":"0","failed_reason_code":"6","failed_reason_msg":"Müşteri ödeme yapmaktan vazgeçti ve ödeme sayfasından ayrıldı.","payment_type":"card","merchant_id":"614136","test_mode":"1"}} 
[2025-10-31 13:32:09] local.INFO: Paytr Callback Received: {"hash":"oYXOuol2q/2cEAOR968kTfLy6+UhHv2wVHGeucjha9I=","merchant_oid":"INT31761906363","status":"success","total_amount":"285000","payment_type":"card","payment_amount":"285000","currency":"TL","installment_count":"1","merchant_id":"614136","test_mode":"1"} 
[2025-10-31 13:32:09] local.INFO: Callback Hash Verification: {"calculated_hash":"oYXOuol2q/2cEAOR968kTfLy6+UhHv2wVHGeucjha9I=","received_hash":"oYXOuol2q/2cEAOR968kTfLy6+UhHv2wVHGeucjha9I=","merchant_oid":"INT31761906363","status":"success","total_amount":"285000"} 
[2025-10-31 13:32:09] local.INFO: Callback verification successful  
[2025-10-31 13:32:09] local.ERROR: Payment callback error {"message":"Attempt to read property \"status\" on null","file":"C:\\xampp\\htdocs\\serbiscrm\\app\\Http\\Controllers\\Frontend\\SubscriptionController.php","line":380,"post_data":{"hash":"oYXOuol2q/2cEAOR968kTfLy6+UhHv2wVHGeucjha9I=","merchant_oid":"INT31761906363","status":"success","total_amount":"285000","payment_type":"card","payment_amount":"285000","currency":"TL","installment_count":"1","merchant_id":"614136","test_mode":"1"}} 
[2025-10-31 13:32:13] local.INFO: All active products count: 0  
[2025-10-31 13:32:13] local.INFO: Final Alerts Result: {"critical_count":0,"low_count":0,"total_products_checked":0} 
[2025-10-31 13:32:23] local.INFO: PayTR Request Data: {"merchant_id":"614136","order_id":"ST271761906743","amount":4999,"user_ip":"78.190.145.61","hash_string":"61413678.190.145.61ST271761906743fiberdev5@gmail.com4999W1siRWsgNUdCIERlcG9sYW1hIiwiNDkuOTkiLDFdXQ==10TL1","token":"IgJidhE5FtN7qL8ao36MWddeMIbHU4CeGFlyNYtm9ak="} 
[2025-10-31 13:32:24] local.INFO: PayTR API Response: {"status":"success","token":"218ea350effc0348665128b93c97ffd8207c685c736d6132375326b5fc8c82db-692882325"} 
[2025-10-31 13:32:32] local.INFO: Paytr Callback Received: {"hash":"g11Rk3LvQktpNW5M8yN9fDObJnDJIYvFjsPgnw6e4+w=","merchant_oid":"ST271761906743","status":"success","total_amount":"4999","payment_type":"card","payment_amount":"4999","currency":"TL","installment_count":"1","merchant_id":"614136","test_mode":"1"} 
[2025-10-31 13:32:32] local.INFO: Callback Hash Verification: {"calculated_hash":"g11Rk3LvQktpNW5M8yN9fDObJnDJIYvFjsPgnw6e4+w=","received_hash":"g11Rk3LvQktpNW5M8yN9fDObJnDJIYvFjsPgnw6e4+w=","merchant_oid":"ST271761906743","status":"success","total_amount":"4999"} 
[2025-10-31 13:32:32] local.INFO: Callback verification successful  
[2025-10-31 13:32:32] local.INFO: Storage payment completed successfully: ST271761906743 {"tenant_id":27,"storage_gb":"5.00","amount":"49.99"} 
[2025-10-31 13:33:07] local.INFO: Paytr Callback Received: {"hash":"TPudGpEcLvvyaBO01pFtsf1+lDANJNSgytXArwP15ys=","merchant_oid":"INT31761903037","status":"success","total_amount":"180000","payment_type":"card","payment_amount":"180000","currency":"TL","installment_count":"1","merchant_id":"614136","test_mode":"1"} 
[2025-10-31 13:33:07] local.INFO: Callback Hash Verification: {"calculated_hash":"TPudGpEcLvvyaBO01pFtsf1+lDANJNSgytXArwP15ys=","received_hash":"TPudGpEcLvvyaBO01pFtsf1+lDANJNSgytXArwP15ys=","merchant_oid":"INT31761903037","status":"success","total_amount":"180000"} 
[2025-10-31 13:33:07] local.INFO: Callback verification successful  
[2025-10-31 13:33:07] local.ERROR: Payment callback error {"message":"Attempt to read property \"status\" on null","file":"C:\\xampp\\htdocs\\serbiscrm\\app\\Http\\Controllers\\Frontend\\SubscriptionController.php","line":380,"post_data":{"hash":"TPudGpEcLvvyaBO01pFtsf1+lDANJNSgytXArwP15ys=","merchant_oid":"INT31761903037","status":"success","total_amount":"180000","payment_type":"card","payment_amount":"180000","currency":"TL","installment_count":"1","merchant_id":"614136","test_mode":"1"}} 
[2025-10-31 13:33:08] local.INFO: Paytr Callback Received: {"hash":"JtMeIfrJa7iZINQa7hn5tqEwtTfBbXDz4pIxIwYBVss=","merchant_oid":"INT31761903051","status":"failed","total_amount":"0","failed_reason_code":"6","failed_reason_msg":"Müşteri ödeme yapmaktan vazgeçti ve ödeme sayfasından ayrıldı.","payment_type":"card","merchant_id":"614136","test_mode":"1"} 
[2025-10-31 13:33:08] local.INFO: Callback Hash Verification: {"calculated_hash":"JtMeIfrJa7iZINQa7hn5tqEwtTfBbXDz4pIxIwYBVss=","received_hash":"JtMeIfrJa7iZINQa7hn5tqEwtTfBbXDz4pIxIwYBVss=","merchant_oid":"INT31761903051","status":"failed","total_amount":"0"} 
[2025-10-31 13:33:08] local.INFO: Callback verification successful  
[2025-10-31 13:33:08] local.ERROR: Payment callback error {"message":"Attempt to read property \"status\" on null","file":"C:\\xampp\\htdocs\\serbiscrm\\app\\Http\\Controllers\\Frontend\\SubscriptionController.php","line":380,"post_data":{"hash":"JtMeIfrJa7iZINQa7hn5tqEwtTfBbXDz4pIxIwYBVss=","merchant_oid":"INT31761903051","status":"failed","total_amount":"0","failed_reason_code":"6","failed_reason_msg":"Müşteri ödeme yapmaktan vazgeçti ve ödeme sayfasından ayrıldı.","payment_type":"card","merchant_id":"614136","test_mode":"1"}} 
[2025-10-31 13:33:09] local.INFO: Paytr Callback Received: {"hash":"oYXOuol2q/2cEAOR968kTfLy6+UhHv2wVHGeucjha9I=","merchant_oid":"INT31761906363","status":"success","total_amount":"285000","payment_type":"card","payment_amount":"285000","currency":"TL","installment_count":"1","merchant_id":"614136","test_mode":"1"} 
[2025-10-31 13:33:09] local.INFO: Callback Hash Verification: {"calculated_hash":"oYXOuol2q/2cEAOR968kTfLy6+UhHv2wVHGeucjha9I=","received_hash":"oYXOuol2q/2cEAOR968kTfLy6+UhHv2wVHGeucjha9I=","merchant_oid":"INT31761906363","status":"success","total_amount":"285000"} 
[2025-10-31 13:33:09] local.INFO: Callback verification successful  
[2025-10-31 13:33:09] local.ERROR: Payment callback error {"message":"Attempt to read property \"status\" on null","file":"C:\\xampp\\htdocs\\serbiscrm\\app\\Http\\Controllers\\Frontend\\SubscriptionController.php","line":380,"post_data":{"hash":"oYXOuol2q/2cEAOR968kTfLy6+UhHv2wVHGeucjha9I=","merchant_oid":"INT31761906363","status":"success","total_amount":"285000","payment_type":"card","payment_amount":"285000","currency":"TL","installment_count":"1","merchant_id":"614136","test_mode":"1"}} 
[2025-10-31 13:34:08] local.INFO: Paytr Callback Received: {"hash":"TPudGpEcLvvyaBO01pFtsf1+lDANJNSgytXArwP15ys=","merchant_oid":"INT31761903037","status":"success","total_amount":"180000","payment_type":"card","payment_amount":"180000","currency":"TL","installment_count":"1","merchant_id":"614136","test_mode":"1"} 
[2025-10-31 13:34:08] local.INFO: Callback Hash Verification: {"calculated_hash":"TPudGpEcLvvyaBO01pFtsf1+lDANJNSgytXArwP15ys=","received_hash":"TPudGpEcLvvyaBO01pFtsf1+lDANJNSgytXArwP15ys=","merchant_oid":"INT31761903037","status":"success","total_amount":"180000"} 
[2025-10-31 13:34:08] local.INFO: Callback verification successful  
[2025-10-31 13:34:08] local.ERROR: Payment callback error {"message":"Attempt to read property \"status\" on null","file":"C:\\xampp\\htdocs\\serbiscrm\\app\\Http\\Controllers\\Frontend\\SubscriptionController.php","line":380,"post_data":{"hash":"TPudGpEcLvvyaBO01pFtsf1+lDANJNSgytXArwP15ys=","merchant_oid":"INT31761903037","status":"success","total_amount":"180000","payment_type":"card","payment_amount":"180000","currency":"TL","installment_count":"1","merchant_id":"614136","test_mode":"1"}} 
[2025-10-31 13:34:08] local.INFO: Paytr Callback Received: {"hash":"JtMeIfrJa7iZINQa7hn5tqEwtTfBbXDz4pIxIwYBVss=","merchant_oid":"INT31761903051","status":"failed","total_amount":"0","failed_reason_code":"6","failed_reason_msg":"Müşteri ödeme yapmaktan vazgeçti ve ödeme sayfasından ayrıldı.","payment_type":"card","merchant_id":"614136","test_mode":"1"} 
[2025-10-31 13:34:08] local.INFO: Callback Hash Verification: {"calculated_hash":"JtMeIfrJa7iZINQa7hn5tqEwtTfBbXDz4pIxIwYBVss=","received_hash":"JtMeIfrJa7iZINQa7hn5tqEwtTfBbXDz4pIxIwYBVss=","merchant_oid":"INT31761903051","status":"failed","total_amount":"0"} 
[2025-10-31 13:34:08] local.INFO: Callback verification successful  
[2025-10-31 13:34:08] local.ERROR: Payment callback error {"message":"Attempt to read property \"status\" on null","file":"C:\\xampp\\htdocs\\serbiscrm\\app\\Http\\Controllers\\Frontend\\SubscriptionController.php","line":380,"post_data":{"hash":"JtMeIfrJa7iZINQa7hn5tqEwtTfBbXDz4pIxIwYBVss=","merchant_oid":"INT31761903051","status":"failed","total_amount":"0","failed_reason_code":"6","failed_reason_msg":"Müşteri ödeme yapmaktan vazgeçti ve ödeme sayfasından ayrıldı.","payment_type":"card","merchant_id":"614136","test_mode":"1"}} 
[2025-10-31 13:34:09] local.INFO: Paytr Callback Received: {"hash":"oYXOuol2q/2cEAOR968kTfLy6+UhHv2wVHGeucjha9I=","merchant_oid":"INT31761906363","status":"success","total_amount":"285000","payment_type":"card","payment_amount":"285000","currency":"TL","installment_count":"1","merchant_id":"614136","test_mode":"1"} 
[2025-10-31 13:34:09] local.INFO: Callback Hash Verification: {"calculated_hash":"oYXOuol2q/2cEAOR968kTfLy6+UhHv2wVHGeucjha9I=","received_hash":"oYXOuol2q/2cEAOR968kTfLy6+UhHv2wVHGeucjha9I=","merchant_oid":"INT31761906363","status":"success","total_amount":"285000"} 
[2025-10-31 13:34:09] local.INFO: Callback verification successful  
[2025-10-31 13:34:09] local.ERROR: Payment callback error {"message":"Attempt to read property \"status\" on null","file":"C:\\xampp\\htdocs\\serbiscrm\\app\\Http\\Controllers\\Frontend\\SubscriptionController.php","line":380,"post_data":{"hash":"oYXOuol2q/2cEAOR968kTfLy6+UhHv2wVHGeucjha9I=","merchant_oid":"INT31761906363","status":"success","total_amount":"285000","payment_type":"card","payment_amount":"285000","currency":"TL","installment_count":"1","merchant_id":"614136","test_mode":"1"}} 
[2025-10-31 13:35:07] local.INFO: Paytr Callback Received: {"hash":"TPudGpEcLvvyaBO01pFtsf1+lDANJNSgytXArwP15ys=","merchant_oid":"INT31761903037","status":"success","total_amount":"180000","payment_type":"card","payment_amount":"180000","currency":"TL","installment_count":"1","merchant_id":"614136","test_mode":"1"} 
[2025-10-31 13:35:07] local.INFO: Callback Hash Verification: {"calculated_hash":"TPudGpEcLvvyaBO01pFtsf1+lDANJNSgytXArwP15ys=","received_hash":"TPudGpEcLvvyaBO01pFtsf1+lDANJNSgytXArwP15ys=","merchant_oid":"INT31761903037","status":"success","total_amount":"180000"} 
[2025-10-31 13:35:07] local.INFO: Callback verification successful  
[2025-10-31 13:35:07] local.ERROR: Payment callback error {"message":"Attempt to read property \"status\" on null","file":"C:\\xampp\\htdocs\\serbiscrm\\app\\Http\\Controllers\\Frontend\\SubscriptionController.php","line":380,"post_data":{"hash":"TPudGpEcLvvyaBO01pFtsf1+lDANJNSgytXArwP15ys=","merchant_oid":"INT31761903037","status":"success","total_amount":"180000","payment_type":"card","payment_amount":"180000","currency":"TL","installment_count":"1","merchant_id":"614136","test_mode":"1"}} 
[2025-10-31 13:35:08] local.INFO: Paytr Callback Received: {"hash":"JtMeIfrJa7iZINQa7hn5tqEwtTfBbXDz4pIxIwYBVss=","merchant_oid":"INT31761903051","status":"failed","total_amount":"0","failed_reason_code":"6","failed_reason_msg":"Müşteri ödeme yapmaktan vazgeçti ve ödeme sayfasından ayrıldı.","payment_type":"card","merchant_id":"614136","test_mode":"1"} 
[2025-10-31 13:35:08] local.INFO: Callback Hash Verification: {"calculated_hash":"JtMeIfrJa7iZINQa7hn5tqEwtTfBbXDz4pIxIwYBVss=","received_hash":"JtMeIfrJa7iZINQa7hn5tqEwtTfBbXDz4pIxIwYBVss=","merchant_oid":"INT31761903051","status":"failed","total_amount":"0"} 
[2025-10-31 13:35:08] local.INFO: Callback verification successful  
[2025-10-31 13:35:08] local.ERROR: Payment callback error {"message":"Attempt to read property \"status\" on null","file":"C:\\xampp\\htdocs\\serbiscrm\\app\\Http\\Controllers\\Frontend\\SubscriptionController.php","line":380,"post_data":{"hash":"JtMeIfrJa7iZINQa7hn5tqEwtTfBbXDz4pIxIwYBVss=","merchant_oid":"INT31761903051","status":"failed","total_amount":"0","failed_reason_code":"6","failed_reason_msg":"Müşteri ödeme yapmaktan vazgeçti ve ödeme sayfasından ayrıldı.","payment_type":"card","merchant_id":"614136","test_mode":"1"}} 
[2025-10-31 13:35:08] local.INFO: Paytr Callback Received: {"hash":"oYXOuol2q/2cEAOR968kTfLy6+UhHv2wVHGeucjha9I=","merchant_oid":"INT31761906363","status":"success","total_amount":"285000","payment_type":"card","payment_amount":"285000","currency":"TL","installment_count":"1","merchant_id":"614136","test_mode":"1"} 
[2025-10-31 13:35:08] local.INFO: Callback Hash Verification: {"calculated_hash":"oYXOuol2q/2cEAOR968kTfLy6+UhHv2wVHGeucjha9I=","received_hash":"oYXOuol2q/2cEAOR968kTfLy6+UhHv2wVHGeucjha9I=","merchant_oid":"INT31761906363","status":"success","total_amount":"285000"} 
[2025-10-31 13:35:08] local.INFO: Callback verification successful  
[2025-10-31 13:35:08] local.ERROR: Payment callback error {"message":"Attempt to read property \"status\" on null","file":"C:\\xampp\\htdocs\\serbiscrm\\app\\Http\\Controllers\\Frontend\\SubscriptionController.php","line":380,"post_data":{"hash":"oYXOuol2q/2cEAOR968kTfLy6+UhHv2wVHGeucjha9I=","merchant_oid":"INT31761906363","status":"success","total_amount":"285000","payment_type":"card","payment_amount":"285000","currency":"TL","installment_count":"1","merchant_id":"614136","test_mode":"1"}} 
[2025-10-31 13:36:06] local.INFO: PayTR Request Data: {"merchant_id":"614136","order_id":"INT271761906966","amount":180000,"user_ip":"78.190.145.61","hash_string":"61413678.190.145.61INT271761906966fiberdev5@gmail.com180000W1siTkVUR1NNIiwiMTgwMC4wMCIsMV1d10TL1","token":"1tPHTZ3R/fVW0X2FjczFMJ+bhJ8jKsGGcblP+VsO4J4="} 
[2025-10-31 13:36:07] local.INFO: PayTR API Response: {"status":"success","token":"bc42a0749975c26dce9544e42d8185b6d8433653c90540cfb58bcf7afa33f26c-692883882"} 
[2025-10-31 13:36:08] local.INFO: Paytr Callback Received: {"hash":"TPudGpEcLvvyaBO01pFtsf1+lDANJNSgytXArwP15ys=","merchant_oid":"INT31761903037","status":"success","total_amount":"180000","payment_type":"card","payment_amount":"180000","currency":"TL","installment_count":"1","merchant_id":"614136","test_mode":"1"} 
[2025-10-31 13:36:08] local.INFO: Callback Hash Verification: {"calculated_hash":"TPudGpEcLvvyaBO01pFtsf1+lDANJNSgytXArwP15ys=","received_hash":"TPudGpEcLvvyaBO01pFtsf1+lDANJNSgytXArwP15ys=","merchant_oid":"INT31761903037","status":"success","total_amount":"180000"} 
[2025-10-31 13:36:08] local.INFO: Callback verification successful  
[2025-10-31 13:36:08] local.ERROR: Payment callback error {"message":"Attempt to read property \"status\" on null","file":"C:\\xampp\\htdocs\\serbiscrm\\app\\Http\\Controllers\\Frontend\\SubscriptionController.php","line":380,"post_data":{"hash":"TPudGpEcLvvyaBO01pFtsf1+lDANJNSgytXArwP15ys=","merchant_oid":"INT31761903037","status":"success","total_amount":"180000","payment_type":"card","payment_amount":"180000","currency":"TL","installment_count":"1","merchant_id":"614136","test_mode":"1"}} 
[2025-10-31 13:36:09] local.INFO: Paytr Callback Received: {"hash":"JtMeIfrJa7iZINQa7hn5tqEwtTfBbXDz4pIxIwYBVss=","merchant_oid":"INT31761903051","status":"failed","total_amount":"0","failed_reason_code":"6","failed_reason_msg":"Müşteri ödeme yapmaktan vazgeçti ve ödeme sayfasından ayrıldı.","payment_type":"card","merchant_id":"614136","test_mode":"1"} 
[2025-10-31 13:36:09] local.INFO: Callback Hash Verification: {"calculated_hash":"JtMeIfrJa7iZINQa7hn5tqEwtTfBbXDz4pIxIwYBVss=","received_hash":"JtMeIfrJa7iZINQa7hn5tqEwtTfBbXDz4pIxIwYBVss=","merchant_oid":"INT31761903051","status":"failed","total_amount":"0"} 
[2025-10-31 13:36:09] local.INFO: Callback verification successful  
[2025-10-31 13:36:09] local.ERROR: Payment callback error {"message":"Attempt to read property \"status\" on null","file":"C:\\xampp\\htdocs\\serbiscrm\\app\\Http\\Controllers\\Frontend\\SubscriptionController.php","line":380,"post_data":{"hash":"JtMeIfrJa7iZINQa7hn5tqEwtTfBbXDz4pIxIwYBVss=","merchant_oid":"INT31761903051","status":"failed","total_amount":"0","failed_reason_code":"6","failed_reason_msg":"Müşteri ödeme yapmaktan vazgeçti ve ödeme sayfasından ayrıldı.","payment_type":"card","merchant_id":"614136","test_mode":"1"}} 
[2025-10-31 13:36:09] local.INFO: Paytr Callback Received: {"hash":"oYXOuol2q/2cEAOR968kTfLy6+UhHv2wVHGeucjha9I=","merchant_oid":"INT31761906363","status":"success","total_amount":"285000","payment_type":"card","payment_amount":"285000","currency":"TL","installment_count":"1","merchant_id":"614136","test_mode":"1"} 
[2025-10-31 13:36:09] local.INFO: Callback Hash Verification: {"calculated_hash":"oYXOuol2q/2cEAOR968kTfLy6+UhHv2wVHGeucjha9I=","received_hash":"oYXOuol2q/2cEAOR968kTfLy6+UhHv2wVHGeucjha9I=","merchant_oid":"INT31761906363","status":"success","total_amount":"285000"} 
[2025-10-31 13:36:09] local.INFO: Callback verification successful  
[2025-10-31 13:36:09] local.ERROR: Payment callback error {"message":"Attempt to read property \"status\" on null","file":"C:\\xampp\\htdocs\\serbiscrm\\app\\Http\\Controllers\\Frontend\\SubscriptionController.php","line":380,"post_data":{"hash":"oYXOuol2q/2cEAOR968kTfLy6+UhHv2wVHGeucjha9I=","merchant_oid":"INT31761906363","status":"success","total_amount":"285000","payment_type":"card","payment_amount":"285000","currency":"TL","installment_count":"1","merchant_id":"614136","test_mode":"1"}} 
[2025-10-31 13:36:13] local.INFO: Paytr Callback Received: {"hash":"e+9H/SUgyP9U7Op9g8ozEvsBxJ9A5RNdo4nbMXgG3Dg=","merchant_oid":"INT271761906966","status":"success","total_amount":"180000","payment_type":"card","payment_amount":"180000","currency":"TL","installment_count":"1","merchant_id":"614136","test_mode":"1"} 
[2025-10-31 13:36:13] local.INFO: Callback Hash Verification: {"calculated_hash":"e+9H/SUgyP9U7Op9g8ozEvsBxJ9A5RNdo4nbMXgG3Dg=","received_hash":"e+9H/SUgyP9U7Op9g8ozEvsBxJ9A5RNdo4nbMXgG3Dg=","merchant_oid":"INT271761906966","status":"success","total_amount":"180000"} 
[2025-10-31 13:36:13] local.INFO: Callback verification successful  
[2025-10-31 13:36:13] local.ERROR: Payment callback error {"message":"Attempt to read property \"status\" on null","file":"C:\\xampp\\htdocs\\serbiscrm\\app\\Http\\Controllers\\Frontend\\SubscriptionController.php","line":380,"post_data":{"hash":"e+9H/SUgyP9U7Op9g8ozEvsBxJ9A5RNdo4nbMXgG3Dg=","merchant_oid":"INT271761906966","status":"success","total_amount":"180000","payment_type":"card","payment_amount":"180000","currency":"TL","installment_count":"1","merchant_id":"614136","test_mode":"1"}} 
[2025-10-31 13:36:17] local.INFO: PayTR Request Data: {"merchant_id":"614136","order_id":"INT271761906977","amount":180000,"user_ip":"78.190.145.61","hash_string":"61413678.190.145.61INT271761906977fiberdev5@gmail.com180000W1siTkVUR1NNIiwiMTgwMC4wMCIsMV1d10TL1","token":"7+2dg69mnBpg1P/Xp6p+BwIuAuo3UcMsO0qKM/KdXQA="} 
[2025-10-31 13:36:18] local.INFO: PayTR API Response: {"status":"success","token":"d51a76825c0ed7f2f9bdc633338561700e6b1f61d6da0bd6181c23c8dfdbc776-692883975"} 
[2025-10-31 13:37:07] local.INFO: Paytr Callback Received: {"hash":"TPudGpEcLvvyaBO01pFtsf1+lDANJNSgytXArwP15ys=","merchant_oid":"INT31761903037","status":"success","total_amount":"180000","payment_type":"card","payment_amount":"180000","currency":"TL","installment_count":"1","merchant_id":"614136","test_mode":"1"} 
[2025-10-31 13:37:07] local.INFO: Callback Hash Verification: {"calculated_hash":"TPudGpEcLvvyaBO01pFtsf1+lDANJNSgytXArwP15ys=","received_hash":"TPudGpEcLvvyaBO01pFtsf1+lDANJNSgytXArwP15ys=","merchant_oid":"INT31761903037","status":"success","total_amount":"180000"} 
[2025-10-31 13:37:07] local.INFO: Callback verification successful  
[2025-10-31 13:37:07] local.ERROR: Payment callback error {"message":"Attempt to read property \"status\" on null","file":"C:\\xampp\\htdocs\\serbiscrm\\app\\Http\\Controllers\\Frontend\\SubscriptionController.php","line":380,"post_data":{"hash":"TPudGpEcLvvyaBO01pFtsf1+lDANJNSgytXArwP15ys=","merchant_oid":"INT31761903037","status":"success","total_amount":"180000","payment_type":"card","payment_amount":"180000","currency":"TL","installment_count":"1","merchant_id":"614136","test_mode":"1"}} 
[2025-10-31 13:37:08] local.INFO: Paytr Callback Received: {"hash":"JtMeIfrJa7iZINQa7hn5tqEwtTfBbXDz4pIxIwYBVss=","merchant_oid":"INT31761903051","status":"failed","total_amount":"0","failed_reason_code":"6","failed_reason_msg":"Müşteri ödeme yapmaktan vazgeçti ve ödeme sayfasından ayrıldı.","payment_type":"card","merchant_id":"614136","test_mode":"1"} 
[2025-10-31 13:37:08] local.INFO: Callback Hash Verification: {"calculated_hash":"JtMeIfrJa7iZINQa7hn5tqEwtTfBbXDz4pIxIwYBVss=","received_hash":"JtMeIfrJa7iZINQa7hn5tqEwtTfBbXDz4pIxIwYBVss=","merchant_oid":"INT31761903051","status":"failed","total_amount":"0"} 
[2025-10-31 13:37:08] local.INFO: Callback verification successful  
[2025-10-31 13:37:08] local.ERROR: Payment callback error {"message":"Attempt to read property \"status\" on null","file":"C:\\xampp\\htdocs\\serbiscrm\\app\\Http\\Controllers\\Frontend\\SubscriptionController.php","line":380,"post_data":{"hash":"JtMeIfrJa7iZINQa7hn5tqEwtTfBbXDz4pIxIwYBVss=","merchant_oid":"INT31761903051","status":"failed","total_amount":"0","failed_reason_code":"6","failed_reason_msg":"Müşteri ödeme yapmaktan vazgeçti ve ödeme sayfasından ayrıldı.","payment_type":"card","merchant_id":"614136","test_mode":"1"}} 
[2025-10-31 13:37:08] local.INFO: Paytr Callback Received: {"hash":"oYXOuol2q/2cEAOR968kTfLy6+UhHv2wVHGeucjha9I=","merchant_oid":"INT31761906363","status":"success","total_amount":"285000","payment_type":"card","payment_amount":"285000","currency":"TL","installment_count":"1","merchant_id":"614136","test_mode":"1"} 
[2025-10-31 13:37:08] local.INFO: Callback Hash Verification: {"calculated_hash":"oYXOuol2q/2cEAOR968kTfLy6+UhHv2wVHGeucjha9I=","received_hash":"oYXOuol2q/2cEAOR968kTfLy6+UhHv2wVHGeucjha9I=","merchant_oid":"INT31761906363","status":"success","total_amount":"285000"} 
[2025-10-31 13:37:08] local.INFO: Callback verification successful  
[2025-10-31 13:37:08] local.ERROR: Payment callback error {"message":"Attempt to read property \"status\" on null","file":"C:\\xampp\\htdocs\\serbiscrm\\app\\Http\\Controllers\\Frontend\\SubscriptionController.php","line":380,"post_data":{"hash":"oYXOuol2q/2cEAOR968kTfLy6+UhHv2wVHGeucjha9I=","merchant_oid":"INT31761906363","status":"success","total_amount":"285000","payment_type":"card","payment_amount":"285000","currency":"TL","installment_count":"1","merchant_id":"614136","test_mode":"1"}} 
[2025-10-31 13:37:09] local.INFO: Paytr Callback Received: {"hash":"e+9H/SUgyP9U7Op9g8ozEvsBxJ9A5RNdo4nbMXgG3Dg=","merchant_oid":"INT271761906966","status":"success","total_amount":"180000","payment_type":"card","payment_amount":"180000","currency":"TL","installment_count":"1","merchant_id":"614136","test_mode":"1"} 
[2025-10-31 13:37:09] local.INFO: Callback Hash Verification: {"calculated_hash":"e+9H/SUgyP9U7Op9g8ozEvsBxJ9A5RNdo4nbMXgG3Dg=","received_hash":"e+9H/SUgyP9U7Op9g8ozEvsBxJ9A5RNdo4nbMXgG3Dg=","merchant_oid":"INT271761906966","status":"success","total_amount":"180000"} 
[2025-10-31 13:37:09] local.INFO: Callback verification successful  
[2025-10-31 13:37:09] local.ERROR: Payment callback error {"message":"Attempt to read property \"status\" on null","file":"C:\\xampp\\htdocs\\serbiscrm\\app\\Http\\Controllers\\Frontend\\SubscriptionController.php","line":380,"post_data":{"hash":"e+9H/SUgyP9U7Op9g8ozEvsBxJ9A5RNdo4nbMXgG3Dg=","merchant_oid":"INT271761906966","status":"success","total_amount":"180000","payment_type":"card","payment_amount":"180000","currency":"TL","installment_count":"1","merchant_id":"614136","test_mode":"1"}} 
[2025-10-31 13:38:08] local.INFO: Paytr Callback Received: {"hash":"TPudGpEcLvvyaBO01pFtsf1+lDANJNSgytXArwP15ys=","merchant_oid":"INT31761903037","status":"success","total_amount":"180000","payment_type":"card","payment_amount":"180000","currency":"TL","installment_count":"1","merchant_id":"614136","test_mode":"1"} 
[2025-10-31 13:38:08] local.INFO: Callback Hash Verification: {"calculated_hash":"TPudGpEcLvvyaBO01pFtsf1+lDANJNSgytXArwP15ys=","received_hash":"TPudGpEcLvvyaBO01pFtsf1+lDANJNSgytXArwP15ys=","merchant_oid":"INT31761903037","status":"success","total_amount":"180000"} 
[2025-10-31 13:38:08] local.INFO: Callback verification successful  
[2025-10-31 13:38:08] local.ERROR: Payment callback error {"message":"Attempt to read property \"status\" on null","file":"C:\\xampp\\htdocs\\serbiscrm\\app\\Http\\Controllers\\Frontend\\SubscriptionController.php","line":380,"post_data":{"hash":"TPudGpEcLvvyaBO01pFtsf1+lDANJNSgytXArwP15ys=","merchant_oid":"INT31761903037","status":"success","total_amount":"180000","payment_type":"card","payment_amount":"180000","currency":"TL","installment_count":"1","merchant_id":"614136","test_mode":"1"}} 
[2025-10-31 13:38:08] local.INFO: Paytr Callback Received: {"hash":"JtMeIfrJa7iZINQa7hn5tqEwtTfBbXDz4pIxIwYBVss=","merchant_oid":"INT31761903051","status":"failed","total_amount":"0","failed_reason_code":"6","failed_reason_msg":"Müşteri ödeme yapmaktan vazgeçti ve ödeme sayfasından ayrıldı.","payment_type":"card","merchant_id":"614136","test_mode":"1"} 
[2025-10-31 13:38:08] local.INFO: Callback Hash Verification: {"calculated_hash":"JtMeIfrJa7iZINQa7hn5tqEwtTfBbXDz4pIxIwYBVss=","received_hash":"JtMeIfrJa7iZINQa7hn5tqEwtTfBbXDz4pIxIwYBVss=","merchant_oid":"INT31761903051","status":"failed","total_amount":"0"} 
[2025-10-31 13:38:08] local.INFO: Callback verification successful  
[2025-10-31 13:38:08] local.ERROR: Payment callback error {"message":"Attempt to read property \"status\" on null","file":"C:\\xampp\\htdocs\\serbiscrm\\app\\Http\\Controllers\\Frontend\\SubscriptionController.php","line":380,"post_data":{"hash":"JtMeIfrJa7iZINQa7hn5tqEwtTfBbXDz4pIxIwYBVss=","merchant_oid":"INT31761903051","status":"failed","total_amount":"0","failed_reason_code":"6","failed_reason_msg":"Müşteri ödeme yapmaktan vazgeçti ve ödeme sayfasından ayrıldı.","payment_type":"card","merchant_id":"614136","test_mode":"1"}} 
[2025-10-31 13:38:09] local.INFO: Paytr Callback Received: {"hash":"oYXOuol2q/2cEAOR968kTfLy6+UhHv2wVHGeucjha9I=","merchant_oid":"INT31761906363","status":"success","total_amount":"285000","payment_type":"card","payment_amount":"285000","currency":"TL","installment_count":"1","merchant_id":"614136","test_mode":"1"} 
[2025-10-31 13:38:09] local.INFO: Callback Hash Verification: {"calculated_hash":"oYXOuol2q/2cEAOR968kTfLy6+UhHv2wVHGeucjha9I=","received_hash":"oYXOuol2q/2cEAOR968kTfLy6+UhHv2wVHGeucjha9I=","merchant_oid":"INT31761906363","status":"success","total_amount":"285000"} 
[2025-10-31 13:38:09] local.INFO: Callback verification successful  
[2025-10-31 13:38:09] local.ERROR: Payment callback error {"message":"Attempt to read property \"status\" on null","file":"C:\\xampp\\htdocs\\serbiscrm\\app\\Http\\Controllers\\Frontend\\SubscriptionController.php","line":380,"post_data":{"hash":"oYXOuol2q/2cEAOR968kTfLy6+UhHv2wVHGeucjha9I=","merchant_oid":"INT31761906363","status":"success","total_amount":"285000","payment_type":"card","payment_amount":"285000","currency":"TL","installment_count":"1","merchant_id":"614136","test_mode":"1"}} 
[2025-10-31 13:38:09] local.INFO: Paytr Callback Received: {"hash":"e+9H/SUgyP9U7Op9g8ozEvsBxJ9A5RNdo4nbMXgG3Dg=","merchant_oid":"INT271761906966","status":"success","total_amount":"180000","payment_type":"card","payment_amount":"180000","currency":"TL","installment_count":"1","merchant_id":"614136","test_mode":"1"} 
[2025-10-31 13:38:09] local.INFO: Callback Hash Verification: {"calculated_hash":"e+9H/SUgyP9U7Op9g8ozEvsBxJ9A5RNdo4nbMXgG3Dg=","received_hash":"e+9H/SUgyP9U7Op9g8ozEvsBxJ9A5RNdo4nbMXgG3Dg=","merchant_oid":"INT271761906966","status":"success","total_amount":"180000"} 
[2025-10-31 13:38:09] local.INFO: Callback verification successful  
[2025-10-31 13:38:09] local.ERROR: Payment callback error {"message":"Attempt to read property \"status\" on null","file":"C:\\xampp\\htdocs\\serbiscrm\\app\\Http\\Controllers\\Frontend\\SubscriptionController.php","line":380,"post_data":{"hash":"e+9H/SUgyP9U7Op9g8ozEvsBxJ9A5RNdo4nbMXgG3Dg=","merchant_oid":"INT271761906966","status":"success","total_amount":"180000","payment_type":"card","payment_amount":"180000","currency":"TL","installment_count":"1","merchant_id":"614136","test_mode":"1"}} 
[2025-10-31 13:39:11] local.INFO: Paytr Callback Received: {"hash":"TPudGpEcLvvyaBO01pFtsf1+lDANJNSgytXArwP15ys=","merchant_oid":"INT31761903037","status":"success","total_amount":"180000","payment_type":"card","payment_amount":"180000","currency":"TL","installment_count":"1","merchant_id":"614136","test_mode":"1"} 
[2025-10-31 13:39:11] local.INFO: Callback Hash Verification: {"calculated_hash":"TPudGpEcLvvyaBO01pFtsf1+lDANJNSgytXArwP15ys=","received_hash":"TPudGpEcLvvyaBO01pFtsf1+lDANJNSgytXArwP15ys=","merchant_oid":"INT31761903037","status":"success","total_amount":"180000"} 
[2025-10-31 13:39:11] local.INFO: Callback verification successful  
[2025-10-31 13:39:11] local.ERROR: Payment callback error {"message":"Attempt to read property \"status\" on null","file":"C:\\xampp\\htdocs\\serbiscrm\\app\\Http\\Controllers\\Frontend\\SubscriptionController.php","line":380,"post_data":{"hash":"TPudGpEcLvvyaBO01pFtsf1+lDANJNSgytXArwP15ys=","merchant_oid":"INT31761903037","status":"success","total_amount":"180000","payment_type":"card","payment_amount":"180000","currency":"TL","installment_count":"1","merchant_id":"614136","test_mode":"1"}} 
[2025-10-31 13:39:12] local.INFO: Paytr Callback Received: {"hash":"JtMeIfrJa7iZINQa7hn5tqEwtTfBbXDz4pIxIwYBVss=","merchant_oid":"INT31761903051","status":"failed","total_amount":"0","failed_reason_code":"6","failed_reason_msg":"Müşteri ödeme yapmaktan vazgeçti ve ödeme sayfasından ayrıldı.","payment_type":"card","merchant_id":"614136","test_mode":"1"} 
[2025-10-31 13:39:12] local.INFO: Callback Hash Verification: {"calculated_hash":"JtMeIfrJa7iZINQa7hn5tqEwtTfBbXDz4pIxIwYBVss=","received_hash":"JtMeIfrJa7iZINQa7hn5tqEwtTfBbXDz4pIxIwYBVss=","merchant_oid":"INT31761903051","status":"failed","total_amount":"0"} 
[2025-10-31 13:39:12] local.INFO: Callback verification successful  
[2025-10-31 13:39:12] local.ERROR: Payment callback error {"message":"Attempt to read property \"status\" on null","file":"C:\\xampp\\htdocs\\serbiscrm\\app\\Http\\Controllers\\Frontend\\SubscriptionController.php","line":380,"post_data":{"hash":"JtMeIfrJa7iZINQa7hn5tqEwtTfBbXDz4pIxIwYBVss=","merchant_oid":"INT31761903051","status":"failed","total_amount":"0","failed_reason_code":"6","failed_reason_msg":"Müşteri ödeme yapmaktan vazgeçti ve ödeme sayfasından ayrıldı.","payment_type":"card","merchant_id":"614136","test_mode":"1"}} 
[2025-10-31 13:39:12] local.INFO: Paytr Callback Received: {"hash":"oYXOuol2q/2cEAOR968kTfLy6+UhHv2wVHGeucjha9I=","merchant_oid":"INT31761906363","status":"success","total_amount":"285000","payment_type":"card","payment_amount":"285000","currency":"TL","installment_count":"1","merchant_id":"614136","test_mode":"1"} 
[2025-10-31 13:39:12] local.INFO: Callback Hash Verification: {"calculated_hash":"oYXOuol2q/2cEAOR968kTfLy6+UhHv2wVHGeucjha9I=","received_hash":"oYXOuol2q/2cEAOR968kTfLy6+UhHv2wVHGeucjha9I=","merchant_oid":"INT31761906363","status":"success","total_amount":"285000"} 
[2025-10-31 13:39:12] local.INFO: Callback verification successful  
[2025-10-31 13:39:12] local.ERROR: Payment callback error {"message":"Attempt to read property \"status\" on null","file":"C:\\xampp\\htdocs\\serbiscrm\\app\\Http\\Controllers\\Frontend\\SubscriptionController.php","line":380,"post_data":{"hash":"oYXOuol2q/2cEAOR968kTfLy6+UhHv2wVHGeucjha9I=","merchant_oid":"INT31761906363","status":"success","total_amount":"285000","payment_type":"card","payment_amount":"285000","currency":"TL","installment_count":"1","merchant_id":"614136","test_mode":"1"}} 
[2025-10-31 13:39:13] local.INFO: Paytr Callback Received: {"hash":"e+9H/SUgyP9U7Op9g8ozEvsBxJ9A5RNdo4nbMXgG3Dg=","merchant_oid":"INT271761906966","status":"success","total_amount":"180000","payment_type":"card","payment_amount":"180000","currency":"TL","installment_count":"1","merchant_id":"614136","test_mode":"1"} 
[2025-10-31 13:39:13] local.INFO: Callback Hash Verification: {"calculated_hash":"e+9H/SUgyP9U7Op9g8ozEvsBxJ9A5RNdo4nbMXgG3Dg=","received_hash":"e+9H/SUgyP9U7Op9g8ozEvsBxJ9A5RNdo4nbMXgG3Dg=","merchant_oid":"INT271761906966","status":"success","total_amount":"180000"} 
[2025-10-31 13:39:13] local.INFO: Callback verification successful  
[2025-10-31 13:39:13] local.ERROR: Payment callback error {"message":"Attempt to read property \"status\" on null","file":"C:\\xampp\\htdocs\\serbiscrm\\app\\Http\\Controllers\\Frontend\\SubscriptionController.php","line":380,"post_data":{"hash":"e+9H/SUgyP9U7Op9g8ozEvsBxJ9A5RNdo4nbMXgG3Dg=","merchant_oid":"INT271761906966","status":"success","total_amount":"180000","payment_type":"card","payment_amount":"180000","currency":"TL","installment_count":"1","merchant_id":"614136","test_mode":"1"}} 
[2025-10-31 13:40:08] local.INFO: Paytr Callback Received: {"hash":"TPudGpEcLvvyaBO01pFtsf1+lDANJNSgytXArwP15ys=","merchant_oid":"INT31761903037","status":"success","total_amount":"180000","payment_type":"card","payment_amount":"180000","currency":"TL","installment_count":"1","merchant_id":"614136","test_mode":"1"} 
[2025-10-31 13:40:08] local.INFO: Callback Hash Verification: {"calculated_hash":"TPudGpEcLvvyaBO01pFtsf1+lDANJNSgytXArwP15ys=","received_hash":"TPudGpEcLvvyaBO01pFtsf1+lDANJNSgytXArwP15ys=","merchant_oid":"INT31761903037","status":"success","total_amount":"180000"} 
[2025-10-31 13:40:08] local.INFO: Callback verification successful  
[2025-10-31 13:40:08] local.ERROR: Payment callback error {"message":"Attempt to read property \"status\" on null","file":"C:\\xampp\\htdocs\\serbiscrm\\app\\Http\\Controllers\\Frontend\\SubscriptionController.php","line":380,"post_data":{"hash":"TPudGpEcLvvyaBO01pFtsf1+lDANJNSgytXArwP15ys=","merchant_oid":"INT31761903037","status":"success","total_amount":"180000","payment_type":"card","payment_amount":"180000","currency":"TL","installment_count":"1","merchant_id":"614136","test_mode":"1"}} 
[2025-10-31 13:40:09] local.INFO: Paytr Callback Received: {"hash":"JtMeIfrJa7iZINQa7hn5tqEwtTfBbXDz4pIxIwYBVss=","merchant_oid":"INT31761903051","status":"failed","total_amount":"0","failed_reason_code":"6","failed_reason_msg":"Müşteri ödeme yapmaktan vazgeçti ve ödeme sayfasından ayrıldı.","payment_type":"card","merchant_id":"614136","test_mode":"1"} 
[2025-10-31 13:40:09] local.INFO: Callback Hash Verification: {"calculated_hash":"JtMeIfrJa7iZINQa7hn5tqEwtTfBbXDz4pIxIwYBVss=","received_hash":"JtMeIfrJa7iZINQa7hn5tqEwtTfBbXDz4pIxIwYBVss=","merchant_oid":"INT31761903051","status":"failed","total_amount":"0"} 
[2025-10-31 13:40:09] local.INFO: Callback verification successful  
[2025-10-31 13:40:09] local.ERROR: Payment callback error {"message":"Attempt to read property \"status\" on null","file":"C:\\xampp\\htdocs\\serbiscrm\\app\\Http\\Controllers\\Frontend\\SubscriptionController.php","line":380,"post_data":{"hash":"JtMeIfrJa7iZINQa7hn5tqEwtTfBbXDz4pIxIwYBVss=","merchant_oid":"INT31761903051","status":"failed","total_amount":"0","failed_reason_code":"6","failed_reason_msg":"Müşteri ödeme yapmaktan vazgeçti ve ödeme sayfasından ayrıldı.","payment_type":"card","merchant_id":"614136","test_mode":"1"}} 
[2025-10-31 13:40:09] local.INFO: Paytr Callback Received: {"hash":"oYXOuol2q/2cEAOR968kTfLy6+UhHv2wVHGeucjha9I=","merchant_oid":"INT31761906363","status":"success","total_amount":"285000","payment_type":"card","payment_amount":"285000","currency":"TL","installment_count":"1","merchant_id":"614136","test_mode":"1"} 
[2025-10-31 13:40:09] local.INFO: Callback Hash Verification: {"calculated_hash":"oYXOuol2q/2cEAOR968kTfLy6+UhHv2wVHGeucjha9I=","received_hash":"oYXOuol2q/2cEAOR968kTfLy6+UhHv2wVHGeucjha9I=","merchant_oid":"INT31761906363","status":"success","total_amount":"285000"} 
[2025-10-31 13:40:09] local.INFO: Callback verification successful  
[2025-10-31 13:40:10] local.ERROR: Payment callback error {"message":"Attempt to read property \"status\" on null","file":"C:\\xampp\\htdocs\\serbiscrm\\app\\Http\\Controllers\\Frontend\\SubscriptionController.php","line":380,"post_data":{"hash":"oYXOuol2q/2cEAOR968kTfLy6+UhHv2wVHGeucjha9I=","merchant_oid":"INT31761906363","status":"success","total_amount":"285000","payment_type":"card","payment_amount":"285000","currency":"TL","installment_count":"1","merchant_id":"614136","test_mode":"1"}} 
[2025-10-31 13:40:10] local.INFO: Paytr Callback Received: {"hash":"e+9H/SUgyP9U7Op9g8ozEvsBxJ9A5RNdo4nbMXgG3Dg=","merchant_oid":"INT271761906966","status":"success","total_amount":"180000","payment_type":"card","payment_amount":"180000","currency":"TL","installment_count":"1","merchant_id":"614136","test_mode":"1"} 
[2025-10-31 13:40:10] local.INFO: Callback Hash Verification: {"calculated_hash":"e+9H/SUgyP9U7Op9g8ozEvsBxJ9A5RNdo4nbMXgG3Dg=","received_hash":"e+9H/SUgyP9U7Op9g8ozEvsBxJ9A5RNdo4nbMXgG3Dg=","merchant_oid":"INT271761906966","status":"success","total_amount":"180000"} 
[2025-10-31 13:40:10] local.INFO: Callback verification successful  
[2025-10-31 13:40:10] local.ERROR: Payment callback error {"message":"Attempt to read property \"status\" on null","file":"C:\\xampp\\htdocs\\serbiscrm\\app\\Http\\Controllers\\Frontend\\SubscriptionController.php","line":380,"post_data":{"hash":"e+9H/SUgyP9U7Op9g8ozEvsBxJ9A5RNdo4nbMXgG3Dg=","merchant_oid":"INT271761906966","status":"success","total_amount":"180000","payment_type":"card","payment_amount":"180000","currency":"TL","installment_count":"1","merchant_id":"614136","test_mode":"1"}} 
[2025-10-31 13:40:29] local.INFO: All active products count: 0  
[2025-10-31 13:40:29] local.INFO: Final Alerts Result: {"critical_count":0,"low_count":0,"total_products_checked":0} 
[2025-10-31 13:40:36] local.INFO: PayTR Request Data: {"merchant_id":"614136","order_id":"INT271761907236","amount":180000,"user_ip":"78.190.145.61","hash_string":"61413678.190.145.61INT271761907236fiberdev5@gmail.com180000W1siTkVUR1NNIiwiMTgwMC4wMCIsMV1d10TL1","token":"Ll2BrDlOJ6STF1DcCizhdSjoYVU0COGJFZwFesvOmrM="} 
[2025-10-31 13:40:36] local.INFO: PayTR API Response: {"status":"success","token":"cf1f6e4f51a4c35c0523090109c4f62c7739838b0828e03476fe23dc38faccfd-692885763"} 
[2025-10-31 13:40:44] local.INFO: Paytr Callback Received: {"hash":"qkWq07B7CIey60bpksGR0s+3dCthiwUJaKlTe68PBNI=","merchant_oid":"INT271761907236","status":"success","total_amount":"180000","payment_type":"card","payment_amount":"180000","currency":"TL","installment_count":"1","merchant_id":"614136","test_mode":"1"} 
[2025-10-31 13:40:44] local.INFO: Callback Hash Verification: {"calculated_hash":"qkWq07B7CIey60bpksGR0s+3dCthiwUJaKlTe68PBNI=","received_hash":"qkWq07B7CIey60bpksGR0s+3dCthiwUJaKlTe68PBNI=","merchant_oid":"INT271761907236","status":"success","total_amount":"180000"} 
[2025-10-31 13:40:44] local.INFO: Callback verification successful  
[2025-10-31 13:40:44] local.ERROR: Payment callback error {"message":"Attempt to read property \"status\" on null","file":"C:\\xampp\\htdocs\\serbiscrm\\app\\Http\\Controllers\\Frontend\\SubscriptionController.php","line":380,"post_data":{"hash":"qkWq07B7CIey60bpksGR0s+3dCthiwUJaKlTe68PBNI=","merchant_oid":"INT271761907236","status":"success","total_amount":"180000","payment_type":"card","payment_amount":"180000","currency":"TL","installment_count":"1","merchant_id":"614136","test_mode":"1"}} 
[2025-10-31 13:40:48] local.INFO: PayTR Request Data: {"merchant_id":"614136","order_id":"INT271761907248","amount":180000,"user_ip":"78.190.145.61","hash_string":"61413678.190.145.61INT271761907248fiberdev5@gmail.com180000W1siTkVUR1NNIiwiMTgwMC4wMCIsMV1d10TL1","token":"z12pfdHCZwhkLgFEBaNYL9yC2ozPHGFqBBRDVoI07LQ="} 
[2025-10-31 13:40:49] local.INFO: PayTR API Response: {"status":"success","token":"2bcbeea33b8e9dca8fe9388ebf866ee6194feb25c5154a6bcbab7c8f75e9df83-692885841"} 
[2025-10-31 13:41:11] local.INFO: Paytr Callback Received: {"hash":"TPudGpEcLvvyaBO01pFtsf1+lDANJNSgytXArwP15ys=","merchant_oid":"INT31761903037","status":"success","total_amount":"180000","payment_type":"card","payment_amount":"180000","currency":"TL","installment_count":"1","merchant_id":"614136","test_mode":"1"} 
[2025-10-31 13:41:11] local.INFO: Callback Hash Verification: {"calculated_hash":"TPudGpEcLvvyaBO01pFtsf1+lDANJNSgytXArwP15ys=","received_hash":"TPudGpEcLvvyaBO01pFtsf1+lDANJNSgytXArwP15ys=","merchant_oid":"INT31761903037","status":"success","total_amount":"180000"} 
[2025-10-31 13:41:11] local.INFO: Callback verification successful  
[2025-10-31 13:41:12] local.ERROR: Payment callback error {"message":"Attempt to read property \"status\" on null","file":"C:\\xampp\\htdocs\\serbiscrm\\app\\Http\\Controllers\\Frontend\\SubscriptionController.php","line":380,"post_data":{"hash":"TPudGpEcLvvyaBO01pFtsf1+lDANJNSgytXArwP15ys=","merchant_oid":"INT31761903037","status":"success","total_amount":"180000","payment_type":"card","payment_amount":"180000","currency":"TL","installment_count":"1","merchant_id":"614136","test_mode":"1"}} 
[2025-10-31 13:41:13] local.INFO: Paytr Callback Received: {"hash":"JtMeIfrJa7iZINQa7hn5tqEwtTfBbXDz4pIxIwYBVss=","merchant_oid":"INT31761903051","status":"failed","total_amount":"0","failed_reason_code":"6","failed_reason_msg":"Müşteri ödeme yapmaktan vazgeçti ve ödeme sayfasından ayrıldı.","payment_type":"card","merchant_id":"614136","test_mode":"1"} 
[2025-10-31 13:41:13] local.INFO: Callback Hash Verification: {"calculated_hash":"JtMeIfrJa7iZINQa7hn5tqEwtTfBbXDz4pIxIwYBVss=","received_hash":"JtMeIfrJa7iZINQa7hn5tqEwtTfBbXDz4pIxIwYBVss=","merchant_oid":"INT31761903051","status":"failed","total_amount":"0"} 
[2025-10-31 13:41:13] local.INFO: Callback verification successful  
[2025-10-31 13:41:13] local.ERROR: Payment callback error {"message":"Attempt to read property \"status\" on null","file":"C:\\xampp\\htdocs\\serbiscrm\\app\\Http\\Controllers\\Frontend\\SubscriptionController.php","line":380,"post_data":{"hash":"JtMeIfrJa7iZINQa7hn5tqEwtTfBbXDz4pIxIwYBVss=","merchant_oid":"INT31761903051","status":"failed","total_amount":"0","failed_reason_code":"6","failed_reason_msg":"Müşteri ödeme yapmaktan vazgeçti ve ödeme sayfasından ayrıldı.","payment_type":"card","merchant_id":"614136","test_mode":"1"}} 
[2025-10-31 13:41:14] local.INFO: Paytr Callback Received: {"hash":"oYXOuol2q/2cEAOR968kTfLy6+UhHv2wVHGeucjha9I=","merchant_oid":"INT31761906363","status":"success","total_amount":"285000","payment_type":"card","payment_amount":"285000","currency":"TL","installment_count":"1","merchant_id":"614136","test_mode":"1"} 
[2025-10-31 13:41:14] local.INFO: Callback Hash Verification: {"calculated_hash":"oYXOuol2q/2cEAOR968kTfLy6+UhHv2wVHGeucjha9I=","received_hash":"oYXOuol2q/2cEAOR968kTfLy6+UhHv2wVHGeucjha9I=","merchant_oid":"INT31761906363","status":"success","total_amount":"285000"} 
[2025-10-31 13:41:14] local.INFO: Callback verification successful  
[2025-10-31 13:41:14] local.ERROR: Payment callback error {"message":"Attempt to read property \"status\" on null","file":"C:\\xampp\\htdocs\\serbiscrm\\app\\Http\\Controllers\\Frontend\\SubscriptionController.php","line":380,"post_data":{"hash":"oYXOuol2q/2cEAOR968kTfLy6+UhHv2wVHGeucjha9I=","merchant_oid":"INT31761906363","status":"success","total_amount":"285000","payment_type":"card","payment_amount":"285000","currency":"TL","installment_count":"1","merchant_id":"614136","test_mode":"1"}} 
[2025-10-31 13:41:14] local.INFO: Paytr Callback Received: {"hash":"e+9H/SUgyP9U7Op9g8ozEvsBxJ9A5RNdo4nbMXgG3Dg=","merchant_oid":"INT271761906966","status":"success","total_amount":"180000","payment_type":"card","payment_amount":"180000","currency":"TL","installment_count":"1","merchant_id":"614136","test_mode":"1"} 
[2025-10-31 13:41:14] local.INFO: Callback Hash Verification: {"calculated_hash":"e+9H/SUgyP9U7Op9g8ozEvsBxJ9A5RNdo4nbMXgG3Dg=","received_hash":"e+9H/SUgyP9U7Op9g8ozEvsBxJ9A5RNdo4nbMXgG3Dg=","merchant_oid":"INT271761906966","status":"success","total_amount":"180000"} 
[2025-10-31 13:41:14] local.INFO: Callback verification successful  
[2025-10-31 13:41:14] local.ERROR: Payment callback error {"message":"Attempt to read property \"status\" on null","file":"C:\\xampp\\htdocs\\serbiscrm\\app\\Http\\Controllers\\Frontend\\SubscriptionController.php","line":380,"post_data":{"hash":"e+9H/SUgyP9U7Op9g8ozEvsBxJ9A5RNdo4nbMXgG3Dg=","merchant_oid":"INT271761906966","status":"success","total_amount":"180000","payment_type":"card","payment_amount":"180000","currency":"TL","installment_count":"1","merchant_id":"614136","test_mode":"1"}} 
[2025-10-31 13:41:15] local.INFO: Paytr Callback Received: {"hash":"qkWq07B7CIey60bpksGR0s+3dCthiwUJaKlTe68PBNI=","merchant_oid":"INT271761907236","status":"success","total_amount":"180000","payment_type":"card","payment_amount":"180000","currency":"TL","installment_count":"1","merchant_id":"614136","test_mode":"1"} 
[2025-10-31 13:41:15] local.INFO: Callback Hash Verification: {"calculated_hash":"qkWq07B7CIey60bpksGR0s+3dCthiwUJaKlTe68PBNI=","received_hash":"qkWq07B7CIey60bpksGR0s+3dCthiwUJaKlTe68PBNI=","merchant_oid":"INT271761907236","status":"success","total_amount":"180000"} 
[2025-10-31 13:41:15] local.INFO: Callback verification successful  
[2025-10-31 13:41:15] local.ERROR: Payment callback error {"message":"Attempt to read property \"status\" on null","file":"C:\\xampp\\htdocs\\serbiscrm\\app\\Http\\Controllers\\Frontend\\SubscriptionController.php","line":380,"post_data":{"hash":"qkWq07B7CIey60bpksGR0s+3dCthiwUJaKlTe68PBNI=","merchant_oid":"INT271761907236","status":"success","total_amount":"180000","payment_type":"card","payment_amount":"180000","currency":"TL","installment_count":"1","merchant_id":"614136","test_mode":"1"}} 
[2025-10-31 13:42:08] local.INFO: Paytr Callback Received: {"hash":"TPudGpEcLvvyaBO01pFtsf1+lDANJNSgytXArwP15ys=","merchant_oid":"INT31761903037","status":"success","total_amount":"180000","payment_type":"card","payment_amount":"180000","currency":"TL","installment_count":"1","merchant_id":"614136","test_mode":"1"} 
[2025-10-31 13:42:08] local.INFO: Callback Hash Verification: {"calculated_hash":"TPudGpEcLvvyaBO01pFtsf1+lDANJNSgytXArwP15ys=","received_hash":"TPudGpEcLvvyaBO01pFtsf1+lDANJNSgytXArwP15ys=","merchant_oid":"INT31761903037","status":"success","total_amount":"180000"} 
[2025-10-31 13:42:08] local.INFO: Callback verification successful  
[2025-10-31 13:42:08] local.ERROR: Payment callback error {"message":"Attempt to read property \"status\" on null","file":"C:\\xampp\\htdocs\\serbiscrm\\app\\Http\\Controllers\\Frontend\\SubscriptionController.php","line":380,"post_data":{"hash":"TPudGpEcLvvyaBO01pFtsf1+lDANJNSgytXArwP15ys=","merchant_oid":"INT31761903037","status":"success","total_amount":"180000","payment_type":"card","payment_amount":"180000","currency":"TL","installment_count":"1","merchant_id":"614136","test_mode":"1"}} 
[2025-10-31 13:42:09] local.INFO: Paytr Callback Received: {"hash":"JtMeIfrJa7iZINQa7hn5tqEwtTfBbXDz4pIxIwYBVss=","merchant_oid":"INT31761903051","status":"failed","total_amount":"0","failed_reason_code":"6","failed_reason_msg":"Müşteri ödeme yapmaktan vazgeçti ve ödeme sayfasından ayrıldı.","payment_type":"card","merchant_id":"614136","test_mode":"1"} 
[2025-10-31 13:42:09] local.INFO: Callback Hash Verification: {"calculated_hash":"JtMeIfrJa7iZINQa7hn5tqEwtTfBbXDz4pIxIwYBVss=","received_hash":"JtMeIfrJa7iZINQa7hn5tqEwtTfBbXDz4pIxIwYBVss=","merchant_oid":"INT31761903051","status":"failed","total_amount":"0"} 
[2025-10-31 13:42:09] local.INFO: Callback verification successful  
[2025-10-31 13:42:09] local.ERROR: Payment callback error {"message":"Attempt to read property \"status\" on null","file":"C:\\xampp\\htdocs\\serbiscrm\\app\\Http\\Controllers\\Frontend\\SubscriptionController.php","line":380,"post_data":{"hash":"JtMeIfrJa7iZINQa7hn5tqEwtTfBbXDz4pIxIwYBVss=","merchant_oid":"INT31761903051","status":"failed","total_amount":"0","failed_reason_code":"6","failed_reason_msg":"Müşteri ödeme yapmaktan vazgeçti ve ödeme sayfasından ayrıldı.","payment_type":"card","merchant_id":"614136","test_mode":"1"}} 
[2025-10-31 13:42:09] local.INFO: Paytr Callback Received: {"hash":"oYXOuol2q/2cEAOR968kTfLy6+UhHv2wVHGeucjha9I=","merchant_oid":"INT31761906363","status":"success","total_amount":"285000","payment_type":"card","payment_amount":"285000","currency":"TL","installment_count":"1","merchant_id":"614136","test_mode":"1"} 
[2025-10-31 13:42:09] local.INFO: Callback Hash Verification: {"calculated_hash":"oYXOuol2q/2cEAOR968kTfLy6+UhHv2wVHGeucjha9I=","received_hash":"oYXOuol2q/2cEAOR968kTfLy6+UhHv2wVHGeucjha9I=","merchant_oid":"INT31761906363","status":"success","total_amount":"285000"} 
[2025-10-31 13:42:09] local.INFO: Callback verification successful  
[2025-10-31 13:42:09] local.ERROR: Payment callback error {"message":"Attempt to read property \"status\" on null","file":"C:\\xampp\\htdocs\\serbiscrm\\app\\Http\\Controllers\\Frontend\\SubscriptionController.php","line":380,"post_data":{"hash":"oYXOuol2q/2cEAOR968kTfLy6+UhHv2wVHGeucjha9I=","merchant_oid":"INT31761906363","status":"success","total_amount":"285000","payment_type":"card","payment_amount":"285000","currency":"TL","installment_count":"1","merchant_id":"614136","test_mode":"1"}} 
[2025-10-31 13:42:10] local.INFO: Paytr Callback Received: {"hash":"e+9H/SUgyP9U7Op9g8ozEvsBxJ9A5RNdo4nbMXgG3Dg=","merchant_oid":"INT271761906966","status":"success","total_amount":"180000","payment_type":"card","payment_amount":"180000","currency":"TL","installment_count":"1","merchant_id":"614136","test_mode":"1"} 
[2025-10-31 13:42:10] local.INFO: Callback Hash Verification: {"calculated_hash":"e+9H/SUgyP9U7Op9g8ozEvsBxJ9A5RNdo4nbMXgG3Dg=","received_hash":"e+9H/SUgyP9U7Op9g8ozEvsBxJ9A5RNdo4nbMXgG3Dg=","merchant_oid":"INT271761906966","status":"success","total_amount":"180000"} 
[2025-10-31 13:42:10] local.INFO: Callback verification successful  
[2025-10-31 13:42:10] local.ERROR: Payment callback error {"message":"Attempt to read property \"status\" on null","file":"C:\\xampp\\htdocs\\serbiscrm\\app\\Http\\Controllers\\Frontend\\SubscriptionController.php","line":380,"post_data":{"hash":"e+9H/SUgyP9U7Op9g8ozEvsBxJ9A5RNdo4nbMXgG3Dg=","merchant_oid":"INT271761906966","status":"success","total_amount":"180000","payment_type":"card","payment_amount":"180000","currency":"TL","installment_count":"1","merchant_id":"614136","test_mode":"1"}} 
[2025-10-31 13:42:10] local.INFO: Paytr Callback Received: {"hash":"qkWq07B7CIey60bpksGR0s+3dCthiwUJaKlTe68PBNI=","merchant_oid":"INT271761907236","status":"success","total_amount":"180000","payment_type":"card","payment_amount":"180000","currency":"TL","installment_count":"1","merchant_id":"614136","test_mode":"1"} 
[2025-10-31 13:42:10] local.INFO: Callback Hash Verification: {"calculated_hash":"qkWq07B7CIey60bpksGR0s+3dCthiwUJaKlTe68PBNI=","received_hash":"qkWq07B7CIey60bpksGR0s+3dCthiwUJaKlTe68PBNI=","merchant_oid":"INT271761907236","status":"success","total_amount":"180000"} 
[2025-10-31 13:42:10] local.INFO: Callback verification successful  
[2025-10-31 13:42:10] local.ERROR: Payment callback error {"message":"Attempt to read property \"status\" on null","file":"C:\\xampp\\htdocs\\serbiscrm\\app\\Http\\Controllers\\Frontend\\SubscriptionController.php","line":380,"post_data":{"hash":"qkWq07B7CIey60bpksGR0s+3dCthiwUJaKlTe68PBNI=","merchant_oid":"INT271761907236","status":"success","total_amount":"180000","payment_type":"card","payment_amount":"180000","currency":"TL","installment_count":"1","merchant_id":"614136","test_mode":"1"}} 
[2025-10-31 13:43:08] local.INFO: Paytr Callback Received: {"hash":"TPudGpEcLvvyaBO01pFtsf1+lDANJNSgytXArwP15ys=","merchant_oid":"INT31761903037","status":"success","total_amount":"180000","payment_type":"card","payment_amount":"180000","currency":"TL","installment_count":"1","merchant_id":"614136","test_mode":"1"} 
[2025-10-31 13:43:08] local.INFO: Callback Hash Verification: {"calculated_hash":"TPudGpEcLvvyaBO01pFtsf1+lDANJNSgytXArwP15ys=","received_hash":"TPudGpEcLvvyaBO01pFtsf1+lDANJNSgytXArwP15ys=","merchant_oid":"INT31761903037","status":"success","total_amount":"180000"} 
[2025-10-31 13:43:08] local.INFO: Callback verification successful  
[2025-10-31 13:43:08] local.ERROR: Payment callback error {"message":"Attempt to read property \"status\" on null","file":"C:\\xampp\\htdocs\\serbiscrm\\app\\Http\\Controllers\\Frontend\\SubscriptionController.php","line":380,"post_data":{"hash":"TPudGpEcLvvyaBO01pFtsf1+lDANJNSgytXArwP15ys=","merchant_oid":"INT31761903037","status":"success","total_amount":"180000","payment_type":"card","payment_amount":"180000","currency":"TL","installment_count":"1","merchant_id":"614136","test_mode":"1"}} 
[2025-10-31 13:43:08] local.INFO: Paytr Callback Received: {"hash":"JtMeIfrJa7iZINQa7hn5tqEwtTfBbXDz4pIxIwYBVss=","merchant_oid":"INT31761903051","status":"failed","total_amount":"0","failed_reason_code":"6","failed_reason_msg":"Müşteri ödeme yapmaktan vazgeçti ve ödeme sayfasından ayrıldı.","payment_type":"card","merchant_id":"614136","test_mode":"1"} 
[2025-10-31 13:43:08] local.INFO: Callback Hash Verification: {"calculated_hash":"JtMeIfrJa7iZINQa7hn5tqEwtTfBbXDz4pIxIwYBVss=","received_hash":"JtMeIfrJa7iZINQa7hn5tqEwtTfBbXDz4pIxIwYBVss=","merchant_oid":"INT31761903051","status":"failed","total_amount":"0"} 
[2025-10-31 13:43:08] local.INFO: Callback verification successful  
[2025-10-31 13:43:08] local.ERROR: Payment callback error {"message":"Attempt to read property \"status\" on null","file":"C:\\xampp\\htdocs\\serbiscrm\\app\\Http\\Controllers\\Frontend\\SubscriptionController.php","line":380,"post_data":{"hash":"JtMeIfrJa7iZINQa7hn5tqEwtTfBbXDz4pIxIwYBVss=","merchant_oid":"INT31761903051","status":"failed","total_amount":"0","failed_reason_code":"6","failed_reason_msg":"Müşteri ödeme yapmaktan vazgeçti ve ödeme sayfasından ayrıldı.","payment_type":"card","merchant_id":"614136","test_mode":"1"}} 
[2025-10-31 13:43:09] local.INFO: Paytr Callback Received: {"hash":"oYXOuol2q/2cEAOR968kTfLy6+UhHv2wVHGeucjha9I=","merchant_oid":"INT31761906363","status":"success","total_amount":"285000","payment_type":"card","payment_amount":"285000","currency":"TL","installment_count":"1","merchant_id":"614136","test_mode":"1"} 
[2025-10-31 13:43:09] local.INFO: Callback Hash Verification: {"calculated_hash":"oYXOuol2q/2cEAOR968kTfLy6+UhHv2wVHGeucjha9I=","received_hash":"oYXOuol2q/2cEAOR968kTfLy6+UhHv2wVHGeucjha9I=","merchant_oid":"INT31761906363","status":"success","total_amount":"285000"} 
[2025-10-31 13:43:09] local.INFO: Callback verification successful  
[2025-10-31 13:43:09] local.ERROR: Payment callback error {"message":"Attempt to read property \"status\" on null","file":"C:\\xampp\\htdocs\\serbiscrm\\app\\Http\\Controllers\\Frontend\\SubscriptionController.php","line":380,"post_data":{"hash":"oYXOuol2q/2cEAOR968kTfLy6+UhHv2wVHGeucjha9I=","merchant_oid":"INT31761906363","status":"success","total_amount":"285000","payment_type":"card","payment_amount":"285000","currency":"TL","installment_count":"1","merchant_id":"614136","test_mode":"1"}} 
[2025-10-31 13:43:09] local.INFO: Paytr Callback Received: {"hash":"e+9H/SUgyP9U7Op9g8ozEvsBxJ9A5RNdo4nbMXgG3Dg=","merchant_oid":"INT271761906966","status":"success","total_amount":"180000","payment_type":"card","payment_amount":"180000","currency":"TL","installment_count":"1","merchant_id":"614136","test_mode":"1"} 
[2025-10-31 13:43:09] local.INFO: Callback Hash Verification: {"calculated_hash":"e+9H/SUgyP9U7Op9g8ozEvsBxJ9A5RNdo4nbMXgG3Dg=","received_hash":"e+9H/SUgyP9U7Op9g8ozEvsBxJ9A5RNdo4nbMXgG3Dg=","merchant_oid":"INT271761906966","status":"success","total_amount":"180000"} 
[2025-10-31 13:43:09] local.INFO: Callback verification successful  
[2025-10-31 13:43:09] local.ERROR: Payment callback error {"message":"Attempt to read property \"status\" on null","file":"C:\\xampp\\htdocs\\serbiscrm\\app\\Http\\Controllers\\Frontend\\SubscriptionController.php","line":380,"post_data":{"hash":"e+9H/SUgyP9U7Op9g8ozEvsBxJ9A5RNdo4nbMXgG3Dg=","merchant_oid":"INT271761906966","status":"success","total_amount":"180000","payment_type":"card","payment_amount":"180000","currency":"TL","installment_count":"1","merchant_id":"614136","test_mode":"1"}} 
[2025-10-31 13:43:10] local.INFO: Paytr Callback Received: {"hash":"qkWq07B7CIey60bpksGR0s+3dCthiwUJaKlTe68PBNI=","merchant_oid":"INT271761907236","status":"success","total_amount":"180000","payment_type":"card","payment_amount":"180000","currency":"TL","installment_count":"1","merchant_id":"614136","test_mode":"1"} 
[2025-10-31 13:43:10] local.INFO: Callback Hash Verification: {"calculated_hash":"qkWq07B7CIey60bpksGR0s+3dCthiwUJaKlTe68PBNI=","received_hash":"qkWq07B7CIey60bpksGR0s+3dCthiwUJaKlTe68PBNI=","merchant_oid":"INT271761907236","status":"success","total_amount":"180000"} 
[2025-10-31 13:43:10] local.INFO: Callback verification successful  
[2025-10-31 13:43:10] local.ERROR: Payment callback error {"message":"Attempt to read property \"status\" on null","file":"C:\\xampp\\htdocs\\serbiscrm\\app\\Http\\Controllers\\Frontend\\SubscriptionController.php","line":380,"post_data":{"hash":"qkWq07B7CIey60bpksGR0s+3dCthiwUJaKlTe68PBNI=","merchant_oid":"INT271761907236","status":"success","total_amount":"180000","payment_type":"card","payment_amount":"180000","currency":"TL","installment_count":"1","merchant_id":"614136","test_mode":"1"}} 
[2025-10-31 13:44:08] local.INFO: Paytr Callback Received: {"hash":"TPudGpEcLvvyaBO01pFtsf1+lDANJNSgytXArwP15ys=","merchant_oid":"INT31761903037","status":"success","total_amount":"180000","payment_type":"card","payment_amount":"180000","currency":"TL","installment_count":"1","merchant_id":"614136","test_mode":"1"} 
[2025-10-31 13:44:08] local.INFO: Callback Hash Verification: {"calculated_hash":"TPudGpEcLvvyaBO01pFtsf1+lDANJNSgytXArwP15ys=","received_hash":"TPudGpEcLvvyaBO01pFtsf1+lDANJNSgytXArwP15ys=","merchant_oid":"INT31761903037","status":"success","total_amount":"180000"} 
[2025-10-31 13:44:08] local.INFO: Callback verification successful  
[2025-10-31 13:44:08] local.ERROR: Payment callback error {"message":"Attempt to read property \"status\" on null","file":"C:\\xampp\\htdocs\\serbiscrm\\app\\Http\\Controllers\\Frontend\\SubscriptionController.php","line":380,"post_data":{"hash":"TPudGpEcLvvyaBO01pFtsf1+lDANJNSgytXArwP15ys=","merchant_oid":"INT31761903037","status":"success","total_amount":"180000","payment_type":"card","payment_amount":"180000","currency":"TL","installment_count":"1","merchant_id":"614136","test_mode":"1"}} 
[2025-10-31 13:44:08] local.INFO: Paytr Callback Received: {"hash":"JtMeIfrJa7iZINQa7hn5tqEwtTfBbXDz4pIxIwYBVss=","merchant_oid":"INT31761903051","status":"failed","total_amount":"0","failed_reason_code":"6","failed_reason_msg":"Müşteri ödeme yapmaktan vazgeçti ve ödeme sayfasından ayrıldı.","payment_type":"card","merchant_id":"614136","test_mode":"1"} 
[2025-10-31 13:44:08] local.INFO: Callback Hash Verification: {"calculated_hash":"JtMeIfrJa7iZINQa7hn5tqEwtTfBbXDz4pIxIwYBVss=","received_hash":"JtMeIfrJa7iZINQa7hn5tqEwtTfBbXDz4pIxIwYBVss=","merchant_oid":"INT31761903051","status":"failed","total_amount":"0"} 
[2025-10-31 13:44:08] local.INFO: Callback verification successful  
[2025-10-31 13:44:08] local.ERROR: Payment callback error {"message":"Attempt to read property \"status\" on null","file":"C:\\xampp\\htdocs\\serbiscrm\\app\\Http\\Controllers\\Frontend\\SubscriptionController.php","line":380,"post_data":{"hash":"JtMeIfrJa7iZINQa7hn5tqEwtTfBbXDz4pIxIwYBVss=","merchant_oid":"INT31761903051","status":"failed","total_amount":"0","failed_reason_code":"6","failed_reason_msg":"Müşteri ödeme yapmaktan vazgeçti ve ödeme sayfasından ayrıldı.","payment_type":"card","merchant_id":"614136","test_mode":"1"}} 
[2025-10-31 13:44:09] local.INFO: Paytr Callback Received: {"hash":"oYXOuol2q/2cEAOR968kTfLy6+UhHv2wVHGeucjha9I=","merchant_oid":"INT31761906363","status":"success","total_amount":"285000","payment_type":"card","payment_amount":"285000","currency":"TL","installment_count":"1","merchant_id":"614136","test_mode":"1"} 
[2025-10-31 13:44:09] local.INFO: Callback Hash Verification: {"calculated_hash":"oYXOuol2q/2cEAOR968kTfLy6+UhHv2wVHGeucjha9I=","received_hash":"oYXOuol2q/2cEAOR968kTfLy6+UhHv2wVHGeucjha9I=","merchant_oid":"INT31761906363","status":"success","total_amount":"285000"} 
[2025-10-31 13:44:09] local.INFO: Callback verification successful  
[2025-10-31 13:44:09] local.ERROR: Payment callback error {"message":"Attempt to read property \"status\" on null","file":"C:\\xampp\\htdocs\\serbiscrm\\app\\Http\\Controllers\\Frontend\\SubscriptionController.php","line":380,"post_data":{"hash":"oYXOuol2q/2cEAOR968kTfLy6+UhHv2wVHGeucjha9I=","merchant_oid":"INT31761906363","status":"success","total_amount":"285000","payment_type":"card","payment_amount":"285000","currency":"TL","installment_count":"1","merchant_id":"614136","test_mode":"1"}} 
[2025-10-31 13:44:09] local.INFO: Paytr Callback Received: {"hash":"e+9H/SUgyP9U7Op9g8ozEvsBxJ9A5RNdo4nbMXgG3Dg=","merchant_oid":"INT271761906966","status":"success","total_amount":"180000","payment_type":"card","payment_amount":"180000","currency":"TL","installment_count":"1","merchant_id":"614136","test_mode":"1"} 
[2025-10-31 13:44:09] local.INFO: Callback Hash Verification: {"calculated_hash":"e+9H/SUgyP9U7Op9g8ozEvsBxJ9A5RNdo4nbMXgG3Dg=","received_hash":"e+9H/SUgyP9U7Op9g8ozEvsBxJ9A5RNdo4nbMXgG3Dg=","merchant_oid":"INT271761906966","status":"success","total_amount":"180000"} 
[2025-10-31 13:44:09] local.INFO: Callback verification successful  
[2025-10-31 13:44:09] local.ERROR: Payment callback error {"message":"Attempt to read property \"status\" on null","file":"C:\\xampp\\htdocs\\serbiscrm\\app\\Http\\Controllers\\Frontend\\SubscriptionController.php","line":380,"post_data":{"hash":"e+9H/SUgyP9U7Op9g8ozEvsBxJ9A5RNdo4nbMXgG3Dg=","merchant_oid":"INT271761906966","status":"success","total_amount":"180000","payment_type":"card","payment_amount":"180000","currency":"TL","installment_count":"1","merchant_id":"614136","test_mode":"1"}} 
[2025-10-31 13:44:10] local.INFO: Paytr Callback Received: {"hash":"qkWq07B7CIey60bpksGR0s+3dCthiwUJaKlTe68PBNI=","merchant_oid":"INT271761907236","status":"success","total_amount":"180000","payment_type":"card","payment_amount":"180000","currency":"TL","installment_count":"1","merchant_id":"614136","test_mode":"1"} 
[2025-10-31 13:44:10] local.INFO: Callback Hash Verification: {"calculated_hash":"qkWq07B7CIey60bpksGR0s+3dCthiwUJaKlTe68PBNI=","received_hash":"qkWq07B7CIey60bpksGR0s+3dCthiwUJaKlTe68PBNI=","merchant_oid":"INT271761907236","status":"success","total_amount":"180000"} 
[2025-10-31 13:44:10] local.INFO: Callback verification successful  
[2025-10-31 13:44:10] local.ERROR: Payment callback error {"message":"Attempt to read property \"status\" on null","file":"C:\\xampp\\htdocs\\serbiscrm\\app\\Http\\Controllers\\Frontend\\SubscriptionController.php","line":380,"post_data":{"hash":"qkWq07B7CIey60bpksGR0s+3dCthiwUJaKlTe68PBNI=","merchant_oid":"INT271761907236","status":"success","total_amount":"180000","payment_type":"card","payment_amount":"180000","currency":"TL","installment_count":"1","merchant_id":"614136","test_mode":"1"}} 
[2025-10-31 13:45:07] local.INFO: Paytr Callback Received: {"hash":"TPudGpEcLvvyaBO01pFtsf1+lDANJNSgytXArwP15ys=","merchant_oid":"INT31761903037","status":"success","total_amount":"180000","payment_type":"card","payment_amount":"180000","currency":"TL","installment_count":"1","merchant_id":"614136","test_mode":"1"} 
[2025-10-31 13:45:07] local.INFO: Callback Hash Verification: {"calculated_hash":"TPudGpEcLvvyaBO01pFtsf1+lDANJNSgytXArwP15ys=","received_hash":"TPudGpEcLvvyaBO01pFtsf1+lDANJNSgytXArwP15ys=","merchant_oid":"INT31761903037","status":"success","total_amount":"180000"} 
[2025-10-31 13:45:07] local.INFO: Callback verification successful  
[2025-10-31 13:45:07] local.ERROR: Payment callback error {"message":"Attempt to read property \"status\" on null","file":"C:\\xampp\\htdocs\\serbiscrm\\app\\Http\\Controllers\\Frontend\\SubscriptionController.php","line":380,"post_data":{"hash":"TPudGpEcLvvyaBO01pFtsf1+lDANJNSgytXArwP15ys=","merchant_oid":"INT31761903037","status":"success","total_amount":"180000","payment_type":"card","payment_amount":"180000","currency":"TL","installment_count":"1","merchant_id":"614136","test_mode":"1"}} 
[2025-10-31 13:45:08] local.INFO: Paytr Callback Received: {"hash":"JtMeIfrJa7iZINQa7hn5tqEwtTfBbXDz4pIxIwYBVss=","merchant_oid":"INT31761903051","status":"failed","total_amount":"0","failed_reason_code":"6","failed_reason_msg":"Müşteri ödeme yapmaktan vazgeçti ve ödeme sayfasından ayrıldı.","payment_type":"card","merchant_id":"614136","test_mode":"1"} 
[2025-10-31 13:45:08] local.INFO: Callback Hash Verification: {"calculated_hash":"JtMeIfrJa7iZINQa7hn5tqEwtTfBbXDz4pIxIwYBVss=","received_hash":"JtMeIfrJa7iZINQa7hn5tqEwtTfBbXDz4pIxIwYBVss=","merchant_oid":"INT31761903051","status":"failed","total_amount":"0"} 
[2025-10-31 13:45:08] local.INFO: Callback verification successful  
[2025-10-31 13:45:08] local.ERROR: Payment callback error {"message":"Attempt to read property \"status\" on null","file":"C:\\xampp\\htdocs\\serbiscrm\\app\\Http\\Controllers\\Frontend\\SubscriptionController.php","line":380,"post_data":{"hash":"JtMeIfrJa7iZINQa7hn5tqEwtTfBbXDz4pIxIwYBVss=","merchant_oid":"INT31761903051","status":"failed","total_amount":"0","failed_reason_code":"6","failed_reason_msg":"Müşteri ödeme yapmaktan vazgeçti ve ödeme sayfasından ayrıldı.","payment_type":"card","merchant_id":"614136","test_mode":"1"}} 
[2025-10-31 13:45:08] local.INFO: Paytr Callback Received: {"hash":"oYXOuol2q/2cEAOR968kTfLy6+UhHv2wVHGeucjha9I=","merchant_oid":"INT31761906363","status":"success","total_amount":"285000","payment_type":"card","payment_amount":"285000","currency":"TL","installment_count":"1","merchant_id":"614136","test_mode":"1"} 
[2025-10-31 13:45:08] local.INFO: Callback Hash Verification: {"calculated_hash":"oYXOuol2q/2cEAOR968kTfLy6+UhHv2wVHGeucjha9I=","received_hash":"oYXOuol2q/2cEAOR968kTfLy6+UhHv2wVHGeucjha9I=","merchant_oid":"INT31761906363","status":"success","total_amount":"285000"} 
[2025-10-31 13:45:08] local.INFO: Callback verification successful  
[2025-10-31 13:45:08] local.ERROR: Payment callback error {"message":"Attempt to read property \"status\" on null","file":"C:\\xampp\\htdocs\\serbiscrm\\app\\Http\\Controllers\\Frontend\\SubscriptionController.php","line":380,"post_data":{"hash":"oYXOuol2q/2cEAOR968kTfLy6+UhHv2wVHGeucjha9I=","merchant_oid":"INT31761906363","status":"success","total_amount":"285000","payment_type":"card","payment_amount":"285000","currency":"TL","installment_count":"1","merchant_id":"614136","test_mode":"1"}} 
[2025-10-31 13:45:09] local.INFO: Paytr Callback Received: {"hash":"e+9H/SUgyP9U7Op9g8ozEvsBxJ9A5RNdo4nbMXgG3Dg=","merchant_oid":"INT271761906966","status":"success","total_amount":"180000","payment_type":"card","payment_amount":"180000","currency":"TL","installment_count":"1","merchant_id":"614136","test_mode":"1"} 
[2025-10-31 13:45:09] local.INFO: Callback Hash Verification: {"calculated_hash":"e+9H/SUgyP9U7Op9g8ozEvsBxJ9A5RNdo4nbMXgG3Dg=","received_hash":"e+9H/SUgyP9U7Op9g8ozEvsBxJ9A5RNdo4nbMXgG3Dg=","merchant_oid":"INT271761906966","status":"success","total_amount":"180000"} 
[2025-10-31 13:45:09] local.INFO: Callback verification successful  
[2025-10-31 13:45:09] local.ERROR: Payment callback error {"message":"Attempt to read property \"status\" on null","file":"C:\\xampp\\htdocs\\serbiscrm\\app\\Http\\Controllers\\Frontend\\SubscriptionController.php","line":380,"post_data":{"hash":"e+9H/SUgyP9U7Op9g8ozEvsBxJ9A5RNdo4nbMXgG3Dg=","merchant_oid":"INT271761906966","status":"success","total_amount":"180000","payment_type":"card","payment_amount":"180000","currency":"TL","installment_count":"1","merchant_id":"614136","test_mode":"1"}} 
[2025-10-31 13:45:09] local.INFO: Paytr Callback Received: {"hash":"qkWq07B7CIey60bpksGR0s+3dCthiwUJaKlTe68PBNI=","merchant_oid":"INT271761907236","status":"success","total_amount":"180000","payment_type":"card","payment_amount":"180000","currency":"TL","installment_count":"1","merchant_id":"614136","test_mode":"1"} 
[2025-10-31 13:45:09] local.INFO: Callback Hash Verification: {"calculated_hash":"qkWq07B7CIey60bpksGR0s+3dCthiwUJaKlTe68PBNI=","received_hash":"qkWq07B7CIey60bpksGR0s+3dCthiwUJaKlTe68PBNI=","merchant_oid":"INT271761907236","status":"success","total_amount":"180000"} 
[2025-10-31 13:45:09] local.INFO: Callback verification successful  
[2025-10-31 13:45:10] local.ERROR: Payment callback error {"message":"Attempt to read property \"status\" on null","file":"C:\\xampp\\htdocs\\serbiscrm\\app\\Http\\Controllers\\Frontend\\SubscriptionController.php","line":380,"post_data":{"hash":"qkWq07B7CIey60bpksGR0s+3dCthiwUJaKlTe68PBNI=","merchant_oid":"INT271761907236","status":"success","total_amount":"180000","payment_type":"card","payment_amount":"180000","currency":"TL","installment_count":"1","merchant_id":"614136","test_mode":"1"}} 
[2025-10-31 13:46:08] local.INFO: Paytr Callback Received: {"hash":"TPudGpEcLvvyaBO01pFtsf1+lDANJNSgytXArwP15ys=","merchant_oid":"INT31761903037","status":"success","total_amount":"180000","payment_type":"card","payment_amount":"180000","currency":"TL","installment_count":"1","merchant_id":"614136","test_mode":"1"} 
[2025-10-31 13:46:08] local.INFO: Callback Hash Verification: {"calculated_hash":"TPudGpEcLvvyaBO01pFtsf1+lDANJNSgytXArwP15ys=","received_hash":"TPudGpEcLvvyaBO01pFtsf1+lDANJNSgytXArwP15ys=","merchant_oid":"INT31761903037","status":"success","total_amount":"180000"} 
[2025-10-31 13:46:08] local.INFO: Callback verification successful  
[2025-10-31 13:46:08] local.ERROR: Payment callback error {"message":"Attempt to read property \"status\" on null","file":"C:\\xampp\\htdocs\\serbiscrm\\app\\Http\\Controllers\\Frontend\\SubscriptionController.php","line":380,"post_data":{"hash":"TPudGpEcLvvyaBO01pFtsf1+lDANJNSgytXArwP15ys=","merchant_oid":"INT31761903037","status":"success","total_amount":"180000","payment_type":"card","payment_amount":"180000","currency":"TL","installment_count":"1","merchant_id":"614136","test_mode":"1"}} 
[2025-10-31 13:46:08] local.INFO: Paytr Callback Received: {"hash":"JtMeIfrJa7iZINQa7hn5tqEwtTfBbXDz4pIxIwYBVss=","merchant_oid":"INT31761903051","status":"failed","total_amount":"0","failed_reason_code":"6","failed_reason_msg":"Müşteri ödeme yapmaktan vazgeçti ve ödeme sayfasından ayrıldı.","payment_type":"card","merchant_id":"614136","test_mode":"1"} 
[2025-10-31 13:46:08] local.INFO: Callback Hash Verification: {"calculated_hash":"JtMeIfrJa7iZINQa7hn5tqEwtTfBbXDz4pIxIwYBVss=","received_hash":"JtMeIfrJa7iZINQa7hn5tqEwtTfBbXDz4pIxIwYBVss=","merchant_oid":"INT31761903051","status":"failed","total_amount":"0"} 
[2025-10-31 13:46:08] local.INFO: Callback verification successful  
[2025-10-31 13:46:08] local.ERROR: Payment callback error {"message":"Attempt to read property \"status\" on null","file":"C:\\xampp\\htdocs\\serbiscrm\\app\\Http\\Controllers\\Frontend\\SubscriptionController.php","line":380,"post_data":{"hash":"JtMeIfrJa7iZINQa7hn5tqEwtTfBbXDz4pIxIwYBVss=","merchant_oid":"INT31761903051","status":"failed","total_amount":"0","failed_reason_code":"6","failed_reason_msg":"Müşteri ödeme yapmaktan vazgeçti ve ödeme sayfasından ayrıldı.","payment_type":"card","merchant_id":"614136","test_mode":"1"}} 
[2025-10-31 13:46:09] local.INFO: Paytr Callback Received: {"hash":"oYXOuol2q/2cEAOR968kTfLy6+UhHv2wVHGeucjha9I=","merchant_oid":"INT31761906363","status":"success","total_amount":"285000","payment_type":"card","payment_amount":"285000","currency":"TL","installment_count":"1","merchant_id":"614136","test_mode":"1"} 
[2025-10-31 13:46:09] local.INFO: Callback Hash Verification: {"calculated_hash":"oYXOuol2q/2cEAOR968kTfLy6+UhHv2wVHGeucjha9I=","received_hash":"oYXOuol2q/2cEAOR968kTfLy6+UhHv2wVHGeucjha9I=","merchant_oid":"INT31761906363","status":"success","total_amount":"285000"} 
[2025-10-31 13:46:09] local.INFO: Callback verification successful  
[2025-10-31 13:46:09] local.ERROR: Payment callback error {"message":"Attempt to read property \"status\" on null","file":"C:\\xampp\\htdocs\\serbiscrm\\app\\Http\\Controllers\\Frontend\\SubscriptionController.php","line":380,"post_data":{"hash":"oYXOuol2q/2cEAOR968kTfLy6+UhHv2wVHGeucjha9I=","merchant_oid":"INT31761906363","status":"success","total_amount":"285000","payment_type":"card","payment_amount":"285000","currency":"TL","installment_count":"1","merchant_id":"614136","test_mode":"1"}} 
[2025-10-31 13:46:09] local.INFO: Paytr Callback Received: {"hash":"e+9H/SUgyP9U7Op9g8ozEvsBxJ9A5RNdo4nbMXgG3Dg=","merchant_oid":"INT271761906966","status":"success","total_amount":"180000","payment_type":"card","payment_amount":"180000","currency":"TL","installment_count":"1","merchant_id":"614136","test_mode":"1"} 
[2025-10-31 13:46:09] local.INFO: Callback Hash Verification: {"calculated_hash":"e+9H/SUgyP9U7Op9g8ozEvsBxJ9A5RNdo4nbMXgG3Dg=","received_hash":"e+9H/SUgyP9U7Op9g8ozEvsBxJ9A5RNdo4nbMXgG3Dg=","merchant_oid":"INT271761906966","status":"success","total_amount":"180000"} 
[2025-10-31 13:46:09] local.INFO: Callback verification successful  
[2025-10-31 13:46:09] local.ERROR: Payment callback error {"message":"Attempt to read property \"status\" on null","file":"C:\\xampp\\htdocs\\serbiscrm\\app\\Http\\Controllers\\Frontend\\SubscriptionController.php","line":380,"post_data":{"hash":"e+9H/SUgyP9U7Op9g8ozEvsBxJ9A5RNdo4nbMXgG3Dg=","merchant_oid":"INT271761906966","status":"success","total_amount":"180000","payment_type":"card","payment_amount":"180000","currency":"TL","installment_count":"1","merchant_id":"614136","test_mode":"1"}} 
[2025-10-31 13:46:24] local.INFO: PayTR Request Data: {"merchant_id":"614136","order_id":"INT271761907584","amount":180000,"user_ip":"78.190.145.61","hash_string":"61413678.190.145.61INT271761907584fiberdev5@gmail.com180000W1siTkVUR1NNIiwiMTgwMC4wMCIsMV1d10TL1","token":"P4w4Ml0iOTYVBxy2TJkHW3ymNWhYfcKVMCeGUt+X0OE="} 
[2025-10-31 13:46:25] local.INFO: PayTR API Response: {"status":"success","token":"02e55fa1ad9d70373b5c37898e21b66484c1747521461cb6f7b1f554feb111e7-692888163"} 
[2025-10-31 13:46:31] local.INFO: Paytr Callback Received: {"hash":"mRb4GYXXj1dgSj0bBX7Cp29CYzZVqJfqunDZCz+rqhk=","merchant_oid":"INT271761907584","status":"success","total_amount":"180000","payment_type":"card","payment_amount":"180000","currency":"TL","installment_count":"1","merchant_id":"614136","test_mode":"1"} 
[2025-10-31 13:46:31] local.INFO: Callback Hash Verification: {"calculated_hash":"mRb4GYXXj1dgSj0bBX7Cp29CYzZVqJfqunDZCz+rqhk=","received_hash":"mRb4GYXXj1dgSj0bBX7Cp29CYzZVqJfqunDZCz+rqhk=","merchant_oid":"INT271761907584","status":"success","total_amount":"180000"} 
[2025-10-31 13:46:31] local.INFO: Callback verification successful  
[2025-10-31 13:46:31] local.INFO: Integration payment completed successfully: INT271761907584 {"tenant_id":27,"integration_id":1,"amount":"1800.00"} 
[2025-10-31 13:47:09] local.INFO: Paytr Callback Received: {"hash":"TPudGpEcLvvyaBO01pFtsf1+lDANJNSgytXArwP15ys=","merchant_oid":"INT31761903037","status":"success","total_amount":"180000","payment_type":"card","payment_amount":"180000","currency":"TL","installment_count":"1","merchant_id":"614136","test_mode":"1"} 
[2025-10-31 13:47:09] local.INFO: Callback Hash Verification: {"calculated_hash":"TPudGpEcLvvyaBO01pFtsf1+lDANJNSgytXArwP15ys=","received_hash":"TPudGpEcLvvyaBO01pFtsf1+lDANJNSgytXArwP15ys=","merchant_oid":"INT31761903037","status":"success","total_amount":"180000"} 
[2025-10-31 13:47:09] local.INFO: Callback verification successful  
[2025-10-31 13:47:09] local.ERROR: Payment callback error {"message":"Attempt to read property \"status\" on null","file":"C:\\xampp\\htdocs\\serbiscrm\\app\\Http\\Controllers\\Frontend\\SubscriptionController.php","line":380,"post_data":{"hash":"TPudGpEcLvvyaBO01pFtsf1+lDANJNSgytXArwP15ys=","merchant_oid":"INT31761903037","status":"success","total_amount":"180000","payment_type":"card","payment_amount":"180000","currency":"TL","installment_count":"1","merchant_id":"614136","test_mode":"1"}} 
[2025-10-31 13:47:10] local.INFO: Paytr Callback Received: {"hash":"JtMeIfrJa7iZINQa7hn5tqEwtTfBbXDz4pIxIwYBVss=","merchant_oid":"INT31761903051","status":"failed","total_amount":"0","failed_reason_code":"6","failed_reason_msg":"Müşteri ödeme yapmaktan vazgeçti ve ödeme sayfasından ayrıldı.","payment_type":"card","merchant_id":"614136","test_mode":"1"} 
[2025-10-31 13:47:10] local.INFO: Callback Hash Verification: {"calculated_hash":"JtMeIfrJa7iZINQa7hn5tqEwtTfBbXDz4pIxIwYBVss=","received_hash":"JtMeIfrJa7iZINQa7hn5tqEwtTfBbXDz4pIxIwYBVss=","merchant_oid":"INT31761903051","status":"failed","total_amount":"0"} 
[2025-10-31 13:47:10] local.INFO: Callback verification successful  
[2025-10-31 13:47:10] local.ERROR: Payment callback error {"message":"Attempt to read property \"status\" on null","file":"C:\\xampp\\htdocs\\serbiscrm\\app\\Http\\Controllers\\Frontend\\SubscriptionController.php","line":380,"post_data":{"hash":"JtMeIfrJa7iZINQa7hn5tqEwtTfBbXDz4pIxIwYBVss=","merchant_oid":"INT31761903051","status":"failed","total_amount":"0","failed_reason_code":"6","failed_reason_msg":"Müşteri ödeme yapmaktan vazgeçti ve ödeme sayfasından ayrıldı.","payment_type":"card","merchant_id":"614136","test_mode":"1"}} 
[2025-10-31 13:47:10] local.INFO: Paytr Callback Received: {"hash":"oYXOuol2q/2cEAOR968kTfLy6+UhHv2wVHGeucjha9I=","merchant_oid":"INT31761906363","status":"success","total_amount":"285000","payment_type":"card","payment_amount":"285000","currency":"TL","installment_count":"1","merchant_id":"614136","test_mode":"1"} 
[2025-10-31 13:47:10] local.INFO: Callback Hash Verification: {"calculated_hash":"oYXOuol2q/2cEAOR968kTfLy6+UhHv2wVHGeucjha9I=","received_hash":"oYXOuol2q/2cEAOR968kTfLy6+UhHv2wVHGeucjha9I=","merchant_oid":"INT31761906363","status":"success","total_amount":"285000"} 
[2025-10-31 13:47:10] local.INFO: Callback verification successful  
[2025-10-31 13:47:10] local.ERROR: Payment callback error {"message":"Attempt to read property \"status\" on null","file":"C:\\xampp\\htdocs\\serbiscrm\\app\\Http\\Controllers\\Frontend\\SubscriptionController.php","line":380,"post_data":{"hash":"oYXOuol2q/2cEAOR968kTfLy6+UhHv2wVHGeucjha9I=","merchant_oid":"INT31761906363","status":"success","total_amount":"285000","payment_type":"card","payment_amount":"285000","currency":"TL","installment_count":"1","merchant_id":"614136","test_mode":"1"}} 
[2025-10-31 13:47:11] local.INFO: Paytr Callback Received: {"hash":"e+9H/SUgyP9U7Op9g8ozEvsBxJ9A5RNdo4nbMXgG3Dg=","merchant_oid":"INT271761906966","status":"success","total_amount":"180000","payment_type":"card","payment_amount":"180000","currency":"TL","installment_count":"1","merchant_id":"614136","test_mode":"1"} 
[2025-10-31 13:47:11] local.INFO: Callback Hash Verification: {"calculated_hash":"e+9H/SUgyP9U7Op9g8ozEvsBxJ9A5RNdo4nbMXgG3Dg=","received_hash":"e+9H/SUgyP9U7Op9g8ozEvsBxJ9A5RNdo4nbMXgG3Dg=","merchant_oid":"INT271761906966","status":"success","total_amount":"180000"} 
[2025-10-31 13:47:11] local.INFO: Callback verification successful  
[2025-10-31 13:47:11] local.ERROR: Payment callback error {"message":"Attempt to read property \"status\" on null","file":"C:\\xampp\\htdocs\\serbiscrm\\app\\Http\\Controllers\\Frontend\\SubscriptionController.php","line":380,"post_data":{"hash":"e+9H/SUgyP9U7Op9g8ozEvsBxJ9A5RNdo4nbMXgG3Dg=","merchant_oid":"INT271761906966","status":"success","total_amount":"180000","payment_type":"card","payment_amount":"180000","currency":"TL","installment_count":"1","merchant_id":"614136","test_mode":"1"}} 
[2025-10-31 13:47:11] local.INFO: Paytr Callback Received: {"hash":"qkWq07B7CIey60bpksGR0s+3dCthiwUJaKlTe68PBNI=","merchant_oid":"INT271761907236","status":"success","total_amount":"180000","payment_type":"card","payment_amount":"180000","currency":"TL","installment_count":"1","merchant_id":"614136","test_mode":"1"} 
[2025-10-31 13:47:11] local.INFO: Callback Hash Verification: {"calculated_hash":"qkWq07B7CIey60bpksGR0s+3dCthiwUJaKlTe68PBNI=","received_hash":"qkWq07B7CIey60bpksGR0s+3dCthiwUJaKlTe68PBNI=","merchant_oid":"INT271761907236","status":"success","total_amount":"180000"} 
[2025-10-31 13:47:11] local.INFO: Callback verification successful  
[2025-10-31 13:47:12] local.ERROR: Payment callback error {"message":"Attempt to read property \"status\" on null","file":"C:\\xampp\\htdocs\\serbiscrm\\app\\Http\\Controllers\\Frontend\\SubscriptionController.php","line":380,"post_data":{"hash":"qkWq07B7CIey60bpksGR0s+3dCthiwUJaKlTe68PBNI=","merchant_oid":"INT271761907236","status":"success","total_amount":"180000","payment_type":"card","payment_amount":"180000","currency":"TL","installment_count":"1","merchant_id":"614136","test_mode":"1"}} 
[2025-10-31 13:48:07] local.INFO: Paytr Callback Received: {"hash":"TPudGpEcLvvyaBO01pFtsf1+lDANJNSgytXArwP15ys=","merchant_oid":"INT31761903037","status":"success","total_amount":"180000","payment_type":"card","payment_amount":"180000","currency":"TL","installment_count":"1","merchant_id":"614136","test_mode":"1"} 
[2025-10-31 13:48:07] local.INFO: Callback Hash Verification: {"calculated_hash":"TPudGpEcLvvyaBO01pFtsf1+lDANJNSgytXArwP15ys=","received_hash":"TPudGpEcLvvyaBO01pFtsf1+lDANJNSgytXArwP15ys=","merchant_oid":"INT31761903037","status":"success","total_amount":"180000"} 
[2025-10-31 13:48:07] local.INFO: Callback verification successful  
[2025-10-31 13:48:07] local.ERROR: Payment callback error {"message":"Attempt to read property \"status\" on null","file":"C:\\xampp\\htdocs\\serbiscrm\\app\\Http\\Controllers\\Frontend\\SubscriptionController.php","line":380,"post_data":{"hash":"TPudGpEcLvvyaBO01pFtsf1+lDANJNSgytXArwP15ys=","merchant_oid":"INT31761903037","status":"success","total_amount":"180000","payment_type":"card","payment_amount":"180000","currency":"TL","installment_count":"1","merchant_id":"614136","test_mode":"1"}} 
[2025-10-31 13:48:08] local.INFO: Paytr Callback Received: {"hash":"JtMeIfrJa7iZINQa7hn5tqEwtTfBbXDz4pIxIwYBVss=","merchant_oid":"INT31761903051","status":"failed","total_amount":"0","failed_reason_code":"6","failed_reason_msg":"Müşteri ödeme yapmaktan vazgeçti ve ödeme sayfasından ayrıldı.","payment_type":"card","merchant_id":"614136","test_mode":"1"} 
[2025-10-31 13:48:08] local.INFO: Callback Hash Verification: {"calculated_hash":"JtMeIfrJa7iZINQa7hn5tqEwtTfBbXDz4pIxIwYBVss=","received_hash":"JtMeIfrJa7iZINQa7hn5tqEwtTfBbXDz4pIxIwYBVss=","merchant_oid":"INT31761903051","status":"failed","total_amount":"0"} 
[2025-10-31 13:48:08] local.INFO: Callback verification successful  
[2025-10-31 13:48:08] local.ERROR: Payment callback error {"message":"Attempt to read property \"status\" on null","file":"C:\\xampp\\htdocs\\serbiscrm\\app\\Http\\Controllers\\Frontend\\SubscriptionController.php","line":380,"post_data":{"hash":"JtMeIfrJa7iZINQa7hn5tqEwtTfBbXDz4pIxIwYBVss=","merchant_oid":"INT31761903051","status":"failed","total_amount":"0","failed_reason_code":"6","failed_reason_msg":"Müşteri ödeme yapmaktan vazgeçti ve ödeme sayfasından ayrıldı.","payment_type":"card","merchant_id":"614136","test_mode":"1"}} 
[2025-10-31 13:48:08] local.INFO: Paytr Callback Received: {"hash":"oYXOuol2q/2cEAOR968kTfLy6+UhHv2wVHGeucjha9I=","merchant_oid":"INT31761906363","status":"success","total_amount":"285000","payment_type":"card","payment_amount":"285000","currency":"TL","installment_count":"1","merchant_id":"614136","test_mode":"1"} 
[2025-10-31 13:48:08] local.INFO: Callback Hash Verification: {"calculated_hash":"oYXOuol2q/2cEAOR968kTfLy6+UhHv2wVHGeucjha9I=","received_hash":"oYXOuol2q/2cEAOR968kTfLy6+UhHv2wVHGeucjha9I=","merchant_oid":"INT31761906363","status":"success","total_amount":"285000"} 
[2025-10-31 13:48:08] local.INFO: Callback verification successful  
[2025-10-31 13:48:08] local.ERROR: Payment callback error {"message":"Attempt to read property \"status\" on null","file":"C:\\xampp\\htdocs\\serbiscrm\\app\\Http\\Controllers\\Frontend\\SubscriptionController.php","line":380,"post_data":{"hash":"oYXOuol2q/2cEAOR968kTfLy6+UhHv2wVHGeucjha9I=","merchant_oid":"INT31761906363","status":"success","total_amount":"285000","payment_type":"card","payment_amount":"285000","currency":"TL","installment_count":"1","merchant_id":"614136","test_mode":"1"}} 
[2025-10-31 13:48:09] local.INFO: Paytr Callback Received: {"hash":"e+9H/SUgyP9U7Op9g8ozEvsBxJ9A5RNdo4nbMXgG3Dg=","merchant_oid":"INT271761906966","status":"success","total_amount":"180000","payment_type":"card","payment_amount":"180000","currency":"TL","installment_count":"1","merchant_id":"614136","test_mode":"1"} 
[2025-10-31 13:48:09] local.INFO: Callback Hash Verification: {"calculated_hash":"e+9H/SUgyP9U7Op9g8ozEvsBxJ9A5RNdo4nbMXgG3Dg=","received_hash":"e+9H/SUgyP9U7Op9g8ozEvsBxJ9A5RNdo4nbMXgG3Dg=","merchant_oid":"INT271761906966","status":"success","total_amount":"180000"} 
[2025-10-31 13:48:09] local.INFO: Callback verification successful  
[2025-10-31 13:48:09] local.ERROR: Payment callback error {"message":"Attempt to read property \"status\" on null","file":"C:\\xampp\\htdocs\\serbiscrm\\app\\Http\\Controllers\\Frontend\\SubscriptionController.php","line":380,"post_data":{"hash":"e+9H/SUgyP9U7Op9g8ozEvsBxJ9A5RNdo4nbMXgG3Dg=","merchant_oid":"INT271761906966","status":"success","total_amount":"180000","payment_type":"card","payment_amount":"180000","currency":"TL","installment_count":"1","merchant_id":"614136","test_mode":"1"}} 
[2025-10-31 13:48:09] local.INFO: Paytr Callback Received: {"hash":"qkWq07B7CIey60bpksGR0s+3dCthiwUJaKlTe68PBNI=","merchant_oid":"INT271761907236","status":"success","total_amount":"180000","payment_type":"card","payment_amount":"180000","currency":"TL","installment_count":"1","merchant_id":"614136","test_mode":"1"} 
[2025-10-31 13:48:09] local.INFO: Callback Hash Verification: {"calculated_hash":"qkWq07B7CIey60bpksGR0s+3dCthiwUJaKlTe68PBNI=","received_hash":"qkWq07B7CIey60bpksGR0s+3dCthiwUJaKlTe68PBNI=","merchant_oid":"INT271761907236","status":"success","total_amount":"180000"} 
[2025-10-31 13:48:09] local.INFO: Callback verification successful  
[2025-10-31 13:48:09] local.ERROR: Payment callback error {"message":"Attempt to read property \"status\" on null","file":"C:\\xampp\\htdocs\\serbiscrm\\app\\Http\\Controllers\\Frontend\\SubscriptionController.php","line":380,"post_data":{"hash":"qkWq07B7CIey60bpksGR0s+3dCthiwUJaKlTe68PBNI=","merchant_oid":"INT271761907236","status":"success","total_amount":"180000","payment_type":"card","payment_amount":"180000","currency":"TL","installment_count":"1","merchant_id":"614136","test_mode":"1"}} 
[2025-10-31 13:49:08] local.INFO: Paytr Callback Received: {"hash":"TPudGpEcLvvyaBO01pFtsf1+lDANJNSgytXArwP15ys=","merchant_oid":"INT31761903037","status":"success","total_amount":"180000","payment_type":"card","payment_amount":"180000","currency":"TL","installment_count":"1","merchant_id":"614136","test_mode":"1"} 
[2025-10-31 13:49:08] local.INFO: Callback Hash Verification: {"calculated_hash":"TPudGpEcLvvyaBO01pFtsf1+lDANJNSgytXArwP15ys=","received_hash":"TPudGpEcLvvyaBO01pFtsf1+lDANJNSgytXArwP15ys=","merchant_oid":"INT31761903037","status":"success","total_amount":"180000"} 
[2025-10-31 13:49:08] local.INFO: Callback verification successful  
[2025-10-31 13:49:08] local.ERROR: Payment callback error {"message":"Attempt to read property \"status\" on null","file":"C:\\xampp\\htdocs\\serbiscrm\\app\\Http\\Controllers\\Frontend\\SubscriptionController.php","line":380,"post_data":{"hash":"TPudGpEcLvvyaBO01pFtsf1+lDANJNSgytXArwP15ys=","merchant_oid":"INT31761903037","status":"success","total_amount":"180000","payment_type":"card","payment_amount":"180000","currency":"TL","installment_count":"1","merchant_id":"614136","test_mode":"1"}} 
[2025-10-31 13:49:08] local.INFO: Paytr Callback Received: {"hash":"JtMeIfrJa7iZINQa7hn5tqEwtTfBbXDz4pIxIwYBVss=","merchant_oid":"INT31761903051","status":"failed","total_amount":"0","failed_reason_code":"6","failed_reason_msg":"Müşteri ödeme yapmaktan vazgeçti ve ödeme sayfasından ayrıldı.","payment_type":"card","merchant_id":"614136","test_mode":"1"} 
[2025-10-31 13:49:08] local.INFO: Callback Hash Verification: {"calculated_hash":"JtMeIfrJa7iZINQa7hn5tqEwtTfBbXDz4pIxIwYBVss=","received_hash":"JtMeIfrJa7iZINQa7hn5tqEwtTfBbXDz4pIxIwYBVss=","merchant_oid":"INT31761903051","status":"failed","total_amount":"0"} 
[2025-10-31 13:49:08] local.INFO: Callback verification successful  
[2025-10-31 13:49:08] local.ERROR: Payment callback error {"message":"Attempt to read property \"status\" on null","file":"C:\\xampp\\htdocs\\serbiscrm\\app\\Http\\Controllers\\Frontend\\SubscriptionController.php","line":380,"post_data":{"hash":"JtMeIfrJa7iZINQa7hn5tqEwtTfBbXDz4pIxIwYBVss=","merchant_oid":"INT31761903051","status":"failed","total_amount":"0","failed_reason_code":"6","failed_reason_msg":"Müşteri ödeme yapmaktan vazgeçti ve ödeme sayfasından ayrıldı.","payment_type":"card","merchant_id":"614136","test_mode":"1"}} 
[2025-10-31 13:49:09] local.INFO: Paytr Callback Received: {"hash":"oYXOuol2q/2cEAOR968kTfLy6+UhHv2wVHGeucjha9I=","merchant_oid":"INT31761906363","status":"success","total_amount":"285000","payment_type":"card","payment_amount":"285000","currency":"TL","installment_count":"1","merchant_id":"614136","test_mode":"1"} 
[2025-10-31 13:49:09] local.INFO: Callback Hash Verification: {"calculated_hash":"oYXOuol2q/2cEAOR968kTfLy6+UhHv2wVHGeucjha9I=","received_hash":"oYXOuol2q/2cEAOR968kTfLy6+UhHv2wVHGeucjha9I=","merchant_oid":"INT31761906363","status":"success","total_amount":"285000"} 
[2025-10-31 13:49:09] local.INFO: Callback verification successful  
[2025-10-31 13:49:09] local.ERROR: Payment callback error {"message":"Attempt to read property \"status\" on null","file":"C:\\xampp\\htdocs\\serbiscrm\\app\\Http\\Controllers\\Frontend\\SubscriptionController.php","line":380,"post_data":{"hash":"oYXOuol2q/2cEAOR968kTfLy6+UhHv2wVHGeucjha9I=","merchant_oid":"INT31761906363","status":"success","total_amount":"285000","payment_type":"card","payment_amount":"285000","currency":"TL","installment_count":"1","merchant_id":"614136","test_mode":"1"}} 
[2025-10-31 13:49:09] local.INFO: Paytr Callback Received: {"hash":"e+9H/SUgyP9U7Op9g8ozEvsBxJ9A5RNdo4nbMXgG3Dg=","merchant_oid":"INT271761906966","status":"success","total_amount":"180000","payment_type":"card","payment_amount":"180000","currency":"TL","installment_count":"1","merchant_id":"614136","test_mode":"1"} 
[2025-10-31 13:49:09] local.INFO: Callback Hash Verification: {"calculated_hash":"e+9H/SUgyP9U7Op9g8ozEvsBxJ9A5RNdo4nbMXgG3Dg=","received_hash":"e+9H/SUgyP9U7Op9g8ozEvsBxJ9A5RNdo4nbMXgG3Dg=","merchant_oid":"INT271761906966","status":"success","total_amount":"180000"} 
[2025-10-31 13:49:09] local.INFO: Callback verification successful  
[2025-10-31 13:49:09] local.ERROR: Payment callback error {"message":"Attempt to read property \"status\" on null","file":"C:\\xampp\\htdocs\\serbiscrm\\app\\Http\\Controllers\\Frontend\\SubscriptionController.php","line":380,"post_data":{"hash":"e+9H/SUgyP9U7Op9g8ozEvsBxJ9A5RNdo4nbMXgG3Dg=","merchant_oid":"INT271761906966","status":"success","total_amount":"180000","payment_type":"card","payment_amount":"180000","currency":"TL","installment_count":"1","merchant_id":"614136","test_mode":"1"}} 
[2025-10-31 13:49:10] local.INFO: Paytr Callback Received: {"hash":"qkWq07B7CIey60bpksGR0s+3dCthiwUJaKlTe68PBNI=","merchant_oid":"INT271761907236","status":"success","total_amount":"180000","payment_type":"card","payment_amount":"180000","currency":"TL","installment_count":"1","merchant_id":"614136","test_mode":"1"} 
[2025-10-31 13:49:10] local.INFO: Callback Hash Verification: {"calculated_hash":"qkWq07B7CIey60bpksGR0s+3dCthiwUJaKlTe68PBNI=","received_hash":"qkWq07B7CIey60bpksGR0s+3dCthiwUJaKlTe68PBNI=","merchant_oid":"INT271761907236","status":"success","total_amount":"180000"} 
[2025-10-31 13:49:10] local.INFO: Callback verification successful  
[2025-10-31 13:49:10] local.ERROR: Payment callback error {"message":"Attempt to read property \"status\" on null","file":"C:\\xampp\\htdocs\\serbiscrm\\app\\Http\\Controllers\\Frontend\\SubscriptionController.php","line":380,"post_data":{"hash":"qkWq07B7CIey60bpksGR0s+3dCthiwUJaKlTe68PBNI=","merchant_oid":"INT271761907236","status":"success","total_amount":"180000","payment_type":"card","payment_amount":"180000","currency":"TL","installment_count":"1","merchant_id":"614136","test_mode":"1"}} 
[2025-10-31 13:50:10] local.INFO: Paytr Callback Received: {"hash":"TPudGpEcLvvyaBO01pFtsf1+lDANJNSgytXArwP15ys=","merchant_oid":"INT31761903037","status":"success","total_amount":"180000","payment_type":"card","payment_amount":"180000","currency":"TL","installment_count":"1","merchant_id":"614136","test_mode":"1"} 
[2025-10-31 13:50:10] local.INFO: Callback Hash Verification: {"calculated_hash":"TPudGpEcLvvyaBO01pFtsf1+lDANJNSgytXArwP15ys=","received_hash":"TPudGpEcLvvyaBO01pFtsf1+lDANJNSgytXArwP15ys=","merchant_oid":"INT31761903037","status":"success","total_amount":"180000"} 
[2025-10-31 13:50:10] local.INFO: Callback verification successful  
[2025-10-31 13:50:10] local.ERROR: Payment callback error {"message":"Attempt to read property \"status\" on null","file":"C:\\xampp\\htdocs\\serbiscrm\\app\\Http\\Controllers\\Frontend\\SubscriptionController.php","line":380,"post_data":{"hash":"TPudGpEcLvvyaBO01pFtsf1+lDANJNSgytXArwP15ys=","merchant_oid":"INT31761903037","status":"success","total_amount":"180000","payment_type":"card","payment_amount":"180000","currency":"TL","installment_count":"1","merchant_id":"614136","test_mode":"1"}} 
[2025-10-31 13:50:11] local.INFO: Paytr Callback Received: {"hash":"JtMeIfrJa7iZINQa7hn5tqEwtTfBbXDz4pIxIwYBVss=","merchant_oid":"INT31761903051","status":"failed","total_amount":"0","failed_reason_code":"6","failed_reason_msg":"Müşteri ödeme yapmaktan vazgeçti ve ödeme sayfasından ayrıldı.","payment_type":"card","merchant_id":"614136","test_mode":"1"} 
[2025-10-31 13:50:11] local.INFO: Callback Hash Verification: {"calculated_hash":"JtMeIfrJa7iZINQa7hn5tqEwtTfBbXDz4pIxIwYBVss=","received_hash":"JtMeIfrJa7iZINQa7hn5tqEwtTfBbXDz4pIxIwYBVss=","merchant_oid":"INT31761903051","status":"failed","total_amount":"0"} 
[2025-10-31 13:50:11] local.INFO: Callback verification successful  
[2025-10-31 13:50:11] local.ERROR: Payment callback error {"message":"Attempt to read property \"status\" on null","file":"C:\\xampp\\htdocs\\serbiscrm\\app\\Http\\Controllers\\Frontend\\SubscriptionController.php","line":380,"post_data":{"hash":"JtMeIfrJa7iZINQa7hn5tqEwtTfBbXDz4pIxIwYBVss=","merchant_oid":"INT31761903051","status":"failed","total_amount":"0","failed_reason_code":"6","failed_reason_msg":"Müşteri ödeme yapmaktan vazgeçti ve ödeme sayfasından ayrıldı.","payment_type":"card","merchant_id":"614136","test_mode":"1"}} 
[2025-10-31 13:50:11] local.INFO: Paytr Callback Received: {"hash":"oYXOuol2q/2cEAOR968kTfLy6+UhHv2wVHGeucjha9I=","merchant_oid":"INT31761906363","status":"success","total_amount":"285000","payment_type":"card","payment_amount":"285000","currency":"TL","installment_count":"1","merchant_id":"614136","test_mode":"1"} 
[2025-10-31 13:50:11] local.INFO: Callback Hash Verification: {"calculated_hash":"oYXOuol2q/2cEAOR968kTfLy6+UhHv2wVHGeucjha9I=","received_hash":"oYXOuol2q/2cEAOR968kTfLy6+UhHv2wVHGeucjha9I=","merchant_oid":"INT31761906363","status":"success","total_amount":"285000"} 
[2025-10-31 13:50:11] local.INFO: Callback verification successful  
[2025-10-31 13:50:11] local.ERROR: Payment callback error {"message":"Attempt to read property \"status\" on null","file":"C:\\xampp\\htdocs\\serbiscrm\\app\\Http\\Controllers\\Frontend\\SubscriptionController.php","line":380,"post_data":{"hash":"oYXOuol2q/2cEAOR968kTfLy6+UhHv2wVHGeucjha9I=","merchant_oid":"INT31761906363","status":"success","total_amount":"285000","payment_type":"card","payment_amount":"285000","currency":"TL","installment_count":"1","merchant_id":"614136","test_mode":"1"}} 
[2025-10-31 13:50:12] local.INFO: Paytr Callback Received: {"hash":"e+9H/SUgyP9U7Op9g8ozEvsBxJ9A5RNdo4nbMXgG3Dg=","merchant_oid":"INT271761906966","status":"success","total_amount":"180000","payment_type":"card","payment_amount":"180000","currency":"TL","installment_count":"1","merchant_id":"614136","test_mode":"1"} 
[2025-10-31 13:50:12] local.INFO: Callback Hash Verification: {"calculated_hash":"e+9H/SUgyP9U7Op9g8ozEvsBxJ9A5RNdo4nbMXgG3Dg=","received_hash":"e+9H/SUgyP9U7Op9g8ozEvsBxJ9A5RNdo4nbMXgG3Dg=","merchant_oid":"INT271761906966","status":"success","total_amount":"180000"} 
[2025-10-31 13:50:12] local.INFO: Callback verification successful  
[2025-10-31 13:50:12] local.ERROR: Payment callback error {"message":"Attempt to read property \"status\" on null","file":"C:\\xampp\\htdocs\\serbiscrm\\app\\Http\\Controllers\\Frontend\\SubscriptionController.php","line":380,"post_data":{"hash":"e+9H/SUgyP9U7Op9g8ozEvsBxJ9A5RNdo4nbMXgG3Dg=","merchant_oid":"INT271761906966","status":"success","total_amount":"180000","payment_type":"card","payment_amount":"180000","currency":"TL","installment_count":"1","merchant_id":"614136","test_mode":"1"}} 
[2025-10-31 13:50:12] local.INFO: Paytr Callback Received: {"hash":"qkWq07B7CIey60bpksGR0s+3dCthiwUJaKlTe68PBNI=","merchant_oid":"INT271761907236","status":"success","total_amount":"180000","payment_type":"card","payment_amount":"180000","currency":"TL","installment_count":"1","merchant_id":"614136","test_mode":"1"} 
[2025-10-31 13:50:12] local.INFO: Callback Hash Verification: {"calculated_hash":"qkWq07B7CIey60bpksGR0s+3dCthiwUJaKlTe68PBNI=","received_hash":"qkWq07B7CIey60bpksGR0s+3dCthiwUJaKlTe68PBNI=","merchant_oid":"INT271761907236","status":"success","total_amount":"180000"} 
[2025-10-31 13:50:12] local.INFO: Callback verification successful  
[2025-10-31 13:50:12] local.ERROR: Payment callback error {"message":"Attempt to read property \"status\" on null","file":"C:\\xampp\\htdocs\\serbiscrm\\app\\Http\\Controllers\\Frontend\\SubscriptionController.php","line":380,"post_data":{"hash":"qkWq07B7CIey60bpksGR0s+3dCthiwUJaKlTe68PBNI=","merchant_oid":"INT271761907236","status":"success","total_amount":"180000","payment_type":"card","payment_amount":"180000","currency":"TL","installment_count":"1","merchant_id":"614136","test_mode":"1"}} 
[2025-10-31 13:51:08] local.INFO: Paytr Callback Received: {"hash":"TPudGpEcLvvyaBO01pFtsf1+lDANJNSgytXArwP15ys=","merchant_oid":"INT31761903037","status":"success","total_amount":"180000","payment_type":"card","payment_amount":"180000","currency":"TL","installment_count":"1","merchant_id":"614136","test_mode":"1"} 
[2025-10-31 13:51:08] local.INFO: Callback Hash Verification: {"calculated_hash":"TPudGpEcLvvyaBO01pFtsf1+lDANJNSgytXArwP15ys=","received_hash":"TPudGpEcLvvyaBO01pFtsf1+lDANJNSgytXArwP15ys=","merchant_oid":"INT31761903037","status":"success","total_amount":"180000"} 
[2025-10-31 13:51:08] local.INFO: Callback verification successful  
[2025-10-31 13:51:08] local.ERROR: Payment callback error {"message":"Attempt to read property \"status\" on null","file":"C:\\xampp\\htdocs\\serbiscrm\\app\\Http\\Controllers\\Frontend\\SubscriptionController.php","line":380,"post_data":{"hash":"TPudGpEcLvvyaBO01pFtsf1+lDANJNSgytXArwP15ys=","merchant_oid":"INT31761903037","status":"success","total_amount":"180000","payment_type":"card","payment_amount":"180000","currency":"TL","installment_count":"1","merchant_id":"614136","test_mode":"1"}} 
[2025-10-31 13:51:08] local.INFO: Paytr Callback Received: {"hash":"JtMeIfrJa7iZINQa7hn5tqEwtTfBbXDz4pIxIwYBVss=","merchant_oid":"INT31761903051","status":"failed","total_amount":"0","failed_reason_code":"6","failed_reason_msg":"Müşteri ödeme yapmaktan vazgeçti ve ödeme sayfasından ayrıldı.","payment_type":"card","merchant_id":"614136","test_mode":"1"} 
[2025-10-31 13:51:08] local.INFO: Callback Hash Verification: {"calculated_hash":"JtMeIfrJa7iZINQa7hn5tqEwtTfBbXDz4pIxIwYBVss=","received_hash":"JtMeIfrJa7iZINQa7hn5tqEwtTfBbXDz4pIxIwYBVss=","merchant_oid":"INT31761903051","status":"failed","total_amount":"0"} 
[2025-10-31 13:51:08] local.INFO: Callback verification successful  
[2025-10-31 13:51:08] local.ERROR: Payment callback error {"message":"Attempt to read property \"status\" on null","file":"C:\\xampp\\htdocs\\serbiscrm\\app\\Http\\Controllers\\Frontend\\SubscriptionController.php","line":380,"post_data":{"hash":"JtMeIfrJa7iZINQa7hn5tqEwtTfBbXDz4pIxIwYBVss=","merchant_oid":"INT31761903051","status":"failed","total_amount":"0","failed_reason_code":"6","failed_reason_msg":"Müşteri ödeme yapmaktan vazgeçti ve ödeme sayfasından ayrıldı.","payment_type":"card","merchant_id":"614136","test_mode":"1"}} 
[2025-10-31 13:51:08] local.INFO: Paytr Callback Received: {"hash":"oYXOuol2q/2cEAOR968kTfLy6+UhHv2wVHGeucjha9I=","merchant_oid":"INT31761906363","status":"success","total_amount":"285000","payment_type":"card","payment_amount":"285000","currency":"TL","installment_count":"1","merchant_id":"614136","test_mode":"1"} 
[2025-10-31 13:51:08] local.INFO: Callback Hash Verification: {"calculated_hash":"oYXOuol2q/2cEAOR968kTfLy6+UhHv2wVHGeucjha9I=","received_hash":"oYXOuol2q/2cEAOR968kTfLy6+UhHv2wVHGeucjha9I=","merchant_oid":"INT31761906363","status":"success","total_amount":"285000"} 
[2025-10-31 13:51:08] local.INFO: Callback verification successful  
[2025-10-31 13:51:08] local.ERROR: Payment callback error {"message":"Attempt to read property \"status\" on null","file":"C:\\xampp\\htdocs\\serbiscrm\\app\\Http\\Controllers\\Frontend\\SubscriptionController.php","line":380,"post_data":{"hash":"oYXOuol2q/2cEAOR968kTfLy6+UhHv2wVHGeucjha9I=","merchant_oid":"INT31761906363","status":"success","total_amount":"285000","payment_type":"card","payment_amount":"285000","currency":"TL","installment_count":"1","merchant_id":"614136","test_mode":"1"}} 
[2025-10-31 13:51:09] local.INFO: Paytr Callback Received: {"hash":"e+9H/SUgyP9U7Op9g8ozEvsBxJ9A5RNdo4nbMXgG3Dg=","merchant_oid":"INT271761906966","status":"success","total_amount":"180000","payment_type":"card","payment_amount":"180000","currency":"TL","installment_count":"1","merchant_id":"614136","test_mode":"1"} 
[2025-10-31 13:51:09] local.INFO: Callback Hash Verification: {"calculated_hash":"e+9H/SUgyP9U7Op9g8ozEvsBxJ9A5RNdo4nbMXgG3Dg=","received_hash":"e+9H/SUgyP9U7Op9g8ozEvsBxJ9A5RNdo4nbMXgG3Dg=","merchant_oid":"INT271761906966","status":"success","total_amount":"180000"} 
[2025-10-31 13:51:09] local.INFO: Callback verification successful  
[2025-10-31 13:51:09] local.ERROR: Payment callback error {"message":"Attempt to read property \"status\" on null","file":"C:\\xampp\\htdocs\\serbiscrm\\app\\Http\\Controllers\\Frontend\\SubscriptionController.php","line":380,"post_data":{"hash":"e+9H/SUgyP9U7Op9g8ozEvsBxJ9A5RNdo4nbMXgG3Dg=","merchant_oid":"INT271761906966","status":"success","total_amount":"180000","payment_type":"card","payment_amount":"180000","currency":"TL","installment_count":"1","merchant_id":"614136","test_mode":"1"}} 
[2025-10-31 13:51:10] local.INFO: Paytr Callback Received: {"hash":"qkWq07B7CIey60bpksGR0s+3dCthiwUJaKlTe68PBNI=","merchant_oid":"INT271761907236","status":"success","total_amount":"180000","payment_type":"card","payment_amount":"180000","currency":"TL","installment_count":"1","merchant_id":"614136","test_mode":"1"} 
[2025-10-31 13:51:10] local.INFO: Callback Hash Verification: {"calculated_hash":"qkWq07B7CIey60bpksGR0s+3dCthiwUJaKlTe68PBNI=","received_hash":"qkWq07B7CIey60bpksGR0s+3dCthiwUJaKlTe68PBNI=","merchant_oid":"INT271761907236","status":"success","total_amount":"180000"} 
[2025-10-31 13:51:10] local.INFO: Callback verification successful  
[2025-10-31 13:51:10] local.ERROR: Payment callback error {"message":"Attempt to read property \"status\" on null","file":"C:\\xampp\\htdocs\\serbiscrm\\app\\Http\\Controllers\\Frontend\\SubscriptionController.php","line":380,"post_data":{"hash":"qkWq07B7CIey60bpksGR0s+3dCthiwUJaKlTe68PBNI=","merchant_oid":"INT271761907236","status":"success","total_amount":"180000","payment_type":"card","payment_amount":"180000","currency":"TL","installment_count":"1","merchant_id":"614136","test_mode":"1"}} 
[2025-10-31 13:52:08] local.INFO: Paytr Callback Received: {"hash":"TPudGpEcLvvyaBO01pFtsf1+lDANJNSgytXArwP15ys=","merchant_oid":"INT31761903037","status":"success","total_amount":"180000","payment_type":"card","payment_amount":"180000","currency":"TL","installment_count":"1","merchant_id":"614136","test_mode":"1"} 
[2025-10-31 13:52:08] local.INFO: Callback Hash Verification: {"calculated_hash":"TPudGpEcLvvyaBO01pFtsf1+lDANJNSgytXArwP15ys=","received_hash":"TPudGpEcLvvyaBO01pFtsf1+lDANJNSgytXArwP15ys=","merchant_oid":"INT31761903037","status":"success","total_amount":"180000"} 
[2025-10-31 13:52:08] local.INFO: Callback verification successful  
[2025-10-31 13:52:08] local.ERROR: Payment callback error {"message":"Attempt to read property \"status\" on null","file":"C:\\xampp\\htdocs\\serbiscrm\\app\\Http\\Controllers\\Frontend\\SubscriptionController.php","line":380,"post_data":{"hash":"TPudGpEcLvvyaBO01pFtsf1+lDANJNSgytXArwP15ys=","merchant_oid":"INT31761903037","status":"success","total_amount":"180000","payment_type":"card","payment_amount":"180000","currency":"TL","installment_count":"1","merchant_id":"614136","test_mode":"1"}} 
[2025-10-31 13:52:08] local.INFO: Paytr Callback Received: {"hash":"JtMeIfrJa7iZINQa7hn5tqEwtTfBbXDz4pIxIwYBVss=","merchant_oid":"INT31761903051","status":"failed","total_amount":"0","failed_reason_code":"6","failed_reason_msg":"Müşteri ödeme yapmaktan vazgeçti ve ödeme sayfasından ayrıldı.","payment_type":"card","merchant_id":"614136","test_mode":"1"} 
[2025-10-31 13:52:08] local.INFO: Callback Hash Verification: {"calculated_hash":"JtMeIfrJa7iZINQa7hn5tqEwtTfBbXDz4pIxIwYBVss=","received_hash":"JtMeIfrJa7iZINQa7hn5tqEwtTfBbXDz4pIxIwYBVss=","merchant_oid":"INT31761903051","status":"failed","total_amount":"0"} 
[2025-10-31 13:52:08] local.INFO: Callback verification successful  
[2025-10-31 13:52:09] local.ERROR: Payment callback error {"message":"Attempt to read property \"status\" on null","file":"C:\\xampp\\htdocs\\serbiscrm\\app\\Http\\Controllers\\Frontend\\SubscriptionController.php","line":380,"post_data":{"hash":"JtMeIfrJa7iZINQa7hn5tqEwtTfBbXDz4pIxIwYBVss=","merchant_oid":"INT31761903051","status":"failed","total_amount":"0","failed_reason_code":"6","failed_reason_msg":"Müşteri ödeme yapmaktan vazgeçti ve ödeme sayfasından ayrıldı.","payment_type":"card","merchant_id":"614136","test_mode":"1"}} 
[2025-10-31 13:52:09] local.INFO: Paytr Callback Received: {"hash":"oYXOuol2q/2cEAOR968kTfLy6+UhHv2wVHGeucjha9I=","merchant_oid":"INT31761906363","status":"success","total_amount":"285000","payment_type":"card","payment_amount":"285000","currency":"TL","installment_count":"1","merchant_id":"614136","test_mode":"1"} 
[2025-10-31 13:52:09] local.INFO: Callback Hash Verification: {"calculated_hash":"oYXOuol2q/2cEAOR968kTfLy6+UhHv2wVHGeucjha9I=","received_hash":"oYXOuol2q/2cEAOR968kTfLy6+UhHv2wVHGeucjha9I=","merchant_oid":"INT31761906363","status":"success","total_amount":"285000"} 
[2025-10-31 13:52:09] local.INFO: Callback verification successful  
[2025-10-31 13:52:09] local.ERROR: Payment callback error {"message":"Attempt to read property \"status\" on null","file":"C:\\xampp\\htdocs\\serbiscrm\\app\\Http\\Controllers\\Frontend\\SubscriptionController.php","line":380,"post_data":{"hash":"oYXOuol2q/2cEAOR968kTfLy6+UhHv2wVHGeucjha9I=","merchant_oid":"INT31761906363","status":"success","total_amount":"285000","payment_type":"card","payment_amount":"285000","currency":"TL","installment_count":"1","merchant_id":"614136","test_mode":"1"}} 
[2025-10-31 13:52:10] local.INFO: Paytr Callback Received: {"hash":"e+9H/SUgyP9U7Op9g8ozEvsBxJ9A5RNdo4nbMXgG3Dg=","merchant_oid":"INT271761906966","status":"success","total_amount":"180000","payment_type":"card","payment_amount":"180000","currency":"TL","installment_count":"1","merchant_id":"614136","test_mode":"1"} 
[2025-10-31 13:52:10] local.INFO: Callback Hash Verification: {"calculated_hash":"e+9H/SUgyP9U7Op9g8ozEvsBxJ9A5RNdo4nbMXgG3Dg=","received_hash":"e+9H/SUgyP9U7Op9g8ozEvsBxJ9A5RNdo4nbMXgG3Dg=","merchant_oid":"INT271761906966","status":"success","total_amount":"180000"} 
[2025-10-31 13:52:10] local.INFO: Callback verification successful  
[2025-10-31 13:52:10] local.ERROR: Payment callback error {"message":"Attempt to read property \"status\" on null","file":"C:\\xampp\\htdocs\\serbiscrm\\app\\Http\\Controllers\\Frontend\\SubscriptionController.php","line":380,"post_data":{"hash":"e+9H/SUgyP9U7Op9g8ozEvsBxJ9A5RNdo4nbMXgG3Dg=","merchant_oid":"INT271761906966","status":"success","total_amount":"180000","payment_type":"card","payment_amount":"180000","currency":"TL","installment_count":"1","merchant_id":"614136","test_mode":"1"}} 
[2025-10-31 13:52:10] local.INFO: Paytr Callback Received: {"hash":"qkWq07B7CIey60bpksGR0s+3dCthiwUJaKlTe68PBNI=","merchant_oid":"INT271761907236","status":"success","total_amount":"180000","payment_type":"card","payment_amount":"180000","currency":"TL","installment_count":"1","merchant_id":"614136","test_mode":"1"} 
[2025-10-31 13:52:10] local.INFO: Callback Hash Verification: {"calculated_hash":"qkWq07B7CIey60bpksGR0s+3dCthiwUJaKlTe68PBNI=","received_hash":"qkWq07B7CIey60bpksGR0s+3dCthiwUJaKlTe68PBNI=","merchant_oid":"INT271761907236","status":"success","total_amount":"180000"} 
[2025-10-31 13:52:10] local.INFO: Callback verification successful  
[2025-10-31 13:52:10] local.ERROR: Payment callback error {"message":"Attempt to read property \"status\" on null","file":"C:\\xampp\\htdocs\\serbiscrm\\app\\Http\\Controllers\\Frontend\\SubscriptionController.php","line":380,"post_data":{"hash":"qkWq07B7CIey60bpksGR0s+3dCthiwUJaKlTe68PBNI=","merchant_oid":"INT271761907236","status":"success","total_amount":"180000","payment_type":"card","payment_amount":"180000","currency":"TL","installment_count":"1","merchant_id":"614136","test_mode":"1"}} 
[2025-10-31 13:53:07] local.INFO: Paytr Callback Received: {"hash":"TPudGpEcLvvyaBO01pFtsf1+lDANJNSgytXArwP15ys=","merchant_oid":"INT31761903037","status":"success","total_amount":"180000","payment_type":"card","payment_amount":"180000","currency":"TL","installment_count":"1","merchant_id":"614136","test_mode":"1"} 
[2025-10-31 13:53:07] local.INFO: Callback Hash Verification: {"calculated_hash":"TPudGpEcLvvyaBO01pFtsf1+lDANJNSgytXArwP15ys=","received_hash":"TPudGpEcLvvyaBO01pFtsf1+lDANJNSgytXArwP15ys=","merchant_oid":"INT31761903037","status":"success","total_amount":"180000"} 
[2025-10-31 13:53:07] local.INFO: Callback verification successful  
[2025-10-31 13:53:07] local.ERROR: Payment callback error {"message":"Attempt to read property \"status\" on null","file":"C:\\xampp\\htdocs\\serbiscrm\\app\\Http\\Controllers\\Frontend\\SubscriptionController.php","line":380,"post_data":{"hash":"TPudGpEcLvvyaBO01pFtsf1+lDANJNSgytXArwP15ys=","merchant_oid":"INT31761903037","status":"success","total_amount":"180000","payment_type":"card","payment_amount":"180000","currency":"TL","installment_count":"1","merchant_id":"614136","test_mode":"1"}} 
[2025-10-31 13:53:08] local.INFO: Paytr Callback Received: {"hash":"JtMeIfrJa7iZINQa7hn5tqEwtTfBbXDz4pIxIwYBVss=","merchant_oid":"INT31761903051","status":"failed","total_amount":"0","failed_reason_code":"6","failed_reason_msg":"Müşteri ödeme yapmaktan vazgeçti ve ödeme sayfasından ayrıldı.","payment_type":"card","merchant_id":"614136","test_mode":"1"} 
[2025-10-31 13:53:08] local.INFO: Callback Hash Verification: {"calculated_hash":"JtMeIfrJa7iZINQa7hn5tqEwtTfBbXDz4pIxIwYBVss=","received_hash":"JtMeIfrJa7iZINQa7hn5tqEwtTfBbXDz4pIxIwYBVss=","merchant_oid":"INT31761903051","status":"failed","total_amount":"0"} 
[2025-10-31 13:53:08] local.INFO: Callback verification successful  
[2025-10-31 13:53:08] local.ERROR: Payment callback error {"message":"Attempt to read property \"status\" on null","file":"C:\\xampp\\htdocs\\serbiscrm\\app\\Http\\Controllers\\Frontend\\SubscriptionController.php","line":380,"post_data":{"hash":"JtMeIfrJa7iZINQa7hn5tqEwtTfBbXDz4pIxIwYBVss=","merchant_oid":"INT31761903051","status":"failed","total_amount":"0","failed_reason_code":"6","failed_reason_msg":"Müşteri ödeme yapmaktan vazgeçti ve ödeme sayfasından ayrıldı.","payment_type":"card","merchant_id":"614136","test_mode":"1"}} 
[2025-10-31 13:53:08] local.INFO: Paytr Callback Received: {"hash":"oYXOuol2q/2cEAOR968kTfLy6+UhHv2wVHGeucjha9I=","merchant_oid":"INT31761906363","status":"success","total_amount":"285000","payment_type":"card","payment_amount":"285000","currency":"TL","installment_count":"1","merchant_id":"614136","test_mode":"1"} 
[2025-10-31 13:53:08] local.INFO: Callback Hash Verification: {"calculated_hash":"oYXOuol2q/2cEAOR968kTfLy6+UhHv2wVHGeucjha9I=","received_hash":"oYXOuol2q/2cEAOR968kTfLy6+UhHv2wVHGeucjha9I=","merchant_oid":"INT31761906363","status":"success","total_amount":"285000"} 
[2025-10-31 13:53:08] local.INFO: Callback verification successful  
[2025-10-31 13:53:09] local.ERROR: Payment callback error {"message":"Attempt to read property \"status\" on null","file":"C:\\xampp\\htdocs\\serbiscrm\\app\\Http\\Controllers\\Frontend\\SubscriptionController.php","line":380,"post_data":{"hash":"oYXOuol2q/2cEAOR968kTfLy6+UhHv2wVHGeucjha9I=","merchant_oid":"INT31761906363","status":"success","total_amount":"285000","payment_type":"card","payment_amount":"285000","currency":"TL","installment_count":"1","merchant_id":"614136","test_mode":"1"}} 
[2025-10-31 13:53:09] local.INFO: Paytr Callback Received: {"hash":"e+9H/SUgyP9U7Op9g8ozEvsBxJ9A5RNdo4nbMXgG3Dg=","merchant_oid":"INT271761906966","status":"success","total_amount":"180000","payment_type":"card","payment_amount":"180000","currency":"TL","installment_count":"1","merchant_id":"614136","test_mode":"1"} 
[2025-10-31 13:53:09] local.INFO: Callback Hash Verification: {"calculated_hash":"e+9H/SUgyP9U7Op9g8ozEvsBxJ9A5RNdo4nbMXgG3Dg=","received_hash":"e+9H/SUgyP9U7Op9g8ozEvsBxJ9A5RNdo4nbMXgG3Dg=","merchant_oid":"INT271761906966","status":"success","total_amount":"180000"} 
[2025-10-31 13:53:09] local.INFO: Callback verification successful  
[2025-10-31 13:53:09] local.ERROR: Payment callback error {"message":"Attempt to read property \"status\" on null","file":"C:\\xampp\\htdocs\\serbiscrm\\app\\Http\\Controllers\\Frontend\\SubscriptionController.php","line":380,"post_data":{"hash":"e+9H/SUgyP9U7Op9g8ozEvsBxJ9A5RNdo4nbMXgG3Dg=","merchant_oid":"INT271761906966","status":"success","total_amount":"180000","payment_type":"card","payment_amount":"180000","currency":"TL","installment_count":"1","merchant_id":"614136","test_mode":"1"}} 
[2025-10-31 13:53:10] local.INFO: Paytr Callback Received: {"hash":"qkWq07B7CIey60bpksGR0s+3dCthiwUJaKlTe68PBNI=","merchant_oid":"INT271761907236","status":"success","total_amount":"180000","payment_type":"card","payment_amount":"180000","currency":"TL","installment_count":"1","merchant_id":"614136","test_mode":"1"} 
[2025-10-31 13:53:10] local.INFO: Callback Hash Verification: {"calculated_hash":"qkWq07B7CIey60bpksGR0s+3dCthiwUJaKlTe68PBNI=","received_hash":"qkWq07B7CIey60bpksGR0s+3dCthiwUJaKlTe68PBNI=","merchant_oid":"INT271761907236","status":"success","total_amount":"180000"} 
[2025-10-31 13:53:10] local.INFO: Callback verification successful  
[2025-10-31 13:53:10] local.ERROR: Payment callback error {"message":"Attempt to read property \"status\" on null","file":"C:\\xampp\\htdocs\\serbiscrm\\app\\Http\\Controllers\\Frontend\\SubscriptionController.php","line":380,"post_data":{"hash":"qkWq07B7CIey60bpksGR0s+3dCthiwUJaKlTe68PBNI=","merchant_oid":"INT271761907236","status":"success","total_amount":"180000","payment_type":"card","payment_amount":"180000","currency":"TL","installment_count":"1","merchant_id":"614136","test_mode":"1"}} 
[2025-10-31 13:54:08] local.INFO: Paytr Callback Received: {"hash":"TPudGpEcLvvyaBO01pFtsf1+lDANJNSgytXArwP15ys=","merchant_oid":"INT31761903037","status":"success","total_amount":"180000","payment_type":"card","payment_amount":"180000","currency":"TL","installment_count":"1","merchant_id":"614136","test_mode":"1"} 
[2025-10-31 13:54:08] local.INFO: Callback Hash Verification: {"calculated_hash":"TPudGpEcLvvyaBO01pFtsf1+lDANJNSgytXArwP15ys=","received_hash":"TPudGpEcLvvyaBO01pFtsf1+lDANJNSgytXArwP15ys=","merchant_oid":"INT31761903037","status":"success","total_amount":"180000"} 
[2025-10-31 13:54:08] local.INFO: Callback verification successful  
[2025-10-31 13:54:08] local.ERROR: Payment callback error {"message":"Attempt to read property \"status\" on null","file":"C:\\xampp\\htdocs\\serbiscrm\\app\\Http\\Controllers\\Frontend\\SubscriptionController.php","line":380,"post_data":{"hash":"TPudGpEcLvvyaBO01pFtsf1+lDANJNSgytXArwP15ys=","merchant_oid":"INT31761903037","status":"success","total_amount":"180000","payment_type":"card","payment_amount":"180000","currency":"TL","installment_count":"1","merchant_id":"614136","test_mode":"1"}} 
[2025-10-31 13:54:08] local.INFO: Paytr Callback Received: {"hash":"JtMeIfrJa7iZINQa7hn5tqEwtTfBbXDz4pIxIwYBVss=","merchant_oid":"INT31761903051","status":"failed","total_amount":"0","failed_reason_code":"6","failed_reason_msg":"Müşteri ödeme yapmaktan vazgeçti ve ödeme sayfasından ayrıldı.","payment_type":"card","merchant_id":"614136","test_mode":"1"} 
[2025-10-31 13:54:08] local.INFO: Callback Hash Verification: {"calculated_hash":"JtMeIfrJa7iZINQa7hn5tqEwtTfBbXDz4pIxIwYBVss=","received_hash":"JtMeIfrJa7iZINQa7hn5tqEwtTfBbXDz4pIxIwYBVss=","merchant_oid":"INT31761903051","status":"failed","total_amount":"0"} 
[2025-10-31 13:54:08] local.INFO: Callback verification successful  
[2025-10-31 13:54:08] local.ERROR: Payment callback error {"message":"Attempt to read property \"status\" on null","file":"C:\\xampp\\htdocs\\serbiscrm\\app\\Http\\Controllers\\Frontend\\SubscriptionController.php","line":380,"post_data":{"hash":"JtMeIfrJa7iZINQa7hn5tqEwtTfBbXDz4pIxIwYBVss=","merchant_oid":"INT31761903051","status":"failed","total_amount":"0","failed_reason_code":"6","failed_reason_msg":"Müşteri ödeme yapmaktan vazgeçti ve ödeme sayfasından ayrıldı.","payment_type":"card","merchant_id":"614136","test_mode":"1"}} 
[2025-10-31 13:54:09] local.INFO: Paytr Callback Received: {"hash":"oYXOuol2q/2cEAOR968kTfLy6+UhHv2wVHGeucjha9I=","merchant_oid":"INT31761906363","status":"success","total_amount":"285000","payment_type":"card","payment_amount":"285000","currency":"TL","installment_count":"1","merchant_id":"614136","test_mode":"1"} 
[2025-10-31 13:54:09] local.INFO: Callback Hash Verification: {"calculated_hash":"oYXOuol2q/2cEAOR968kTfLy6+UhHv2wVHGeucjha9I=","received_hash":"oYXOuol2q/2cEAOR968kTfLy6+UhHv2wVHGeucjha9I=","merchant_oid":"INT31761906363","status":"success","total_amount":"285000"} 
[2025-10-31 13:54:09] local.INFO: Callback verification successful  
[2025-10-31 13:54:09] local.ERROR: Payment callback error {"message":"Attempt to read property \"status\" on null","file":"C:\\xampp\\htdocs\\serbiscrm\\app\\Http\\Controllers\\Frontend\\SubscriptionController.php","line":380,"post_data":{"hash":"oYXOuol2q/2cEAOR968kTfLy6+UhHv2wVHGeucjha9I=","merchant_oid":"INT31761906363","status":"success","total_amount":"285000","payment_type":"card","payment_amount":"285000","currency":"TL","installment_count":"1","merchant_id":"614136","test_mode":"1"}} 
[2025-10-31 13:54:09] local.INFO: Paytr Callback Received: {"hash":"e+9H/SUgyP9U7Op9g8ozEvsBxJ9A5RNdo4nbMXgG3Dg=","merchant_oid":"INT271761906966","status":"success","total_amount":"180000","payment_type":"card","payment_amount":"180000","currency":"TL","installment_count":"1","merchant_id":"614136","test_mode":"1"} 
[2025-10-31 13:54:09] local.INFO: Callback Hash Verification: {"calculated_hash":"e+9H/SUgyP9U7Op9g8ozEvsBxJ9A5RNdo4nbMXgG3Dg=","received_hash":"e+9H/SUgyP9U7Op9g8ozEvsBxJ9A5RNdo4nbMXgG3Dg=","merchant_oid":"INT271761906966","status":"success","total_amount":"180000"} 
[2025-10-31 13:54:09] local.INFO: Callback verification successful  
[2025-10-31 13:54:09] local.ERROR: Payment callback error {"message":"Attempt to read property \"status\" on null","file":"C:\\xampp\\htdocs\\serbiscrm\\app\\Http\\Controllers\\Frontend\\SubscriptionController.php","line":380,"post_data":{"hash":"e+9H/SUgyP9U7Op9g8ozEvsBxJ9A5RNdo4nbMXgG3Dg=","merchant_oid":"INT271761906966","status":"success","total_amount":"180000","payment_type":"card","payment_amount":"180000","currency":"TL","installment_count":"1","merchant_id":"614136","test_mode":"1"}} 
[2025-10-31 13:54:10] local.INFO: Paytr Callback Received: {"hash":"qkWq07B7CIey60bpksGR0s+3dCthiwUJaKlTe68PBNI=","merchant_oid":"INT271761907236","status":"success","total_amount":"180000","payment_type":"card","payment_amount":"180000","currency":"TL","installment_count":"1","merchant_id":"614136","test_mode":"1"} 
[2025-10-31 13:54:10] local.INFO: Callback Hash Verification: {"calculated_hash":"qkWq07B7CIey60bpksGR0s+3dCthiwUJaKlTe68PBNI=","received_hash":"qkWq07B7CIey60bpksGR0s+3dCthiwUJaKlTe68PBNI=","merchant_oid":"INT271761907236","status":"success","total_amount":"180000"} 
[2025-10-31 13:54:10] local.INFO: Callback verification successful  
[2025-10-31 13:54:10] local.ERROR: Payment callback error {"message":"Attempt to read property \"status\" on null","file":"C:\\xampp\\htdocs\\serbiscrm\\app\\Http\\Controllers\\Frontend\\SubscriptionController.php","line":380,"post_data":{"hash":"qkWq07B7CIey60bpksGR0s+3dCthiwUJaKlTe68PBNI=","merchant_oid":"INT271761907236","status":"success","total_amount":"180000","payment_type":"card","payment_amount":"180000","currency":"TL","installment_count":"1","merchant_id":"614136","test_mode":"1"}} 
[2025-10-31 13:55:10] local.INFO: Paytr Callback Received: {"hash":"TPudGpEcLvvyaBO01pFtsf1+lDANJNSgytXArwP15ys=","merchant_oid":"INT31761903037","status":"success","total_amount":"180000","payment_type":"card","payment_amount":"180000","currency":"TL","installment_count":"1","merchant_id":"614136","test_mode":"1"} 
[2025-10-31 13:55:10] local.INFO: Callback Hash Verification: {"calculated_hash":"TPudGpEcLvvyaBO01pFtsf1+lDANJNSgytXArwP15ys=","received_hash":"TPudGpEcLvvyaBO01pFtsf1+lDANJNSgytXArwP15ys=","merchant_oid":"INT31761903037","status":"success","total_amount":"180000"} 
[2025-10-31 13:55:10] local.INFO: Callback verification successful  
[2025-10-31 13:55:10] local.ERROR: Payment callback error {"message":"Attempt to read property \"status\" on null","file":"C:\\xampp\\htdocs\\serbiscrm\\app\\Http\\Controllers\\Frontend\\SubscriptionController.php","line":380,"post_data":{"hash":"TPudGpEcLvvyaBO01pFtsf1+lDANJNSgytXArwP15ys=","merchant_oid":"INT31761903037","status":"success","total_amount":"180000","payment_type":"card","payment_amount":"180000","currency":"TL","installment_count":"1","merchant_id":"614136","test_mode":"1"}} 
[2025-10-31 13:55:11] local.INFO: Paytr Callback Received: {"hash":"JtMeIfrJa7iZINQa7hn5tqEwtTfBbXDz4pIxIwYBVss=","merchant_oid":"INT31761903051","status":"failed","total_amount":"0","failed_reason_code":"6","failed_reason_msg":"Müşteri ödeme yapmaktan vazgeçti ve ödeme sayfasından ayrıldı.","payment_type":"card","merchant_id":"614136","test_mode":"1"} 
[2025-10-31 13:55:11] local.INFO: Callback Hash Verification: {"calculated_hash":"JtMeIfrJa7iZINQa7hn5tqEwtTfBbXDz4pIxIwYBVss=","received_hash":"JtMeIfrJa7iZINQa7hn5tqEwtTfBbXDz4pIxIwYBVss=","merchant_oid":"INT31761903051","status":"failed","total_amount":"0"} 
[2025-10-31 13:55:11] local.INFO: Callback verification successful  
[2025-10-31 13:55:11] local.ERROR: Payment callback error {"message":"Attempt to read property \"status\" on null","file":"C:\\xampp\\htdocs\\serbiscrm\\app\\Http\\Controllers\\Frontend\\SubscriptionController.php","line":380,"post_data":{"hash":"JtMeIfrJa7iZINQa7hn5tqEwtTfBbXDz4pIxIwYBVss=","merchant_oid":"INT31761903051","status":"failed","total_amount":"0","failed_reason_code":"6","failed_reason_msg":"Müşteri ödeme yapmaktan vazgeçti ve ödeme sayfasından ayrıldı.","payment_type":"card","merchant_id":"614136","test_mode":"1"}} 
[2025-10-31 13:55:11] local.INFO: Paytr Callback Received: {"hash":"oYXOuol2q/2cEAOR968kTfLy6+UhHv2wVHGeucjha9I=","merchant_oid":"INT31761906363","status":"success","total_amount":"285000","payment_type":"card","payment_amount":"285000","currency":"TL","installment_count":"1","merchant_id":"614136","test_mode":"1"} 
[2025-10-31 13:55:11] local.INFO: Callback Hash Verification: {"calculated_hash":"oYXOuol2q/2cEAOR968kTfLy6+UhHv2wVHGeucjha9I=","received_hash":"oYXOuol2q/2cEAOR968kTfLy6+UhHv2wVHGeucjha9I=","merchant_oid":"INT31761906363","status":"success","total_amount":"285000"} 
[2025-10-31 13:55:11] local.INFO: Callback verification successful  
[2025-10-31 13:55:12] local.ERROR: Payment callback error {"message":"Attempt to read property \"status\" on null","file":"C:\\xampp\\htdocs\\serbiscrm\\app\\Http\\Controllers\\Frontend\\SubscriptionController.php","line":380,"post_data":{"hash":"oYXOuol2q/2cEAOR968kTfLy6+UhHv2wVHGeucjha9I=","merchant_oid":"INT31761906363","status":"success","total_amount":"285000","payment_type":"card","payment_amount":"285000","currency":"TL","installment_count":"1","merchant_id":"614136","test_mode":"1"}} 
[2025-10-31 13:55:12] local.INFO: Paytr Callback Received: {"hash":"e+9H/SUgyP9U7Op9g8ozEvsBxJ9A5RNdo4nbMXgG3Dg=","merchant_oid":"INT271761906966","status":"success","total_amount":"180000","payment_type":"card","payment_amount":"180000","currency":"TL","installment_count":"1","merchant_id":"614136","test_mode":"1"} 
[2025-10-31 13:55:12] local.INFO: Callback Hash Verification: {"calculated_hash":"e+9H/SUgyP9U7Op9g8ozEvsBxJ9A5RNdo4nbMXgG3Dg=","received_hash":"e+9H/SUgyP9U7Op9g8ozEvsBxJ9A5RNdo4nbMXgG3Dg=","merchant_oid":"INT271761906966","status":"success","total_amount":"180000"} 
[2025-10-31 13:55:12] local.INFO: Callback verification successful  
[2025-10-31 13:55:12] local.ERROR: Payment callback error {"message":"Attempt to read property \"status\" on null","file":"C:\\xampp\\htdocs\\serbiscrm\\app\\Http\\Controllers\\Frontend\\SubscriptionController.php","line":380,"post_data":{"hash":"e+9H/SUgyP9U7Op9g8ozEvsBxJ9A5RNdo4nbMXgG3Dg=","merchant_oid":"INT271761906966","status":"success","total_amount":"180000","payment_type":"card","payment_amount":"180000","currency":"TL","installment_count":"1","merchant_id":"614136","test_mode":"1"}} 
[2025-10-31 13:55:12] local.INFO: Paytr Callback Received: {"hash":"qkWq07B7CIey60bpksGR0s+3dCthiwUJaKlTe68PBNI=","merchant_oid":"INT271761907236","status":"success","total_amount":"180000","payment_type":"card","payment_amount":"180000","currency":"TL","installment_count":"1","merchant_id":"614136","test_mode":"1"} 
[2025-10-31 13:55:12] local.INFO: Callback Hash Verification: {"calculated_hash":"qkWq07B7CIey60bpksGR0s+3dCthiwUJaKlTe68PBNI=","received_hash":"qkWq07B7CIey60bpksGR0s+3dCthiwUJaKlTe68PBNI=","merchant_oid":"INT271761907236","status":"success","total_amount":"180000"} 
[2025-10-31 13:55:12] local.INFO: Callback verification successful  
[2025-10-31 13:55:12] local.ERROR: Payment callback error {"message":"Attempt to read property \"status\" on null","file":"C:\\xampp\\htdocs\\serbiscrm\\app\\Http\\Controllers\\Frontend\\SubscriptionController.php","line":380,"post_data":{"hash":"qkWq07B7CIey60bpksGR0s+3dCthiwUJaKlTe68PBNI=","merchant_oid":"INT271761907236","status":"success","total_amount":"180000","payment_type":"card","payment_amount":"180000","currency":"TL","installment_count":"1","merchant_id":"614136","test_mode":"1"}} 
[2025-10-31 13:56:08] local.INFO: Paytr Callback Received: {"hash":"TPudGpEcLvvyaBO01pFtsf1+lDANJNSgytXArwP15ys=","merchant_oid":"INT31761903037","status":"success","total_amount":"180000","payment_type":"card","payment_amount":"180000","currency":"TL","installment_count":"1","merchant_id":"614136","test_mode":"1"} 
[2025-10-31 13:56:08] local.INFO: Callback Hash Verification: {"calculated_hash":"TPudGpEcLvvyaBO01pFtsf1+lDANJNSgytXArwP15ys=","received_hash":"TPudGpEcLvvyaBO01pFtsf1+lDANJNSgytXArwP15ys=","merchant_oid":"INT31761903037","status":"success","total_amount":"180000"} 
[2025-10-31 13:56:08] local.INFO: Callback verification successful  
[2025-10-31 13:56:08] local.ERROR: Payment callback error {"message":"Attempt to read property \"status\" on null","file":"C:\\xampp\\htdocs\\serbiscrm\\app\\Http\\Controllers\\Frontend\\SubscriptionController.php","line":380,"post_data":{"hash":"TPudGpEcLvvyaBO01pFtsf1+lDANJNSgytXArwP15ys=","merchant_oid":"INT31761903037","status":"success","total_amount":"180000","payment_type":"card","payment_amount":"180000","currency":"TL","installment_count":"1","merchant_id":"614136","test_mode":"1"}} 
[2025-10-31 13:56:08] local.INFO: Paytr Callback Received: {"hash":"JtMeIfrJa7iZINQa7hn5tqEwtTfBbXDz4pIxIwYBVss=","merchant_oid":"INT31761903051","status":"failed","total_amount":"0","failed_reason_code":"6","failed_reason_msg":"Müşteri ödeme yapmaktan vazgeçti ve ödeme sayfasından ayrıldı.","payment_type":"card","merchant_id":"614136","test_mode":"1"} 
[2025-10-31 13:56:08] local.INFO: Callback Hash Verification: {"calculated_hash":"JtMeIfrJa7iZINQa7hn5tqEwtTfBbXDz4pIxIwYBVss=","received_hash":"JtMeIfrJa7iZINQa7hn5tqEwtTfBbXDz4pIxIwYBVss=","merchant_oid":"INT31761903051","status":"failed","total_amount":"0"} 
[2025-10-31 13:56:08] local.INFO: Callback verification successful  
[2025-10-31 13:56:08] local.ERROR: Payment callback error {"message":"Attempt to read property \"status\" on null","file":"C:\\xampp\\htdocs\\serbiscrm\\app\\Http\\Controllers\\Frontend\\SubscriptionController.php","line":380,"post_data":{"hash":"JtMeIfrJa7iZINQa7hn5tqEwtTfBbXDz4pIxIwYBVss=","merchant_oid":"INT31761903051","status":"failed","total_amount":"0","failed_reason_code":"6","failed_reason_msg":"Müşteri ödeme yapmaktan vazgeçti ve ödeme sayfasından ayrıldı.","payment_type":"card","merchant_id":"614136","test_mode":"1"}} 
[2025-10-31 13:56:09] local.INFO: Paytr Callback Received: {"hash":"oYXOuol2q/2cEAOR968kTfLy6+UhHv2wVHGeucjha9I=","merchant_oid":"INT31761906363","status":"success","total_amount":"285000","payment_type":"card","payment_amount":"285000","currency":"TL","installment_count":"1","merchant_id":"614136","test_mode":"1"} 
[2025-10-31 13:56:09] local.INFO: Callback Hash Verification: {"calculated_hash":"oYXOuol2q/2cEAOR968kTfLy6+UhHv2wVHGeucjha9I=","received_hash":"oYXOuol2q/2cEAOR968kTfLy6+UhHv2wVHGeucjha9I=","merchant_oid":"INT31761906363","status":"success","total_amount":"285000"} 
[2025-10-31 13:56:09] local.INFO: Callback verification successful  
[2025-10-31 13:56:09] local.ERROR: Payment callback error {"message":"Attempt to read property \"status\" on null","file":"C:\\xampp\\htdocs\\serbiscrm\\app\\Http\\Controllers\\Frontend\\SubscriptionController.php","line":380,"post_data":{"hash":"oYXOuol2q/2cEAOR968kTfLy6+UhHv2wVHGeucjha9I=","merchant_oid":"INT31761906363","status":"success","total_amount":"285000","payment_type":"card","payment_amount":"285000","currency":"TL","installment_count":"1","merchant_id":"614136","test_mode":"1"}} 
[2025-10-31 13:56:09] local.INFO: Paytr Callback Received: {"hash":"e+9H/SUgyP9U7Op9g8ozEvsBxJ9A5RNdo4nbMXgG3Dg=","merchant_oid":"INT271761906966","status":"success","total_amount":"180000","payment_type":"card","payment_amount":"180000","currency":"TL","installment_count":"1","merchant_id":"614136","test_mode":"1"} 
[2025-10-31 13:56:09] local.INFO: Callback Hash Verification: {"calculated_hash":"e+9H/SUgyP9U7Op9g8ozEvsBxJ9A5RNdo4nbMXgG3Dg=","received_hash":"e+9H/SUgyP9U7Op9g8ozEvsBxJ9A5RNdo4nbMXgG3Dg=","merchant_oid":"INT271761906966","status":"success","total_amount":"180000"} 
[2025-10-31 13:56:09] local.INFO: Callback verification successful  
[2025-10-31 13:56:09] local.ERROR: Payment callback error {"message":"Attempt to read property \"status\" on null","file":"C:\\xampp\\htdocs\\serbiscrm\\app\\Http\\Controllers\\Frontend\\SubscriptionController.php","line":380,"post_data":{"hash":"e+9H/SUgyP9U7Op9g8ozEvsBxJ9A5RNdo4nbMXgG3Dg=","merchant_oid":"INT271761906966","status":"success","total_amount":"180000","payment_type":"card","payment_amount":"180000","currency":"TL","installment_count":"1","merchant_id":"614136","test_mode":"1"}} 
[2025-10-31 13:56:10] local.INFO: Paytr Callback Received: {"hash":"qkWq07B7CIey60bpksGR0s+3dCthiwUJaKlTe68PBNI=","merchant_oid":"INT271761907236","status":"success","total_amount":"180000","payment_type":"card","payment_amount":"180000","currency":"TL","installment_count":"1","merchant_id":"614136","test_mode":"1"} 
[2025-10-31 13:56:10] local.INFO: Callback Hash Verification: {"calculated_hash":"qkWq07B7CIey60bpksGR0s+3dCthiwUJaKlTe68PBNI=","received_hash":"qkWq07B7CIey60bpksGR0s+3dCthiwUJaKlTe68PBNI=","merchant_oid":"INT271761907236","status":"success","total_amount":"180000"} 
[2025-10-31 13:56:10] local.INFO: Callback verification successful  
[2025-10-31 13:56:10] local.ERROR: Payment callback error {"message":"Attempt to read property \"status\" on null","file":"C:\\xampp\\htdocs\\serbiscrm\\app\\Http\\Controllers\\Frontend\\SubscriptionController.php","line":380,"post_data":{"hash":"qkWq07B7CIey60bpksGR0s+3dCthiwUJaKlTe68PBNI=","merchant_oid":"INT271761907236","status":"success","total_amount":"180000","payment_type":"card","payment_amount":"180000","currency":"TL","installment_count":"1","merchant_id":"614136","test_mode":"1"}} 
[2025-10-31 13:57:08] local.INFO: Paytr Callback Received: {"hash":"TPudGpEcLvvyaBO01pFtsf1+lDANJNSgytXArwP15ys=","merchant_oid":"INT31761903037","status":"success","total_amount":"180000","payment_type":"card","payment_amount":"180000","currency":"TL","installment_count":"1","merchant_id":"614136","test_mode":"1"} 
[2025-10-31 13:57:08] local.INFO: Callback Hash Verification: {"calculated_hash":"TPudGpEcLvvyaBO01pFtsf1+lDANJNSgytXArwP15ys=","received_hash":"TPudGpEcLvvyaBO01pFtsf1+lDANJNSgytXArwP15ys=","merchant_oid":"INT31761903037","status":"success","total_amount":"180000"} 
[2025-10-31 13:57:08] local.INFO: Callback verification successful  
[2025-10-31 13:57:08] local.ERROR: Payment callback error {"message":"Attempt to read property \"status\" on null","file":"C:\\xampp\\htdocs\\serbiscrm\\app\\Http\\Controllers\\Frontend\\SubscriptionController.php","line":380,"post_data":{"hash":"TPudGpEcLvvyaBO01pFtsf1+lDANJNSgytXArwP15ys=","merchant_oid":"INT31761903037","status":"success","total_amount":"180000","payment_type":"card","payment_amount":"180000","currency":"TL","installment_count":"1","merchant_id":"614136","test_mode":"1"}} 
[2025-10-31 13:57:08] local.INFO: Paytr Callback Received: {"hash":"JtMeIfrJa7iZINQa7hn5tqEwtTfBbXDz4pIxIwYBVss=","merchant_oid":"INT31761903051","status":"failed","total_amount":"0","failed_reason_code":"6","failed_reason_msg":"Müşteri ödeme yapmaktan vazgeçti ve ödeme sayfasından ayrıldı.","payment_type":"card","merchant_id":"614136","test_mode":"1"} 
[2025-10-31 13:57:08] local.INFO: Callback Hash Verification: {"calculated_hash":"JtMeIfrJa7iZINQa7hn5tqEwtTfBbXDz4pIxIwYBVss=","received_hash":"JtMeIfrJa7iZINQa7hn5tqEwtTfBbXDz4pIxIwYBVss=","merchant_oid":"INT31761903051","status":"failed","total_amount":"0"} 
[2025-10-31 13:57:08] local.INFO: Callback verification successful  
[2025-10-31 13:57:08] local.ERROR: Payment callback error {"message":"Attempt to read property \"status\" on null","file":"C:\\xampp\\htdocs\\serbiscrm\\app\\Http\\Controllers\\Frontend\\SubscriptionController.php","line":380,"post_data":{"hash":"JtMeIfrJa7iZINQa7hn5tqEwtTfBbXDz4pIxIwYBVss=","merchant_oid":"INT31761903051","status":"failed","total_amount":"0","failed_reason_code":"6","failed_reason_msg":"Müşteri ödeme yapmaktan vazgeçti ve ödeme sayfasından ayrıldı.","payment_type":"card","merchant_id":"614136","test_mode":"1"}} 
[2025-10-31 13:57:09] local.INFO: Paytr Callback Received: {"hash":"oYXOuol2q/2cEAOR968kTfLy6+UhHv2wVHGeucjha9I=","merchant_oid":"INT31761906363","status":"success","total_amount":"285000","payment_type":"card","payment_amount":"285000","currency":"TL","installment_count":"1","merchant_id":"614136","test_mode":"1"} 
[2025-10-31 13:57:09] local.INFO: Callback Hash Verification: {"calculated_hash":"oYXOuol2q/2cEAOR968kTfLy6+UhHv2wVHGeucjha9I=","received_hash":"oYXOuol2q/2cEAOR968kTfLy6+UhHv2wVHGeucjha9I=","merchant_oid":"INT31761906363","status":"success","total_amount":"285000"} 
[2025-10-31 13:57:09] local.INFO: Callback verification successful  
[2025-10-31 13:57:09] local.ERROR: Payment callback error {"message":"Attempt to read property \"status\" on null","file":"C:\\xampp\\htdocs\\serbiscrm\\app\\Http\\Controllers\\Frontend\\SubscriptionController.php","line":380,"post_data":{"hash":"oYXOuol2q/2cEAOR968kTfLy6+UhHv2wVHGeucjha9I=","merchant_oid":"INT31761906363","status":"success","total_amount":"285000","payment_type":"card","payment_amount":"285000","currency":"TL","installment_count":"1","merchant_id":"614136","test_mode":"1"}} 
[2025-10-31 13:57:09] local.INFO: Paytr Callback Received: {"hash":"e+9H/SUgyP9U7Op9g8ozEvsBxJ9A5RNdo4nbMXgG3Dg=","merchant_oid":"INT271761906966","status":"success","total_amount":"180000","payment_type":"card","payment_amount":"180000","currency":"TL","installment_count":"1","merchant_id":"614136","test_mode":"1"} 
[2025-10-31 13:57:09] local.INFO: Callback Hash Verification: {"calculated_hash":"e+9H/SUgyP9U7Op9g8ozEvsBxJ9A5RNdo4nbMXgG3Dg=","received_hash":"e+9H/SUgyP9U7Op9g8ozEvsBxJ9A5RNdo4nbMXgG3Dg=","merchant_oid":"INT271761906966","status":"success","total_amount":"180000"} 
[2025-10-31 13:57:09] local.INFO: Callback verification successful  
[2025-10-31 13:57:09] local.ERROR: Payment callback error {"message":"Attempt to read property \"status\" on null","file":"C:\\xampp\\htdocs\\serbiscrm\\app\\Http\\Controllers\\Frontend\\SubscriptionController.php","line":380,"post_data":{"hash":"e+9H/SUgyP9U7Op9g8ozEvsBxJ9A5RNdo4nbMXgG3Dg=","merchant_oid":"INT271761906966","status":"success","total_amount":"180000","payment_type":"card","payment_amount":"180000","currency":"TL","installment_count":"1","merchant_id":"614136","test_mode":"1"}} 
[2025-10-31 13:57:10] local.INFO: Paytr Callback Received: {"hash":"qkWq07B7CIey60bpksGR0s+3dCthiwUJaKlTe68PBNI=","merchant_oid":"INT271761907236","status":"success","total_amount":"180000","payment_type":"card","payment_amount":"180000","currency":"TL","installment_count":"1","merchant_id":"614136","test_mode":"1"} 
[2025-10-31 13:57:10] local.INFO: Callback Hash Verification: {"calculated_hash":"qkWq07B7CIey60bpksGR0s+3dCthiwUJaKlTe68PBNI=","received_hash":"qkWq07B7CIey60bpksGR0s+3dCthiwUJaKlTe68PBNI=","merchant_oid":"INT271761907236","status":"success","total_amount":"180000"} 
[2025-10-31 13:57:10] local.INFO: Callback verification successful  
[2025-10-31 13:57:10] local.ERROR: Payment callback error {"message":"Attempt to read property \"status\" on null","file":"C:\\xampp\\htdocs\\serbiscrm\\app\\Http\\Controllers\\Frontend\\SubscriptionController.php","line":380,"post_data":{"hash":"qkWq07B7CIey60bpksGR0s+3dCthiwUJaKlTe68PBNI=","merchant_oid":"INT271761907236","status":"success","total_amount":"180000","payment_type":"card","payment_amount":"180000","currency":"TL","installment_count":"1","merchant_id":"614136","test_mode":"1"}} 
[2025-10-31 13:58:08] local.INFO: Paytr Callback Received: {"hash":"TPudGpEcLvvyaBO01pFtsf1+lDANJNSgytXArwP15ys=","merchant_oid":"INT31761903037","status":"success","total_amount":"180000","payment_type":"card","payment_amount":"180000","currency":"TL","installment_count":"1","merchant_id":"614136","test_mode":"1"} 
[2025-10-31 13:58:08] local.INFO: Callback Hash Verification: {"calculated_hash":"TPudGpEcLvvyaBO01pFtsf1+lDANJNSgytXArwP15ys=","received_hash":"TPudGpEcLvvyaBO01pFtsf1+lDANJNSgytXArwP15ys=","merchant_oid":"INT31761903037","status":"success","total_amount":"180000"} 
[2025-10-31 13:58:08] local.INFO: Callback verification successful  
[2025-10-31 13:58:08] local.ERROR: Payment callback error {"message":"Attempt to read property \"status\" on null","file":"C:\\xampp\\htdocs\\serbiscrm\\app\\Http\\Controllers\\Frontend\\SubscriptionController.php","line":380,"post_data":{"hash":"TPudGpEcLvvyaBO01pFtsf1+lDANJNSgytXArwP15ys=","merchant_oid":"INT31761903037","status":"success","total_amount":"180000","payment_type":"card","payment_amount":"180000","currency":"TL","installment_count":"1","merchant_id":"614136","test_mode":"1"}} 
[2025-10-31 13:58:09] local.INFO: Paytr Callback Received: {"hash":"JtMeIfrJa7iZINQa7hn5tqEwtTfBbXDz4pIxIwYBVss=","merchant_oid":"INT31761903051","status":"failed","total_amount":"0","failed_reason_code":"6","failed_reason_msg":"Müşteri ödeme yapmaktan vazgeçti ve ödeme sayfasından ayrıldı.","payment_type":"card","merchant_id":"614136","test_mode":"1"} 
[2025-10-31 13:58:09] local.INFO: Callback Hash Verification: {"calculated_hash":"JtMeIfrJa7iZINQa7hn5tqEwtTfBbXDz4pIxIwYBVss=","received_hash":"JtMeIfrJa7iZINQa7hn5tqEwtTfBbXDz4pIxIwYBVss=","merchant_oid":"INT31761903051","status":"failed","total_amount":"0"} 
[2025-10-31 13:58:09] local.INFO: Callback verification successful  
[2025-10-31 13:58:09] local.ERROR: Payment callback error {"message":"Attempt to read property \"status\" on null","file":"C:\\xampp\\htdocs\\serbiscrm\\app\\Http\\Controllers\\Frontend\\SubscriptionController.php","line":380,"post_data":{"hash":"JtMeIfrJa7iZINQa7hn5tqEwtTfBbXDz4pIxIwYBVss=","merchant_oid":"INT31761903051","status":"failed","total_amount":"0","failed_reason_code":"6","failed_reason_msg":"Müşteri ödeme yapmaktan vazgeçti ve ödeme sayfasından ayrıldı.","payment_type":"card","merchant_id":"614136","test_mode":"1"}} 
[2025-10-31 13:58:09] local.INFO: Paytr Callback Received: {"hash":"oYXOuol2q/2cEAOR968kTfLy6+UhHv2wVHGeucjha9I=","merchant_oid":"INT31761906363","status":"success","total_amount":"285000","payment_type":"card","payment_amount":"285000","currency":"TL","installment_count":"1","merchant_id":"614136","test_mode":"1"} 
[2025-10-31 13:58:09] local.INFO: Callback Hash Verification: {"calculated_hash":"oYXOuol2q/2cEAOR968kTfLy6+UhHv2wVHGeucjha9I=","received_hash":"oYXOuol2q/2cEAOR968kTfLy6+UhHv2wVHGeucjha9I=","merchant_oid":"INT31761906363","status":"success","total_amount":"285000"} 
[2025-10-31 13:58:09] local.INFO: Callback verification successful  
[2025-10-31 13:58:09] local.ERROR: Payment callback error {"message":"Attempt to read property \"status\" on null","file":"C:\\xampp\\htdocs\\serbiscrm\\app\\Http\\Controllers\\Frontend\\SubscriptionController.php","line":380,"post_data":{"hash":"oYXOuol2q/2cEAOR968kTfLy6+UhHv2wVHGeucjha9I=","merchant_oid":"INT31761906363","status":"success","total_amount":"285000","payment_type":"card","payment_amount":"285000","currency":"TL","installment_count":"1","merchant_id":"614136","test_mode":"1"}} 
[2025-10-31 13:58:10] local.INFO: Paytr Callback Received: {"hash":"e+9H/SUgyP9U7Op9g8ozEvsBxJ9A5RNdo4nbMXgG3Dg=","merchant_oid":"INT271761906966","status":"success","total_amount":"180000","payment_type":"card","payment_amount":"180000","currency":"TL","installment_count":"1","merchant_id":"614136","test_mode":"1"} 
[2025-10-31 13:58:10] local.INFO: Callback Hash Verification: {"calculated_hash":"e+9H/SUgyP9U7Op9g8ozEvsBxJ9A5RNdo4nbMXgG3Dg=","received_hash":"e+9H/SUgyP9U7Op9g8ozEvsBxJ9A5RNdo4nbMXgG3Dg=","merchant_oid":"INT271761906966","status":"success","total_amount":"180000"} 
[2025-10-31 13:58:10] local.INFO: Callback verification successful  
[2025-10-31 13:58:10] local.ERROR: Payment callback error {"message":"Attempt to read property \"status\" on null","file":"C:\\xampp\\htdocs\\serbiscrm\\app\\Http\\Controllers\\Frontend\\SubscriptionController.php","line":380,"post_data":{"hash":"e+9H/SUgyP9U7Op9g8ozEvsBxJ9A5RNdo4nbMXgG3Dg=","merchant_oid":"INT271761906966","status":"success","total_amount":"180000","payment_type":"card","payment_amount":"180000","currency":"TL","installment_count":"1","merchant_id":"614136","test_mode":"1"}} 
[2025-10-31 13:58:10] local.INFO: Paytr Callback Received: {"hash":"qkWq07B7CIey60bpksGR0s+3dCthiwUJaKlTe68PBNI=","merchant_oid":"INT271761907236","status":"success","total_amount":"180000","payment_type":"card","payment_amount":"180000","currency":"TL","installment_count":"1","merchant_id":"614136","test_mode":"1"} 
[2025-10-31 13:58:10] local.INFO: Callback Hash Verification: {"calculated_hash":"qkWq07B7CIey60bpksGR0s+3dCthiwUJaKlTe68PBNI=","received_hash":"qkWq07B7CIey60bpksGR0s+3dCthiwUJaKlTe68PBNI=","merchant_oid":"INT271761907236","status":"success","total_amount":"180000"} 
[2025-10-31 13:58:10] local.INFO: Callback verification successful  
[2025-10-31 13:58:10] local.ERROR: Payment callback error {"message":"Attempt to read property \"status\" on null","file":"C:\\xampp\\htdocs\\serbiscrm\\app\\Http\\Controllers\\Frontend\\SubscriptionController.php","line":380,"post_data":{"hash":"qkWq07B7CIey60bpksGR0s+3dCthiwUJaKlTe68PBNI=","merchant_oid":"INT271761907236","status":"success","total_amount":"180000","payment_type":"card","payment_amount":"180000","currency":"TL","installment_count":"1","merchant_id":"614136","test_mode":"1"}} 
[2025-10-31 13:58:11] local.INFO: Paytr Callback Received: {"hash":"wlhCLWAuCcsRsBritziBUCm/4qOEnrw1Oz0ZHmicx3A=","merchant_oid":"INT31761906375","status":"failed","total_amount":"0","failed_reason_code":"6","failed_reason_msg":"Müşteri ödeme yapmaktan vazgeçti ve ödeme sayfasından ayrıldı.","payment_type":"card","merchant_id":"614136","test_mode":"1"} 
[2025-10-31 13:58:11] local.INFO: Callback Hash Verification: {"calculated_hash":"wlhCLWAuCcsRsBritziBUCm/4qOEnrw1Oz0ZHmicx3A=","received_hash":"wlhCLWAuCcsRsBritziBUCm/4qOEnrw1Oz0ZHmicx3A=","merchant_oid":"INT31761906375","status":"failed","total_amount":"0"} 
[2025-10-31 13:58:11] local.INFO: Callback verification successful  
[2025-10-31 13:58:11] local.ERROR: Payment callback error {"message":"Attempt to read property \"status\" on null","file":"C:\\xampp\\htdocs\\serbiscrm\\app\\Http\\Controllers\\Frontend\\SubscriptionController.php","line":380,"post_data":{"hash":"wlhCLWAuCcsRsBritziBUCm/4qOEnrw1Oz0ZHmicx3A=","merchant_oid":"INT31761906375","status":"failed","total_amount":"0","failed_reason_code":"6","failed_reason_msg":"Müşteri ödeme yapmaktan vazgeçti ve ödeme sayfasından ayrıldı.","payment_type":"card","merchant_id":"614136","test_mode":"1"}} 
[2025-10-31 13:59:08] local.INFO: Paytr Callback Received: {"hash":"TPudGpEcLvvyaBO01pFtsf1+lDANJNSgytXArwP15ys=","merchant_oid":"INT31761903037","status":"success","total_amount":"180000","payment_type":"card","payment_amount":"180000","currency":"TL","installment_count":"1","merchant_id":"614136","test_mode":"1"} 
[2025-10-31 13:59:08] local.INFO: Callback Hash Verification: {"calculated_hash":"TPudGpEcLvvyaBO01pFtsf1+lDANJNSgytXArwP15ys=","received_hash":"TPudGpEcLvvyaBO01pFtsf1+lDANJNSgytXArwP15ys=","merchant_oid":"INT31761903037","status":"success","total_amount":"180000"} 
[2025-10-31 13:59:08] local.INFO: Callback verification successful  
[2025-10-31 13:59:08] local.ERROR: Payment callback error {"message":"Attempt to read property \"status\" on null","file":"C:\\xampp\\htdocs\\serbiscrm\\app\\Http\\Controllers\\Frontend\\SubscriptionController.php","line":380,"post_data":{"hash":"TPudGpEcLvvyaBO01pFtsf1+lDANJNSgytXArwP15ys=","merchant_oid":"INT31761903037","status":"success","total_amount":"180000","payment_type":"card","payment_amount":"180000","currency":"TL","installment_count":"1","merchant_id":"614136","test_mode":"1"}} 
[2025-10-31 13:59:08] local.INFO: Paytr Callback Received: {"hash":"JtMeIfrJa7iZINQa7hn5tqEwtTfBbXDz4pIxIwYBVss=","merchant_oid":"INT31761903051","status":"failed","total_amount":"0","failed_reason_code":"6","failed_reason_msg":"Müşteri ödeme yapmaktan vazgeçti ve ödeme sayfasından ayrıldı.","payment_type":"card","merchant_id":"614136","test_mode":"1"} 
[2025-10-31 13:59:08] local.INFO: Callback Hash Verification: {"calculated_hash":"JtMeIfrJa7iZINQa7hn5tqEwtTfBbXDz4pIxIwYBVss=","received_hash":"JtMeIfrJa7iZINQa7hn5tqEwtTfBbXDz4pIxIwYBVss=","merchant_oid":"INT31761903051","status":"failed","total_amount":"0"} 
[2025-10-31 13:59:08] local.INFO: Callback verification successful  
[2025-10-31 13:59:08] local.ERROR: Payment callback error {"message":"Attempt to read property \"status\" on null","file":"C:\\xampp\\htdocs\\serbiscrm\\app\\Http\\Controllers\\Frontend\\SubscriptionController.php","line":380,"post_data":{"hash":"JtMeIfrJa7iZINQa7hn5tqEwtTfBbXDz4pIxIwYBVss=","merchant_oid":"INT31761903051","status":"failed","total_amount":"0","failed_reason_code":"6","failed_reason_msg":"Müşteri ödeme yapmaktan vazgeçti ve ödeme sayfasından ayrıldı.","payment_type":"card","merchant_id":"614136","test_mode":"1"}} 
[2025-10-31 13:59:08] local.INFO: Paytr Callback Received: {"hash":"oYXOuol2q/2cEAOR968kTfLy6+UhHv2wVHGeucjha9I=","merchant_oid":"INT31761906363","status":"success","total_amount":"285000","payment_type":"card","payment_amount":"285000","currency":"TL","installment_count":"1","merchant_id":"614136","test_mode":"1"} 
[2025-10-31 13:59:08] local.INFO: Callback Hash Verification: {"calculated_hash":"oYXOuol2q/2cEAOR968kTfLy6+UhHv2wVHGeucjha9I=","received_hash":"oYXOuol2q/2cEAOR968kTfLy6+UhHv2wVHGeucjha9I=","merchant_oid":"INT31761906363","status":"success","total_amount":"285000"} 
[2025-10-31 13:59:08] local.INFO: Callback verification successful  
[2025-10-31 13:59:09] local.ERROR: Payment callback error {"message":"Attempt to read property \"status\" on null","file":"C:\\xampp\\htdocs\\serbiscrm\\app\\Http\\Controllers\\Frontend\\SubscriptionController.php","line":380,"post_data":{"hash":"oYXOuol2q/2cEAOR968kTfLy6+UhHv2wVHGeucjha9I=","merchant_oid":"INT31761906363","status":"success","total_amount":"285000","payment_type":"card","payment_amount":"285000","currency":"TL","installment_count":"1","merchant_id":"614136","test_mode":"1"}} 
[2025-10-31 13:59:09] local.INFO: Paytr Callback Received: {"hash":"e+9H/SUgyP9U7Op9g8ozEvsBxJ9A5RNdo4nbMXgG3Dg=","merchant_oid":"INT271761906966","status":"success","total_amount":"180000","payment_type":"card","payment_amount":"180000","currency":"TL","installment_count":"1","merchant_id":"614136","test_mode":"1"} 
[2025-10-31 13:59:09] local.INFO: Callback Hash Verification: {"calculated_hash":"e+9H/SUgyP9U7Op9g8ozEvsBxJ9A5RNdo4nbMXgG3Dg=","received_hash":"e+9H/SUgyP9U7Op9g8ozEvsBxJ9A5RNdo4nbMXgG3Dg=","merchant_oid":"INT271761906966","status":"success","total_amount":"180000"} 
[2025-10-31 13:59:09] local.INFO: Callback verification successful  
[2025-10-31 13:59:09] local.ERROR: Payment callback error {"message":"Attempt to read property \"status\" on null","file":"C:\\xampp\\htdocs\\serbiscrm\\app\\Http\\Controllers\\Frontend\\SubscriptionController.php","line":380,"post_data":{"hash":"e+9H/SUgyP9U7Op9g8ozEvsBxJ9A5RNdo4nbMXgG3Dg=","merchant_oid":"INT271761906966","status":"success","total_amount":"180000","payment_type":"card","payment_amount":"180000","currency":"TL","installment_count":"1","merchant_id":"614136","test_mode":"1"}} 
[2025-10-31 13:59:10] local.INFO: Paytr Callback Received: {"hash":"qkWq07B7CIey60bpksGR0s+3dCthiwUJaKlTe68PBNI=","merchant_oid":"INT271761907236","status":"success","total_amount":"180000","payment_type":"card","payment_amount":"180000","currency":"TL","installment_count":"1","merchant_id":"614136","test_mode":"1"} 
[2025-10-31 13:59:10] local.INFO: Callback Hash Verification: {"calculated_hash":"qkWq07B7CIey60bpksGR0s+3dCthiwUJaKlTe68PBNI=","received_hash":"qkWq07B7CIey60bpksGR0s+3dCthiwUJaKlTe68PBNI=","merchant_oid":"INT271761907236","status":"success","total_amount":"180000"} 
[2025-10-31 13:59:10] local.INFO: Callback verification successful  
[2025-10-31 13:59:10] local.ERROR: Payment callback error {"message":"Attempt to read property \"status\" on null","file":"C:\\xampp\\htdocs\\serbiscrm\\app\\Http\\Controllers\\Frontend\\SubscriptionController.php","line":380,"post_data":{"hash":"qkWq07B7CIey60bpksGR0s+3dCthiwUJaKlTe68PBNI=","merchant_oid":"INT271761907236","status":"success","total_amount":"180000","payment_type":"card","payment_amount":"180000","currency":"TL","installment_count":"1","merchant_id":"614136","test_mode":"1"}} 
[2025-10-31 13:59:10] local.INFO: Paytr Callback Received: {"hash":"wlhCLWAuCcsRsBritziBUCm/4qOEnrw1Oz0ZHmicx3A=","merchant_oid":"INT31761906375","status":"failed","total_amount":"0","failed_reason_code":"6","failed_reason_msg":"Müşteri ödeme yapmaktan vazgeçti ve ödeme sayfasından ayrıldı.","payment_type":"card","merchant_id":"614136","test_mode":"1"} 
[2025-10-31 13:59:10] local.INFO: Callback Hash Verification: {"calculated_hash":"wlhCLWAuCcsRsBritziBUCm/4qOEnrw1Oz0ZHmicx3A=","received_hash":"wlhCLWAuCcsRsBritziBUCm/4qOEnrw1Oz0ZHmicx3A=","merchant_oid":"INT31761906375","status":"failed","total_amount":"0"} 
[2025-10-31 13:59:10] local.INFO: Callback verification successful  
[2025-10-31 13:59:10] local.ERROR: Payment callback error {"message":"Attempt to read property \"status\" on null","file":"C:\\xampp\\htdocs\\serbiscrm\\app\\Http\\Controllers\\Frontend\\SubscriptionController.php","line":380,"post_data":{"hash":"wlhCLWAuCcsRsBritziBUCm/4qOEnrw1Oz0ZHmicx3A=","merchant_oid":"INT31761906375","status":"failed","total_amount":"0","failed_reason_code":"6","failed_reason_msg":"Müşteri ödeme yapmaktan vazgeçti ve ödeme sayfasından ayrıldı.","payment_type":"card","merchant_id":"614136","test_mode":"1"}} 
[2025-10-31 14:00:10] local.INFO: Paytr Callback Received: {"hash":"TPudGpEcLvvyaBO01pFtsf1+lDANJNSgytXArwP15ys=","merchant_oid":"INT31761903037","status":"success","total_amount":"180000","payment_type":"card","payment_amount":"180000","currency":"TL","installment_count":"1","merchant_id":"614136","test_mode":"1"} 
[2025-10-31 14:00:10] local.INFO: Callback Hash Verification: {"calculated_hash":"TPudGpEcLvvyaBO01pFtsf1+lDANJNSgytXArwP15ys=","received_hash":"TPudGpEcLvvyaBO01pFtsf1+lDANJNSgytXArwP15ys=","merchant_oid":"INT31761903037","status":"success","total_amount":"180000"} 
[2025-10-31 14:00:10] local.INFO: Callback verification successful  
[2025-10-31 14:00:10] local.ERROR: Payment callback error {"message":"Attempt to read property \"status\" on null","file":"C:\\xampp\\htdocs\\serbiscrm\\app\\Http\\Controllers\\Frontend\\SubscriptionController.php","line":380,"post_data":{"hash":"TPudGpEcLvvyaBO01pFtsf1+lDANJNSgytXArwP15ys=","merchant_oid":"INT31761903037","status":"success","total_amount":"180000","payment_type":"card","payment_amount":"180000","currency":"TL","installment_count":"1","merchant_id":"614136","test_mode":"1"}} 
[2025-10-31 14:00:11] local.INFO: Paytr Callback Received: {"hash":"JtMeIfrJa7iZINQa7hn5tqEwtTfBbXDz4pIxIwYBVss=","merchant_oid":"INT31761903051","status":"failed","total_amount":"0","failed_reason_code":"6","failed_reason_msg":"Müşteri ödeme yapmaktan vazgeçti ve ödeme sayfasından ayrıldı.","payment_type":"card","merchant_id":"614136","test_mode":"1"} 
[2025-10-31 14:00:11] local.INFO: Callback Hash Verification: {"calculated_hash":"JtMeIfrJa7iZINQa7hn5tqEwtTfBbXDz4pIxIwYBVss=","received_hash":"JtMeIfrJa7iZINQa7hn5tqEwtTfBbXDz4pIxIwYBVss=","merchant_oid":"INT31761903051","status":"failed","total_amount":"0"} 
[2025-10-31 14:00:11] local.INFO: Callback verification successful  
[2025-10-31 14:00:11] local.ERROR: Payment callback error {"message":"Attempt to read property \"status\" on null","file":"C:\\xampp\\htdocs\\serbiscrm\\app\\Http\\Controllers\\Frontend\\SubscriptionController.php","line":380,"post_data":{"hash":"JtMeIfrJa7iZINQa7hn5tqEwtTfBbXDz4pIxIwYBVss=","merchant_oid":"INT31761903051","status":"failed","total_amount":"0","failed_reason_code":"6","failed_reason_msg":"Müşteri ödeme yapmaktan vazgeçti ve ödeme sayfasından ayrıldı.","payment_type":"card","merchant_id":"614136","test_mode":"1"}} 
[2025-10-31 14:00:11] local.INFO: Paytr Callback Received: {"hash":"oYXOuol2q/2cEAOR968kTfLy6+UhHv2wVHGeucjha9I=","merchant_oid":"INT31761906363","status":"success","total_amount":"285000","payment_type":"card","payment_amount":"285000","currency":"TL","installment_count":"1","merchant_id":"614136","test_mode":"1"} 
[2025-10-31 14:00:11] local.INFO: Callback Hash Verification: {"calculated_hash":"oYXOuol2q/2cEAOR968kTfLy6+UhHv2wVHGeucjha9I=","received_hash":"oYXOuol2q/2cEAOR968kTfLy6+UhHv2wVHGeucjha9I=","merchant_oid":"INT31761906363","status":"success","total_amount":"285000"} 
[2025-10-31 14:00:11] local.INFO: Callback verification successful  
[2025-10-31 14:00:11] local.ERROR: Payment callback error {"message":"Attempt to read property \"status\" on null","file":"C:\\xampp\\htdocs\\serbiscrm\\app\\Http\\Controllers\\Frontend\\SubscriptionController.php","line":380,"post_data":{"hash":"oYXOuol2q/2cEAOR968kTfLy6+UhHv2wVHGeucjha9I=","merchant_oid":"INT31761906363","status":"success","total_amount":"285000","payment_type":"card","payment_amount":"285000","currency":"TL","installment_count":"1","merchant_id":"614136","test_mode":"1"}} 
[2025-10-31 14:00:12] local.INFO: Paytr Callback Received: {"hash":"e+9H/SUgyP9U7Op9g8ozEvsBxJ9A5RNdo4nbMXgG3Dg=","merchant_oid":"INT271761906966","status":"success","total_amount":"180000","payment_type":"card","payment_amount":"180000","currency":"TL","installment_count":"1","merchant_id":"614136","test_mode":"1"} 
[2025-10-31 14:00:12] local.INFO: Callback Hash Verification: {"calculated_hash":"e+9H/SUgyP9U7Op9g8ozEvsBxJ9A5RNdo4nbMXgG3Dg=","received_hash":"e+9H/SUgyP9U7Op9g8ozEvsBxJ9A5RNdo4nbMXgG3Dg=","merchant_oid":"INT271761906966","status":"success","total_amount":"180000"} 
[2025-10-31 14:00:12] local.INFO: Callback verification successful  
[2025-10-31 14:00:12] local.ERROR: Payment callback error {"message":"Attempt to read property \"status\" on null","file":"C:\\xampp\\htdocs\\serbiscrm\\app\\Http\\Controllers\\Frontend\\SubscriptionController.php","line":380,"post_data":{"hash":"e+9H/SUgyP9U7Op9g8ozEvsBxJ9A5RNdo4nbMXgG3Dg=","merchant_oid":"INT271761906966","status":"success","total_amount":"180000","payment_type":"card","payment_amount":"180000","currency":"TL","installment_count":"1","merchant_id":"614136","test_mode":"1"}} 
[2025-10-31 14:00:12] local.INFO: Paytr Callback Received: {"hash":"qkWq07B7CIey60bpksGR0s+3dCthiwUJaKlTe68PBNI=","merchant_oid":"INT271761907236","status":"success","total_amount":"180000","payment_type":"card","payment_amount":"180000","currency":"TL","installment_count":"1","merchant_id":"614136","test_mode":"1"} 
[2025-10-31 14:00:12] local.INFO: Callback Hash Verification: {"calculated_hash":"qkWq07B7CIey60bpksGR0s+3dCthiwUJaKlTe68PBNI=","received_hash":"qkWq07B7CIey60bpksGR0s+3dCthiwUJaKlTe68PBNI=","merchant_oid":"INT271761907236","status":"success","total_amount":"180000"} 
[2025-10-31 14:00:12] local.INFO: Callback verification successful  
[2025-10-31 14:00:12] local.ERROR: Payment callback error {"message":"Attempt to read property \"status\" on null","file":"C:\\xampp\\htdocs\\serbiscrm\\app\\Http\\Controllers\\Frontend\\SubscriptionController.php","line":380,"post_data":{"hash":"qkWq07B7CIey60bpksGR0s+3dCthiwUJaKlTe68PBNI=","merchant_oid":"INT271761907236","status":"success","total_amount":"180000","payment_type":"card","payment_amount":"180000","currency":"TL","installment_count":"1","merchant_id":"614136","test_mode":"1"}} 
[2025-10-31 14:00:13] local.INFO: Paytr Callback Received: {"hash":"wlhCLWAuCcsRsBritziBUCm/4qOEnrw1Oz0ZHmicx3A=","merchant_oid":"INT31761906375","status":"failed","total_amount":"0","failed_reason_code":"6","failed_reason_msg":"Müşteri ödeme yapmaktan vazgeçti ve ödeme sayfasından ayrıldı.","payment_type":"card","merchant_id":"614136","test_mode":"1"} 
[2025-10-31 14:00:13] local.INFO: Callback Hash Verification: {"calculated_hash":"wlhCLWAuCcsRsBritziBUCm/4qOEnrw1Oz0ZHmicx3A=","received_hash":"wlhCLWAuCcsRsBritziBUCm/4qOEnrw1Oz0ZHmicx3A=","merchant_oid":"INT31761906375","status":"failed","total_amount":"0"} 
[2025-10-31 14:00:13] local.INFO: Callback verification successful  
[2025-10-31 14:00:13] local.ERROR: Payment callback error {"message":"Attempt to read property \"status\" on null","file":"C:\\xampp\\htdocs\\serbiscrm\\app\\Http\\Controllers\\Frontend\\SubscriptionController.php","line":380,"post_data":{"hash":"wlhCLWAuCcsRsBritziBUCm/4qOEnrw1Oz0ZHmicx3A=","merchant_oid":"INT31761906375","status":"failed","total_amount":"0","failed_reason_code":"6","failed_reason_msg":"Müşteri ödeme yapmaktan vazgeçti ve ödeme sayfasından ayrıldı.","payment_type":"card","merchant_id":"614136","test_mode":"1"}} 
[2025-10-31 14:01:13] local.INFO: Paytr Callback Received: {"hash":"TPudGpEcLvvyaBO01pFtsf1+lDANJNSgytXArwP15ys=","merchant_oid":"INT31761903037","status":"success","total_amount":"180000","payment_type":"card","payment_amount":"180000","currency":"TL","installment_count":"1","merchant_id":"614136","test_mode":"1"} 
[2025-10-31 14:01:13] local.INFO: Callback Hash Verification: {"calculated_hash":"TPudGpEcLvvyaBO01pFtsf1+lDANJNSgytXArwP15ys=","received_hash":"TPudGpEcLvvyaBO01pFtsf1+lDANJNSgytXArwP15ys=","merchant_oid":"INT31761903037","status":"success","total_amount":"180000"} 
[2025-10-31 14:01:13] local.INFO: Callback verification successful  
[2025-10-31 14:01:13] local.ERROR: Payment callback error {"message":"Attempt to read property \"status\" on null","file":"C:\\xampp\\htdocs\\serbiscrm\\app\\Http\\Controllers\\Frontend\\SubscriptionController.php","line":380,"post_data":{"hash":"TPudGpEcLvvyaBO01pFtsf1+lDANJNSgytXArwP15ys=","merchant_oid":"INT31761903037","status":"success","total_amount":"180000","payment_type":"card","payment_amount":"180000","currency":"TL","installment_count":"1","merchant_id":"614136","test_mode":"1"}} 
[2025-10-31 14:01:13] local.INFO: Paytr Callback Received: {"hash":"JtMeIfrJa7iZINQa7hn5tqEwtTfBbXDz4pIxIwYBVss=","merchant_oid":"INT31761903051","status":"failed","total_amount":"0","failed_reason_code":"6","failed_reason_msg":"Müşteri ödeme yapmaktan vazgeçti ve ödeme sayfasından ayrıldı.","payment_type":"card","merchant_id":"614136","test_mode":"1"} 
[2025-10-31 14:01:13] local.INFO: Callback Hash Verification: {"calculated_hash":"JtMeIfrJa7iZINQa7hn5tqEwtTfBbXDz4pIxIwYBVss=","received_hash":"JtMeIfrJa7iZINQa7hn5tqEwtTfBbXDz4pIxIwYBVss=","merchant_oid":"INT31761903051","status":"failed","total_amount":"0"} 
[2025-10-31 14:01:13] local.INFO: Callback verification successful  
[2025-10-31 14:01:13] local.ERROR: Payment callback error {"message":"Attempt to read property \"status\" on null","file":"C:\\xampp\\htdocs\\serbiscrm\\app\\Http\\Controllers\\Frontend\\SubscriptionController.php","line":380,"post_data":{"hash":"JtMeIfrJa7iZINQa7hn5tqEwtTfBbXDz4pIxIwYBVss=","merchant_oid":"INT31761903051","status":"failed","total_amount":"0","failed_reason_code":"6","failed_reason_msg":"Müşteri ödeme yapmaktan vazgeçti ve ödeme sayfasından ayrıldı.","payment_type":"card","merchant_id":"614136","test_mode":"1"}} 
[2025-10-31 14:01:14] local.INFO: Paytr Callback Received: {"hash":"oYXOuol2q/2cEAOR968kTfLy6+UhHv2wVHGeucjha9I=","merchant_oid":"INT31761906363","status":"success","total_amount":"285000","payment_type":"card","payment_amount":"285000","currency":"TL","installment_count":"1","merchant_id":"614136","test_mode":"1"} 
[2025-10-31 14:01:14] local.INFO: Callback Hash Verification: {"calculated_hash":"oYXOuol2q/2cEAOR968kTfLy6+UhHv2wVHGeucjha9I=","received_hash":"oYXOuol2q/2cEAOR968kTfLy6+UhHv2wVHGeucjha9I=","merchant_oid":"INT31761906363","status":"success","total_amount":"285000"} 
[2025-10-31 14:01:14] local.INFO: Callback verification successful  
[2025-10-31 14:01:14] local.ERROR: Payment callback error {"message":"Attempt to read property \"status\" on null","file":"C:\\xampp\\htdocs\\serbiscrm\\app\\Http\\Controllers\\Frontend\\SubscriptionController.php","line":380,"post_data":{"hash":"oYXOuol2q/2cEAOR968kTfLy6+UhHv2wVHGeucjha9I=","merchant_oid":"INT31761906363","status":"success","total_amount":"285000","payment_type":"card","payment_amount":"285000","currency":"TL","installment_count":"1","merchant_id":"614136","test_mode":"1"}} 
[2025-10-31 14:01:14] local.INFO: Paytr Callback Received: {"hash":"e+9H/SUgyP9U7Op9g8ozEvsBxJ9A5RNdo4nbMXgG3Dg=","merchant_oid":"INT271761906966","status":"success","total_amount":"180000","payment_type":"card","payment_amount":"180000","currency":"TL","installment_count":"1","merchant_id":"614136","test_mode":"1"} 
[2025-10-31 14:01:14] local.INFO: Callback Hash Verification: {"calculated_hash":"e+9H/SUgyP9U7Op9g8ozEvsBxJ9A5RNdo4nbMXgG3Dg=","received_hash":"e+9H/SUgyP9U7Op9g8ozEvsBxJ9A5RNdo4nbMXgG3Dg=","merchant_oid":"INT271761906966","status":"success","total_amount":"180000"} 
[2025-10-31 14:01:14] local.INFO: Callback verification successful  
[2025-10-31 14:01:14] local.ERROR: Payment callback error {"message":"Attempt to read property \"status\" on null","file":"C:\\xampp\\htdocs\\serbiscrm\\app\\Http\\Controllers\\Frontend\\SubscriptionController.php","line":380,"post_data":{"hash":"e+9H/SUgyP9U7Op9g8ozEvsBxJ9A5RNdo4nbMXgG3Dg=","merchant_oid":"INT271761906966","status":"success","total_amount":"180000","payment_type":"card","payment_amount":"180000","currency":"TL","installment_count":"1","merchant_id":"614136","test_mode":"1"}} 
[2025-10-31 14:01:15] local.INFO: Paytr Callback Received: {"hash":"qkWq07B7CIey60bpksGR0s+3dCthiwUJaKlTe68PBNI=","merchant_oid":"INT271761907236","status":"success","total_amount":"180000","payment_type":"card","payment_amount":"180000","currency":"TL","installment_count":"1","merchant_id":"614136","test_mode":"1"} 
[2025-10-31 14:01:15] local.INFO: Callback Hash Verification: {"calculated_hash":"qkWq07B7CIey60bpksGR0s+3dCthiwUJaKlTe68PBNI=","received_hash":"qkWq07B7CIey60bpksGR0s+3dCthiwUJaKlTe68PBNI=","merchant_oid":"INT271761907236","status":"success","total_amount":"180000"} 
[2025-10-31 14:01:15] local.INFO: Callback verification successful  
[2025-10-31 14:01:15] local.ERROR: Payment callback error {"message":"Attempt to read property \"status\" on null","file":"C:\\xampp\\htdocs\\serbiscrm\\app\\Http\\Controllers\\Frontend\\SubscriptionController.php","line":380,"post_data":{"hash":"qkWq07B7CIey60bpksGR0s+3dCthiwUJaKlTe68PBNI=","merchant_oid":"INT271761907236","status":"success","total_amount":"180000","payment_type":"card","payment_amount":"180000","currency":"TL","installment_count":"1","merchant_id":"614136","test_mode":"1"}} 
[2025-10-31 14:01:15] local.INFO: Paytr Callback Received: {"hash":"wlhCLWAuCcsRsBritziBUCm/4qOEnrw1Oz0ZHmicx3A=","merchant_oid":"INT31761906375","status":"failed","total_amount":"0","failed_reason_code":"6","failed_reason_msg":"Müşteri ödeme yapmaktan vazgeçti ve ödeme sayfasından ayrıldı.","payment_type":"card","merchant_id":"614136","test_mode":"1"} 
[2025-10-31 14:01:15] local.INFO: Callback Hash Verification: {"calculated_hash":"wlhCLWAuCcsRsBritziBUCm/4qOEnrw1Oz0ZHmicx3A=","received_hash":"wlhCLWAuCcsRsBritziBUCm/4qOEnrw1Oz0ZHmicx3A=","merchant_oid":"INT31761906375","status":"failed","total_amount":"0"} 
[2025-10-31 14:01:15] local.INFO: Callback verification successful  
[2025-10-31 14:01:15] local.ERROR: Payment callback error {"message":"Attempt to read property \"status\" on null","file":"C:\\xampp\\htdocs\\serbiscrm\\app\\Http\\Controllers\\Frontend\\SubscriptionController.php","line":380,"post_data":{"hash":"wlhCLWAuCcsRsBritziBUCm/4qOEnrw1Oz0ZHmicx3A=","merchant_oid":"INT31761906375","status":"failed","total_amount":"0","failed_reason_code":"6","failed_reason_msg":"Müşteri ödeme yapmaktan vazgeçti ve ödeme sayfasından ayrıldı.","payment_type":"card","merchant_id":"614136","test_mode":"1"}} 
[2025-10-31 14:02:08] local.INFO: Paytr Callback Received: {"hash":"TPudGpEcLvvyaBO01pFtsf1+lDANJNSgytXArwP15ys=","merchant_oid":"INT31761903037","status":"success","total_amount":"180000","payment_type":"card","payment_amount":"180000","currency":"TL","installment_count":"1","merchant_id":"614136","test_mode":"1"} 
[2025-10-31 14:02:08] local.INFO: Callback Hash Verification: {"calculated_hash":"TPudGpEcLvvyaBO01pFtsf1+lDANJNSgytXArwP15ys=","received_hash":"TPudGpEcLvvyaBO01pFtsf1+lDANJNSgytXArwP15ys=","merchant_oid":"INT31761903037","status":"success","total_amount":"180000"} 
[2025-10-31 14:02:08] local.INFO: Callback verification successful  
[2025-10-31 14:02:08] local.ERROR: Payment callback error {"message":"Attempt to read property \"status\" on null","file":"C:\\xampp\\htdocs\\serbiscrm\\app\\Http\\Controllers\\Frontend\\SubscriptionController.php","line":380,"post_data":{"hash":"TPudGpEcLvvyaBO01pFtsf1+lDANJNSgytXArwP15ys=","merchant_oid":"INT31761903037","status":"success","total_amount":"180000","payment_type":"card","payment_amount":"180000","currency":"TL","installment_count":"1","merchant_id":"614136","test_mode":"1"}} 
[2025-10-31 14:02:08] local.INFO: Paytr Callback Received: {"hash":"JtMeIfrJa7iZINQa7hn5tqEwtTfBbXDz4pIxIwYBVss=","merchant_oid":"INT31761903051","status":"failed","total_amount":"0","failed_reason_code":"6","failed_reason_msg":"Müşteri ödeme yapmaktan vazgeçti ve ödeme sayfasından ayrıldı.","payment_type":"card","merchant_id":"614136","test_mode":"1"} 
[2025-10-31 14:02:08] local.INFO: Callback Hash Verification: {"calculated_hash":"JtMeIfrJa7iZINQa7hn5tqEwtTfBbXDz4pIxIwYBVss=","received_hash":"JtMeIfrJa7iZINQa7hn5tqEwtTfBbXDz4pIxIwYBVss=","merchant_oid":"INT31761903051","status":"failed","total_amount":"0"} 
[2025-10-31 14:02:08] local.INFO: Callback verification successful  
[2025-10-31 14:02:08] local.ERROR: Payment callback error {"message":"Attempt to read property \"status\" on null","file":"C:\\xampp\\htdocs\\serbiscrm\\app\\Http\\Controllers\\Frontend\\SubscriptionController.php","line":380,"post_data":{"hash":"JtMeIfrJa7iZINQa7hn5tqEwtTfBbXDz4pIxIwYBVss=","merchant_oid":"INT31761903051","status":"failed","total_amount":"0","failed_reason_code":"6","failed_reason_msg":"Müşteri ödeme yapmaktan vazgeçti ve ödeme sayfasından ayrıldı.","payment_type":"card","merchant_id":"614136","test_mode":"1"}} 
[2025-10-31 14:02:09] local.INFO: Paytr Callback Received: {"hash":"oYXOuol2q/2cEAOR968kTfLy6+UhHv2wVHGeucjha9I=","merchant_oid":"INT31761906363","status":"success","total_amount":"285000","payment_type":"card","payment_amount":"285000","currency":"TL","installment_count":"1","merchant_id":"614136","test_mode":"1"} 
[2025-10-31 14:02:09] local.INFO: Callback Hash Verification: {"calculated_hash":"oYXOuol2q/2cEAOR968kTfLy6+UhHv2wVHGeucjha9I=","received_hash":"oYXOuol2q/2cEAOR968kTfLy6+UhHv2wVHGeucjha9I=","merchant_oid":"INT31761906363","status":"success","total_amount":"285000"} 
[2025-10-31 14:02:09] local.INFO: Callback verification successful  
[2025-10-31 14:02:09] local.ERROR: Payment callback error {"message":"Attempt to read property \"status\" on null","file":"C:\\xampp\\htdocs\\serbiscrm\\app\\Http\\Controllers\\Frontend\\SubscriptionController.php","line":380,"post_data":{"hash":"oYXOuol2q/2cEAOR968kTfLy6+UhHv2wVHGeucjha9I=","merchant_oid":"INT31761906363","status":"success","total_amount":"285000","payment_type":"card","payment_amount":"285000","currency":"TL","installment_count":"1","merchant_id":"614136","test_mode":"1"}} 
[2025-10-31 14:02:09] local.INFO: Paytr Callback Received: {"hash":"e+9H/SUgyP9U7Op9g8ozEvsBxJ9A5RNdo4nbMXgG3Dg=","merchant_oid":"INT271761906966","status":"success","total_amount":"180000","payment_type":"card","payment_amount":"180000","currency":"TL","installment_count":"1","merchant_id":"614136","test_mode":"1"} 
[2025-10-31 14:02:09] local.INFO: Callback Hash Verification: {"calculated_hash":"e+9H/SUgyP9U7Op9g8ozEvsBxJ9A5RNdo4nbMXgG3Dg=","received_hash":"e+9H/SUgyP9U7Op9g8ozEvsBxJ9A5RNdo4nbMXgG3Dg=","merchant_oid":"INT271761906966","status":"success","total_amount":"180000"} 
[2025-10-31 14:02:09] local.INFO: Callback verification successful  
[2025-10-31 14:02:09] local.ERROR: Payment callback error {"message":"Attempt to read property \"status\" on null","file":"C:\\xampp\\htdocs\\serbiscrm\\app\\Http\\Controllers\\Frontend\\SubscriptionController.php","line":380,"post_data":{"hash":"e+9H/SUgyP9U7Op9g8ozEvsBxJ9A5RNdo4nbMXgG3Dg=","merchant_oid":"INT271761906966","status":"success","total_amount":"180000","payment_type":"card","payment_amount":"180000","currency":"TL","installment_count":"1","merchant_id":"614136","test_mode":"1"}} 
[2025-10-31 14:02:10] local.INFO: Paytr Callback Received: {"hash":"qkWq07B7CIey60bpksGR0s+3dCthiwUJaKlTe68PBNI=","merchant_oid":"INT271761907236","status":"success","total_amount":"180000","payment_type":"card","payment_amount":"180000","currency":"TL","installment_count":"1","merchant_id":"614136","test_mode":"1"} 
[2025-10-31 14:02:10] local.INFO: Callback Hash Verification: {"calculated_hash":"qkWq07B7CIey60bpksGR0s+3dCthiwUJaKlTe68PBNI=","received_hash":"qkWq07B7CIey60bpksGR0s+3dCthiwUJaKlTe68PBNI=","merchant_oid":"INT271761907236","status":"success","total_amount":"180000"} 
[2025-10-31 14:02:10] local.INFO: Callback verification successful  
[2025-10-31 14:02:10] local.ERROR: Payment callback error {"message":"Attempt to read property \"status\" on null","file":"C:\\xampp\\htdocs\\serbiscrm\\app\\Http\\Controllers\\Frontend\\SubscriptionController.php","line":380,"post_data":{"hash":"qkWq07B7CIey60bpksGR0s+3dCthiwUJaKlTe68PBNI=","merchant_oid":"INT271761907236","status":"success","total_amount":"180000","payment_type":"card","payment_amount":"180000","currency":"TL","installment_count":"1","merchant_id":"614136","test_mode":"1"}} 
[2025-10-31 14:02:10] local.INFO: Paytr Callback Received: {"hash":"wlhCLWAuCcsRsBritziBUCm/4qOEnrw1Oz0ZHmicx3A=","merchant_oid":"INT31761906375","status":"failed","total_amount":"0","failed_reason_code":"6","failed_reason_msg":"Müşteri ödeme yapmaktan vazgeçti ve ödeme sayfasından ayrıldı.","payment_type":"card","merchant_id":"614136","test_mode":"1"} 
[2025-10-31 14:02:10] local.INFO: Callback Hash Verification: {"calculated_hash":"wlhCLWAuCcsRsBritziBUCm/4qOEnrw1Oz0ZHmicx3A=","received_hash":"wlhCLWAuCcsRsBritziBUCm/4qOEnrw1Oz0ZHmicx3A=","merchant_oid":"INT31761906375","status":"failed","total_amount":"0"} 
[2025-10-31 14:02:10] local.INFO: Callback verification successful  
[2025-10-31 14:02:10] local.ERROR: Payment callback error {"message":"Attempt to read property \"status\" on null","file":"C:\\xampp\\htdocs\\serbiscrm\\app\\Http\\Controllers\\Frontend\\SubscriptionController.php","line":380,"post_data":{"hash":"wlhCLWAuCcsRsBritziBUCm/4qOEnrw1Oz0ZHmicx3A=","merchant_oid":"INT31761906375","status":"failed","total_amount":"0","failed_reason_code":"6","failed_reason_msg":"Müşteri ödeme yapmaktan vazgeçti ve ödeme sayfasından ayrıldı.","payment_type":"card","merchant_id":"614136","test_mode":"1"}} 
[2025-10-31 14:03:12] local.INFO: Paytr Callback Received: {"hash":"TPudGpEcLvvyaBO01pFtsf1+lDANJNSgytXArwP15ys=","merchant_oid":"INT31761903037","status":"success","total_amount":"180000","payment_type":"card","payment_amount":"180000","currency":"TL","installment_count":"1","merchant_id":"614136","test_mode":"1"} 
[2025-10-31 14:03:12] local.INFO: Callback Hash Verification: {"calculated_hash":"TPudGpEcLvvyaBO01pFtsf1+lDANJNSgytXArwP15ys=","received_hash":"TPudGpEcLvvyaBO01pFtsf1+lDANJNSgytXArwP15ys=","merchant_oid":"INT31761903037","status":"success","total_amount":"180000"} 
[2025-10-31 14:03:12] local.INFO: Callback verification successful  
[2025-10-31 14:03:12] local.ERROR: Payment callback error {"message":"Attempt to read property \"status\" on null","file":"C:\\xampp\\htdocs\\serbiscrm\\app\\Http\\Controllers\\Frontend\\SubscriptionController.php","line":380,"post_data":{"hash":"TPudGpEcLvvyaBO01pFtsf1+lDANJNSgytXArwP15ys=","merchant_oid":"INT31761903037","status":"success","total_amount":"180000","payment_type":"card","payment_amount":"180000","currency":"TL","installment_count":"1","merchant_id":"614136","test_mode":"1"}} 
[2025-10-31 14:03:12] local.INFO: Paytr Callback Received: {"hash":"JtMeIfrJa7iZINQa7hn5tqEwtTfBbXDz4pIxIwYBVss=","merchant_oid":"INT31761903051","status":"failed","total_amount":"0","failed_reason_code":"6","failed_reason_msg":"Müşteri ödeme yapmaktan vazgeçti ve ödeme sayfasından ayrıldı.","payment_type":"card","merchant_id":"614136","test_mode":"1"} 
[2025-10-31 14:03:12] local.INFO: Callback Hash Verification: {"calculated_hash":"JtMeIfrJa7iZINQa7hn5tqEwtTfBbXDz4pIxIwYBVss=","received_hash":"JtMeIfrJa7iZINQa7hn5tqEwtTfBbXDz4pIxIwYBVss=","merchant_oid":"INT31761903051","status":"failed","total_amount":"0"} 
[2025-10-31 14:03:12] local.INFO: Callback verification successful  
[2025-10-31 14:03:12] local.ERROR: Payment callback error {"message":"Attempt to read property \"status\" on null","file":"C:\\xampp\\htdocs\\serbiscrm\\app\\Http\\Controllers\\Frontend\\SubscriptionController.php","line":380,"post_data":{"hash":"JtMeIfrJa7iZINQa7hn5tqEwtTfBbXDz4pIxIwYBVss=","merchant_oid":"INT31761903051","status":"failed","total_amount":"0","failed_reason_code":"6","failed_reason_msg":"Müşteri ödeme yapmaktan vazgeçti ve ödeme sayfasından ayrıldı.","payment_type":"card","merchant_id":"614136","test_mode":"1"}} 
[2025-10-31 14:03:13] local.INFO: Paytr Callback Received: {"hash":"oYXOuol2q/2cEAOR968kTfLy6+UhHv2wVHGeucjha9I=","merchant_oid":"INT31761906363","status":"success","total_amount":"285000","payment_type":"card","payment_amount":"285000","currency":"TL","installment_count":"1","merchant_id":"614136","test_mode":"1"} 
[2025-10-31 14:03:13] local.INFO: Callback Hash Verification: {"calculated_hash":"oYXOuol2q/2cEAOR968kTfLy6+UhHv2wVHGeucjha9I=","received_hash":"oYXOuol2q/2cEAOR968kTfLy6+UhHv2wVHGeucjha9I=","merchant_oid":"INT31761906363","status":"success","total_amount":"285000"} 
[2025-10-31 14:03:13] local.INFO: Callback verification successful  
[2025-10-31 14:03:13] local.ERROR: Payment callback error {"message":"Attempt to read property \"status\" on null","file":"C:\\xampp\\htdocs\\serbiscrm\\app\\Http\\Controllers\\Frontend\\SubscriptionController.php","line":380,"post_data":{"hash":"oYXOuol2q/2cEAOR968kTfLy6+UhHv2wVHGeucjha9I=","merchant_oid":"INT31761906363","status":"success","total_amount":"285000","payment_type":"card","payment_amount":"285000","currency":"TL","installment_count":"1","merchant_id":"614136","test_mode":"1"}} 
[2025-10-31 14:03:13] local.INFO: Paytr Callback Received: {"hash":"e+9H/SUgyP9U7Op9g8ozEvsBxJ9A5RNdo4nbMXgG3Dg=","merchant_oid":"INT271761906966","status":"success","total_amount":"180000","payment_type":"card","payment_amount":"180000","currency":"TL","installment_count":"1","merchant_id":"614136","test_mode":"1"} 
[2025-10-31 14:03:13] local.INFO: Callback Hash Verification: {"calculated_hash":"e+9H/SUgyP9U7Op9g8ozEvsBxJ9A5RNdo4nbMXgG3Dg=","received_hash":"e+9H/SUgyP9U7Op9g8ozEvsBxJ9A5RNdo4nbMXgG3Dg=","merchant_oid":"INT271761906966","status":"success","total_amount":"180000"} 
[2025-10-31 14:03:13] local.INFO: Callback verification successful  
[2025-10-31 14:03:13] local.ERROR: Payment callback error {"message":"Attempt to read property \"status\" on null","file":"C:\\xampp\\htdocs\\serbiscrm\\app\\Http\\Controllers\\Frontend\\SubscriptionController.php","line":380,"post_data":{"hash":"e+9H/SUgyP9U7Op9g8ozEvsBxJ9A5RNdo4nbMXgG3Dg=","merchant_oid":"INT271761906966","status":"success","total_amount":"180000","payment_type":"card","payment_amount":"180000","currency":"TL","installment_count":"1","merchant_id":"614136","test_mode":"1"}} 
[2025-10-31 14:03:14] local.INFO: Paytr Callback Received: {"hash":"qkWq07B7CIey60bpksGR0s+3dCthiwUJaKlTe68PBNI=","merchant_oid":"INT271761907236","status":"success","total_amount":"180000","payment_type":"card","payment_amount":"180000","currency":"TL","installment_count":"1","merchant_id":"614136","test_mode":"1"} 
[2025-10-31 14:03:14] local.INFO: Callback Hash Verification: {"calculated_hash":"qkWq07B7CIey60bpksGR0s+3dCthiwUJaKlTe68PBNI=","received_hash":"qkWq07B7CIey60bpksGR0s+3dCthiwUJaKlTe68PBNI=","merchant_oid":"INT271761907236","status":"success","total_amount":"180000"} 
[2025-10-31 14:03:14] local.INFO: Callback verification successful  
[2025-10-31 14:03:14] local.ERROR: Payment callback error {"message":"Attempt to read property \"status\" on null","file":"C:\\xampp\\htdocs\\serbiscrm\\app\\Http\\Controllers\\Frontend\\SubscriptionController.php","line":380,"post_data":{"hash":"qkWq07B7CIey60bpksGR0s+3dCthiwUJaKlTe68PBNI=","merchant_oid":"INT271761907236","status":"success","total_amount":"180000","payment_type":"card","payment_amount":"180000","currency":"TL","installment_count":"1","merchant_id":"614136","test_mode":"1"}} 
[2025-10-31 14:03:14] local.INFO: Paytr Callback Received: {"hash":"wlhCLWAuCcsRsBritziBUCm/4qOEnrw1Oz0ZHmicx3A=","merchant_oid":"INT31761906375","status":"failed","total_amount":"0","failed_reason_code":"6","failed_reason_msg":"Müşteri ödeme yapmaktan vazgeçti ve ödeme sayfasından ayrıldı.","payment_type":"card","merchant_id":"614136","test_mode":"1"} 
[2025-10-31 14:03:14] local.INFO: Callback Hash Verification: {"calculated_hash":"wlhCLWAuCcsRsBritziBUCm/4qOEnrw1Oz0ZHmicx3A=","received_hash":"wlhCLWAuCcsRsBritziBUCm/4qOEnrw1Oz0ZHmicx3A=","merchant_oid":"INT31761906375","status":"failed","total_amount":"0"} 
[2025-10-31 14:03:14] local.INFO: Callback verification successful  
[2025-10-31 14:03:14] local.ERROR: Payment callback error {"message":"Attempt to read property \"status\" on null","file":"C:\\xampp\\htdocs\\serbiscrm\\app\\Http\\Controllers\\Frontend\\SubscriptionController.php","line":380,"post_data":{"hash":"wlhCLWAuCcsRsBritziBUCm/4qOEnrw1Oz0ZHmicx3A=","merchant_oid":"INT31761906375","status":"failed","total_amount":"0","failed_reason_code":"6","failed_reason_msg":"Müşteri ödeme yapmaktan vazgeçti ve ödeme sayfasından ayrıldı.","payment_type":"card","merchant_id":"614136","test_mode":"1"}} 
[2025-10-31 14:04:07] local.INFO: Paytr Callback Received: {"hash":"TPudGpEcLvvyaBO01pFtsf1+lDANJNSgytXArwP15ys=","merchant_oid":"INT31761903037","status":"success","total_amount":"180000","payment_type":"card","payment_amount":"180000","currency":"TL","installment_count":"1","merchant_id":"614136","test_mode":"1"} 
[2025-10-31 14:04:07] local.INFO: Callback Hash Verification: {"calculated_hash":"TPudGpEcLvvyaBO01pFtsf1+lDANJNSgytXArwP15ys=","received_hash":"TPudGpEcLvvyaBO01pFtsf1+lDANJNSgytXArwP15ys=","merchant_oid":"INT31761903037","status":"success","total_amount":"180000"} 
[2025-10-31 14:04:07] local.INFO: Callback verification successful  
[2025-10-31 14:04:07] local.ERROR: Payment callback error {"message":"Attempt to read property \"status\" on null","file":"C:\\xampp\\htdocs\\serbiscrm\\app\\Http\\Controllers\\Frontend\\SubscriptionController.php","line":380,"post_data":{"hash":"TPudGpEcLvvyaBO01pFtsf1+lDANJNSgytXArwP15ys=","merchant_oid":"INT31761903037","status":"success","total_amount":"180000","payment_type":"card","payment_amount":"180000","currency":"TL","installment_count":"1","merchant_id":"614136","test_mode":"1"}} 
[2025-10-31 14:04:08] local.INFO: Paytr Callback Received: {"hash":"JtMeIfrJa7iZINQa7hn5tqEwtTfBbXDz4pIxIwYBVss=","merchant_oid":"INT31761903051","status":"failed","total_amount":"0","failed_reason_code":"6","failed_reason_msg":"Müşteri ödeme yapmaktan vazgeçti ve ödeme sayfasından ayrıldı.","payment_type":"card","merchant_id":"614136","test_mode":"1"} 
[2025-10-31 14:04:08] local.INFO: Callback Hash Verification: {"calculated_hash":"JtMeIfrJa7iZINQa7hn5tqEwtTfBbXDz4pIxIwYBVss=","received_hash":"JtMeIfrJa7iZINQa7hn5tqEwtTfBbXDz4pIxIwYBVss=","merchant_oid":"INT31761903051","status":"failed","total_amount":"0"} 
[2025-10-31 14:04:08] local.INFO: Callback verification successful  
[2025-10-31 14:04:08] local.ERROR: Payment callback error {"message":"Attempt to read property \"status\" on null","file":"C:\\xampp\\htdocs\\serbiscrm\\app\\Http\\Controllers\\Frontend\\SubscriptionController.php","line":380,"post_data":{"hash":"JtMeIfrJa7iZINQa7hn5tqEwtTfBbXDz4pIxIwYBVss=","merchant_oid":"INT31761903051","status":"failed","total_amount":"0","failed_reason_code":"6","failed_reason_msg":"Müşteri ödeme yapmaktan vazgeçti ve ödeme sayfasından ayrıldı.","payment_type":"card","merchant_id":"614136","test_mode":"1"}} 
[2025-10-31 14:04:08] local.INFO: Paytr Callback Received: {"hash":"oYXOuol2q/2cEAOR968kTfLy6+UhHv2wVHGeucjha9I=","merchant_oid":"INT31761906363","status":"success","total_amount":"285000","payment_type":"card","payment_amount":"285000","currency":"TL","installment_count":"1","merchant_id":"614136","test_mode":"1"} 
[2025-10-31 14:04:08] local.INFO: Callback Hash Verification: {"calculated_hash":"oYXOuol2q/2cEAOR968kTfLy6+UhHv2wVHGeucjha9I=","received_hash":"oYXOuol2q/2cEAOR968kTfLy6+UhHv2wVHGeucjha9I=","merchant_oid":"INT31761906363","status":"success","total_amount":"285000"} 
[2025-10-31 14:04:08] local.INFO: Callback verification successful  
[2025-10-31 14:04:08] local.ERROR: Payment callback error {"message":"Attempt to read property \"status\" on null","file":"C:\\xampp\\htdocs\\serbiscrm\\app\\Http\\Controllers\\Frontend\\SubscriptionController.php","line":380,"post_data":{"hash":"oYXOuol2q/2cEAOR968kTfLy6+UhHv2wVHGeucjha9I=","merchant_oid":"INT31761906363","status":"success","total_amount":"285000","payment_type":"card","payment_amount":"285000","currency":"TL","installment_count":"1","merchant_id":"614136","test_mode":"1"}} 
[2025-10-31 14:04:09] local.INFO: Paytr Callback Received: {"hash":"e+9H/SUgyP9U7Op9g8ozEvsBxJ9A5RNdo4nbMXgG3Dg=","merchant_oid":"INT271761906966","status":"success","total_amount":"180000","payment_type":"card","payment_amount":"180000","currency":"TL","installment_count":"1","merchant_id":"614136","test_mode":"1"} 
[2025-10-31 14:04:09] local.INFO: Callback Hash Verification: {"calculated_hash":"e+9H/SUgyP9U7Op9g8ozEvsBxJ9A5RNdo4nbMXgG3Dg=","received_hash":"e+9H/SUgyP9U7Op9g8ozEvsBxJ9A5RNdo4nbMXgG3Dg=","merchant_oid":"INT271761906966","status":"success","total_amount":"180000"} 
[2025-10-31 14:04:09] local.INFO: Callback verification successful  
[2025-10-31 14:04:09] local.ERROR: Payment callback error {"message":"Attempt to read property \"status\" on null","file":"C:\\xampp\\htdocs\\serbiscrm\\app\\Http\\Controllers\\Frontend\\SubscriptionController.php","line":380,"post_data":{"hash":"e+9H/SUgyP9U7Op9g8ozEvsBxJ9A5RNdo4nbMXgG3Dg=","merchant_oid":"INT271761906966","status":"success","total_amount":"180000","payment_type":"card","payment_amount":"180000","currency":"TL","installment_count":"1","merchant_id":"614136","test_mode":"1"}} 
[2025-10-31 14:04:09] local.INFO: Paytr Callback Received: {"hash":"qkWq07B7CIey60bpksGR0s+3dCthiwUJaKlTe68PBNI=","merchant_oid":"INT271761907236","status":"success","total_amount":"180000","payment_type":"card","payment_amount":"180000","currency":"TL","installment_count":"1","merchant_id":"614136","test_mode":"1"} 
[2025-10-31 14:04:09] local.INFO: Callback Hash Verification: {"calculated_hash":"qkWq07B7CIey60bpksGR0s+3dCthiwUJaKlTe68PBNI=","received_hash":"qkWq07B7CIey60bpksGR0s+3dCthiwUJaKlTe68PBNI=","merchant_oid":"INT271761907236","status":"success","total_amount":"180000"} 
[2025-10-31 14:04:09] local.INFO: Callback verification successful  
[2025-10-31 14:04:09] local.ERROR: Payment callback error {"message":"Attempt to read property \"status\" on null","file":"C:\\xampp\\htdocs\\serbiscrm\\app\\Http\\Controllers\\Frontend\\SubscriptionController.php","line":380,"post_data":{"hash":"qkWq07B7CIey60bpksGR0s+3dCthiwUJaKlTe68PBNI=","merchant_oid":"INT271761907236","status":"success","total_amount":"180000","payment_type":"card","payment_amount":"180000","currency":"TL","installment_count":"1","merchant_id":"614136","test_mode":"1"}} 
[2025-10-31 14:04:10] local.INFO: Paytr Callback Received: {"hash":"wlhCLWAuCcsRsBritziBUCm/4qOEnrw1Oz0ZHmicx3A=","merchant_oid":"INT31761906375","status":"failed","total_amount":"0","failed_reason_code":"6","failed_reason_msg":"Müşteri ödeme yapmaktan vazgeçti ve ödeme sayfasından ayrıldı.","payment_type":"card","merchant_id":"614136","test_mode":"1"} 
[2025-10-31 14:04:10] local.INFO: Callback Hash Verification: {"calculated_hash":"wlhCLWAuCcsRsBritziBUCm/4qOEnrw1Oz0ZHmicx3A=","received_hash":"wlhCLWAuCcsRsBritziBUCm/4qOEnrw1Oz0ZHmicx3A=","merchant_oid":"INT31761906375","status":"failed","total_amount":"0"} 
[2025-10-31 14:04:10] local.INFO: Callback verification successful  
[2025-10-31 14:04:10] local.ERROR: Payment callback error {"message":"Attempt to read property \"status\" on null","file":"C:\\xampp\\htdocs\\serbiscrm\\app\\Http\\Controllers\\Frontend\\SubscriptionController.php","line":380,"post_data":{"hash":"wlhCLWAuCcsRsBritziBUCm/4qOEnrw1Oz0ZHmicx3A=","merchant_oid":"INT31761906375","status":"failed","total_amount":"0","failed_reason_code":"6","failed_reason_msg":"Müşteri ödeme yapmaktan vazgeçti ve ödeme sayfasından ayrıldı.","payment_type":"card","merchant_id":"614136","test_mode":"1"}} 
[2025-10-31 14:05:09] local.INFO: Paytr Callback Received: {"hash":"TPudGpEcLvvyaBO01pFtsf1+lDANJNSgytXArwP15ys=","merchant_oid":"INT31761903037","status":"success","total_amount":"180000","payment_type":"card","payment_amount":"180000","currency":"TL","installment_count":"1","merchant_id":"614136","test_mode":"1"} 
[2025-10-31 14:05:09] local.INFO: Callback Hash Verification: {"calculated_hash":"TPudGpEcLvvyaBO01pFtsf1+lDANJNSgytXArwP15ys=","received_hash":"TPudGpEcLvvyaBO01pFtsf1+lDANJNSgytXArwP15ys=","merchant_oid":"INT31761903037","status":"success","total_amount":"180000"} 
[2025-10-31 14:05:09] local.INFO: Callback verification successful  
[2025-10-31 14:05:09] local.ERROR: Payment callback error {"message":"Attempt to read property \"status\" on null","file":"C:\\xampp\\htdocs\\serbiscrm\\app\\Http\\Controllers\\Frontend\\SubscriptionController.php","line":380,"post_data":{"hash":"TPudGpEcLvvyaBO01pFtsf1+lDANJNSgytXArwP15ys=","merchant_oid":"INT31761903037","status":"success","total_amount":"180000","payment_type":"card","payment_amount":"180000","currency":"TL","installment_count":"1","merchant_id":"614136","test_mode":"1"}} 
[2025-10-31 14:05:10] local.INFO: Paytr Callback Received: {"hash":"JtMeIfrJa7iZINQa7hn5tqEwtTfBbXDz4pIxIwYBVss=","merchant_oid":"INT31761903051","status":"failed","total_amount":"0","failed_reason_code":"6","failed_reason_msg":"Müşteri ödeme yapmaktan vazgeçti ve ödeme sayfasından ayrıldı.","payment_type":"card","merchant_id":"614136","test_mode":"1"} 
[2025-10-31 14:05:10] local.INFO: Callback Hash Verification: {"calculated_hash":"JtMeIfrJa7iZINQa7hn5tqEwtTfBbXDz4pIxIwYBVss=","received_hash":"JtMeIfrJa7iZINQa7hn5tqEwtTfBbXDz4pIxIwYBVss=","merchant_oid":"INT31761903051","status":"failed","total_amount":"0"} 
[2025-10-31 14:05:10] local.INFO: Callback verification successful  
[2025-10-31 14:05:10] local.ERROR: Payment callback error {"message":"Attempt to read property \"status\" on null","file":"C:\\xampp\\htdocs\\serbiscrm\\app\\Http\\Controllers\\Frontend\\SubscriptionController.php","line":380,"post_data":{"hash":"JtMeIfrJa7iZINQa7hn5tqEwtTfBbXDz4pIxIwYBVss=","merchant_oid":"INT31761903051","status":"failed","total_amount":"0","failed_reason_code":"6","failed_reason_msg":"Müşteri ödeme yapmaktan vazgeçti ve ödeme sayfasından ayrıldı.","payment_type":"card","merchant_id":"614136","test_mode":"1"}} 
[2025-10-31 14:05:10] local.INFO: Paytr Callback Received: {"hash":"oYXOuol2q/2cEAOR968kTfLy6+UhHv2wVHGeucjha9I=","merchant_oid":"INT31761906363","status":"success","total_amount":"285000","payment_type":"card","payment_amount":"285000","currency":"TL","installment_count":"1","merchant_id":"614136","test_mode":"1"} 
[2025-10-31 14:05:10] local.INFO: Callback Hash Verification: {"calculated_hash":"oYXOuol2q/2cEAOR968kTfLy6+UhHv2wVHGeucjha9I=","received_hash":"oYXOuol2q/2cEAOR968kTfLy6+UhHv2wVHGeucjha9I=","merchant_oid":"INT31761906363","status":"success","total_amount":"285000"} 
[2025-10-31 14:05:10] local.INFO: Callback verification successful  
[2025-10-31 14:05:10] local.ERROR: Payment callback error {"message":"Attempt to read property \"status\" on null","file":"C:\\xampp\\htdocs\\serbiscrm\\app\\Http\\Controllers\\Frontend\\SubscriptionController.php","line":380,"post_data":{"hash":"oYXOuol2q/2cEAOR968kTfLy6+UhHv2wVHGeucjha9I=","merchant_oid":"INT31761906363","status":"success","total_amount":"285000","payment_type":"card","payment_amount":"285000","currency":"TL","installment_count":"1","merchant_id":"614136","test_mode":"1"}} 
[2025-10-31 14:05:11] local.INFO: Paytr Callback Received: {"hash":"e+9H/SUgyP9U7Op9g8ozEvsBxJ9A5RNdo4nbMXgG3Dg=","merchant_oid":"INT271761906966","status":"success","total_amount":"180000","payment_type":"card","payment_amount":"180000","currency":"TL","installment_count":"1","merchant_id":"614136","test_mode":"1"} 
[2025-10-31 14:05:11] local.INFO: Callback Hash Verification: {"calculated_hash":"e+9H/SUgyP9U7Op9g8ozEvsBxJ9A5RNdo4nbMXgG3Dg=","received_hash":"e+9H/SUgyP9U7Op9g8ozEvsBxJ9A5RNdo4nbMXgG3Dg=","merchant_oid":"INT271761906966","status":"success","total_amount":"180000"} 
[2025-10-31 14:05:11] local.INFO: Callback verification successful  
[2025-10-31 14:05:11] local.ERROR: Payment callback error {"message":"Attempt to read property \"status\" on null","file":"C:\\xampp\\htdocs\\serbiscrm\\app\\Http\\Controllers\\Frontend\\SubscriptionController.php","line":380,"post_data":{"hash":"e+9H/SUgyP9U7Op9g8ozEvsBxJ9A5RNdo4nbMXgG3Dg=","merchant_oid":"INT271761906966","status":"success","total_amount":"180000","payment_type":"card","payment_amount":"180000","currency":"TL","installment_count":"1","merchant_id":"614136","test_mode":"1"}} 
[2025-10-31 14:05:11] local.INFO: Paytr Callback Received: {"hash":"qkWq07B7CIey60bpksGR0s+3dCthiwUJaKlTe68PBNI=","merchant_oid":"INT271761907236","status":"success","total_amount":"180000","payment_type":"card","payment_amount":"180000","currency":"TL","installment_count":"1","merchant_id":"614136","test_mode":"1"} 
[2025-10-31 14:05:11] local.INFO: Callback Hash Verification: {"calculated_hash":"qkWq07B7CIey60bpksGR0s+3dCthiwUJaKlTe68PBNI=","received_hash":"qkWq07B7CIey60bpksGR0s+3dCthiwUJaKlTe68PBNI=","merchant_oid":"INT271761907236","status":"success","total_amount":"180000"} 
[2025-10-31 14:05:11] local.INFO: Callback verification successful  
[2025-10-31 14:05:11] local.ERROR: Payment callback error {"message":"Attempt to read property \"status\" on null","file":"C:\\xampp\\htdocs\\serbiscrm\\app\\Http\\Controllers\\Frontend\\SubscriptionController.php","line":380,"post_data":{"hash":"qkWq07B7CIey60bpksGR0s+3dCthiwUJaKlTe68PBNI=","merchant_oid":"INT271761907236","status":"success","total_amount":"180000","payment_type":"card","payment_amount":"180000","currency":"TL","installment_count":"1","merchant_id":"614136","test_mode":"1"}} 
[2025-10-31 14:05:12] local.INFO: Paytr Callback Received: {"hash":"wlhCLWAuCcsRsBritziBUCm/4qOEnrw1Oz0ZHmicx3A=","merchant_oid":"INT31761906375","status":"failed","total_amount":"0","failed_reason_code":"6","failed_reason_msg":"Müşteri ödeme yapmaktan vazgeçti ve ödeme sayfasından ayrıldı.","payment_type":"card","merchant_id":"614136","test_mode":"1"} 
[2025-10-31 14:05:12] local.INFO: Callback Hash Verification: {"calculated_hash":"wlhCLWAuCcsRsBritziBUCm/4qOEnrw1Oz0ZHmicx3A=","received_hash":"wlhCLWAuCcsRsBritziBUCm/4qOEnrw1Oz0ZHmicx3A=","merchant_oid":"INT31761906375","status":"failed","total_amount":"0"} 
[2025-10-31 14:05:12] local.INFO: Callback verification successful  
[2025-10-31 14:05:12] local.ERROR: Payment callback error {"message":"Attempt to read property \"status\" on null","file":"C:\\xampp\\htdocs\\serbiscrm\\app\\Http\\Controllers\\Frontend\\SubscriptionController.php","line":380,"post_data":{"hash":"wlhCLWAuCcsRsBritziBUCm/4qOEnrw1Oz0ZHmicx3A=","merchant_oid":"INT31761906375","status":"failed","total_amount":"0","failed_reason_code":"6","failed_reason_msg":"Müşteri ödeme yapmaktan vazgeçti ve ödeme sayfasından ayrıldı.","payment_type":"card","merchant_id":"614136","test_mode":"1"}} 
