[2025-10-30 08:45:39] local.INFO: All active products count: 3  
[2025-10-30 08:45:40] local.INFO: Product ID 5 (Deneme Ürün): Current stock = 4  
[2025-10-30 08:45:40] local.INFO: Added to low: Deneme Ürün (Stock: 4)  
[2025-10-30 08:45:40] local.INFO: Product ID 10 (stok112): Current stock = 11  
[2025-10-30 08:45:40] local.INFO: Product ID 11 (Dolap vidası): Current stock = 10  
[2025-10-30 08:45:40] local.INFO: Final Alerts Result: {"critical_count":0,"low_count":1,"total_products_checked":3} 
[2025-10-30 09:37:08] local.ERROR: Missing required parameter for [Route: tenant.integrations.marketplace] [URI: {tenant_id}/entegrasyonlar] [Missing parameter: tenant_id]. {"view":{"view":"C:\\xampp\\htdocs\\serbiscrm\\resources\\views\\frontend\\secure\\integrations\\detail.blade.php","data":{"errors":"<pre class=sf-dump id=sf-dump-832062559 data-indent-pad=\"  \"><span class=sf-dump-note>Illuminate\\Support\\ViewErrorBag</span> {<a class=sf-dump-ref>#1192</a><samp data-depth=1 class=sf-dump-expanded>
  #<span class=sf-dump-protected title=\"Protected property\">bags</span>: []
</samp>}
</pre><script>Sfdump(\"sf-dump-832062559\", {\"maxDepth\":3,\"maxStringLength\":160})</script>
","integration":"<pre class=sf-dump id=sf-dump-1389224687 data-indent-pad=\"  \"><span class=sf-dump-note>App\\Models\\Integration</span> {<a class=sf-dump-ref>#2295</a><samp data-depth=1 class=sf-dump-expanded>
  #<span class=sf-dump-protected title=\"Protected property\">connection</span>: \"<span class=sf-dump-str title=\"5 characters\">mysql</span>\"
  #<span class=sf-dump-protected title=\"Protected property\">table</span>: \"<span class=sf-dump-str title=\"12 characters\">integrations</span>\"
  #<span class=sf-dump-protected title=\"Protected property\">primaryKey</span>: \"<span class=sf-dump-str title=\"2 characters\">id</span>\"
  #<span class=sf-dump-protected title=\"Protected property\">keyType</span>: \"<span class=sf-dump-str title=\"3 characters\">int</span>\"
  +<span class=sf-dump-public title=\"Public property\">incrementing</span>: <span class=sf-dump-const>true</span>
  #<span class=sf-dump-protected title=\"Protected property\">with</span>: []
  #<span class=sf-dump-protected title=\"Protected property\">withCount</span>: []
  +<span class=sf-dump-public title=\"Public property\">preventsLazyLoading</span>: <span class=sf-dump-const>false</span>
  #<span class=sf-dump-protected title=\"Protected property\">perPage</span>: <span class=sf-dump-num>15</span>
  +<span class=sf-dump-public title=\"Public property\">exists</span>: <span class=sf-dump-const>true</span>
  +<span class=sf-dump-public title=\"Public property\">wasRecentlyCreated</span>: <span class=sf-dump-const>false</span>
  #<span class=sf-dump-protected title=\"Protected property\">escapeWhenCastingToString</span>: <span class=sf-dump-const>false</span>
  #<span class=sf-dump-protected title=\"Protected property\">attributes</span>: <span class=sf-dump-note>array:11</span> [<samp data-depth=2 class=sf-dump-compact>
    \"<span class=sf-dump-key>id</span>\" => <span class=sf-dump-num>1</span>
    \"<span class=sf-dump-key>name</span>\" => \"<span class=sf-dump-str title=\"6 characters\">NETGSM</span>\"
    \"<span class=sf-dump-key>slug</span>\" => \"<span class=sf-dump-str title=\"6 characters\">netgsm</span>\"
    \"<span class=sf-dump-key>description</span>\" => \"<span class=sf-dump-str title=\"6 characters\">fjfgjf</span>\"
    \"<span class=sf-dump-key>explanation</span>\" => \"<span class=sf-dump-str title=\"212 characters\">&lt;p&gt;Yoast SEO Premium gives you unlimited AI-powered optimization, real-time SEO guidance, and tools to strengthen internal linking and site structure, built into your publishing workflow with no hidden costs.&lt;/p&gt;</span>\"
    \"<span class=sf-dump-key>logo</span>\" => \"<span class=sf-dump-str title=\"41 characters\">upload/integrations/1761658756_netgsm.png</span>\"
    \"<span class=sf-dump-key>price</span>\" => \"<span class=sf-dump-str title=\"7 characters\">1800.00</span>\"
    \"<span class=sf-dump-key>category</span>\" => \"<span class=sf-dump-str title=\"3 characters\">sms</span>\"
    \"<span class=sf-dump-key>is_active</span>\" => <span class=sf-dump-num>1</span>
    \"<span class=sf-dump-key>created_at</span>\" => \"<span class=sf-dump-str title=\"19 characters\">2025-10-28 16:39:16</span>\"
    \"<span class=sf-dump-key>updated_at</span>\" => \"<span class=sf-dump-str title=\"19 characters\">2025-10-28 16:39:16</span>\"
  </samp>]
  #<span class=sf-dump-protected title=\"Protected property\">original</span>: <span class=sf-dump-note>array:11</span> [<samp data-depth=2 class=sf-dump-compact>
    \"<span class=sf-dump-key>id</span>\" => <span class=sf-dump-num>1</span>
    \"<span class=sf-dump-key>name</span>\" => \"<span class=sf-dump-str title=\"6 characters\">NETGSM</span>\"
    \"<span class=sf-dump-key>slug</span>\" => \"<span class=sf-dump-str title=\"6 characters\">netgsm</span>\"
    \"<span class=sf-dump-key>description</span>\" => \"<span class=sf-dump-str title=\"6 characters\">fjfgjf</span>\"
    \"<span class=sf-dump-key>explanation</span>\" => \"<span class=sf-dump-str title=\"212 characters\">&lt;p&gt;Yoast SEO Premium gives you unlimited AI-powered optimization, real-time SEO guidance, and tools to strengthen internal linking and site structure, built into your publishing workflow with no hidden costs.&lt;/p&gt;</span>\"
    \"<span class=sf-dump-key>logo</span>\" => \"<span class=sf-dump-str title=\"41 characters\">upload/integrations/1761658756_netgsm.png</span>\"
    \"<span class=sf-dump-key>price</span>\" => \"<span class=sf-dump-str title=\"7 characters\">1800.00</span>\"
    \"<span class=sf-dump-key>category</span>\" => \"<span class=sf-dump-str title=\"3 characters\">sms</span>\"
    \"<span class=sf-dump-key>is_active</span>\" => <span class=sf-dump-num>1</span>
    \"<span class=sf-dump-key>created_at</span>\" => \"<span class=sf-dump-str title=\"19 characters\">2025-10-28 16:39:16</span>\"
    \"<span class=sf-dump-key>updated_at</span>\" => \"<span class=sf-dump-str title=\"19 characters\">2025-10-28 16:39:16</span>\"
  </samp>]
  #<span class=sf-dump-protected title=\"Protected property\">changes</span>: []
  #<span class=sf-dump-protected title=\"Protected property\">casts</span>: []
  #<span class=sf-dump-protected title=\"Protected property\">classCastCache</span>: []
  #<span class=sf-dump-protected title=\"Protected property\">attributeCastCache</span>: []
  #<span class=sf-dump-protected title=\"Protected property\">dateFormat</span>: <span class=sf-dump-const>null</span>
  #<span class=sf-dump-protected title=\"Protected property\">appends</span>: []
  #<span class=sf-dump-protected title=\"Protected property\">dispatchesEvents</span>: []
  #<span class=sf-dump-protected title=\"Protected property\">observables</span>: []
  #<span class=sf-dump-protected title=\"Protected property\">relations</span>: []
  #<span class=sf-dump-protected title=\"Protected property\">touches</span>: []
  +<span class=sf-dump-public title=\"Public property\">timestamps</span>: <span class=sf-dump-const>true</span>
  +<span class=sf-dump-public title=\"Public property\">usesUniqueIds</span>: <span class=sf-dump-const>false</span>
  #<span class=sf-dump-protected title=\"Protected property\">hidden</span>: []
  #<span class=sf-dump-protected title=\"Protected property\">visible</span>: []
  #<span class=sf-dump-protected title=\"Protected property\">fillable</span>: []
  #<span class=sf-dump-protected title=\"Protected property\">guarded</span>: []
</samp>}
</pre><script>Sfdump(\"sf-dump-1389224687\", {\"maxDepth\":3,\"maxStringLength\":160})</script>
","tenant":"<pre class=sf-dump id=sf-dump-553306615 data-indent-pad=\"  \"><span class=sf-dump-note>App\\Models\\Tenant</span> {<a class=sf-dump-ref>#2214</a><samp data-depth=1 class=sf-dump-expanded>
  #<span class=sf-dump-protected title=\"Protected property\">connection</span>: \"<span class=sf-dump-str title=\"5 characters\">mysql</span>\"
  #<span class=sf-dump-protected title=\"Protected property\">table</span>: \"<span class=sf-dump-str title=\"7 characters\">tenants</span>\"
  #<span class=sf-dump-protected title=\"Protected property\">primaryKey</span>: \"<span class=sf-dump-str title=\"2 characters\">id</span>\"
  #<span class=sf-dump-protected title=\"Protected property\">keyType</span>: \"<span class=sf-dump-str title=\"3 characters\">int</span>\"
  +<span class=sf-dump-public title=\"Public property\">incrementing</span>: <span class=sf-dump-const>true</span>
  #<span class=sf-dump-protected title=\"Protected property\">with</span>: []
  #<span class=sf-dump-protected title=\"Protected property\">withCount</span>: []
  +<span class=sf-dump-public title=\"Public property\">preventsLazyLoading</span>: <span class=sf-dump-const>false</span>
  #<span class=sf-dump-protected title=\"Protected property\">perPage</span>: <span class=sf-dump-num>15</span>
  +<span class=sf-dump-public title=\"Public property\">exists</span>: <span class=sf-dump-const>true</span>
  +<span class=sf-dump-public title=\"Public property\">wasRecentlyCreated</span>: <span class=sf-dump-const>false</span>
  #<span class=sf-dump-protected title=\"Protected property\">escapeWhenCastingToString</span>: <span class=sf-dump-const>false</span>
  #<span class=sf-dump-protected title=\"Protected property\">attributes</span>: <span class=sf-dump-note>array:36</span> [<samp data-depth=2 class=sf-dump-compact>
    \"<span class=sf-dump-key>id</span>\" => <span class=sf-dump-num>3</span>
    \"<span class=sf-dump-key>name</span>\" => \"<span class=sf-dump-str title=\"11 characters\">Deneme Test</span>\"
    \"<span class=sf-dump-key>firma_adi</span>\" => \"<span class=sf-dump-str title=\"11 characters\">Test Teknik</span>\"
    \"<span class=sf-dump-key>firma_slug</span>\" => \"<span class=sf-dump-str title=\"11 characters\">test-teknik</span>\"
    \"<span class=sf-dump-key>username</span>\" => \"<span class=sf-dump-str title=\"14 characters\">testteknik.com</span>\"
    \"<span class=sf-dump-key>eposta</span>\" => \"<span class=sf-dump-str title=\"19 characters\">info@testteknik.com</span>\"
    \"<span class=sf-dump-key>tel1</span>\" => \"<span class=sf-dump-str title=\"12 characters\">210 000 1110</span>\"
    \"<span class=sf-dump-key>tel2</span>\" => <span class=sf-dump-const>null</span>
    \"<span class=sf-dump-key>il</span>\" => \"<span class=sf-dump-str title=\"2 characters\">16</span>\"
    \"<span class=sf-dump-key>ilce</span>\" => \"<span class=sf-dump-str title=\"3 characters\">186</span>\"
    \"<span class=sf-dump-key>adres</span>\" => \"<span class=sf-dump-str title=\"17 characters\">Deneme Sok. No:12</span>\"
    \"<span class=sf-dump-key>webSitesi</span>\" => \"<span class=sf-dump-str title=\"14 characters\">testteknik.com</span>\"
    \"<span class=sf-dump-key>vergiNo</span>\" => \"<span class=sf-dump-str title=\"9 characters\">111111111</span>\"
    \"<span class=sf-dump-key>vergiDairesi</span>\" => \"<span class=sf-dump-str title=\"7 characters\">ESENLER</span>\"
    \"<span class=sf-dump-key>tcNo</span>\" => <span class=sf-dump-const>null</span>
    \"<span class=sf-dump-key>iban</span>\" => \"<span class=sf-dump-str title=\"9 characters\">TR0000000</span>\"
    \"<span class=sf-dump-key>logo</span>\" => \"<span class=sf-dump-str title=\"34 characters\">upload/company_imgs/logo-59538.jpg</span>\"
    \"<span class=sf-dump-key>personelSayisi</span>\" => <span class=sf-dump-num>10</span>
    \"<span class=sf-dump-key>bayiSayisi</span>\" => <span class=sf-dump-num>5</span>
    \"<span class=sf-dump-key>stokSayisi</span>\" => <span class=sf-dump-const>null</span>
    \"<span class=sf-dump-key>konsinyeSayisi</span>\" => <span class=sf-dump-const>null</span>
    \"<span class=sf-dump-key>kdvOrani</span>\" => <span class=sf-dump-const>null</span>
    \"<span class=sf-dump-key>smsKullanici</span>\" => \"<span class=sf-dump-str title=\"10 characters\">8503078405</span>\"
    \"<span class=sf-dump-key>smsSifre</span>\" => \"<span class=sf-dump-str title=\"10 characters\">servis3863</span>\"
    \"<span class=sf-dump-key>smsGonderici</span>\" => \"<span class=sf-dump-str title=\"13 characters\">TEST TKNK SRV</span>\"
    \"<span class=sf-dump-key>smsKaraliste</span>\" => \"<span class=sf-dump-str title=\"19 characters\">http://onay.li/MR74</span>\"
    \"<span class=sf-dump-key>kayitTarihi</span>\" => \"<span class=sf-dump-str title=\"10 characters\">2025-01-15</span>\"
    \"<span class=sf-dump-key>bitisTarihi</span>\" => \"<span class=sf-dump-str title=\"10 characters\">2026-08-26</span>\"
    \"<span class=sf-dump-key>status</span>\" => <span class=sf-dump-num>1</span>
    \"<span class=sf-dump-key>trial_starts_at</span>\" => \"<span class=sf-dump-str title=\"19 characters\">2025-01-15 00:00:00</span>\"
    \"<span class=sf-dump-key>trial_ends_at</span>\" => \"<span class=sf-dump-str title=\"19 characters\">2025-08-26 00:00:00</span>\"
    \"<span class=sf-dump-key>trial_used</span>\" => <span class=sf-dump-num>1</span>
    \"<span class=sf-dump-key>subscription_status</span>\" => \"<span class=sf-dump-str title=\"6 characters\">active</span>\"
    \"<span class=sf-dump-key>subscription_ends_at</span>\" => \"<span class=sf-dump-str title=\"19 characters\">2026-08-26 00:00:00</span>\"
    \"<span class=sf-dump-key>created_at</span>\" => \"<span class=sf-dump-str title=\"19 characters\">2025-01-15 11:57:07</span>\"
    \"<span class=sf-dump-key>updated_at</span>\" => \"<span class=sf-dump-str title=\"19 characters\">2025-09-11 15:26:18</span>\"
  </samp>]
  #<span class=sf-dump-protected title=\"Protected property\">original</span>: <span class=sf-dump-note>array:36</span> [<samp data-depth=2 class=sf-dump-compact>
    \"<span class=sf-dump-key>id</span>\" => <span class=sf-dump-num>3</span>
    \"<span class=sf-dump-key>name</span>\" => \"<span class=sf-dump-str title=\"11 characters\">Deneme Test</span>\"
    \"<span class=sf-dump-key>firma_adi</span>\" => \"<span class=sf-dump-str title=\"11 characters\">Test Teknik</span>\"
    \"<span class=sf-dump-key>firma_slug</span>\" => \"<span class=sf-dump-str title=\"11 characters\">test-teknik</span>\"
    \"<span class=sf-dump-key>username</span>\" => \"<span class=sf-dump-str title=\"14 characters\">testteknik.com</span>\"
    \"<span class=sf-dump-key>eposta</span>\" => \"<span class=sf-dump-str title=\"19 characters\">info@testteknik.com</span>\"
    \"<span class=sf-dump-key>tel1</span>\" => \"<span class=sf-dump-str title=\"12 characters\">210 000 1110</span>\"
    \"<span class=sf-dump-key>tel2</span>\" => <span class=sf-dump-const>null</span>
    \"<span class=sf-dump-key>il</span>\" => \"<span class=sf-dump-str title=\"2 characters\">16</span>\"
    \"<span class=sf-dump-key>ilce</span>\" => \"<span class=sf-dump-str title=\"3 characters\">186</span>\"
    \"<span class=sf-dump-key>adres</span>\" => \"<span class=sf-dump-str title=\"17 characters\">Deneme Sok. No:12</span>\"
    \"<span class=sf-dump-key>webSitesi</span>\" => \"<span class=sf-dump-str title=\"14 characters\">testteknik.com</span>\"
    \"<span class=sf-dump-key>vergiNo</span>\" => \"<span class=sf-dump-str title=\"9 characters\">111111111</span>\"
    \"<span class=sf-dump-key>vergiDairesi</span>\" => \"<span class=sf-dump-str title=\"7 characters\">ESENLER</span>\"
    \"<span class=sf-dump-key>tcNo</span>\" => <span class=sf-dump-const>null</span>
    \"<span class=sf-dump-key>iban</span>\" => \"<span class=sf-dump-str title=\"9 characters\">TR0000000</span>\"
    \"<span class=sf-dump-key>logo</span>\" => \"<span class=sf-dump-str title=\"34 characters\">upload/company_imgs/logo-59538.jpg</span>\"
    \"<span class=sf-dump-key>personelSayisi</span>\" => <span class=sf-dump-num>10</span>
    \"<span class=sf-dump-key>bayiSayisi</span>\" => <span class=sf-dump-num>5</span>
    \"<span class=sf-dump-key>stokSayisi</span>\" => <span class=sf-dump-const>null</span>
    \"<span class=sf-dump-key>konsinyeSayisi</span>\" => <span class=sf-dump-const>null</span>
    \"<span class=sf-dump-key>kdvOrani</span>\" => <span class=sf-dump-const>null</span>
    \"<span class=sf-dump-key>smsKullanici</span>\" => \"<span class=sf-dump-str title=\"10 characters\">8503078405</span>\"
    \"<span class=sf-dump-key>smsSifre</span>\" => \"<span class=sf-dump-str title=\"10 characters\">servis3863</span>\"
    \"<span class=sf-dump-key>smsGonderici</span>\" => \"<span class=sf-dump-str title=\"13 characters\">TEST TKNK SRV</span>\"
    \"<span class=sf-dump-key>smsKaraliste</span>\" => \"<span class=sf-dump-str title=\"19 characters\">http://onay.li/MR74</span>\"
    \"<span class=sf-dump-key>kayitTarihi</span>\" => \"<span class=sf-dump-str title=\"10 characters\">2025-01-15</span>\"
    \"<span class=sf-dump-key>bitisTarihi</span>\" => \"<span class=sf-dump-str title=\"10 characters\">2026-08-26</span>\"
    \"<span class=sf-dump-key>status</span>\" => <span class=sf-dump-num>1</span>
    \"<span class=sf-dump-key>trial_starts_at</span>\" => \"<span class=sf-dump-str title=\"19 characters\">2025-01-15 00:00:00</span>\"
    \"<span class=sf-dump-key>trial_ends_at</span>\" => \"<span class=sf-dump-str title=\"19 characters\">2025-08-26 00:00:00</span>\"
    \"<span class=sf-dump-key>trial_used</span>\" => <span class=sf-dump-num>1</span>
    \"<span class=sf-dump-key>subscription_status</span>\" => \"<span class=sf-dump-str title=\"6 characters\">active</span>\"
    \"<span class=sf-dump-key>subscription_ends_at</span>\" => \"<span class=sf-dump-str title=\"19 characters\">2026-08-26 00:00:00</span>\"
    \"<span class=sf-dump-key>created_at</span>\" => \"<span class=sf-dump-str title=\"19 characters\">2025-01-15 11:57:07</span>\"
    \"<span class=sf-dump-key>updated_at</span>\" => \"<span class=sf-dump-str title=\"19 characters\">2025-09-11 15:26:18</span>\"
  </samp>]
  #<span class=sf-dump-protected title=\"Protected property\">changes</span>: []
  #<span class=sf-dump-protected title=\"Protected property\">casts</span>: <span class=sf-dump-note>array:4</span> [<samp data-depth=2 class=sf-dump-compact>
    \"<span class=sf-dump-key>trial_starts_at</span>\" => \"<span class=sf-dump-str title=\"8 characters\">datetime</span>\"
    \"<span class=sf-dump-key>trial_ends_at</span>\" => \"<span class=sf-dump-str title=\"8 characters\">datetime</span>\"
    \"<span class=sf-dump-key>subscription_ends_at</span>\" => \"<span class=sf-dump-str title=\"8 characters\">datetime</span>\"
    \"<span class=sf-dump-key>trial_used</span>\" => \"<span class=sf-dump-str title=\"7 characters\">boolean</span>\"
  </samp>]
  #<span class=sf-dump-protected title=\"Protected property\">classCastCache</span>: []
  #<span class=sf-dump-protected title=\"Protected property\">attributeCastCache</span>: []
  #<span class=sf-dump-protected title=\"Protected property\">dateFormat</span>: <span class=sf-dump-const>null</span>
  #<span class=sf-dump-protected title=\"Protected property\">appends</span>: []
  #<span class=sf-dump-protected title=\"Protected property\">dispatchesEvents</span>: []
  #<span class=sf-dump-protected title=\"Protected property\">observables</span>: []
  #<span class=sf-dump-protected title=\"Protected property\">relations</span>: []
  #<span class=sf-dump-protected title=\"Protected property\">touches</span>: []
  +<span class=sf-dump-public title=\"Public property\">timestamps</span>: <span class=sf-dump-const>true</span>
  +<span class=sf-dump-public title=\"Public property\">usesUniqueIds</span>: <span class=sf-dump-const>false</span>
  #<span class=sf-dump-protected title=\"Protected property\">hidden</span>: []
  #<span class=sf-dump-protected title=\"Protected property\">visible</span>: []
  #<span class=sf-dump-protected title=\"Protected property\">fillable</span>: []
  #<span class=sf-dump-protected title=\"Protected property\">guarded</span>: []
</samp>}
</pre><script>Sfdump(\"sf-dump-553306615\", {\"maxDepth\":3,\"maxStringLength\":160})</script>
"}},"userId":6,"exception":"[object] (Spatie\\LaravelIgnition\\Exceptions\\ViewException(code: 0): Missing required parameter for [Route: tenant.integrations.marketplace] [URI: {tenant_id}/entegrasyonlar] [Missing parameter: tenant_id]. at C:\\xampp\\htdocs\\serbiscrm\\vendor\\laravel\\framework\\src\\Illuminate\\Routing\\Exceptions\\UrlGenerationException.php:35)
[stacktrace]
#0 C:\\xampp\\htdocs\\serbiscrm\\vendor\\laravel\\framework\\src\\Illuminate\\Routing\\RouteUrlGenerator.php(90): Illuminate\\Routing\\Exceptions\\UrlGenerationException::forMissingParameters(Object(Illuminate\\Routing\\Route), Array)
#1 C:\\xampp\\htdocs\\serbiscrm\\vendor\\laravel\\framework\\src\\Illuminate\\Routing\\UrlGenerator.php(502): Illuminate\\Routing\\RouteUrlGenerator->to(Object(Illuminate\\Routing\\Route), Array, true)
#2 C:\\xampp\\htdocs\\serbiscrm\\vendor\\laravel\\framework\\src\\Illuminate\\Routing\\UrlGenerator.php(471): Illuminate\\Routing\\UrlGenerator->toRoute(Object(Illuminate\\Routing\\Route), Array, true)
#3 C:\\xampp\\htdocs\\serbiscrm\\vendor\\laravel\\framework\\src\\Illuminate\\Foundation\\helpers.php(811): Illuminate\\Routing\\UrlGenerator->route('tenant.integrat...', Array, true)
#4 C:\\xampp\\htdocs\\serbiscrm\\resources\\views\\frontend\\secure\\integrations\\detail.blade.php(345): route('tenant.integrat...')
#5 C:\\xampp\\htdocs\\serbiscrm\\vendor\\laravel\\framework\\src\\Illuminate\\Filesystem\\Filesystem.php(124): require('C:\\\\xampp\\\\htdocs...')
#6 C:\\xampp\\htdocs\\serbiscrm\\vendor\\laravel\\framework\\src\\Illuminate\\Filesystem\\Filesystem.php(125): Illuminate\\Filesystem\\Filesystem::Illuminate\\Filesystem\\{closure}()
#7 C:\\xampp\\htdocs\\serbiscrm\\vendor\\laravel\\framework\\src\\Illuminate\\View\\Engines\\PhpEngine.php(58): Illuminate\\Filesystem\\Filesystem->getRequire('C:\\\\xampp\\\\htdocs...', Array)
#8 C:\\xampp\\htdocs\\serbiscrm\\vendor\\laravel\\framework\\src\\Illuminate\\View\\Engines\\CompilerEngine.php(72): Illuminate\\View\\Engines\\PhpEngine->evaluatePath('C:\\\\xampp\\\\htdocs...', Array)
#9 C:\\xampp\\htdocs\\serbiscrm\\vendor\\laravel\\framework\\src\\Illuminate\\View\\View.php(207): Illuminate\\View\\Engines\\CompilerEngine->get('C:\\\\xampp\\\\htdocs...', Array)
#10 C:\\xampp\\htdocs\\serbiscrm\\vendor\\laravel\\framework\\src\\Illuminate\\View\\View.php(190): Illuminate\\View\\View->getContents()
#11 C:\\xampp\\htdocs\\serbiscrm\\vendor\\laravel\\framework\\src\\Illuminate\\View\\View.php(159): Illuminate\\View\\View->renderContents()
#12 C:\\xampp\\htdocs\\serbiscrm\\vendor\\laravel\\framework\\src\\Illuminate\\Http\\Response.php(69): Illuminate\\View\\View->render()
#13 C:\\xampp\\htdocs\\serbiscrm\\vendor\\laravel\\framework\\src\\Illuminate\\Http\\Response.php(35): Illuminate\\Http\\Response->setContent(Object(Illuminate\\View\\View))
#14 C:\\xampp\\htdocs\\serbiscrm\\vendor\\laravel\\framework\\src\\Illuminate\\Routing\\Router.php(911): Illuminate\\Http\\Response->__construct(Object(Illuminate\\View\\View), 200, Array)
#15 C:\\xampp\\htdocs\\serbiscrm\\vendor\\laravel\\framework\\src\\Illuminate\\Routing\\Router.php(878): Illuminate\\Routing\\Router::toResponse(Object(Illuminate\\Http\\Request), Object(Illuminate\\View\\View))
#16 C:\\xampp\\htdocs\\serbiscrm\\vendor\\laravel\\framework\\src\\Illuminate\\Routing\\Router.php(798): Illuminate\\Routing\\Router->prepareResponse(Object(Illuminate\\Http\\Request), Object(Illuminate\\View\\View))
#17 C:\\xampp\\htdocs\\serbiscrm\\vendor\\laravel\\framework\\src\\Illuminate\\Pipeline\\Pipeline.php(141): Illuminate\\Routing\\Router->Illuminate\\Routing\\{closure}(Object(Illuminate\\Http\\Request))
#18 C:\\xampp\\htdocs\\serbiscrm\\app\\Http\\Middleware\\CheckTenantStatus.php(40): Illuminate\\Pipeline\\Pipeline->Illuminate\\Pipeline\\{closure}(Object(Illuminate\\Http\\Request))
#19 C:\\xampp\\htdocs\\serbiscrm\\vendor\\laravel\\framework\\src\\Illuminate\\Pipeline\\Pipeline.php(180): App\\Http\\Middleware\\CheckTenantStatus->handle(Object(Illuminate\\Http\\Request), Object(Closure))
#20 C:\\xampp\\htdocs\\serbiscrm\\app\\Http\\Middleware\\HandleRedirectAfterLogin.php(28): Illuminate\\Pipeline\\Pipeline->Illuminate\\Pipeline\\{closure}(Object(Illuminate\\Http\\Request))
#21 C:\\xampp\\htdocs\\serbiscrm\\vendor\\laravel\\framework\\src\\Illuminate\\Pipeline\\Pipeline.php(180): App\\Http\\Middleware\\HandleRedirectAfterLogin->handle(Object(Illuminate\\Http\\Request), Object(Closure))
#22 C:\\xampp\\htdocs\\serbiscrm\\app\\Http\\Middleware\\CheckCompanySubscription.php(32): Illuminate\\Pipeline\\Pipeline->Illuminate\\Pipeline\\{closure}(Object(Illuminate\\Http\\Request))
#23 C:\\xampp\\htdocs\\serbiscrm\\vendor\\laravel\\framework\\src\\Illuminate\\Pipeline\\Pipeline.php(180): App\\Http\\Middleware\\CheckCompanySubscription->handle(Object(Illuminate\\Http\\Request), Object(Closure))
#24 C:\\xampp\\htdocs\\serbiscrm\\app\\Http\\Middleware\\CheckTenantId.php(43): Illuminate\\Pipeline\\Pipeline->Illuminate\\Pipeline\\{closure}(Object(Illuminate\\Http\\Request))
#25 C:\\xampp\\htdocs\\serbiscrm\\vendor\\laravel\\framework\\src\\Illuminate\\Pipeline\\Pipeline.php(180): App\\Http\\Middleware\\CheckTenantId->handle(Object(Illuminate\\Http\\Request), Object(Closure))
#26 C:\\xampp\\htdocs\\serbiscrm\\app\\Http\\Middleware\\CheckTrialStatus.php(28): Illuminate\\Pipeline\\Pipeline->Illuminate\\Pipeline\\{closure}(Object(Illuminate\\Http\\Request))
#27 C:\\xampp\\htdocs\\serbiscrm\\vendor\\laravel\\framework\\src\\Illuminate\\Pipeline\\Pipeline.php(180): App\\Http\\Middleware\\CheckTrialStatus->handle(Object(Illuminate\\Http\\Request), Object(Closure))
#28 C:\\xampp\\htdocs\\serbiscrm\\vendor\\laravel\\framework\\src\\Illuminate\\Routing\\Middleware\\SubstituteBindings.php(50): Illuminate\\Pipeline\\Pipeline->Illuminate\\Pipeline\\{closure}(Object(Illuminate\\Http\\Request))
#29 C:\\xampp\\htdocs\\serbiscrm\\vendor\\laravel\\framework\\src\\Illuminate\\Pipeline\\Pipeline.php(180): Illuminate\\Routing\\Middleware\\SubstituteBindings->handle(Object(Illuminate\\Http\\Request), Object(Closure))
#30 C:\\xampp\\htdocs\\serbiscrm\\vendor\\laravel\\framework\\src\\Illuminate\\Auth\\Middleware\\Authenticate.php(57): Illuminate\\Pipeline\\Pipeline->Illuminate\\Pipeline\\{closure}(Object(Illuminate\\Http\\Request))
#31 C:\\xampp\\htdocs\\serbiscrm\\vendor\\laravel\\framework\\src\\Illuminate\\Pipeline\\Pipeline.php(180): Illuminate\\Auth\\Middleware\\Authenticate->handle(Object(Illuminate\\Http\\Request), Object(Closure))
#32 C:\\xampp\\htdocs\\serbiscrm\\vendor\\laravel\\framework\\src\\Illuminate\\Foundation\\Http\\Middleware\\VerifyCsrfToken.php(78): Illuminate\\Pipeline\\Pipeline->Illuminate\\Pipeline\\{closure}(Object(Illuminate\\Http\\Request))
#33 C:\\xampp\\htdocs\\serbiscrm\\vendor\\laravel\\framework\\src\\Illuminate\\Pipeline\\Pipeline.php(180): Illuminate\\Foundation\\Http\\Middleware\\VerifyCsrfToken->handle(Object(Illuminate\\Http\\Request), Object(Closure))
#34 C:\\xampp\\htdocs\\serbiscrm\\vendor\\laravel\\framework\\src\\Illuminate\\View\\Middleware\\ShareErrorsFromSession.php(49): Illuminate\\Pipeline\\Pipeline->Illuminate\\Pipeline\\{closure}(Object(Illuminate\\Http\\Request))
#35 C:\\xampp\\htdocs\\serbiscrm\\vendor\\laravel\\framework\\src\\Illuminate\\Pipeline\\Pipeline.php(180): Illuminate\\View\\Middleware\\ShareErrorsFromSession->handle(Object(Illuminate\\Http\\Request), Object(Closure))
#36 C:\\xampp\\htdocs\\serbiscrm\\vendor\\laravel\\framework\\src\\Illuminate\\Session\\Middleware\\StartSession.php(121): Illuminate\\Pipeline\\Pipeline->Illuminate\\Pipeline\\{closure}(Object(Illuminate\\Http\\Request))
#37 C:\\xampp\\htdocs\\serbiscrm\\vendor\\laravel\\framework\\src\\Illuminate\\Session\\Middleware\\StartSession.php(64): Illuminate\\Session\\Middleware\\StartSession->handleStatefulRequest(Object(Illuminate\\Http\\Request), Object(Illuminate\\Session\\Store), Object(Closure))
#38 C:\\xampp\\htdocs\\serbiscrm\\vendor\\laravel\\framework\\src\\Illuminate\\Pipeline\\Pipeline.php(180): Illuminate\\Session\\Middleware\\StartSession->handle(Object(Illuminate\\Http\\Request), Object(Closure))
#39 C:\\xampp\\htdocs\\serbiscrm\\vendor\\laravel\\framework\\src\\Illuminate\\Cookie\\Middleware\\AddQueuedCookiesToResponse.php(37): Illuminate\\Pipeline\\Pipeline->Illuminate\\Pipeline\\{closure}(Object(Illuminate\\Http\\Request))
#40 C:\\xampp\\htdocs\\serbiscrm\\vendor\\laravel\\framework\\src\\Illuminate\\Pipeline\\Pipeline.php(180): Illuminate\\Cookie\\Middleware\\AddQueuedCookiesToResponse->handle(Object(Illuminate\\Http\\Request), Object(Closure))
#41 C:\\xampp\\htdocs\\serbiscrm\\vendor\\laravel\\framework\\src\\Illuminate\\Cookie\\Middleware\\EncryptCookies.php(67): Illuminate\\Pipeline\\Pipeline->Illuminate\\Pipeline\\{closure}(Object(Illuminate\\Http\\Request))
#42 C:\\xampp\\htdocs\\serbiscrm\\vendor\\laravel\\framework\\src\\Illuminate\\Pipeline\\Pipeline.php(180): Illuminate\\Cookie\\Middleware\\EncryptCookies->handle(Object(Illuminate\\Http\\Request), Object(Closure))
#43 C:\\xampp\\htdocs\\serbiscrm\\vendor\\laravel\\framework\\src\\Illuminate\\Pipeline\\Pipeline.php(116): Illuminate\\Pipeline\\Pipeline->Illuminate\\Pipeline\\{closure}(Object(Illuminate\\Http\\Request))
#44 C:\\xampp\\htdocs\\serbiscrm\\vendor\\laravel\\framework\\src\\Illuminate\\Routing\\Router.php(798): Illuminate\\Pipeline\\Pipeline->then(Object(Closure))
#45 C:\\xampp\\htdocs\\serbiscrm\\vendor\\laravel\\framework\\src\\Illuminate\\Routing\\Router.php(777): Illuminate\\Routing\\Router->runRouteWithinStack(Object(Illuminate\\Routing\\Route), Object(Illuminate\\Http\\Request))
#46 C:\\xampp\\htdocs\\serbiscrm\\vendor\\laravel\\framework\\src\\Illuminate\\Routing\\Router.php(741): Illuminate\\Routing\\Router->runRoute(Object(Illuminate\\Http\\Request), Object(Illuminate\\Routing\\Route))
#47 C:\\xampp\\htdocs\\serbiscrm\\vendor\\laravel\\framework\\src\\Illuminate\\Routing\\Router.php(730): Illuminate\\Routing\\Router->dispatchToRoute(Object(Illuminate\\Http\\Request))
#48 C:\\xampp\\htdocs\\serbiscrm\\vendor\\laravel\\framework\\src\\Illuminate\\Foundation\\Http\\Kernel.php(200): Illuminate\\Routing\\Router->dispatch(Object(Illuminate\\Http\\Request))
#49 C:\\xampp\\htdocs\\serbiscrm\\vendor\\laravel\\framework\\src\\Illuminate\\Pipeline\\Pipeline.php(141): Illuminate\\Foundation\\Http\\Kernel->Illuminate\\Foundation\\Http\\{closure}(Object(Illuminate\\Http\\Request))
#50 C:\\xampp\\htdocs\\serbiscrm\\app\\Http\\Middleware\\ImpersonationMiddleware.php(51): Illuminate\\Pipeline\\Pipeline->Illuminate\\Pipeline\\{closure}(Object(Illuminate\\Http\\Request))
#51 C:\\xampp\\htdocs\\serbiscrm\\vendor\\laravel\\framework\\src\\Illuminate\\Pipeline\\Pipeline.php(180): App\\Http\\Middleware\\ImpersonationMiddleware->handle(Object(Illuminate\\Http\\Request), Object(Closure))
#52 C:\\xampp\\htdocs\\serbiscrm\\vendor\\laravel\\framework\\src\\Illuminate\\Foundation\\Http\\Middleware\\TransformsRequest.php(21): Illuminate\\Pipeline\\Pipeline->Illuminate\\Pipeline\\{closure}(Object(Illuminate\\Http\\Request))
#53 C:\\xampp\\htdocs\\serbiscrm\\vendor\\laravel\\framework\\src\\Illuminate\\Foundation\\Http\\Middleware\\ConvertEmptyStringsToNull.php(31): Illuminate\\Foundation\\Http\\Middleware\\TransformsRequest->handle(Object(Illuminate\\Http\\Request), Object(Closure))
#54 C:\\xampp\\htdocs\\serbiscrm\\vendor\\laravel\\framework\\src\\Illuminate\\Pipeline\\Pipeline.php(180): Illuminate\\Foundation\\Http\\Middleware\\ConvertEmptyStringsToNull->handle(Object(Illuminate\\Http\\Request), Object(Closure))
#55 C:\\xampp\\htdocs\\serbiscrm\\vendor\\laravel\\framework\\src\\Illuminate\\Foundation\\Http\\Middleware\\TransformsRequest.php(21): Illuminate\\Pipeline\\Pipeline->Illuminate\\Pipeline\\{closure}(Object(Illuminate\\Http\\Request))
#56 C:\\xampp\\htdocs\\serbiscrm\\vendor\\laravel\\framework\\src\\Illuminate\\Foundation\\Http\\Middleware\\TrimStrings.php(40): Illuminate\\Foundation\\Http\\Middleware\\TransformsRequest->handle(Object(Illuminate\\Http\\Request), Object(Closure))
#57 C:\\xampp\\htdocs\\serbiscrm\\vendor\\laravel\\framework\\src\\Illuminate\\Pipeline\\Pipeline.php(180): Illuminate\\Foundation\\Http\\Middleware\\TrimStrings->handle(Object(Illuminate\\Http\\Request), Object(Closure))
#58 C:\\xampp\\htdocs\\serbiscrm\\vendor\\laravel\\framework\\src\\Illuminate\\Foundation\\Http\\Middleware\\ValidatePostSize.php(27): Illuminate\\Pipeline\\Pipeline->Illuminate\\Pipeline\\{closure}(Object(Illuminate\\Http\\Request))
#59 C:\\xampp\\htdocs\\serbiscrm\\vendor\\laravel\\framework\\src\\Illuminate\\Pipeline\\Pipeline.php(180): Illuminate\\Foundation\\Http\\Middleware\\ValidatePostSize->handle(Object(Illuminate\\Http\\Request), Object(Closure))
#60 C:\\xampp\\htdocs\\serbiscrm\\vendor\\laravel\\framework\\src\\Illuminate\\Foundation\\Http\\Middleware\\PreventRequestsDuringMaintenance.php(99): Illuminate\\Pipeline\\Pipeline->Illuminate\\Pipeline\\{closure}(Object(Illuminate\\Http\\Request))
#61 C:\\xampp\\htdocs\\serbiscrm\\vendor\\laravel\\framework\\src\\Illuminate\\Pipeline\\Pipeline.php(180): Illuminate\\Foundation\\Http\\Middleware\\PreventRequestsDuringMaintenance->handle(Object(Illuminate\\Http\\Request), Object(Closure))
#62 C:\\xampp\\htdocs\\serbiscrm\\vendor\\laravel\\framework\\src\\Illuminate\\Http\\Middleware\\HandleCors.php(49): Illuminate\\Pipeline\\Pipeline->Illuminate\\Pipeline\\{closure}(Object(Illuminate\\Http\\Request))
#63 C:\\xampp\\htdocs\\serbiscrm\\vendor\\laravel\\framework\\src\\Illuminate\\Pipeline\\Pipeline.php(180): Illuminate\\Http\\Middleware\\HandleCors->handle(Object(Illuminate\\Http\\Request), Object(Closure))
#64 C:\\xampp\\htdocs\\serbiscrm\\vendor\\laravel\\framework\\src\\Illuminate\\Http\\Middleware\\TrustProxies.php(39): Illuminate\\Pipeline\\Pipeline->Illuminate\\Pipeline\\{closure}(Object(Illuminate\\Http\\Request))
#65 C:\\xampp\\htdocs\\serbiscrm\\vendor\\laravel\\framework\\src\\Illuminate\\Pipeline\\Pipeline.php(180): Illuminate\\Http\\Middleware\\TrustProxies->handle(Object(Illuminate\\Http\\Request), Object(Closure))
#66 C:\\xampp\\htdocs\\serbiscrm\\vendor\\laravel\\framework\\src\\Illuminate\\Pipeline\\Pipeline.php(116): Illuminate\\Pipeline\\Pipeline->Illuminate\\Pipeline\\{closure}(Object(Illuminate\\Http\\Request))
#67 C:\\xampp\\htdocs\\serbiscrm\\vendor\\laravel\\framework\\src\\Illuminate\\Foundation\\Http\\Kernel.php(175): Illuminate\\Pipeline\\Pipeline->then(Object(Closure))
#68 C:\\xampp\\htdocs\\serbiscrm\\vendor\\laravel\\framework\\src\\Illuminate\\Foundation\\Http\\Kernel.php(144): Illuminate\\Foundation\\Http\\Kernel->sendRequestThroughRouter(Object(Illuminate\\Http\\Request))
#69 C:\\xampp\\htdocs\\serbiscrm\\public\\index.php(51): Illuminate\\Foundation\\Http\\Kernel->handle(Object(Illuminate\\Http\\Request))
#70 C:\\xampp\\htdocs\\serbiscrm\\vendor\\laravel\\framework\\src\\Illuminate\\Foundation\\resources\\server.php(16): require_once('C:\\\\xampp\\\\htdocs...')
#71 {main}

[previous exception] [object] (Illuminate\\Routing\\Exceptions\\UrlGenerationException(code: 0): Missing required parameter for [Route: tenant.integrations.marketplace] [URI: {tenant_id}/entegrasyonlar] [Missing parameter: tenant_id]. at C:\\xampp\\htdocs\\serbiscrm\\vendor\\laravel\\framework\\src\\Illuminate\\Routing\\Exceptions\\UrlGenerationException.php:35)
[stacktrace]
#0 C:\\xampp\\htdocs\\serbiscrm\\vendor\\laravel\\framework\\src\\Illuminate\\Routing\\RouteUrlGenerator.php(90): Illuminate\\Routing\\Exceptions\\UrlGenerationException::forMissingParameters(Object(Illuminate\\Routing\\Route), Array)
#1 C:\\xampp\\htdocs\\serbiscrm\\vendor\\laravel\\framework\\src\\Illuminate\\Routing\\UrlGenerator.php(502): Illuminate\\Routing\\RouteUrlGenerator->to(Object(Illuminate\\Routing\\Route), Array, true)
#2 C:\\xampp\\htdocs\\serbiscrm\\vendor\\laravel\\framework\\src\\Illuminate\\Routing\\UrlGenerator.php(471): Illuminate\\Routing\\UrlGenerator->toRoute(Object(Illuminate\\Routing\\Route), Array, true)
#3 C:\\xampp\\htdocs\\serbiscrm\\vendor\\laravel\\framework\\src\\Illuminate\\Foundation\\helpers.php(811): Illuminate\\Routing\\UrlGenerator->route('tenant.integrat...', Array, true)
#4 C:\\xampp\\htdocs\\serbiscrm\\storage\\framework\\views\\098e79e6c68d494e67a6ee1047968136.php(345): route('tenant.integrat...')
#5 C:\\xampp\\htdocs\\serbiscrm\\vendor\\laravel\\framework\\src\\Illuminate\\Filesystem\\Filesystem.php(124): require('C:\\\\xampp\\\\htdocs...')
#6 C:\\xampp\\htdocs\\serbiscrm\\vendor\\laravel\\framework\\src\\Illuminate\\Filesystem\\Filesystem.php(125): Illuminate\\Filesystem\\Filesystem::Illuminate\\Filesystem\\{closure}()
#7 C:\\xampp\\htdocs\\serbiscrm\\vendor\\laravel\\framework\\src\\Illuminate\\View\\Engines\\PhpEngine.php(58): Illuminate\\Filesystem\\Filesystem->getRequire('C:\\\\xampp\\\\htdocs...', Array)
#8 C:\\xampp\\htdocs\\serbiscrm\\vendor\\laravel\\framework\\src\\Illuminate\\View\\Engines\\CompilerEngine.php(72): Illuminate\\View\\Engines\\PhpEngine->evaluatePath('C:\\\\xampp\\\\htdocs...', Array)
#9 C:\\xampp\\htdocs\\serbiscrm\\vendor\\laravel\\framework\\src\\Illuminate\\View\\View.php(207): Illuminate\\View\\Engines\\CompilerEngine->get('C:\\\\xampp\\\\htdocs...', Array)
#10 C:\\xampp\\htdocs\\serbiscrm\\vendor\\laravel\\framework\\src\\Illuminate\\View\\View.php(190): Illuminate\\View\\View->getContents()
#11 C:\\xampp\\htdocs\\serbiscrm\\vendor\\laravel\\framework\\src\\Illuminate\\View\\View.php(159): Illuminate\\View\\View->renderContents()
#12 C:\\xampp\\htdocs\\serbiscrm\\vendor\\laravel\\framework\\src\\Illuminate\\Http\\Response.php(69): Illuminate\\View\\View->render()
#13 C:\\xampp\\htdocs\\serbiscrm\\vendor\\laravel\\framework\\src\\Illuminate\\Http\\Response.php(35): Illuminate\\Http\\Response->setContent(Object(Illuminate\\View\\View))
#14 C:\\xampp\\htdocs\\serbiscrm\\vendor\\laravel\\framework\\src\\Illuminate\\Routing\\Router.php(911): Illuminate\\Http\\Response->__construct(Object(Illuminate\\View\\View), 200, Array)
#15 C:\\xampp\\htdocs\\serbiscrm\\vendor\\laravel\\framework\\src\\Illuminate\\Routing\\Router.php(878): Illuminate\\Routing\\Router::toResponse(Object(Illuminate\\Http\\Request), Object(Illuminate\\View\\View))
#16 C:\\xampp\\htdocs\\serbiscrm\\vendor\\laravel\\framework\\src\\Illuminate\\Routing\\Router.php(798): Illuminate\\Routing\\Router->prepareResponse(Object(Illuminate\\Http\\Request), Object(Illuminate\\View\\View))
#17 C:\\xampp\\htdocs\\serbiscrm\\vendor\\laravel\\framework\\src\\Illuminate\\Pipeline\\Pipeline.php(141): Illuminate\\Routing\\Router->Illuminate\\Routing\\{closure}(Object(Illuminate\\Http\\Request))
#18 C:\\xampp\\htdocs\\serbiscrm\\app\\Http\\Middleware\\CheckTenantStatus.php(40): Illuminate\\Pipeline\\Pipeline->Illuminate\\Pipeline\\{closure}(Object(Illuminate\\Http\\Request))
#19 C:\\xampp\\htdocs\\serbiscrm\\vendor\\laravel\\framework\\src\\Illuminate\\Pipeline\\Pipeline.php(180): App\\Http\\Middleware\\CheckTenantStatus->handle(Object(Illuminate\\Http\\Request), Object(Closure))
#20 C:\\xampp\\htdocs\\serbiscrm\\app\\Http\\Middleware\\HandleRedirectAfterLogin.php(28): Illuminate\\Pipeline\\Pipeline->Illuminate\\Pipeline\\{closure}(Object(Illuminate\\Http\\Request))
#21 C:\\xampp\\htdocs\\serbiscrm\\vendor\\laravel\\framework\\src\\Illuminate\\Pipeline\\Pipeline.php(180): App\\Http\\Middleware\\HandleRedirectAfterLogin->handle(Object(Illuminate\\Http\\Request), Object(Closure))
#22 C:\\xampp\\htdocs\\serbiscrm\\app\\Http\\Middleware\\CheckCompanySubscription.php(32): Illuminate\\Pipeline\\Pipeline->Illuminate\\Pipeline\\{closure}(Object(Illuminate\\Http\\Request))
#23 C:\\xampp\\htdocs\\serbiscrm\\vendor\\laravel\\framework\\src\\Illuminate\\Pipeline\\Pipeline.php(180): App\\Http\\Middleware\\CheckCompanySubscription->handle(Object(Illuminate\\Http\\Request), Object(Closure))
#24 C:\\xampp\\htdocs\\serbiscrm\\app\\Http\\Middleware\\CheckTenantId.php(43): Illuminate\\Pipeline\\Pipeline->Illuminate\\Pipeline\\{closure}(Object(Illuminate\\Http\\Request))
#25 C:\\xampp\\htdocs\\serbiscrm\\vendor\\laravel\\framework\\src\\Illuminate\\Pipeline\\Pipeline.php(180): App\\Http\\Middleware\\CheckTenantId->handle(Object(Illuminate\\Http\\Request), Object(Closure))
#26 C:\\xampp\\htdocs\\serbiscrm\\app\\Http\\Middleware\\CheckTrialStatus.php(28): Illuminate\\Pipeline\\Pipeline->Illuminate\\Pipeline\\{closure}(Object(Illuminate\\Http\\Request))
#27 C:\\xampp\\htdocs\\serbiscrm\\vendor\\laravel\\framework\\src\\Illuminate\\Pipeline\\Pipeline.php(180): App\\Http\\Middleware\\CheckTrialStatus->handle(Object(Illuminate\\Http\\Request), Object(Closure))
#28 C:\\xampp\\htdocs\\serbiscrm\\vendor\\laravel\\framework\\src\\Illuminate\\Routing\\Middleware\\SubstituteBindings.php(50): Illuminate\\Pipeline\\Pipeline->Illuminate\\Pipeline\\{closure}(Object(Illuminate\\Http\\Request))
#29 C:\\xampp\\htdocs\\serbiscrm\\vendor\\laravel\\framework\\src\\Illuminate\\Pipeline\\Pipeline.php(180): Illuminate\\Routing\\Middleware\\SubstituteBindings->handle(Object(Illuminate\\Http\\Request), Object(Closure))
#30 C:\\xampp\\htdocs\\serbiscrm\\vendor\\laravel\\framework\\src\\Illuminate\\Auth\\Middleware\\Authenticate.php(57): Illuminate\\Pipeline\\Pipeline->Illuminate\\Pipeline\\{closure}(Object(Illuminate\\Http\\Request))
#31 C:\\xampp\\htdocs\\serbiscrm\\vendor\\laravel\\framework\\src\\Illuminate\\Pipeline\\Pipeline.php(180): Illuminate\\Auth\\Middleware\\Authenticate->handle(Object(Illuminate\\Http\\Request), Object(Closure))
#32 C:\\xampp\\htdocs\\serbiscrm\\vendor\\laravel\\framework\\src\\Illuminate\\Foundation\\Http\\Middleware\\VerifyCsrfToken.php(78): Illuminate\\Pipeline\\Pipeline->Illuminate\\Pipeline\\{closure}(Object(Illuminate\\Http\\Request))
#33 C:\\xampp\\htdocs\\serbiscrm\\vendor\\laravel\\framework\\src\\Illuminate\\Pipeline\\Pipeline.php(180): Illuminate\\Foundation\\Http\\Middleware\\VerifyCsrfToken->handle(Object(Illuminate\\Http\\Request), Object(Closure))
#34 C:\\xampp\\htdocs\\serbiscrm\\vendor\\laravel\\framework\\src\\Illuminate\\View\\Middleware\\ShareErrorsFromSession.php(49): Illuminate\\Pipeline\\Pipeline->Illuminate\\Pipeline\\{closure}(Object(Illuminate\\Http\\Request))
#35 C:\\xampp\\htdocs\\serbiscrm\\vendor\\laravel\\framework\\src\\Illuminate\\Pipeline\\Pipeline.php(180): Illuminate\\View\\Middleware\\ShareErrorsFromSession->handle(Object(Illuminate\\Http\\Request), Object(Closure))
#36 C:\\xampp\\htdocs\\serbiscrm\\vendor\\laravel\\framework\\src\\Illuminate\\Session\\Middleware\\StartSession.php(121): Illuminate\\Pipeline\\Pipeline->Illuminate\\Pipeline\\{closure}(Object(Illuminate\\Http\\Request))
#37 C:\\xampp\\htdocs\\serbiscrm\\vendor\\laravel\\framework\\src\\Illuminate\\Session\\Middleware\\StartSession.php(64): Illuminate\\Session\\Middleware\\StartSession->handleStatefulRequest(Object(Illuminate\\Http\\Request), Object(Illuminate\\Session\\Store), Object(Closure))
#38 C:\\xampp\\htdocs\\serbiscrm\\vendor\\laravel\\framework\\src\\Illuminate\\Pipeline\\Pipeline.php(180): Illuminate\\Session\\Middleware\\StartSession->handle(Object(Illuminate\\Http\\Request), Object(Closure))
#39 C:\\xampp\\htdocs\\serbiscrm\\vendor\\laravel\\framework\\src\\Illuminate\\Cookie\\Middleware\\AddQueuedCookiesToResponse.php(37): Illuminate\\Pipeline\\Pipeline->Illuminate\\Pipeline\\{closure}(Object(Illuminate\\Http\\Request))
#40 C:\\xampp\\htdocs\\serbiscrm\\vendor\\laravel\\framework\\src\\Illuminate\\Pipeline\\Pipeline.php(180): Illuminate\\Cookie\\Middleware\\AddQueuedCookiesToResponse->handle(Object(Illuminate\\Http\\Request), Object(Closure))
#41 C:\\xampp\\htdocs\\serbiscrm\\vendor\\laravel\\framework\\src\\Illuminate\\Cookie\\Middleware\\EncryptCookies.php(67): Illuminate\\Pipeline\\Pipeline->Illuminate\\Pipeline\\{closure}(Object(Illuminate\\Http\\Request))
#42 C:\\xampp\\htdocs\\serbiscrm\\vendor\\laravel\\framework\\src\\Illuminate\\Pipeline\\Pipeline.php(180): Illuminate\\Cookie\\Middleware\\EncryptCookies->handle(Object(Illuminate\\Http\\Request), Object(Closure))
#43 C:\\xampp\\htdocs\\serbiscrm\\vendor\\laravel\\framework\\src\\Illuminate\\Pipeline\\Pipeline.php(116): Illuminate\\Pipeline\\Pipeline->Illuminate\\Pipeline\\{closure}(Object(Illuminate\\Http\\Request))
#44 C:\\xampp\\htdocs\\serbiscrm\\vendor\\laravel\\framework\\src\\Illuminate\\Routing\\Router.php(798): Illuminate\\Pipeline\\Pipeline->then(Object(Closure))
#45 C:\\xampp\\htdocs\\serbiscrm\\vendor\\laravel\\framework\\src\\Illuminate\\Routing\\Router.php(777): Illuminate\\Routing\\Router->runRouteWithinStack(Object(Illuminate\\Routing\\Route), Object(Illuminate\\Http\\Request))
#46 C:\\xampp\\htdocs\\serbiscrm\\vendor\\laravel\\framework\\src\\Illuminate\\Routing\\Router.php(741): Illuminate\\Routing\\Router->runRoute(Object(Illuminate\\Http\\Request), Object(Illuminate\\Routing\\Route))
#47 C:\\xampp\\htdocs\\serbiscrm\\vendor\\laravel\\framework\\src\\Illuminate\\Routing\\Router.php(730): Illuminate\\Routing\\Router->dispatchToRoute(Object(Illuminate\\Http\\Request))
#48 C:\\xampp\\htdocs\\serbiscrm\\vendor\\laravel\\framework\\src\\Illuminate\\Foundation\\Http\\Kernel.php(200): Illuminate\\Routing\\Router->dispatch(Object(Illuminate\\Http\\Request))
#49 C:\\xampp\\htdocs\\serbiscrm\\vendor\\laravel\\framework\\src\\Illuminate\\Pipeline\\Pipeline.php(141): Illuminate\\Foundation\\Http\\Kernel->Illuminate\\Foundation\\Http\\{closure}(Object(Illuminate\\Http\\Request))
#50 C:\\xampp\\htdocs\\serbiscrm\\app\\Http\\Middleware\\ImpersonationMiddleware.php(51): Illuminate\\Pipeline\\Pipeline->Illuminate\\Pipeline\\{closure}(Object(Illuminate\\Http\\Request))
#51 C:\\xampp\\htdocs\\serbiscrm\\vendor\\laravel\\framework\\src\\Illuminate\\Pipeline\\Pipeline.php(180): App\\Http\\Middleware\\ImpersonationMiddleware->handle(Object(Illuminate\\Http\\Request), Object(Closure))
#52 C:\\xampp\\htdocs\\serbiscrm\\vendor\\laravel\\framework\\src\\Illuminate\\Foundation\\Http\\Middleware\\TransformsRequest.php(21): Illuminate\\Pipeline\\Pipeline->Illuminate\\Pipeline\\{closure}(Object(Illuminate\\Http\\Request))
#53 C:\\xampp\\htdocs\\serbiscrm\\vendor\\laravel\\framework\\src\\Illuminate\\Foundation\\Http\\Middleware\\ConvertEmptyStringsToNull.php(31): Illuminate\\Foundation\\Http\\Middleware\\TransformsRequest->handle(Object(Illuminate\\Http\\Request), Object(Closure))
#54 C:\\xampp\\htdocs\\serbiscrm\\vendor\\laravel\\framework\\src\\Illuminate\\Pipeline\\Pipeline.php(180): Illuminate\\Foundation\\Http\\Middleware\\ConvertEmptyStringsToNull->handle(Object(Illuminate\\Http\\Request), Object(Closure))
#55 C:\\xampp\\htdocs\\serbiscrm\\vendor\\laravel\\framework\\src\\Illuminate\\Foundation\\Http\\Middleware\\TransformsRequest.php(21): Illuminate\\Pipeline\\Pipeline->Illuminate\\Pipeline\\{closure}(Object(Illuminate\\Http\\Request))
#56 C:\\xampp\\htdocs\\serbiscrm\\vendor\\laravel\\framework\\src\\Illuminate\\Foundation\\Http\\Middleware\\TrimStrings.php(40): Illuminate\\Foundation\\Http\\Middleware\\TransformsRequest->handle(Object(Illuminate\\Http\\Request), Object(Closure))
#57 C:\\xampp\\htdocs\\serbiscrm\\vendor\\laravel\\framework\\src\\Illuminate\\Pipeline\\Pipeline.php(180): Illuminate\\Foundation\\Http\\Middleware\\TrimStrings->handle(Object(Illuminate\\Http\\Request), Object(Closure))
#58 C:\\xampp\\htdocs\\serbiscrm\\vendor\\laravel\\framework\\src\\Illuminate\\Foundation\\Http\\Middleware\\ValidatePostSize.php(27): Illuminate\\Pipeline\\Pipeline->Illuminate\\Pipeline\\{closure}(Object(Illuminate\\Http\\Request))
#59 C:\\xampp\\htdocs\\serbiscrm\\vendor\\laravel\\framework\\src\\Illuminate\\Pipeline\\Pipeline.php(180): Illuminate\\Foundation\\Http\\Middleware\\ValidatePostSize->handle(Object(Illuminate\\Http\\Request), Object(Closure))
#60 C:\\xampp\\htdocs\\serbiscrm\\vendor\\laravel\\framework\\src\\Illuminate\\Foundation\\Http\\Middleware\\PreventRequestsDuringMaintenance.php(99): Illuminate\\Pipeline\\Pipeline->Illuminate\\Pipeline\\{closure}(Object(Illuminate\\Http\\Request))
#61 C:\\xampp\\htdocs\\serbiscrm\\vendor\\laravel\\framework\\src\\Illuminate\\Pipeline\\Pipeline.php(180): Illuminate\\Foundation\\Http\\Middleware\\PreventRequestsDuringMaintenance->handle(Object(Illuminate\\Http\\Request), Object(Closure))
#62 C:\\xampp\\htdocs\\serbiscrm\\vendor\\laravel\\framework\\src\\Illuminate\\Http\\Middleware\\HandleCors.php(49): Illuminate\\Pipeline\\Pipeline->Illuminate\\Pipeline\\{closure}(Object(Illuminate\\Http\\Request))
#63 C:\\xampp\\htdocs\\serbiscrm\\vendor\\laravel\\framework\\src\\Illuminate\\Pipeline\\Pipeline.php(180): Illuminate\\Http\\Middleware\\HandleCors->handle(Object(Illuminate\\Http\\Request), Object(Closure))
#64 C:\\xampp\\htdocs\\serbiscrm\\vendor\\laravel\\framework\\src\\Illuminate\\Http\\Middleware\\TrustProxies.php(39): Illuminate\\Pipeline\\Pipeline->Illuminate\\Pipeline\\{closure}(Object(Illuminate\\Http\\Request))
#65 C:\\xampp\\htdocs\\serbiscrm\\vendor\\laravel\\framework\\src\\Illuminate\\Pipeline\\Pipeline.php(180): Illuminate\\Http\\Middleware\\TrustProxies->handle(Object(Illuminate\\Http\\Request), Object(Closure))
#66 C:\\xampp\\htdocs\\serbiscrm\\vendor\\laravel\\framework\\src\\Illuminate\\Pipeline\\Pipeline.php(116): Illuminate\\Pipeline\\Pipeline->Illuminate\\Pipeline\\{closure}(Object(Illuminate\\Http\\Request))
#67 C:\\xampp\\htdocs\\serbiscrm\\vendor\\laravel\\framework\\src\\Illuminate\\Foundation\\Http\\Kernel.php(175): Illuminate\\Pipeline\\Pipeline->then(Object(Closure))
#68 C:\\xampp\\htdocs\\serbiscrm\\vendor\\laravel\\framework\\src\\Illuminate\\Foundation\\Http\\Kernel.php(144): Illuminate\\Foundation\\Http\\Kernel->sendRequestThroughRouter(Object(Illuminate\\Http\\Request))
#69 C:\\xampp\\htdocs\\serbiscrm\\public\\index.php(51): Illuminate\\Foundation\\Http\\Kernel->handle(Object(Illuminate\\Http\\Request))
#70 C:\\xampp\\htdocs\\serbiscrm\\vendor\\laravel\\framework\\src\\Illuminate\\Foundation\\resources\\server.php(16): require_once('C:\\\\xampp\\\\htdocs...')
#71 {main}
"} 
[2025-10-30 09:37:44] local.ERROR: Undefined variable $isActive {"view":{"view":"C:\\xampp\\htdocs\\serbiscrm\\resources\\views\\frontend\\secure\\integrations\\detail.blade.php","data":{"errors":"<pre class=sf-dump id=sf-dump-1916804030 data-indent-pad=\"  \"><span class=sf-dump-note>Illuminate\\Support\\ViewErrorBag</span> {<a class=sf-dump-ref>#1192</a><samp data-depth=1 class=sf-dump-expanded>
  #<span class=sf-dump-protected title=\"Protected property\">bags</span>: []
</samp>}
</pre><script>Sfdump(\"sf-dump-1916804030\", {\"maxDepth\":3,\"maxStringLength\":160})</script>
","integration":"<pre class=sf-dump id=sf-dump-1087272164 data-indent-pad=\"  \"><span class=sf-dump-note>App\\Models\\Integration</span> {<a class=sf-dump-ref>#2295</a><samp data-depth=1 class=sf-dump-expanded>
  #<span class=sf-dump-protected title=\"Protected property\">connection</span>: \"<span class=sf-dump-str title=\"5 characters\">mysql</span>\"
  #<span class=sf-dump-protected title=\"Protected property\">table</span>: \"<span class=sf-dump-str title=\"12 characters\">integrations</span>\"
  #<span class=sf-dump-protected title=\"Protected property\">primaryKey</span>: \"<span class=sf-dump-str title=\"2 characters\">id</span>\"
  #<span class=sf-dump-protected title=\"Protected property\">keyType</span>: \"<span class=sf-dump-str title=\"3 characters\">int</span>\"
  +<span class=sf-dump-public title=\"Public property\">incrementing</span>: <span class=sf-dump-const>true</span>
  #<span class=sf-dump-protected title=\"Protected property\">with</span>: []
  #<span class=sf-dump-protected title=\"Protected property\">withCount</span>: []
  +<span class=sf-dump-public title=\"Public property\">preventsLazyLoading</span>: <span class=sf-dump-const>false</span>
  #<span class=sf-dump-protected title=\"Protected property\">perPage</span>: <span class=sf-dump-num>15</span>
  +<span class=sf-dump-public title=\"Public property\">exists</span>: <span class=sf-dump-const>true</span>
  +<span class=sf-dump-public title=\"Public property\">wasRecentlyCreated</span>: <span class=sf-dump-const>false</span>
  #<span class=sf-dump-protected title=\"Protected property\">escapeWhenCastingToString</span>: <span class=sf-dump-const>false</span>
  #<span class=sf-dump-protected title=\"Protected property\">attributes</span>: <span class=sf-dump-note>array:11</span> [<samp data-depth=2 class=sf-dump-compact>
    \"<span class=sf-dump-key>id</span>\" => <span class=sf-dump-num>1</span>
    \"<span class=sf-dump-key>name</span>\" => \"<span class=sf-dump-str title=\"6 characters\">NETGSM</span>\"
    \"<span class=sf-dump-key>slug</span>\" => \"<span class=sf-dump-str title=\"6 characters\">netgsm</span>\"
    \"<span class=sf-dump-key>description</span>\" => \"<span class=sf-dump-str title=\"6 characters\">fjfgjf</span>\"
    \"<span class=sf-dump-key>explanation</span>\" => \"<span class=sf-dump-str title=\"212 characters\">&lt;p&gt;Yoast SEO Premium gives you unlimited AI-powered optimization, real-time SEO guidance, and tools to strengthen internal linking and site structure, built into your publishing workflow with no hidden costs.&lt;/p&gt;</span>\"
    \"<span class=sf-dump-key>logo</span>\" => \"<span class=sf-dump-str title=\"41 characters\">upload/integrations/1761658756_netgsm.png</span>\"
    \"<span class=sf-dump-key>price</span>\" => \"<span class=sf-dump-str title=\"7 characters\">1800.00</span>\"
    \"<span class=sf-dump-key>category</span>\" => \"<span class=sf-dump-str title=\"3 characters\">sms</span>\"
    \"<span class=sf-dump-key>is_active</span>\" => <span class=sf-dump-num>1</span>
    \"<span class=sf-dump-key>created_at</span>\" => \"<span class=sf-dump-str title=\"19 characters\">2025-10-28 16:39:16</span>\"
    \"<span class=sf-dump-key>updated_at</span>\" => \"<span class=sf-dump-str title=\"19 characters\">2025-10-28 16:39:16</span>\"
  </samp>]
  #<span class=sf-dump-protected title=\"Protected property\">original</span>: <span class=sf-dump-note>array:11</span> [<samp data-depth=2 class=sf-dump-compact>
    \"<span class=sf-dump-key>id</span>\" => <span class=sf-dump-num>1</span>
    \"<span class=sf-dump-key>name</span>\" => \"<span class=sf-dump-str title=\"6 characters\">NETGSM</span>\"
    \"<span class=sf-dump-key>slug</span>\" => \"<span class=sf-dump-str title=\"6 characters\">netgsm</span>\"
    \"<span class=sf-dump-key>description</span>\" => \"<span class=sf-dump-str title=\"6 characters\">fjfgjf</span>\"
    \"<span class=sf-dump-key>explanation</span>\" => \"<span class=sf-dump-str title=\"212 characters\">&lt;p&gt;Yoast SEO Premium gives you unlimited AI-powered optimization, real-time SEO guidance, and tools to strengthen internal linking and site structure, built into your publishing workflow with no hidden costs.&lt;/p&gt;</span>\"
    \"<span class=sf-dump-key>logo</span>\" => \"<span class=sf-dump-str title=\"41 characters\">upload/integrations/1761658756_netgsm.png</span>\"
    \"<span class=sf-dump-key>price</span>\" => \"<span class=sf-dump-str title=\"7 characters\">1800.00</span>\"
    \"<span class=sf-dump-key>category</span>\" => \"<span class=sf-dump-str title=\"3 characters\">sms</span>\"
    \"<span class=sf-dump-key>is_active</span>\" => <span class=sf-dump-num>1</span>
    \"<span class=sf-dump-key>created_at</span>\" => \"<span class=sf-dump-str title=\"19 characters\">2025-10-28 16:39:16</span>\"
    \"<span class=sf-dump-key>updated_at</span>\" => \"<span class=sf-dump-str title=\"19 characters\">2025-10-28 16:39:16</span>\"
  </samp>]
  #<span class=sf-dump-protected title=\"Protected property\">changes</span>: []
  #<span class=sf-dump-protected title=\"Protected property\">casts</span>: []
  #<span class=sf-dump-protected title=\"Protected property\">classCastCache</span>: []
  #<span class=sf-dump-protected title=\"Protected property\">attributeCastCache</span>: []
  #<span class=sf-dump-protected title=\"Protected property\">dateFormat</span>: <span class=sf-dump-const>null</span>
  #<span class=sf-dump-protected title=\"Protected property\">appends</span>: []
  #<span class=sf-dump-protected title=\"Protected property\">dispatchesEvents</span>: []
  #<span class=sf-dump-protected title=\"Protected property\">observables</span>: []
  #<span class=sf-dump-protected title=\"Protected property\">relations</span>: []
  #<span class=sf-dump-protected title=\"Protected property\">touches</span>: []
  +<span class=sf-dump-public title=\"Public property\">timestamps</span>: <span class=sf-dump-const>true</span>
  +<span class=sf-dump-public title=\"Public property\">usesUniqueIds</span>: <span class=sf-dump-const>false</span>
  #<span class=sf-dump-protected title=\"Protected property\">hidden</span>: []
  #<span class=sf-dump-protected title=\"Protected property\">visible</span>: []
  #<span class=sf-dump-protected title=\"Protected property\">fillable</span>: []
  #<span class=sf-dump-protected title=\"Protected property\">guarded</span>: []
</samp>}
</pre><script>Sfdump(\"sf-dump-1087272164\", {\"maxDepth\":3,\"maxStringLength\":160})</script>
","tenant":"<pre class=sf-dump id=sf-dump-2051598360 data-indent-pad=\"  \"><span class=sf-dump-note>App\\Models\\Tenant</span> {<a class=sf-dump-ref>#2214</a><samp data-depth=1 class=sf-dump-expanded>
  #<span class=sf-dump-protected title=\"Protected property\">connection</span>: \"<span class=sf-dump-str title=\"5 characters\">mysql</span>\"
  #<span class=sf-dump-protected title=\"Protected property\">table</span>: \"<span class=sf-dump-str title=\"7 characters\">tenants</span>\"
  #<span class=sf-dump-protected title=\"Protected property\">primaryKey</span>: \"<span class=sf-dump-str title=\"2 characters\">id</span>\"
  #<span class=sf-dump-protected title=\"Protected property\">keyType</span>: \"<span class=sf-dump-str title=\"3 characters\">int</span>\"
  +<span class=sf-dump-public title=\"Public property\">incrementing</span>: <span class=sf-dump-const>true</span>
  #<span class=sf-dump-protected title=\"Protected property\">with</span>: []
  #<span class=sf-dump-protected title=\"Protected property\">withCount</span>: []
  +<span class=sf-dump-public title=\"Public property\">preventsLazyLoading</span>: <span class=sf-dump-const>false</span>
  #<span class=sf-dump-protected title=\"Protected property\">perPage</span>: <span class=sf-dump-num>15</span>
  +<span class=sf-dump-public title=\"Public property\">exists</span>: <span class=sf-dump-const>true</span>
  +<span class=sf-dump-public title=\"Public property\">wasRecentlyCreated</span>: <span class=sf-dump-const>false</span>
  #<span class=sf-dump-protected title=\"Protected property\">escapeWhenCastingToString</span>: <span class=sf-dump-const>false</span>
  #<span class=sf-dump-protected title=\"Protected property\">attributes</span>: <span class=sf-dump-note>array:36</span> [<samp data-depth=2 class=sf-dump-compact>
    \"<span class=sf-dump-key>id</span>\" => <span class=sf-dump-num>3</span>
    \"<span class=sf-dump-key>name</span>\" => \"<span class=sf-dump-str title=\"11 characters\">Deneme Test</span>\"
    \"<span class=sf-dump-key>firma_adi</span>\" => \"<span class=sf-dump-str title=\"11 characters\">Test Teknik</span>\"
    \"<span class=sf-dump-key>firma_slug</span>\" => \"<span class=sf-dump-str title=\"11 characters\">test-teknik</span>\"
    \"<span class=sf-dump-key>username</span>\" => \"<span class=sf-dump-str title=\"14 characters\">testteknik.com</span>\"
    \"<span class=sf-dump-key>eposta</span>\" => \"<span class=sf-dump-str title=\"19 characters\">info@testteknik.com</span>\"
    \"<span class=sf-dump-key>tel1</span>\" => \"<span class=sf-dump-str title=\"12 characters\">210 000 1110</span>\"
    \"<span class=sf-dump-key>tel2</span>\" => <span class=sf-dump-const>null</span>
    \"<span class=sf-dump-key>il</span>\" => \"<span class=sf-dump-str title=\"2 characters\">16</span>\"
    \"<span class=sf-dump-key>ilce</span>\" => \"<span class=sf-dump-str title=\"3 characters\">186</span>\"
    \"<span class=sf-dump-key>adres</span>\" => \"<span class=sf-dump-str title=\"17 characters\">Deneme Sok. No:12</span>\"
    \"<span class=sf-dump-key>webSitesi</span>\" => \"<span class=sf-dump-str title=\"14 characters\">testteknik.com</span>\"
    \"<span class=sf-dump-key>vergiNo</span>\" => \"<span class=sf-dump-str title=\"9 characters\">111111111</span>\"
    \"<span class=sf-dump-key>vergiDairesi</span>\" => \"<span class=sf-dump-str title=\"7 characters\">ESENLER</span>\"
    \"<span class=sf-dump-key>tcNo</span>\" => <span class=sf-dump-const>null</span>
    \"<span class=sf-dump-key>iban</span>\" => \"<span class=sf-dump-str title=\"9 characters\">TR0000000</span>\"
    \"<span class=sf-dump-key>logo</span>\" => \"<span class=sf-dump-str title=\"34 characters\">upload/company_imgs/logo-59538.jpg</span>\"
    \"<span class=sf-dump-key>personelSayisi</span>\" => <span class=sf-dump-num>10</span>
    \"<span class=sf-dump-key>bayiSayisi</span>\" => <span class=sf-dump-num>5</span>
    \"<span class=sf-dump-key>stokSayisi</span>\" => <span class=sf-dump-const>null</span>
    \"<span class=sf-dump-key>konsinyeSayisi</span>\" => <span class=sf-dump-const>null</span>
    \"<span class=sf-dump-key>kdvOrani</span>\" => <span class=sf-dump-const>null</span>
    \"<span class=sf-dump-key>smsKullanici</span>\" => \"<span class=sf-dump-str title=\"10 characters\">8503078405</span>\"
    \"<span class=sf-dump-key>smsSifre</span>\" => \"<span class=sf-dump-str title=\"10 characters\">servis3863</span>\"
    \"<span class=sf-dump-key>smsGonderici</span>\" => \"<span class=sf-dump-str title=\"13 characters\">TEST TKNK SRV</span>\"
    \"<span class=sf-dump-key>smsKaraliste</span>\" => \"<span class=sf-dump-str title=\"19 characters\">http://onay.li/MR74</span>\"
    \"<span class=sf-dump-key>kayitTarihi</span>\" => \"<span class=sf-dump-str title=\"10 characters\">2025-01-15</span>\"
    \"<span class=sf-dump-key>bitisTarihi</span>\" => \"<span class=sf-dump-str title=\"10 characters\">2026-08-26</span>\"
    \"<span class=sf-dump-key>status</span>\" => <span class=sf-dump-num>1</span>
    \"<span class=sf-dump-key>trial_starts_at</span>\" => \"<span class=sf-dump-str title=\"19 characters\">2025-01-15 00:00:00</span>\"
    \"<span class=sf-dump-key>trial_ends_at</span>\" => \"<span class=sf-dump-str title=\"19 characters\">2025-08-26 00:00:00</span>\"
    \"<span class=sf-dump-key>trial_used</span>\" => <span class=sf-dump-num>1</span>
    \"<span class=sf-dump-key>subscription_status</span>\" => \"<span class=sf-dump-str title=\"6 characters\">active</span>\"
    \"<span class=sf-dump-key>subscription_ends_at</span>\" => \"<span class=sf-dump-str title=\"19 characters\">2026-08-26 00:00:00</span>\"
    \"<span class=sf-dump-key>created_at</span>\" => \"<span class=sf-dump-str title=\"19 characters\">2025-01-15 11:57:07</span>\"
    \"<span class=sf-dump-key>updated_at</span>\" => \"<span class=sf-dump-str title=\"19 characters\">2025-09-11 15:26:18</span>\"
  </samp>]
  #<span class=sf-dump-protected title=\"Protected property\">original</span>: <span class=sf-dump-note>array:36</span> [<samp data-depth=2 class=sf-dump-compact>
    \"<span class=sf-dump-key>id</span>\" => <span class=sf-dump-num>3</span>
    \"<span class=sf-dump-key>name</span>\" => \"<span class=sf-dump-str title=\"11 characters\">Deneme Test</span>\"
    \"<span class=sf-dump-key>firma_adi</span>\" => \"<span class=sf-dump-str title=\"11 characters\">Test Teknik</span>\"
    \"<span class=sf-dump-key>firma_slug</span>\" => \"<span class=sf-dump-str title=\"11 characters\">test-teknik</span>\"
    \"<span class=sf-dump-key>username</span>\" => \"<span class=sf-dump-str title=\"14 characters\">testteknik.com</span>\"
    \"<span class=sf-dump-key>eposta</span>\" => \"<span class=sf-dump-str title=\"19 characters\">info@testteknik.com</span>\"
    \"<span class=sf-dump-key>tel1</span>\" => \"<span class=sf-dump-str title=\"12 characters\">210 000 1110</span>\"
    \"<span class=sf-dump-key>tel2</span>\" => <span class=sf-dump-const>null</span>
    \"<span class=sf-dump-key>il</span>\" => \"<span class=sf-dump-str title=\"2 characters\">16</span>\"
    \"<span class=sf-dump-key>ilce</span>\" => \"<span class=sf-dump-str title=\"3 characters\">186</span>\"
    \"<span class=sf-dump-key>adres</span>\" => \"<span class=sf-dump-str title=\"17 characters\">Deneme Sok. No:12</span>\"
    \"<span class=sf-dump-key>webSitesi</span>\" => \"<span class=sf-dump-str title=\"14 characters\">testteknik.com</span>\"
    \"<span class=sf-dump-key>vergiNo</span>\" => \"<span class=sf-dump-str title=\"9 characters\">111111111</span>\"
    \"<span class=sf-dump-key>vergiDairesi</span>\" => \"<span class=sf-dump-str title=\"7 characters\">ESENLER</span>\"
    \"<span class=sf-dump-key>tcNo</span>\" => <span class=sf-dump-const>null</span>
    \"<span class=sf-dump-key>iban</span>\" => \"<span class=sf-dump-str title=\"9 characters\">TR0000000</span>\"
    \"<span class=sf-dump-key>logo</span>\" => \"<span class=sf-dump-str title=\"34 characters\">upload/company_imgs/logo-59538.jpg</span>\"
    \"<span class=sf-dump-key>personelSayisi</span>\" => <span class=sf-dump-num>10</span>
    \"<span class=sf-dump-key>bayiSayisi</span>\" => <span class=sf-dump-num>5</span>
    \"<span class=sf-dump-key>stokSayisi</span>\" => <span class=sf-dump-const>null</span>
    \"<span class=sf-dump-key>konsinyeSayisi</span>\" => <span class=sf-dump-const>null</span>
    \"<span class=sf-dump-key>kdvOrani</span>\" => <span class=sf-dump-const>null</span>
    \"<span class=sf-dump-key>smsKullanici</span>\" => \"<span class=sf-dump-str title=\"10 characters\">8503078405</span>\"
    \"<span class=sf-dump-key>smsSifre</span>\" => \"<span class=sf-dump-str title=\"10 characters\">servis3863</span>\"
    \"<span class=sf-dump-key>smsGonderici</span>\" => \"<span class=sf-dump-str title=\"13 characters\">TEST TKNK SRV</span>\"
    \"<span class=sf-dump-key>smsKaraliste</span>\" => \"<span class=sf-dump-str title=\"19 characters\">http://onay.li/MR74</span>\"
    \"<span class=sf-dump-key>kayitTarihi</span>\" => \"<span class=sf-dump-str title=\"10 characters\">2025-01-15</span>\"
    \"<span class=sf-dump-key>bitisTarihi</span>\" => \"<span class=sf-dump-str title=\"10 characters\">2026-08-26</span>\"
    \"<span class=sf-dump-key>status</span>\" => <span class=sf-dump-num>1</span>
    \"<span class=sf-dump-key>trial_starts_at</span>\" => \"<span class=sf-dump-str title=\"19 characters\">2025-01-15 00:00:00</span>\"
    \"<span class=sf-dump-key>trial_ends_at</span>\" => \"<span class=sf-dump-str title=\"19 characters\">2025-08-26 00:00:00</span>\"
    \"<span class=sf-dump-key>trial_used</span>\" => <span class=sf-dump-num>1</span>
    \"<span class=sf-dump-key>subscription_status</span>\" => \"<span class=sf-dump-str title=\"6 characters\">active</span>\"
    \"<span class=sf-dump-key>subscription_ends_at</span>\" => \"<span class=sf-dump-str title=\"19 characters\">2026-08-26 00:00:00</span>\"
    \"<span class=sf-dump-key>created_at</span>\" => \"<span class=sf-dump-str title=\"19 characters\">2025-01-15 11:57:07</span>\"
    \"<span class=sf-dump-key>updated_at</span>\" => \"<span class=sf-dump-str title=\"19 characters\">2025-09-11 15:26:18</span>\"
  </samp>]
  #<span class=sf-dump-protected title=\"Protected property\">changes</span>: []
  #<span class=sf-dump-protected title=\"Protected property\">casts</span>: <span class=sf-dump-note>array:4</span> [<samp data-depth=2 class=sf-dump-compact>
    \"<span class=sf-dump-key>trial_starts_at</span>\" => \"<span class=sf-dump-str title=\"8 characters\">datetime</span>\"
    \"<span class=sf-dump-key>trial_ends_at</span>\" => \"<span class=sf-dump-str title=\"8 characters\">datetime</span>\"
    \"<span class=sf-dump-key>subscription_ends_at</span>\" => \"<span class=sf-dump-str title=\"8 characters\">datetime</span>\"
    \"<span class=sf-dump-key>trial_used</span>\" => \"<span class=sf-dump-str title=\"7 characters\">boolean</span>\"
  </samp>]
  #<span class=sf-dump-protected title=\"Protected property\">classCastCache</span>: []
  #<span class=sf-dump-protected title=\"Protected property\">attributeCastCache</span>: []
  #<span class=sf-dump-protected title=\"Protected property\">dateFormat</span>: <span class=sf-dump-const>null</span>
  #<span class=sf-dump-protected title=\"Protected property\">appends</span>: []
  #<span class=sf-dump-protected title=\"Protected property\">dispatchesEvents</span>: []
  #<span class=sf-dump-protected title=\"Protected property\">observables</span>: []
  #<span class=sf-dump-protected title=\"Protected property\">relations</span>: []
  #<span class=sf-dump-protected title=\"Protected property\">touches</span>: []
  +<span class=sf-dump-public title=\"Public property\">timestamps</span>: <span class=sf-dump-const>true</span>
  +<span class=sf-dump-public title=\"Public property\">usesUniqueIds</span>: <span class=sf-dump-const>false</span>
  #<span class=sf-dump-protected title=\"Protected property\">hidden</span>: []
  #<span class=sf-dump-protected title=\"Protected property\">visible</span>: []
  #<span class=sf-dump-protected title=\"Protected property\">fillable</span>: []
  #<span class=sf-dump-protected title=\"Protected property\">guarded</span>: []
</samp>}
</pre><script>Sfdump(\"sf-dump-2051598360\", {\"maxDepth\":3,\"maxStringLength\":160})</script>
"}},"userId":6,"exception":"[object] (Spatie\\LaravelIgnition\\Exceptions\\ViewException(code: 0): Undefined variable $isActive at C:\\xampp\\htdocs\\serbiscrm\\resources\\views\\frontend\\secure\\integrations\\detail.blade.php:414)
[stacktrace]
#0 C:\\xampp\\htdocs\\serbiscrm\\vendor\\laravel\\framework\\src\\Illuminate\\Foundation\\Bootstrap\\HandleExceptions.php(254): Illuminate\\Foundation\\Bootstrap\\HandleExceptions->handleError(2, 'Undefined varia...', 'C:\\\\xampp\\\\htdocs...', 415)
#1 C:\\xampp\\htdocs\\serbiscrm\\resources\\views\\frontend\\secure\\integrations\\detail.blade.php(414): Illuminate\\Foundation\\Bootstrap\\HandleExceptions->Illuminate\\Foundation\\Bootstrap\\{closure}(2, 'Undefined varia...', 'C:\\\\xampp\\\\htdocs...', 415)
#2 C:\\xampp\\htdocs\\serbiscrm\\vendor\\laravel\\framework\\src\\Illuminate\\Filesystem\\Filesystem.php(124): require('C:\\\\xampp\\\\htdocs...')
#3 C:\\xampp\\htdocs\\serbiscrm\\vendor\\laravel\\framework\\src\\Illuminate\\Filesystem\\Filesystem.php(125): Illuminate\\Filesystem\\Filesystem::Illuminate\\Filesystem\\{closure}()
#4 C:\\xampp\\htdocs\\serbiscrm\\vendor\\laravel\\framework\\src\\Illuminate\\View\\Engines\\PhpEngine.php(58): Illuminate\\Filesystem\\Filesystem->getRequire('C:\\\\xampp\\\\htdocs...', Array)
#5 C:\\xampp\\htdocs\\serbiscrm\\vendor\\laravel\\framework\\src\\Illuminate\\View\\Engines\\CompilerEngine.php(72): Illuminate\\View\\Engines\\PhpEngine->evaluatePath('C:\\\\xampp\\\\htdocs...', Array)
#6 C:\\xampp\\htdocs\\serbiscrm\\vendor\\laravel\\framework\\src\\Illuminate\\View\\View.php(207): Illuminate\\View\\Engines\\CompilerEngine->get('C:\\\\xampp\\\\htdocs...', Array)
#7 C:\\xampp\\htdocs\\serbiscrm\\vendor\\laravel\\framework\\src\\Illuminate\\View\\View.php(190): Illuminate\\View\\View->getContents()
#8 C:\\xampp\\htdocs\\serbiscrm\\vendor\\laravel\\framework\\src\\Illuminate\\View\\View.php(159): Illuminate\\View\\View->renderContents()
#9 C:\\xampp\\htdocs\\serbiscrm\\vendor\\laravel\\framework\\src\\Illuminate\\Http\\Response.php(69): Illuminate\\View\\View->render()
#10 C:\\xampp\\htdocs\\serbiscrm\\vendor\\laravel\\framework\\src\\Illuminate\\Http\\Response.php(35): Illuminate\\Http\\Response->setContent(Object(Illuminate\\View\\View))
#11 C:\\xampp\\htdocs\\serbiscrm\\vendor\\laravel\\framework\\src\\Illuminate\\Routing\\Router.php(911): Illuminate\\Http\\Response->__construct(Object(Illuminate\\View\\View), 200, Array)
#12 C:\\xampp\\htdocs\\serbiscrm\\vendor\\laravel\\framework\\src\\Illuminate\\Routing\\Router.php(878): Illuminate\\Routing\\Router::toResponse(Object(Illuminate\\Http\\Request), Object(Illuminate\\View\\View))
#13 C:\\xampp\\htdocs\\serbiscrm\\vendor\\laravel\\framework\\src\\Illuminate\\Routing\\Router.php(798): Illuminate\\Routing\\Router->prepareResponse(Object(Illuminate\\Http\\Request), Object(Illuminate\\View\\View))
#14 C:\\xampp\\htdocs\\serbiscrm\\vendor\\laravel\\framework\\src\\Illuminate\\Pipeline\\Pipeline.php(141): Illuminate\\Routing\\Router->Illuminate\\Routing\\{closure}(Object(Illuminate\\Http\\Request))
#15 C:\\xampp\\htdocs\\serbiscrm\\app\\Http\\Middleware\\CheckTenantStatus.php(40): Illuminate\\Pipeline\\Pipeline->Illuminate\\Pipeline\\{closure}(Object(Illuminate\\Http\\Request))
#16 C:\\xampp\\htdocs\\serbiscrm\\vendor\\laravel\\framework\\src\\Illuminate\\Pipeline\\Pipeline.php(180): App\\Http\\Middleware\\CheckTenantStatus->handle(Object(Illuminate\\Http\\Request), Object(Closure))
#17 C:\\xampp\\htdocs\\serbiscrm\\app\\Http\\Middleware\\HandleRedirectAfterLogin.php(28): Illuminate\\Pipeline\\Pipeline->Illuminate\\Pipeline\\{closure}(Object(Illuminate\\Http\\Request))
#18 C:\\xampp\\htdocs\\serbiscrm\\vendor\\laravel\\framework\\src\\Illuminate\\Pipeline\\Pipeline.php(180): App\\Http\\Middleware\\HandleRedirectAfterLogin->handle(Object(Illuminate\\Http\\Request), Object(Closure))
#19 C:\\xampp\\htdocs\\serbiscrm\\app\\Http\\Middleware\\CheckCompanySubscription.php(32): Illuminate\\Pipeline\\Pipeline->Illuminate\\Pipeline\\{closure}(Object(Illuminate\\Http\\Request))
#20 C:\\xampp\\htdocs\\serbiscrm\\vendor\\laravel\\framework\\src\\Illuminate\\Pipeline\\Pipeline.php(180): App\\Http\\Middleware\\CheckCompanySubscription->handle(Object(Illuminate\\Http\\Request), Object(Closure))
#21 C:\\xampp\\htdocs\\serbiscrm\\app\\Http\\Middleware\\CheckTenantId.php(43): Illuminate\\Pipeline\\Pipeline->Illuminate\\Pipeline\\{closure}(Object(Illuminate\\Http\\Request))
#22 C:\\xampp\\htdocs\\serbiscrm\\vendor\\laravel\\framework\\src\\Illuminate\\Pipeline\\Pipeline.php(180): App\\Http\\Middleware\\CheckTenantId->handle(Object(Illuminate\\Http\\Request), Object(Closure))
#23 C:\\xampp\\htdocs\\serbiscrm\\app\\Http\\Middleware\\CheckTrialStatus.php(28): Illuminate\\Pipeline\\Pipeline->Illuminate\\Pipeline\\{closure}(Object(Illuminate\\Http\\Request))
#24 C:\\xampp\\htdocs\\serbiscrm\\vendor\\laravel\\framework\\src\\Illuminate\\Pipeline\\Pipeline.php(180): App\\Http\\Middleware\\CheckTrialStatus->handle(Object(Illuminate\\Http\\Request), Object(Closure))
#25 C:\\xampp\\htdocs\\serbiscrm\\vendor\\laravel\\framework\\src\\Illuminate\\Routing\\Middleware\\SubstituteBindings.php(50): Illuminate\\Pipeline\\Pipeline->Illuminate\\Pipeline\\{closure}(Object(Illuminate\\Http\\Request))
#26 C:\\xampp\\htdocs\\serbiscrm\\vendor\\laravel\\framework\\src\\Illuminate\\Pipeline\\Pipeline.php(180): Illuminate\\Routing\\Middleware\\SubstituteBindings->handle(Object(Illuminate\\Http\\Request), Object(Closure))
#27 C:\\xampp\\htdocs\\serbiscrm\\vendor\\laravel\\framework\\src\\Illuminate\\Auth\\Middleware\\Authenticate.php(57): Illuminate\\Pipeline\\Pipeline->Illuminate\\Pipeline\\{closure}(Object(Illuminate\\Http\\Request))
#28 C:\\xampp\\htdocs\\serbiscrm\\vendor\\laravel\\framework\\src\\Illuminate\\Pipeline\\Pipeline.php(180): Illuminate\\Auth\\Middleware\\Authenticate->handle(Object(Illuminate\\Http\\Request), Object(Closure))
#29 C:\\xampp\\htdocs\\serbiscrm\\vendor\\laravel\\framework\\src\\Illuminate\\Foundation\\Http\\Middleware\\VerifyCsrfToken.php(78): Illuminate\\Pipeline\\Pipeline->Illuminate\\Pipeline\\{closure}(Object(Illuminate\\Http\\Request))
#30 C:\\xampp\\htdocs\\serbiscrm\\vendor\\laravel\\framework\\src\\Illuminate\\Pipeline\\Pipeline.php(180): Illuminate\\Foundation\\Http\\Middleware\\VerifyCsrfToken->handle(Object(Illuminate\\Http\\Request), Object(Closure))
#31 C:\\xampp\\htdocs\\serbiscrm\\vendor\\laravel\\framework\\src\\Illuminate\\View\\Middleware\\ShareErrorsFromSession.php(49): Illuminate\\Pipeline\\Pipeline->Illuminate\\Pipeline\\{closure}(Object(Illuminate\\Http\\Request))
#32 C:\\xampp\\htdocs\\serbiscrm\\vendor\\laravel\\framework\\src\\Illuminate\\Pipeline\\Pipeline.php(180): Illuminate\\View\\Middleware\\ShareErrorsFromSession->handle(Object(Illuminate\\Http\\Request), Object(Closure))
#33 C:\\xampp\\htdocs\\serbiscrm\\vendor\\laravel\\framework\\src\\Illuminate\\Session\\Middleware\\StartSession.php(121): Illuminate\\Pipeline\\Pipeline->Illuminate\\Pipeline\\{closure}(Object(Illuminate\\Http\\Request))
#34 C:\\xampp\\htdocs\\serbiscrm\\vendor\\laravel\\framework\\src\\Illuminate\\Session\\Middleware\\StartSession.php(64): Illuminate\\Session\\Middleware\\StartSession->handleStatefulRequest(Object(Illuminate\\Http\\Request), Object(Illuminate\\Session\\Store), Object(Closure))
#35 C:\\xampp\\htdocs\\serbiscrm\\vendor\\laravel\\framework\\src\\Illuminate\\Pipeline\\Pipeline.php(180): Illuminate\\Session\\Middleware\\StartSession->handle(Object(Illuminate\\Http\\Request), Object(Closure))
#36 C:\\xampp\\htdocs\\serbiscrm\\vendor\\laravel\\framework\\src\\Illuminate\\Cookie\\Middleware\\AddQueuedCookiesToResponse.php(37): Illuminate\\Pipeline\\Pipeline->Illuminate\\Pipeline\\{closure}(Object(Illuminate\\Http\\Request))
#37 C:\\xampp\\htdocs\\serbiscrm\\vendor\\laravel\\framework\\src\\Illuminate\\Pipeline\\Pipeline.php(180): Illuminate\\Cookie\\Middleware\\AddQueuedCookiesToResponse->handle(Object(Illuminate\\Http\\Request), Object(Closure))
#38 C:\\xampp\\htdocs\\serbiscrm\\vendor\\laravel\\framework\\src\\Illuminate\\Cookie\\Middleware\\EncryptCookies.php(67): Illuminate\\Pipeline\\Pipeline->Illuminate\\Pipeline\\{closure}(Object(Illuminate\\Http\\Request))
#39 C:\\xampp\\htdocs\\serbiscrm\\vendor\\laravel\\framework\\src\\Illuminate\\Pipeline\\Pipeline.php(180): Illuminate\\Cookie\\Middleware\\EncryptCookies->handle(Object(Illuminate\\Http\\Request), Object(Closure))
#40 C:\\xampp\\htdocs\\serbiscrm\\vendor\\laravel\\framework\\src\\Illuminate\\Pipeline\\Pipeline.php(116): Illuminate\\Pipeline\\Pipeline->Illuminate\\Pipeline\\{closure}(Object(Illuminate\\Http\\Request))
#41 C:\\xampp\\htdocs\\serbiscrm\\vendor\\laravel\\framework\\src\\Illuminate\\Routing\\Router.php(798): Illuminate\\Pipeline\\Pipeline->then(Object(Closure))
#42 C:\\xampp\\htdocs\\serbiscrm\\vendor\\laravel\\framework\\src\\Illuminate\\Routing\\Router.php(777): Illuminate\\Routing\\Router->runRouteWithinStack(Object(Illuminate\\Routing\\Route), Object(Illuminate\\Http\\Request))
#43 C:\\xampp\\htdocs\\serbiscrm\\vendor\\laravel\\framework\\src\\Illuminate\\Routing\\Router.php(741): Illuminate\\Routing\\Router->runRoute(Object(Illuminate\\Http\\Request), Object(Illuminate\\Routing\\Route))
#44 C:\\xampp\\htdocs\\serbiscrm\\vendor\\laravel\\framework\\src\\Illuminate\\Routing\\Router.php(730): Illuminate\\Routing\\Router->dispatchToRoute(Object(Illuminate\\Http\\Request))
#45 C:\\xampp\\htdocs\\serbiscrm\\vendor\\laravel\\framework\\src\\Illuminate\\Foundation\\Http\\Kernel.php(200): Illuminate\\Routing\\Router->dispatch(Object(Illuminate\\Http\\Request))
#46 C:\\xampp\\htdocs\\serbiscrm\\vendor\\laravel\\framework\\src\\Illuminate\\Pipeline\\Pipeline.php(141): Illuminate\\Foundation\\Http\\Kernel->Illuminate\\Foundation\\Http\\{closure}(Object(Illuminate\\Http\\Request))
#47 C:\\xampp\\htdocs\\serbiscrm\\app\\Http\\Middleware\\ImpersonationMiddleware.php(51): Illuminate\\Pipeline\\Pipeline->Illuminate\\Pipeline\\{closure}(Object(Illuminate\\Http\\Request))
#48 C:\\xampp\\htdocs\\serbiscrm\\vendor\\laravel\\framework\\src\\Illuminate\\Pipeline\\Pipeline.php(180): App\\Http\\Middleware\\ImpersonationMiddleware->handle(Object(Illuminate\\Http\\Request), Object(Closure))
#49 C:\\xampp\\htdocs\\serbiscrm\\vendor\\laravel\\framework\\src\\Illuminate\\Foundation\\Http\\Middleware\\TransformsRequest.php(21): Illuminate\\Pipeline\\Pipeline->Illuminate\\Pipeline\\{closure}(Object(Illuminate\\Http\\Request))
#50 C:\\xampp\\htdocs\\serbiscrm\\vendor\\laravel\\framework\\src\\Illuminate\\Foundation\\Http\\Middleware\\ConvertEmptyStringsToNull.php(31): Illuminate\\Foundation\\Http\\Middleware\\TransformsRequest->handle(Object(Illuminate\\Http\\Request), Object(Closure))
#51 C:\\xampp\\htdocs\\serbiscrm\\vendor\\laravel\\framework\\src\\Illuminate\\Pipeline\\Pipeline.php(180): Illuminate\\Foundation\\Http\\Middleware\\ConvertEmptyStringsToNull->handle(Object(Illuminate\\Http\\Request), Object(Closure))
#52 C:\\xampp\\htdocs\\serbiscrm\\vendor\\laravel\\framework\\src\\Illuminate\\Foundation\\Http\\Middleware\\TransformsRequest.php(21): Illuminate\\Pipeline\\Pipeline->Illuminate\\Pipeline\\{closure}(Object(Illuminate\\Http\\Request))
#53 C:\\xampp\\htdocs\\serbiscrm\\vendor\\laravel\\framework\\src\\Illuminate\\Foundation\\Http\\Middleware\\TrimStrings.php(40): Illuminate\\Foundation\\Http\\Middleware\\TransformsRequest->handle(Object(Illuminate\\Http\\Request), Object(Closure))
#54 C:\\xampp\\htdocs\\serbiscrm\\vendor\\laravel\\framework\\src\\Illuminate\\Pipeline\\Pipeline.php(180): Illuminate\\Foundation\\Http\\Middleware\\TrimStrings->handle(Object(Illuminate\\Http\\Request), Object(Closure))
#55 C:\\xampp\\htdocs\\serbiscrm\\vendor\\laravel\\framework\\src\\Illuminate\\Foundation\\Http\\Middleware\\ValidatePostSize.php(27): Illuminate\\Pipeline\\Pipeline->Illuminate\\Pipeline\\{closure}(Object(Illuminate\\Http\\Request))
#56 C:\\xampp\\htdocs\\serbiscrm\\vendor\\laravel\\framework\\src\\Illuminate\\Pipeline\\Pipeline.php(180): Illuminate\\Foundation\\Http\\Middleware\\ValidatePostSize->handle(Object(Illuminate\\Http\\Request), Object(Closure))
#57 C:\\xampp\\htdocs\\serbiscrm\\vendor\\laravel\\framework\\src\\Illuminate\\Foundation\\Http\\Middleware\\PreventRequestsDuringMaintenance.php(99): Illuminate\\Pipeline\\Pipeline->Illuminate\\Pipeline\\{closure}(Object(Illuminate\\Http\\Request))
#58 C:\\xampp\\htdocs\\serbiscrm\\vendor\\laravel\\framework\\src\\Illuminate\\Pipeline\\Pipeline.php(180): Illuminate\\Foundation\\Http\\Middleware\\PreventRequestsDuringMaintenance->handle(Object(Illuminate\\Http\\Request), Object(Closure))
#59 C:\\xampp\\htdocs\\serbiscrm\\vendor\\laravel\\framework\\src\\Illuminate\\Http\\Middleware\\HandleCors.php(49): Illuminate\\Pipeline\\Pipeline->Illuminate\\Pipeline\\{closure}(Object(Illuminate\\Http\\Request))
#60 C:\\xampp\\htdocs\\serbiscrm\\vendor\\laravel\\framework\\src\\Illuminate\\Pipeline\\Pipeline.php(180): Illuminate\\Http\\Middleware\\HandleCors->handle(Object(Illuminate\\Http\\Request), Object(Closure))
#61 C:\\xampp\\htdocs\\serbiscrm\\vendor\\laravel\\framework\\src\\Illuminate\\Http\\Middleware\\TrustProxies.php(39): Illuminate\\Pipeline\\Pipeline->Illuminate\\Pipeline\\{closure}(Object(Illuminate\\Http\\Request))
#62 C:\\xampp\\htdocs\\serbiscrm\\vendor\\laravel\\framework\\src\\Illuminate\\Pipeline\\Pipeline.php(180): Illuminate\\Http\\Middleware\\TrustProxies->handle(Object(Illuminate\\Http\\Request), Object(Closure))
#63 C:\\xampp\\htdocs\\serbiscrm\\vendor\\laravel\\framework\\src\\Illuminate\\Pipeline\\Pipeline.php(116): Illuminate\\Pipeline\\Pipeline->Illuminate\\Pipeline\\{closure}(Object(Illuminate\\Http\\Request))
#64 C:\\xampp\\htdocs\\serbiscrm\\vendor\\laravel\\framework\\src\\Illuminate\\Foundation\\Http\\Kernel.php(175): Illuminate\\Pipeline\\Pipeline->then(Object(Closure))
#65 C:\\xampp\\htdocs\\serbiscrm\\vendor\\laravel\\framework\\src\\Illuminate\\Foundation\\Http\\Kernel.php(144): Illuminate\\Foundation\\Http\\Kernel->sendRequestThroughRouter(Object(Illuminate\\Http\\Request))
#66 C:\\xampp\\htdocs\\serbiscrm\\public\\index.php(51): Illuminate\\Foundation\\Http\\Kernel->handle(Object(Illuminate\\Http\\Request))
#67 C:\\xampp\\htdocs\\serbiscrm\\vendor\\laravel\\framework\\src\\Illuminate\\Foundation\\resources\\server.php(16): require_once('C:\\\\xampp\\\\htdocs...')
#68 {main}

[previous exception] [object] (ErrorException(code: 0): Undefined variable $isActive at C:\\xampp\\htdocs\\serbiscrm\\storage\\framework\\views\\098e79e6c68d494e67a6ee1047968136.php:415)
[stacktrace]
#0 C:\\xampp\\htdocs\\serbiscrm\\vendor\\laravel\\framework\\src\\Illuminate\\Foundation\\Bootstrap\\HandleExceptions.php(254): Illuminate\\Foundation\\Bootstrap\\HandleExceptions->handleError(2, 'Undefined varia...', 'C:\\\\xampp\\\\htdocs...', 415)
#1 C:\\xampp\\htdocs\\serbiscrm\\storage\\framework\\views\\098e79e6c68d494e67a6ee1047968136.php(415): Illuminate\\Foundation\\Bootstrap\\HandleExceptions->Illuminate\\Foundation\\Bootstrap\\{closure}(2, 'Undefined varia...', 'C:\\\\xampp\\\\htdocs...', 415)
#2 C:\\xampp\\htdocs\\serbiscrm\\vendor\\laravel\\framework\\src\\Illuminate\\Filesystem\\Filesystem.php(124): require('C:\\\\xampp\\\\htdocs...')
#3 C:\\xampp\\htdocs\\serbiscrm\\vendor\\laravel\\framework\\src\\Illuminate\\Filesystem\\Filesystem.php(125): Illuminate\\Filesystem\\Filesystem::Illuminate\\Filesystem\\{closure}()
#4 C:\\xampp\\htdocs\\serbiscrm\\vendor\\laravel\\framework\\src\\Illuminate\\View\\Engines\\PhpEngine.php(58): Illuminate\\Filesystem\\Filesystem->getRequire('C:\\\\xampp\\\\htdocs...', Array)
#5 C:\\xampp\\htdocs\\serbiscrm\\vendor\\laravel\\framework\\src\\Illuminate\\View\\Engines\\CompilerEngine.php(72): Illuminate\\View\\Engines\\PhpEngine->evaluatePath('C:\\\\xampp\\\\htdocs...', Array)
#6 C:\\xampp\\htdocs\\serbiscrm\\vendor\\laravel\\framework\\src\\Illuminate\\View\\View.php(207): Illuminate\\View\\Engines\\CompilerEngine->get('C:\\\\xampp\\\\htdocs...', Array)
#7 C:\\xampp\\htdocs\\serbiscrm\\vendor\\laravel\\framework\\src\\Illuminate\\View\\View.php(190): Illuminate\\View\\View->getContents()
#8 C:\\xampp\\htdocs\\serbiscrm\\vendor\\laravel\\framework\\src\\Illuminate\\View\\View.php(159): Illuminate\\View\\View->renderContents()
#9 C:\\xampp\\htdocs\\serbiscrm\\vendor\\laravel\\framework\\src\\Illuminate\\Http\\Response.php(69): Illuminate\\View\\View->render()
#10 C:\\xampp\\htdocs\\serbiscrm\\vendor\\laravel\\framework\\src\\Illuminate\\Http\\Response.php(35): Illuminate\\Http\\Response->setContent(Object(Illuminate\\View\\View))
#11 C:\\xampp\\htdocs\\serbiscrm\\vendor\\laravel\\framework\\src\\Illuminate\\Routing\\Router.php(911): Illuminate\\Http\\Response->__construct(Object(Illuminate\\View\\View), 200, Array)
#12 C:\\xampp\\htdocs\\serbiscrm\\vendor\\laravel\\framework\\src\\Illuminate\\Routing\\Router.php(878): Illuminate\\Routing\\Router::toResponse(Object(Illuminate\\Http\\Request), Object(Illuminate\\View\\View))
#13 C:\\xampp\\htdocs\\serbiscrm\\vendor\\laravel\\framework\\src\\Illuminate\\Routing\\Router.php(798): Illuminate\\Routing\\Router->prepareResponse(Object(Illuminate\\Http\\Request), Object(Illuminate\\View\\View))
#14 C:\\xampp\\htdocs\\serbiscrm\\vendor\\laravel\\framework\\src\\Illuminate\\Pipeline\\Pipeline.php(141): Illuminate\\Routing\\Router->Illuminate\\Routing\\{closure}(Object(Illuminate\\Http\\Request))
#15 C:\\xampp\\htdocs\\serbiscrm\\app\\Http\\Middleware\\CheckTenantStatus.php(40): Illuminate\\Pipeline\\Pipeline->Illuminate\\Pipeline\\{closure}(Object(Illuminate\\Http\\Request))
#16 C:\\xampp\\htdocs\\serbiscrm\\vendor\\laravel\\framework\\src\\Illuminate\\Pipeline\\Pipeline.php(180): App\\Http\\Middleware\\CheckTenantStatus->handle(Object(Illuminate\\Http\\Request), Object(Closure))
#17 C:\\xampp\\htdocs\\serbiscrm\\app\\Http\\Middleware\\HandleRedirectAfterLogin.php(28): Illuminate\\Pipeline\\Pipeline->Illuminate\\Pipeline\\{closure}(Object(Illuminate\\Http\\Request))
#18 C:\\xampp\\htdocs\\serbiscrm\\vendor\\laravel\\framework\\src\\Illuminate\\Pipeline\\Pipeline.php(180): App\\Http\\Middleware\\HandleRedirectAfterLogin->handle(Object(Illuminate\\Http\\Request), Object(Closure))
#19 C:\\xampp\\htdocs\\serbiscrm\\app\\Http\\Middleware\\CheckCompanySubscription.php(32): Illuminate\\Pipeline\\Pipeline->Illuminate\\Pipeline\\{closure}(Object(Illuminate\\Http\\Request))
#20 C:\\xampp\\htdocs\\serbiscrm\\vendor\\laravel\\framework\\src\\Illuminate\\Pipeline\\Pipeline.php(180): App\\Http\\Middleware\\CheckCompanySubscription->handle(Object(Illuminate\\Http\\Request), Object(Closure))
#21 C:\\xampp\\htdocs\\serbiscrm\\app\\Http\\Middleware\\CheckTenantId.php(43): Illuminate\\Pipeline\\Pipeline->Illuminate\\Pipeline\\{closure}(Object(Illuminate\\Http\\Request))
#22 C:\\xampp\\htdocs\\serbiscrm\\vendor\\laravel\\framework\\src\\Illuminate\\Pipeline\\Pipeline.php(180): App\\Http\\Middleware\\CheckTenantId->handle(Object(Illuminate\\Http\\Request), Object(Closure))
#23 C:\\xampp\\htdocs\\serbiscrm\\app\\Http\\Middleware\\CheckTrialStatus.php(28): Illuminate\\Pipeline\\Pipeline->Illuminate\\Pipeline\\{closure}(Object(Illuminate\\Http\\Request))
#24 C:\\xampp\\htdocs\\serbiscrm\\vendor\\laravel\\framework\\src\\Illuminate\\Pipeline\\Pipeline.php(180): App\\Http\\Middleware\\CheckTrialStatus->handle(Object(Illuminate\\Http\\Request), Object(Closure))
#25 C:\\xampp\\htdocs\\serbiscrm\\vendor\\laravel\\framework\\src\\Illuminate\\Routing\\Middleware\\SubstituteBindings.php(50): Illuminate\\Pipeline\\Pipeline->Illuminate\\Pipeline\\{closure}(Object(Illuminate\\Http\\Request))
#26 C:\\xampp\\htdocs\\serbiscrm\\vendor\\laravel\\framework\\src\\Illuminate\\Pipeline\\Pipeline.php(180): Illuminate\\Routing\\Middleware\\SubstituteBindings->handle(Object(Illuminate\\Http\\Request), Object(Closure))
#27 C:\\xampp\\htdocs\\serbiscrm\\vendor\\laravel\\framework\\src\\Illuminate\\Auth\\Middleware\\Authenticate.php(57): Illuminate\\Pipeline\\Pipeline->Illuminate\\Pipeline\\{closure}(Object(Illuminate\\Http\\Request))
#28 C:\\xampp\\htdocs\\serbiscrm\\vendor\\laravel\\framework\\src\\Illuminate\\Pipeline\\Pipeline.php(180): Illuminate\\Auth\\Middleware\\Authenticate->handle(Object(Illuminate\\Http\\Request), Object(Closure))
#29 C:\\xampp\\htdocs\\serbiscrm\\vendor\\laravel\\framework\\src\\Illuminate\\Foundation\\Http\\Middleware\\VerifyCsrfToken.php(78): Illuminate\\Pipeline\\Pipeline->Illuminate\\Pipeline\\{closure}(Object(Illuminate\\Http\\Request))
#30 C:\\xampp\\htdocs\\serbiscrm\\vendor\\laravel\\framework\\src\\Illuminate\\Pipeline\\Pipeline.php(180): Illuminate\\Foundation\\Http\\Middleware\\VerifyCsrfToken->handle(Object(Illuminate\\Http\\Request), Object(Closure))
#31 C:\\xampp\\htdocs\\serbiscrm\\vendor\\laravel\\framework\\src\\Illuminate\\View\\Middleware\\ShareErrorsFromSession.php(49): Illuminate\\Pipeline\\Pipeline->Illuminate\\Pipeline\\{closure}(Object(Illuminate\\Http\\Request))
#32 C:\\xampp\\htdocs\\serbiscrm\\vendor\\laravel\\framework\\src\\Illuminate\\Pipeline\\Pipeline.php(180): Illuminate\\View\\Middleware\\ShareErrorsFromSession->handle(Object(Illuminate\\Http\\Request), Object(Closure))
#33 C:\\xampp\\htdocs\\serbiscrm\\vendor\\laravel\\framework\\src\\Illuminate\\Session\\Middleware\\StartSession.php(121): Illuminate\\Pipeline\\Pipeline->Illuminate\\Pipeline\\{closure}(Object(Illuminate\\Http\\Request))
#34 C:\\xampp\\htdocs\\serbiscrm\\vendor\\laravel\\framework\\src\\Illuminate\\Session\\Middleware\\StartSession.php(64): Illuminate\\Session\\Middleware\\StartSession->handleStatefulRequest(Object(Illuminate\\Http\\Request), Object(Illuminate\\Session\\Store), Object(Closure))
#35 C:\\xampp\\htdocs\\serbiscrm\\vendor\\laravel\\framework\\src\\Illuminate\\Pipeline\\Pipeline.php(180): Illuminate\\Session\\Middleware\\StartSession->handle(Object(Illuminate\\Http\\Request), Object(Closure))
#36 C:\\xampp\\htdocs\\serbiscrm\\vendor\\laravel\\framework\\src\\Illuminate\\Cookie\\Middleware\\AddQueuedCookiesToResponse.php(37): Illuminate\\Pipeline\\Pipeline->Illuminate\\Pipeline\\{closure}(Object(Illuminate\\Http\\Request))
#37 C:\\xampp\\htdocs\\serbiscrm\\vendor\\laravel\\framework\\src\\Illuminate\\Pipeline\\Pipeline.php(180): Illuminate\\Cookie\\Middleware\\AddQueuedCookiesToResponse->handle(Object(Illuminate\\Http\\Request), Object(Closure))
#38 C:\\xampp\\htdocs\\serbiscrm\\vendor\\laravel\\framework\\src\\Illuminate\\Cookie\\Middleware\\EncryptCookies.php(67): Illuminate\\Pipeline\\Pipeline->Illuminate\\Pipeline\\{closure}(Object(Illuminate\\Http\\Request))
#39 C:\\xampp\\htdocs\\serbiscrm\\vendor\\laravel\\framework\\src\\Illuminate\\Pipeline\\Pipeline.php(180): Illuminate\\Cookie\\Middleware\\EncryptCookies->handle(Object(Illuminate\\Http\\Request), Object(Closure))
#40 C:\\xampp\\htdocs\\serbiscrm\\vendor\\laravel\\framework\\src\\Illuminate\\Pipeline\\Pipeline.php(116): Illuminate\\Pipeline\\Pipeline->Illuminate\\Pipeline\\{closure}(Object(Illuminate\\Http\\Request))
#41 C:\\xampp\\htdocs\\serbiscrm\\vendor\\laravel\\framework\\src\\Illuminate\\Routing\\Router.php(798): Illuminate\\Pipeline\\Pipeline->then(Object(Closure))
#42 C:\\xampp\\htdocs\\serbiscrm\\vendor\\laravel\\framework\\src\\Illuminate\\Routing\\Router.php(777): Illuminate\\Routing\\Router->runRouteWithinStack(Object(Illuminate\\Routing\\Route), Object(Illuminate\\Http\\Request))
#43 C:\\xampp\\htdocs\\serbiscrm\\vendor\\laravel\\framework\\src\\Illuminate\\Routing\\Router.php(741): Illuminate\\Routing\\Router->runRoute(Object(Illuminate\\Http\\Request), Object(Illuminate\\Routing\\Route))
#44 C:\\xampp\\htdocs\\serbiscrm\\vendor\\laravel\\framework\\src\\Illuminate\\Routing\\Router.php(730): Illuminate\\Routing\\Router->dispatchToRoute(Object(Illuminate\\Http\\Request))
#45 C:\\xampp\\htdocs\\serbiscrm\\vendor\\laravel\\framework\\src\\Illuminate\\Foundation\\Http\\Kernel.php(200): Illuminate\\Routing\\Router->dispatch(Object(Illuminate\\Http\\Request))
#46 C:\\xampp\\htdocs\\serbiscrm\\vendor\\laravel\\framework\\src\\Illuminate\\Pipeline\\Pipeline.php(141): Illuminate\\Foundation\\Http\\Kernel->Illuminate\\Foundation\\Http\\{closure}(Object(Illuminate\\Http\\Request))
#47 C:\\xampp\\htdocs\\serbiscrm\\app\\Http\\Middleware\\ImpersonationMiddleware.php(51): Illuminate\\Pipeline\\Pipeline->Illuminate\\Pipeline\\{closure}(Object(Illuminate\\Http\\Request))
#48 C:\\xampp\\htdocs\\serbiscrm\\vendor\\laravel\\framework\\src\\Illuminate\\Pipeline\\Pipeline.php(180): App\\Http\\Middleware\\ImpersonationMiddleware->handle(Object(Illuminate\\Http\\Request), Object(Closure))
#49 C:\\xampp\\htdocs\\serbiscrm\\vendor\\laravel\\framework\\src\\Illuminate\\Foundation\\Http\\Middleware\\TransformsRequest.php(21): Illuminate\\Pipeline\\Pipeline->Illuminate\\Pipeline\\{closure}(Object(Illuminate\\Http\\Request))
#50 C:\\xampp\\htdocs\\serbiscrm\\vendor\\laravel\\framework\\src\\Illuminate\\Foundation\\Http\\Middleware\\ConvertEmptyStringsToNull.php(31): Illuminate\\Foundation\\Http\\Middleware\\TransformsRequest->handle(Object(Illuminate\\Http\\Request), Object(Closure))
#51 C:\\xampp\\htdocs\\serbiscrm\\vendor\\laravel\\framework\\src\\Illuminate\\Pipeline\\Pipeline.php(180): Illuminate\\Foundation\\Http\\Middleware\\ConvertEmptyStringsToNull->handle(Object(Illuminate\\Http\\Request), Object(Closure))
#52 C:\\xampp\\htdocs\\serbiscrm\\vendor\\laravel\\framework\\src\\Illuminate\\Foundation\\Http\\Middleware\\TransformsRequest.php(21): Illuminate\\Pipeline\\Pipeline->Illuminate\\Pipeline\\{closure}(Object(Illuminate\\Http\\Request))
#53 C:\\xampp\\htdocs\\serbiscrm\\vendor\\laravel\\framework\\src\\Illuminate\\Foundation\\Http\\Middleware\\TrimStrings.php(40): Illuminate\\Foundation\\Http\\Middleware\\TransformsRequest->handle(Object(Illuminate\\Http\\Request), Object(Closure))
#54 C:\\xampp\\htdocs\\serbiscrm\\vendor\\laravel\\framework\\src\\Illuminate\\Pipeline\\Pipeline.php(180): Illuminate\\Foundation\\Http\\Middleware\\TrimStrings->handle(Object(Illuminate\\Http\\Request), Object(Closure))
#55 C:\\xampp\\htdocs\\serbiscrm\\vendor\\laravel\\framework\\src\\Illuminate\\Foundation\\Http\\Middleware\\ValidatePostSize.php(27): Illuminate\\Pipeline\\Pipeline->Illuminate\\Pipeline\\{closure}(Object(Illuminate\\Http\\Request))
#56 C:\\xampp\\htdocs\\serbiscrm\\vendor\\laravel\\framework\\src\\Illuminate\\Pipeline\\Pipeline.php(180): Illuminate\\Foundation\\Http\\Middleware\\ValidatePostSize->handle(Object(Illuminate\\Http\\Request), Object(Closure))
#57 C:\\xampp\\htdocs\\serbiscrm\\vendor\\laravel\\framework\\src\\Illuminate\\Foundation\\Http\\Middleware\\PreventRequestsDuringMaintenance.php(99): Illuminate\\Pipeline\\Pipeline->Illuminate\\Pipeline\\{closure}(Object(Illuminate\\Http\\Request))
#58 C:\\xampp\\htdocs\\serbiscrm\\vendor\\laravel\\framework\\src\\Illuminate\\Pipeline\\Pipeline.php(180): Illuminate\\Foundation\\Http\\Middleware\\PreventRequestsDuringMaintenance->handle(Object(Illuminate\\Http\\Request), Object(Closure))
#59 C:\\xampp\\htdocs\\serbiscrm\\vendor\\laravel\\framework\\src\\Illuminate\\Http\\Middleware\\HandleCors.php(49): Illuminate\\Pipeline\\Pipeline->Illuminate\\Pipeline\\{closure}(Object(Illuminate\\Http\\Request))
#60 C:\\xampp\\htdocs\\serbiscrm\\vendor\\laravel\\framework\\src\\Illuminate\\Pipeline\\Pipeline.php(180): Illuminate\\Http\\Middleware\\HandleCors->handle(Object(Illuminate\\Http\\Request), Object(Closure))
#61 C:\\xampp\\htdocs\\serbiscrm\\vendor\\laravel\\framework\\src\\Illuminate\\Http\\Middleware\\TrustProxies.php(39): Illuminate\\Pipeline\\Pipeline->Illuminate\\Pipeline\\{closure}(Object(Illuminate\\Http\\Request))
#62 C:\\xampp\\htdocs\\serbiscrm\\vendor\\laravel\\framework\\src\\Illuminate\\Pipeline\\Pipeline.php(180): Illuminate\\Http\\Middleware\\TrustProxies->handle(Object(Illuminate\\Http\\Request), Object(Closure))
#63 C:\\xampp\\htdocs\\serbiscrm\\vendor\\laravel\\framework\\src\\Illuminate\\Pipeline\\Pipeline.php(116): Illuminate\\Pipeline\\Pipeline->Illuminate\\Pipeline\\{closure}(Object(Illuminate\\Http\\Request))
#64 C:\\xampp\\htdocs\\serbiscrm\\vendor\\laravel\\framework\\src\\Illuminate\\Foundation\\Http\\Kernel.php(175): Illuminate\\Pipeline\\Pipeline->then(Object(Closure))
#65 C:\\xampp\\htdocs\\serbiscrm\\vendor\\laravel\\framework\\src\\Illuminate\\Foundation\\Http\\Kernel.php(144): Illuminate\\Foundation\\Http\\Kernel->sendRequestThroughRouter(Object(Illuminate\\Http\\Request))
#66 C:\\xampp\\htdocs\\serbiscrm\\public\\index.php(51): Illuminate\\Foundation\\Http\\Kernel->handle(Object(Illuminate\\Http\\Request))
#67 C:\\xampp\\htdocs\\serbiscrm\\vendor\\laravel\\framework\\src\\Illuminate\\Foundation\\resources\\server.php(16): require_once('C:\\\\xampp\\\\htdocs...')
#68 {main}
"} 
[2025-10-30 09:38:33] local.ERROR: Undefined variable $isActive {"view":{"view":"C:\\xampp\\htdocs\\serbiscrm\\resources\\views\\frontend\\secure\\integrations\\detail.blade.php","data":{"errors":"<pre class=sf-dump id=sf-dump-1985346938 data-indent-pad=\"  \"><span class=sf-dump-note>Illuminate\\Support\\ViewErrorBag</span> {<a class=sf-dump-ref>#1192</a><samp data-depth=1 class=sf-dump-expanded>
  #<span class=sf-dump-protected title=\"Protected property\">bags</span>: []
</samp>}
</pre><script>Sfdump(\"sf-dump-1985346938\", {\"maxDepth\":3,\"maxStringLength\":160})</script>
","integration":"<pre class=sf-dump id=sf-dump-946516737 data-indent-pad=\"  \"><span class=sf-dump-note>App\\Models\\Integration</span> {<a class=sf-dump-ref>#2295</a><samp data-depth=1 class=sf-dump-expanded>
  #<span class=sf-dump-protected title=\"Protected property\">connection</span>: \"<span class=sf-dump-str title=\"5 characters\">mysql</span>\"
  #<span class=sf-dump-protected title=\"Protected property\">table</span>: \"<span class=sf-dump-str title=\"12 characters\">integrations</span>\"
  #<span class=sf-dump-protected title=\"Protected property\">primaryKey</span>: \"<span class=sf-dump-str title=\"2 characters\">id</span>\"
  #<span class=sf-dump-protected title=\"Protected property\">keyType</span>: \"<span class=sf-dump-str title=\"3 characters\">int</span>\"
  +<span class=sf-dump-public title=\"Public property\">incrementing</span>: <span class=sf-dump-const>true</span>
  #<span class=sf-dump-protected title=\"Protected property\">with</span>: []
  #<span class=sf-dump-protected title=\"Protected property\">withCount</span>: []
  +<span class=sf-dump-public title=\"Public property\">preventsLazyLoading</span>: <span class=sf-dump-const>false</span>
  #<span class=sf-dump-protected title=\"Protected property\">perPage</span>: <span class=sf-dump-num>15</span>
  +<span class=sf-dump-public title=\"Public property\">exists</span>: <span class=sf-dump-const>true</span>
  +<span class=sf-dump-public title=\"Public property\">wasRecentlyCreated</span>: <span class=sf-dump-const>false</span>
  #<span class=sf-dump-protected title=\"Protected property\">escapeWhenCastingToString</span>: <span class=sf-dump-const>false</span>
  #<span class=sf-dump-protected title=\"Protected property\">attributes</span>: <span class=sf-dump-note>array:11</span> [<samp data-depth=2 class=sf-dump-compact>
    \"<span class=sf-dump-key>id</span>\" => <span class=sf-dump-num>1</span>
    \"<span class=sf-dump-key>name</span>\" => \"<span class=sf-dump-str title=\"6 characters\">NETGSM</span>\"
    \"<span class=sf-dump-key>slug</span>\" => \"<span class=sf-dump-str title=\"6 characters\">netgsm</span>\"
    \"<span class=sf-dump-key>description</span>\" => \"<span class=sf-dump-str title=\"6 characters\">fjfgjf</span>\"
    \"<span class=sf-dump-key>explanation</span>\" => \"<span class=sf-dump-str title=\"212 characters\">&lt;p&gt;Yoast SEO Premium gives you unlimited AI-powered optimization, real-time SEO guidance, and tools to strengthen internal linking and site structure, built into your publishing workflow with no hidden costs.&lt;/p&gt;</span>\"
    \"<span class=sf-dump-key>logo</span>\" => \"<span class=sf-dump-str title=\"41 characters\">upload/integrations/1761658756_netgsm.png</span>\"
    \"<span class=sf-dump-key>price</span>\" => \"<span class=sf-dump-str title=\"7 characters\">1800.00</span>\"
    \"<span class=sf-dump-key>category</span>\" => \"<span class=sf-dump-str title=\"3 characters\">sms</span>\"
    \"<span class=sf-dump-key>is_active</span>\" => <span class=sf-dump-num>1</span>
    \"<span class=sf-dump-key>created_at</span>\" => \"<span class=sf-dump-str title=\"19 characters\">2025-10-28 16:39:16</span>\"
    \"<span class=sf-dump-key>updated_at</span>\" => \"<span class=sf-dump-str title=\"19 characters\">2025-10-28 16:39:16</span>\"
  </samp>]
  #<span class=sf-dump-protected title=\"Protected property\">original</span>: <span class=sf-dump-note>array:11</span> [<samp data-depth=2 class=sf-dump-compact>
    \"<span class=sf-dump-key>id</span>\" => <span class=sf-dump-num>1</span>
    \"<span class=sf-dump-key>name</span>\" => \"<span class=sf-dump-str title=\"6 characters\">NETGSM</span>\"
    \"<span class=sf-dump-key>slug</span>\" => \"<span class=sf-dump-str title=\"6 characters\">netgsm</span>\"
    \"<span class=sf-dump-key>description</span>\" => \"<span class=sf-dump-str title=\"6 characters\">fjfgjf</span>\"
    \"<span class=sf-dump-key>explanation</span>\" => \"<span class=sf-dump-str title=\"212 characters\">&lt;p&gt;Yoast SEO Premium gives you unlimited AI-powered optimization, real-time SEO guidance, and tools to strengthen internal linking and site structure, built into your publishing workflow with no hidden costs.&lt;/p&gt;</span>\"
    \"<span class=sf-dump-key>logo</span>\" => \"<span class=sf-dump-str title=\"41 characters\">upload/integrations/1761658756_netgsm.png</span>\"
    \"<span class=sf-dump-key>price</span>\" => \"<span class=sf-dump-str title=\"7 characters\">1800.00</span>\"
    \"<span class=sf-dump-key>category</span>\" => \"<span class=sf-dump-str title=\"3 characters\">sms</span>\"
    \"<span class=sf-dump-key>is_active</span>\" => <span class=sf-dump-num>1</span>
    \"<span class=sf-dump-key>created_at</span>\" => \"<span class=sf-dump-str title=\"19 characters\">2025-10-28 16:39:16</span>\"
    \"<span class=sf-dump-key>updated_at</span>\" => \"<span class=sf-dump-str title=\"19 characters\">2025-10-28 16:39:16</span>\"
  </samp>]
  #<span class=sf-dump-protected title=\"Protected property\">changes</span>: []
  #<span class=sf-dump-protected title=\"Protected property\">casts</span>: []
  #<span class=sf-dump-protected title=\"Protected property\">classCastCache</span>: []
  #<span class=sf-dump-protected title=\"Protected property\">attributeCastCache</span>: []
  #<span class=sf-dump-protected title=\"Protected property\">dateFormat</span>: <span class=sf-dump-const>null</span>
  #<span class=sf-dump-protected title=\"Protected property\">appends</span>: []
  #<span class=sf-dump-protected title=\"Protected property\">dispatchesEvents</span>: []
  #<span class=sf-dump-protected title=\"Protected property\">observables</span>: []
  #<span class=sf-dump-protected title=\"Protected property\">relations</span>: []
  #<span class=sf-dump-protected title=\"Protected property\">touches</span>: []
  +<span class=sf-dump-public title=\"Public property\">timestamps</span>: <span class=sf-dump-const>true</span>
  +<span class=sf-dump-public title=\"Public property\">usesUniqueIds</span>: <span class=sf-dump-const>false</span>
  #<span class=sf-dump-protected title=\"Protected property\">hidden</span>: []
  #<span class=sf-dump-protected title=\"Protected property\">visible</span>: []
  #<span class=sf-dump-protected title=\"Protected property\">fillable</span>: []
  #<span class=sf-dump-protected title=\"Protected property\">guarded</span>: []
</samp>}
</pre><script>Sfdump(\"sf-dump-946516737\", {\"maxDepth\":3,\"maxStringLength\":160})</script>
","tenant":"<pre class=sf-dump id=sf-dump-2084482143 data-indent-pad=\"  \"><span class=sf-dump-note>App\\Models\\Tenant</span> {<a class=sf-dump-ref>#2214</a><samp data-depth=1 class=sf-dump-expanded>
  #<span class=sf-dump-protected title=\"Protected property\">connection</span>: \"<span class=sf-dump-str title=\"5 characters\">mysql</span>\"
  #<span class=sf-dump-protected title=\"Protected property\">table</span>: \"<span class=sf-dump-str title=\"7 characters\">tenants</span>\"
  #<span class=sf-dump-protected title=\"Protected property\">primaryKey</span>: \"<span class=sf-dump-str title=\"2 characters\">id</span>\"
  #<span class=sf-dump-protected title=\"Protected property\">keyType</span>: \"<span class=sf-dump-str title=\"3 characters\">int</span>\"
  +<span class=sf-dump-public title=\"Public property\">incrementing</span>: <span class=sf-dump-const>true</span>
  #<span class=sf-dump-protected title=\"Protected property\">with</span>: []
  #<span class=sf-dump-protected title=\"Protected property\">withCount</span>: []
  +<span class=sf-dump-public title=\"Public property\">preventsLazyLoading</span>: <span class=sf-dump-const>false</span>
  #<span class=sf-dump-protected title=\"Protected property\">perPage</span>: <span class=sf-dump-num>15</span>
  +<span class=sf-dump-public title=\"Public property\">exists</span>: <span class=sf-dump-const>true</span>
  +<span class=sf-dump-public title=\"Public property\">wasRecentlyCreated</span>: <span class=sf-dump-const>false</span>
  #<span class=sf-dump-protected title=\"Protected property\">escapeWhenCastingToString</span>: <span class=sf-dump-const>false</span>
  #<span class=sf-dump-protected title=\"Protected property\">attributes</span>: <span class=sf-dump-note>array:36</span> [<samp data-depth=2 class=sf-dump-compact>
    \"<span class=sf-dump-key>id</span>\" => <span class=sf-dump-num>3</span>
    \"<span class=sf-dump-key>name</span>\" => \"<span class=sf-dump-str title=\"11 characters\">Deneme Test</span>\"
    \"<span class=sf-dump-key>firma_adi</span>\" => \"<span class=sf-dump-str title=\"11 characters\">Test Teknik</span>\"
    \"<span class=sf-dump-key>firma_slug</span>\" => \"<span class=sf-dump-str title=\"11 characters\">test-teknik</span>\"
    \"<span class=sf-dump-key>username</span>\" => \"<span class=sf-dump-str title=\"14 characters\">testteknik.com</span>\"
    \"<span class=sf-dump-key>eposta</span>\" => \"<span class=sf-dump-str title=\"19 characters\">info@testteknik.com</span>\"
    \"<span class=sf-dump-key>tel1</span>\" => \"<span class=sf-dump-str title=\"12 characters\">210 000 1110</span>\"
    \"<span class=sf-dump-key>tel2</span>\" => <span class=sf-dump-const>null</span>
    \"<span class=sf-dump-key>il</span>\" => \"<span class=sf-dump-str title=\"2 characters\">16</span>\"
    \"<span class=sf-dump-key>ilce</span>\" => \"<span class=sf-dump-str title=\"3 characters\">186</span>\"
    \"<span class=sf-dump-key>adres</span>\" => \"<span class=sf-dump-str title=\"17 characters\">Deneme Sok. No:12</span>\"
    \"<span class=sf-dump-key>webSitesi</span>\" => \"<span class=sf-dump-str title=\"14 characters\">testteknik.com</span>\"
    \"<span class=sf-dump-key>vergiNo</span>\" => \"<span class=sf-dump-str title=\"9 characters\">111111111</span>\"
    \"<span class=sf-dump-key>vergiDairesi</span>\" => \"<span class=sf-dump-str title=\"7 characters\">ESENLER</span>\"
    \"<span class=sf-dump-key>tcNo</span>\" => <span class=sf-dump-const>null</span>
    \"<span class=sf-dump-key>iban</span>\" => \"<span class=sf-dump-str title=\"9 characters\">TR0000000</span>\"
    \"<span class=sf-dump-key>logo</span>\" => \"<span class=sf-dump-str title=\"34 characters\">upload/company_imgs/logo-59538.jpg</span>\"
    \"<span class=sf-dump-key>personelSayisi</span>\" => <span class=sf-dump-num>10</span>
    \"<span class=sf-dump-key>bayiSayisi</span>\" => <span class=sf-dump-num>5</span>
    \"<span class=sf-dump-key>stokSayisi</span>\" => <span class=sf-dump-const>null</span>
    \"<span class=sf-dump-key>konsinyeSayisi</span>\" => <span class=sf-dump-const>null</span>
    \"<span class=sf-dump-key>kdvOrani</span>\" => <span class=sf-dump-const>null</span>
    \"<span class=sf-dump-key>smsKullanici</span>\" => \"<span class=sf-dump-str title=\"10 characters\">8503078405</span>\"
    \"<span class=sf-dump-key>smsSifre</span>\" => \"<span class=sf-dump-str title=\"10 characters\">servis3863</span>\"
    \"<span class=sf-dump-key>smsGonderici</span>\" => \"<span class=sf-dump-str title=\"13 characters\">TEST TKNK SRV</span>\"
    \"<span class=sf-dump-key>smsKaraliste</span>\" => \"<span class=sf-dump-str title=\"19 characters\">http://onay.li/MR74</span>\"
    \"<span class=sf-dump-key>kayitTarihi</span>\" => \"<span class=sf-dump-str title=\"10 characters\">2025-01-15</span>\"
    \"<span class=sf-dump-key>bitisTarihi</span>\" => \"<span class=sf-dump-str title=\"10 characters\">2026-08-26</span>\"
    \"<span class=sf-dump-key>status</span>\" => <span class=sf-dump-num>1</span>
    \"<span class=sf-dump-key>trial_starts_at</span>\" => \"<span class=sf-dump-str title=\"19 characters\">2025-01-15 00:00:00</span>\"
    \"<span class=sf-dump-key>trial_ends_at</span>\" => \"<span class=sf-dump-str title=\"19 characters\">2025-08-26 00:00:00</span>\"
    \"<span class=sf-dump-key>trial_used</span>\" => <span class=sf-dump-num>1</span>
    \"<span class=sf-dump-key>subscription_status</span>\" => \"<span class=sf-dump-str title=\"6 characters\">active</span>\"
    \"<span class=sf-dump-key>subscription_ends_at</span>\" => \"<span class=sf-dump-str title=\"19 characters\">2026-08-26 00:00:00</span>\"
    \"<span class=sf-dump-key>created_at</span>\" => \"<span class=sf-dump-str title=\"19 characters\">2025-01-15 11:57:07</span>\"
    \"<span class=sf-dump-key>updated_at</span>\" => \"<span class=sf-dump-str title=\"19 characters\">2025-09-11 15:26:18</span>\"
  </samp>]
  #<span class=sf-dump-protected title=\"Protected property\">original</span>: <span class=sf-dump-note>array:36</span> [<samp data-depth=2 class=sf-dump-compact>
    \"<span class=sf-dump-key>id</span>\" => <span class=sf-dump-num>3</span>
    \"<span class=sf-dump-key>name</span>\" => \"<span class=sf-dump-str title=\"11 characters\">Deneme Test</span>\"
    \"<span class=sf-dump-key>firma_adi</span>\" => \"<span class=sf-dump-str title=\"11 characters\">Test Teknik</span>\"
    \"<span class=sf-dump-key>firma_slug</span>\" => \"<span class=sf-dump-str title=\"11 characters\">test-teknik</span>\"
    \"<span class=sf-dump-key>username</span>\" => \"<span class=sf-dump-str title=\"14 characters\">testteknik.com</span>\"
    \"<span class=sf-dump-key>eposta</span>\" => \"<span class=sf-dump-str title=\"19 characters\">info@testteknik.com</span>\"
    \"<span class=sf-dump-key>tel1</span>\" => \"<span class=sf-dump-str title=\"12 characters\">210 000 1110</span>\"
    \"<span class=sf-dump-key>tel2</span>\" => <span class=sf-dump-const>null</span>
    \"<span class=sf-dump-key>il</span>\" => \"<span class=sf-dump-str title=\"2 characters\">16</span>\"
    \"<span class=sf-dump-key>ilce</span>\" => \"<span class=sf-dump-str title=\"3 characters\">186</span>\"
    \"<span class=sf-dump-key>adres</span>\" => \"<span class=sf-dump-str title=\"17 characters\">Deneme Sok. No:12</span>\"
    \"<span class=sf-dump-key>webSitesi</span>\" => \"<span class=sf-dump-str title=\"14 characters\">testteknik.com</span>\"
    \"<span class=sf-dump-key>vergiNo</span>\" => \"<span class=sf-dump-str title=\"9 characters\">111111111</span>\"
    \"<span class=sf-dump-key>vergiDairesi</span>\" => \"<span class=sf-dump-str title=\"7 characters\">ESENLER</span>\"
    \"<span class=sf-dump-key>tcNo</span>\" => <span class=sf-dump-const>null</span>
    \"<span class=sf-dump-key>iban</span>\" => \"<span class=sf-dump-str title=\"9 characters\">TR0000000</span>\"
    \"<span class=sf-dump-key>logo</span>\" => \"<span class=sf-dump-str title=\"34 characters\">upload/company_imgs/logo-59538.jpg</span>\"
    \"<span class=sf-dump-key>personelSayisi</span>\" => <span class=sf-dump-num>10</span>
    \"<span class=sf-dump-key>bayiSayisi</span>\" => <span class=sf-dump-num>5</span>
    \"<span class=sf-dump-key>stokSayisi</span>\" => <span class=sf-dump-const>null</span>
    \"<span class=sf-dump-key>konsinyeSayisi</span>\" => <span class=sf-dump-const>null</span>
    \"<span class=sf-dump-key>kdvOrani</span>\" => <span class=sf-dump-const>null</span>
    \"<span class=sf-dump-key>smsKullanici</span>\" => \"<span class=sf-dump-str title=\"10 characters\">8503078405</span>\"
    \"<span class=sf-dump-key>smsSifre</span>\" => \"<span class=sf-dump-str title=\"10 characters\">servis3863</span>\"
    \"<span class=sf-dump-key>smsGonderici</span>\" => \"<span class=sf-dump-str title=\"13 characters\">TEST TKNK SRV</span>\"
    \"<span class=sf-dump-key>smsKaraliste</span>\" => \"<span class=sf-dump-str title=\"19 characters\">http://onay.li/MR74</span>\"
    \"<span class=sf-dump-key>kayitTarihi</span>\" => \"<span class=sf-dump-str title=\"10 characters\">2025-01-15</span>\"
    \"<span class=sf-dump-key>bitisTarihi</span>\" => \"<span class=sf-dump-str title=\"10 characters\">2026-08-26</span>\"
    \"<span class=sf-dump-key>status</span>\" => <span class=sf-dump-num>1</span>
    \"<span class=sf-dump-key>trial_starts_at</span>\" => \"<span class=sf-dump-str title=\"19 characters\">2025-01-15 00:00:00</span>\"
    \"<span class=sf-dump-key>trial_ends_at</span>\" => \"<span class=sf-dump-str title=\"19 characters\">2025-08-26 00:00:00</span>\"
    \"<span class=sf-dump-key>trial_used</span>\" => <span class=sf-dump-num>1</span>
    \"<span class=sf-dump-key>subscription_status</span>\" => \"<span class=sf-dump-str title=\"6 characters\">active</span>\"
    \"<span class=sf-dump-key>subscription_ends_at</span>\" => \"<span class=sf-dump-str title=\"19 characters\">2026-08-26 00:00:00</span>\"
    \"<span class=sf-dump-key>created_at</span>\" => \"<span class=sf-dump-str title=\"19 characters\">2025-01-15 11:57:07</span>\"
    \"<span class=sf-dump-key>updated_at</span>\" => \"<span class=sf-dump-str title=\"19 characters\">2025-09-11 15:26:18</span>\"
  </samp>]
  #<span class=sf-dump-protected title=\"Protected property\">changes</span>: []
  #<span class=sf-dump-protected title=\"Protected property\">casts</span>: <span class=sf-dump-note>array:4</span> [<samp data-depth=2 class=sf-dump-compact>
    \"<span class=sf-dump-key>trial_starts_at</span>\" => \"<span class=sf-dump-str title=\"8 characters\">datetime</span>\"
    \"<span class=sf-dump-key>trial_ends_at</span>\" => \"<span class=sf-dump-str title=\"8 characters\">datetime</span>\"
    \"<span class=sf-dump-key>subscription_ends_at</span>\" => \"<span class=sf-dump-str title=\"8 characters\">datetime</span>\"
    \"<span class=sf-dump-key>trial_used</span>\" => \"<span class=sf-dump-str title=\"7 characters\">boolean</span>\"
  </samp>]
  #<span class=sf-dump-protected title=\"Protected property\">classCastCache</span>: []
  #<span class=sf-dump-protected title=\"Protected property\">attributeCastCache</span>: []
  #<span class=sf-dump-protected title=\"Protected property\">dateFormat</span>: <span class=sf-dump-const>null</span>
  #<span class=sf-dump-protected title=\"Protected property\">appends</span>: []
  #<span class=sf-dump-protected title=\"Protected property\">dispatchesEvents</span>: []
  #<span class=sf-dump-protected title=\"Protected property\">observables</span>: []
  #<span class=sf-dump-protected title=\"Protected property\">relations</span>: []
  #<span class=sf-dump-protected title=\"Protected property\">touches</span>: []
  +<span class=sf-dump-public title=\"Public property\">timestamps</span>: <span class=sf-dump-const>true</span>
  +<span class=sf-dump-public title=\"Public property\">usesUniqueIds</span>: <span class=sf-dump-const>false</span>
  #<span class=sf-dump-protected title=\"Protected property\">hidden</span>: []
  #<span class=sf-dump-protected title=\"Protected property\">visible</span>: []
  #<span class=sf-dump-protected title=\"Protected property\">fillable</span>: []
  #<span class=sf-dump-protected title=\"Protected property\">guarded</span>: []
</samp>}
</pre><script>Sfdump(\"sf-dump-2084482143\", {\"maxDepth\":3,\"maxStringLength\":160})</script>
"}},"userId":6,"exception":"[object] (Spatie\\LaravelIgnition\\Exceptions\\ViewException(code: 0): Undefined variable $isActive at C:\\xampp\\htdocs\\serbiscrm\\resources\\views\\frontend\\secure\\integrations\\detail.blade.php:442)
[stacktrace]
#0 C:\\xampp\\htdocs\\serbiscrm\\vendor\\laravel\\framework\\src\\Illuminate\\Foundation\\Bootstrap\\HandleExceptions.php(254): Illuminate\\Foundation\\Bootstrap\\HandleExceptions->handleError(2, 'Undefined varia...', 'C:\\\\xampp\\\\htdocs...', 443)
#1 C:\\xampp\\htdocs\\serbiscrm\\resources\\views\\frontend\\secure\\integrations\\detail.blade.php(442): Illuminate\\Foundation\\Bootstrap\\HandleExceptions->Illuminate\\Foundation\\Bootstrap\\{closure}(2, 'Undefined varia...', 'C:\\\\xampp\\\\htdocs...', 443)
#2 C:\\xampp\\htdocs\\serbiscrm\\vendor\\laravel\\framework\\src\\Illuminate\\Filesystem\\Filesystem.php(124): require('C:\\\\xampp\\\\htdocs...')
#3 C:\\xampp\\htdocs\\serbiscrm\\vendor\\laravel\\framework\\src\\Illuminate\\Filesystem\\Filesystem.php(125): Illuminate\\Filesystem\\Filesystem::Illuminate\\Filesystem\\{closure}()
#4 C:\\xampp\\htdocs\\serbiscrm\\vendor\\laravel\\framework\\src\\Illuminate\\View\\Engines\\PhpEngine.php(58): Illuminate\\Filesystem\\Filesystem->getRequire('C:\\\\xampp\\\\htdocs...', Array)
#5 C:\\xampp\\htdocs\\serbiscrm\\vendor\\laravel\\framework\\src\\Illuminate\\View\\Engines\\CompilerEngine.php(72): Illuminate\\View\\Engines\\PhpEngine->evaluatePath('C:\\\\xampp\\\\htdocs...', Array)
#6 C:\\xampp\\htdocs\\serbiscrm\\vendor\\laravel\\framework\\src\\Illuminate\\View\\View.php(207): Illuminate\\View\\Engines\\CompilerEngine->get('C:\\\\xampp\\\\htdocs...', Array)
#7 C:\\xampp\\htdocs\\serbiscrm\\vendor\\laravel\\framework\\src\\Illuminate\\View\\View.php(190): Illuminate\\View\\View->getContents()
#8 C:\\xampp\\htdocs\\serbiscrm\\vendor\\laravel\\framework\\src\\Illuminate\\View\\View.php(159): Illuminate\\View\\View->renderContents()
#9 C:\\xampp\\htdocs\\serbiscrm\\vendor\\laravel\\framework\\src\\Illuminate\\Http\\Response.php(69): Illuminate\\View\\View->render()
#10 C:\\xampp\\htdocs\\serbiscrm\\vendor\\laravel\\framework\\src\\Illuminate\\Http\\Response.php(35): Illuminate\\Http\\Response->setContent(Object(Illuminate\\View\\View))
#11 C:\\xampp\\htdocs\\serbiscrm\\vendor\\laravel\\framework\\src\\Illuminate\\Routing\\Router.php(911): Illuminate\\Http\\Response->__construct(Object(Illuminate\\View\\View), 200, Array)
#12 C:\\xampp\\htdocs\\serbiscrm\\vendor\\laravel\\framework\\src\\Illuminate\\Routing\\Router.php(878): Illuminate\\Routing\\Router::toResponse(Object(Illuminate\\Http\\Request), Object(Illuminate\\View\\View))
#13 C:\\xampp\\htdocs\\serbiscrm\\vendor\\laravel\\framework\\src\\Illuminate\\Routing\\Router.php(798): Illuminate\\Routing\\Router->prepareResponse(Object(Illuminate\\Http\\Request), Object(Illuminate\\View\\View))
#14 C:\\xampp\\htdocs\\serbiscrm\\vendor\\laravel\\framework\\src\\Illuminate\\Pipeline\\Pipeline.php(141): Illuminate\\Routing\\Router->Illuminate\\Routing\\{closure}(Object(Illuminate\\Http\\Request))
#15 C:\\xampp\\htdocs\\serbiscrm\\app\\Http\\Middleware\\CheckTenantStatus.php(40): Illuminate\\Pipeline\\Pipeline->Illuminate\\Pipeline\\{closure}(Object(Illuminate\\Http\\Request))
#16 C:\\xampp\\htdocs\\serbiscrm\\vendor\\laravel\\framework\\src\\Illuminate\\Pipeline\\Pipeline.php(180): App\\Http\\Middleware\\CheckTenantStatus->handle(Object(Illuminate\\Http\\Request), Object(Closure))
#17 C:\\xampp\\htdocs\\serbiscrm\\app\\Http\\Middleware\\HandleRedirectAfterLogin.php(28): Illuminate\\Pipeline\\Pipeline->Illuminate\\Pipeline\\{closure}(Object(Illuminate\\Http\\Request))
#18 C:\\xampp\\htdocs\\serbiscrm\\vendor\\laravel\\framework\\src\\Illuminate\\Pipeline\\Pipeline.php(180): App\\Http\\Middleware\\HandleRedirectAfterLogin->handle(Object(Illuminate\\Http\\Request), Object(Closure))
#19 C:\\xampp\\htdocs\\serbiscrm\\app\\Http\\Middleware\\CheckCompanySubscription.php(32): Illuminate\\Pipeline\\Pipeline->Illuminate\\Pipeline\\{closure}(Object(Illuminate\\Http\\Request))
#20 C:\\xampp\\htdocs\\serbiscrm\\vendor\\laravel\\framework\\src\\Illuminate\\Pipeline\\Pipeline.php(180): App\\Http\\Middleware\\CheckCompanySubscription->handle(Object(Illuminate\\Http\\Request), Object(Closure))
#21 C:\\xampp\\htdocs\\serbiscrm\\app\\Http\\Middleware\\CheckTenantId.php(43): Illuminate\\Pipeline\\Pipeline->Illuminate\\Pipeline\\{closure}(Object(Illuminate\\Http\\Request))
#22 C:\\xampp\\htdocs\\serbiscrm\\vendor\\laravel\\framework\\src\\Illuminate\\Pipeline\\Pipeline.php(180): App\\Http\\Middleware\\CheckTenantId->handle(Object(Illuminate\\Http\\Request), Object(Closure))
#23 C:\\xampp\\htdocs\\serbiscrm\\app\\Http\\Middleware\\CheckTrialStatus.php(28): Illuminate\\Pipeline\\Pipeline->Illuminate\\Pipeline\\{closure}(Object(Illuminate\\Http\\Request))
#24 C:\\xampp\\htdocs\\serbiscrm\\vendor\\laravel\\framework\\src\\Illuminate\\Pipeline\\Pipeline.php(180): App\\Http\\Middleware\\CheckTrialStatus->handle(Object(Illuminate\\Http\\Request), Object(Closure))
#25 C:\\xampp\\htdocs\\serbiscrm\\vendor\\laravel\\framework\\src\\Illuminate\\Routing\\Middleware\\SubstituteBindings.php(50): Illuminate\\Pipeline\\Pipeline->Illuminate\\Pipeline\\{closure}(Object(Illuminate\\Http\\Request))
#26 C:\\xampp\\htdocs\\serbiscrm\\vendor\\laravel\\framework\\src\\Illuminate\\Pipeline\\Pipeline.php(180): Illuminate\\Routing\\Middleware\\SubstituteBindings->handle(Object(Illuminate\\Http\\Request), Object(Closure))
#27 C:\\xampp\\htdocs\\serbiscrm\\vendor\\laravel\\framework\\src\\Illuminate\\Auth\\Middleware\\Authenticate.php(57): Illuminate\\Pipeline\\Pipeline->Illuminate\\Pipeline\\{closure}(Object(Illuminate\\Http\\Request))
#28 C:\\xampp\\htdocs\\serbiscrm\\vendor\\laravel\\framework\\src\\Illuminate\\Pipeline\\Pipeline.php(180): Illuminate\\Auth\\Middleware\\Authenticate->handle(Object(Illuminate\\Http\\Request), Object(Closure))
#29 C:\\xampp\\htdocs\\serbiscrm\\vendor\\laravel\\framework\\src\\Illuminate\\Foundation\\Http\\Middleware\\VerifyCsrfToken.php(78): Illuminate\\Pipeline\\Pipeline->Illuminate\\Pipeline\\{closure}(Object(Illuminate\\Http\\Request))
#30 C:\\xampp\\htdocs\\serbiscrm\\vendor\\laravel\\framework\\src\\Illuminate\\Pipeline\\Pipeline.php(180): Illuminate\\Foundation\\Http\\Middleware\\VerifyCsrfToken->handle(Object(Illuminate\\Http\\Request), Object(Closure))
#31 C:\\xampp\\htdocs\\serbiscrm\\vendor\\laravel\\framework\\src\\Illuminate\\View\\Middleware\\ShareErrorsFromSession.php(49): Illuminate\\Pipeline\\Pipeline->Illuminate\\Pipeline\\{closure}(Object(Illuminate\\Http\\Request))
#32 C:\\xampp\\htdocs\\serbiscrm\\vendor\\laravel\\framework\\src\\Illuminate\\Pipeline\\Pipeline.php(180): Illuminate\\View\\Middleware\\ShareErrorsFromSession->handle(Object(Illuminate\\Http\\Request), Object(Closure))
#33 C:\\xampp\\htdocs\\serbiscrm\\vendor\\laravel\\framework\\src\\Illuminate\\Session\\Middleware\\StartSession.php(121): Illuminate\\Pipeline\\Pipeline->Illuminate\\Pipeline\\{closure}(Object(Illuminate\\Http\\Request))
#34 C:\\xampp\\htdocs\\serbiscrm\\vendor\\laravel\\framework\\src\\Illuminate\\Session\\Middleware\\StartSession.php(64): Illuminate\\Session\\Middleware\\StartSession->handleStatefulRequest(Object(Illuminate\\Http\\Request), Object(Illuminate\\Session\\Store), Object(Closure))
#35 C:\\xampp\\htdocs\\serbiscrm\\vendor\\laravel\\framework\\src\\Illuminate\\Pipeline\\Pipeline.php(180): Illuminate\\Session\\Middleware\\StartSession->handle(Object(Illuminate\\Http\\Request), Object(Closure))
#36 C:\\xampp\\htdocs\\serbiscrm\\vendor\\laravel\\framework\\src\\Illuminate\\Cookie\\Middleware\\AddQueuedCookiesToResponse.php(37): Illuminate\\Pipeline\\Pipeline->Illuminate\\Pipeline\\{closure}(Object(Illuminate\\Http\\Request))
#37 C:\\xampp\\htdocs\\serbiscrm\\vendor\\laravel\\framework\\src\\Illuminate\\Pipeline\\Pipeline.php(180): Illuminate\\Cookie\\Middleware\\AddQueuedCookiesToResponse->handle(Object(Illuminate\\Http\\Request), Object(Closure))
#38 C:\\xampp\\htdocs\\serbiscrm\\vendor\\laravel\\framework\\src\\Illuminate\\Cookie\\Middleware\\EncryptCookies.php(67): Illuminate\\Pipeline\\Pipeline->Illuminate\\Pipeline\\{closure}(Object(Illuminate\\Http\\Request))
#39 C:\\xampp\\htdocs\\serbiscrm\\vendor\\laravel\\framework\\src\\Illuminate\\Pipeline\\Pipeline.php(180): Illuminate\\Cookie\\Middleware\\EncryptCookies->handle(Object(Illuminate\\Http\\Request), Object(Closure))
#40 C:\\xampp\\htdocs\\serbiscrm\\vendor\\laravel\\framework\\src\\Illuminate\\Pipeline\\Pipeline.php(116): Illuminate\\Pipeline\\Pipeline->Illuminate\\Pipeline\\{closure}(Object(Illuminate\\Http\\Request))
#41 C:\\xampp\\htdocs\\serbiscrm\\vendor\\laravel\\framework\\src\\Illuminate\\Routing\\Router.php(798): Illuminate\\Pipeline\\Pipeline->then(Object(Closure))
#42 C:\\xampp\\htdocs\\serbiscrm\\vendor\\laravel\\framework\\src\\Illuminate\\Routing\\Router.php(777): Illuminate\\Routing\\Router->runRouteWithinStack(Object(Illuminate\\Routing\\Route), Object(Illuminate\\Http\\Request))
#43 C:\\xampp\\htdocs\\serbiscrm\\vendor\\laravel\\framework\\src\\Illuminate\\Routing\\Router.php(741): Illuminate\\Routing\\Router->runRoute(Object(Illuminate\\Http\\Request), Object(Illuminate\\Routing\\Route))
#44 C:\\xampp\\htdocs\\serbiscrm\\vendor\\laravel\\framework\\src\\Illuminate\\Routing\\Router.php(730): Illuminate\\Routing\\Router->dispatchToRoute(Object(Illuminate\\Http\\Request))
#45 C:\\xampp\\htdocs\\serbiscrm\\vendor\\laravel\\framework\\src\\Illuminate\\Foundation\\Http\\Kernel.php(200): Illuminate\\Routing\\Router->dispatch(Object(Illuminate\\Http\\Request))
#46 C:\\xampp\\htdocs\\serbiscrm\\vendor\\laravel\\framework\\src\\Illuminate\\Pipeline\\Pipeline.php(141): Illuminate\\Foundation\\Http\\Kernel->Illuminate\\Foundation\\Http\\{closure}(Object(Illuminate\\Http\\Request))
#47 C:\\xampp\\htdocs\\serbiscrm\\app\\Http\\Middleware\\ImpersonationMiddleware.php(51): Illuminate\\Pipeline\\Pipeline->Illuminate\\Pipeline\\{closure}(Object(Illuminate\\Http\\Request))
#48 C:\\xampp\\htdocs\\serbiscrm\\vendor\\laravel\\framework\\src\\Illuminate\\Pipeline\\Pipeline.php(180): App\\Http\\Middleware\\ImpersonationMiddleware->handle(Object(Illuminate\\Http\\Request), Object(Closure))
#49 C:\\xampp\\htdocs\\serbiscrm\\vendor\\laravel\\framework\\src\\Illuminate\\Foundation\\Http\\Middleware\\TransformsRequest.php(21): Illuminate\\Pipeline\\Pipeline->Illuminate\\Pipeline\\{closure}(Object(Illuminate\\Http\\Request))
#50 C:\\xampp\\htdocs\\serbiscrm\\vendor\\laravel\\framework\\src\\Illuminate\\Foundation\\Http\\Middleware\\ConvertEmptyStringsToNull.php(31): Illuminate\\Foundation\\Http\\Middleware\\TransformsRequest->handle(Object(Illuminate\\Http\\Request), Object(Closure))
#51 C:\\xampp\\htdocs\\serbiscrm\\vendor\\laravel\\framework\\src\\Illuminate\\Pipeline\\Pipeline.php(180): Illuminate\\Foundation\\Http\\Middleware\\ConvertEmptyStringsToNull->handle(Object(Illuminate\\Http\\Request), Object(Closure))
#52 C:\\xampp\\htdocs\\serbiscrm\\vendor\\laravel\\framework\\src\\Illuminate\\Foundation\\Http\\Middleware\\TransformsRequest.php(21): Illuminate\\Pipeline\\Pipeline->Illuminate\\Pipeline\\{closure}(Object(Illuminate\\Http\\Request))
#53 C:\\xampp\\htdocs\\serbiscrm\\vendor\\laravel\\framework\\src\\Illuminate\\Foundation\\Http\\Middleware\\TrimStrings.php(40): Illuminate\\Foundation\\Http\\Middleware\\TransformsRequest->handle(Object(Illuminate\\Http\\Request), Object(Closure))
#54 C:\\xampp\\htdocs\\serbiscrm\\vendor\\laravel\\framework\\src\\Illuminate\\Pipeline\\Pipeline.php(180): Illuminate\\Foundation\\Http\\Middleware\\TrimStrings->handle(Object(Illuminate\\Http\\Request), Object(Closure))
#55 C:\\xampp\\htdocs\\serbiscrm\\vendor\\laravel\\framework\\src\\Illuminate\\Foundation\\Http\\Middleware\\ValidatePostSize.php(27): Illuminate\\Pipeline\\Pipeline->Illuminate\\Pipeline\\{closure}(Object(Illuminate\\Http\\Request))
#56 C:\\xampp\\htdocs\\serbiscrm\\vendor\\laravel\\framework\\src\\Illuminate\\Pipeline\\Pipeline.php(180): Illuminate\\Foundation\\Http\\Middleware\\ValidatePostSize->handle(Object(Illuminate\\Http\\Request), Object(Closure))
#57 C:\\xampp\\htdocs\\serbiscrm\\vendor\\laravel\\framework\\src\\Illuminate\\Foundation\\Http\\Middleware\\PreventRequestsDuringMaintenance.php(99): Illuminate\\Pipeline\\Pipeline->Illuminate\\Pipeline\\{closure}(Object(Illuminate\\Http\\Request))
#58 C:\\xampp\\htdocs\\serbiscrm\\vendor\\laravel\\framework\\src\\Illuminate\\Pipeline\\Pipeline.php(180): Illuminate\\Foundation\\Http\\Middleware\\PreventRequestsDuringMaintenance->handle(Object(Illuminate\\Http\\Request), Object(Closure))
#59 C:\\xampp\\htdocs\\serbiscrm\\vendor\\laravel\\framework\\src\\Illuminate\\Http\\Middleware\\HandleCors.php(49): Illuminate\\Pipeline\\Pipeline->Illuminate\\Pipeline\\{closure}(Object(Illuminate\\Http\\Request))
#60 C:\\xampp\\htdocs\\serbiscrm\\vendor\\laravel\\framework\\src\\Illuminate\\Pipeline\\Pipeline.php(180): Illuminate\\Http\\Middleware\\HandleCors->handle(Object(Illuminate\\Http\\Request), Object(Closure))
#61 C:\\xampp\\htdocs\\serbiscrm\\vendor\\laravel\\framework\\src\\Illuminate\\Http\\Middleware\\TrustProxies.php(39): Illuminate\\Pipeline\\Pipeline->Illuminate\\Pipeline\\{closure}(Object(Illuminate\\Http\\Request))
#62 C:\\xampp\\htdocs\\serbiscrm\\vendor\\laravel\\framework\\src\\Illuminate\\Pipeline\\Pipeline.php(180): Illuminate\\Http\\Middleware\\TrustProxies->handle(Object(Illuminate\\Http\\Request), Object(Closure))
#63 C:\\xampp\\htdocs\\serbiscrm\\vendor\\laravel\\framework\\src\\Illuminate\\Pipeline\\Pipeline.php(116): Illuminate\\Pipeline\\Pipeline->Illuminate\\Pipeline\\{closure}(Object(Illuminate\\Http\\Request))
#64 C:\\xampp\\htdocs\\serbiscrm\\vendor\\laravel\\framework\\src\\Illuminate\\Foundation\\Http\\Kernel.php(175): Illuminate\\Pipeline\\Pipeline->then(Object(Closure))
#65 C:\\xampp\\htdocs\\serbiscrm\\vendor\\laravel\\framework\\src\\Illuminate\\Foundation\\Http\\Kernel.php(144): Illuminate\\Foundation\\Http\\Kernel->sendRequestThroughRouter(Object(Illuminate\\Http\\Request))
#66 C:\\xampp\\htdocs\\serbiscrm\\public\\index.php(51): Illuminate\\Foundation\\Http\\Kernel->handle(Object(Illuminate\\Http\\Request))
#67 C:\\xampp\\htdocs\\serbiscrm\\vendor\\laravel\\framework\\src\\Illuminate\\Foundation\\resources\\server.php(16): require_once('C:\\\\xampp\\\\htdocs...')
#68 {main}

[previous exception] [object] (ErrorException(code: 0): Undefined variable $isActive at C:\\xampp\\htdocs\\serbiscrm\\storage\\framework\\views\\098e79e6c68d494e67a6ee1047968136.php:443)
[stacktrace]
#0 C:\\xampp\\htdocs\\serbiscrm\\vendor\\laravel\\framework\\src\\Illuminate\\Foundation\\Bootstrap\\HandleExceptions.php(254): Illuminate\\Foundation\\Bootstrap\\HandleExceptions->handleError(2, 'Undefined varia...', 'C:\\\\xampp\\\\htdocs...', 443)
#1 C:\\xampp\\htdocs\\serbiscrm\\storage\\framework\\views\\098e79e6c68d494e67a6ee1047968136.php(443): Illuminate\\Foundation\\Bootstrap\\HandleExceptions->Illuminate\\Foundation\\Bootstrap\\{closure}(2, 'Undefined varia...', 'C:\\\\xampp\\\\htdocs...', 443)
#2 C:\\xampp\\htdocs\\serbiscrm\\vendor\\laravel\\framework\\src\\Illuminate\\Filesystem\\Filesystem.php(124): require('C:\\\\xampp\\\\htdocs...')
#3 C:\\xampp\\htdocs\\serbiscrm\\vendor\\laravel\\framework\\src\\Illuminate\\Filesystem\\Filesystem.php(125): Illuminate\\Filesystem\\Filesystem::Illuminate\\Filesystem\\{closure}()
#4 C:\\xampp\\htdocs\\serbiscrm\\vendor\\laravel\\framework\\src\\Illuminate\\View\\Engines\\PhpEngine.php(58): Illuminate\\Filesystem\\Filesystem->getRequire('C:\\\\xampp\\\\htdocs...', Array)
#5 C:\\xampp\\htdocs\\serbiscrm\\vendor\\laravel\\framework\\src\\Illuminate\\View\\Engines\\CompilerEngine.php(72): Illuminate\\View\\Engines\\PhpEngine->evaluatePath('C:\\\\xampp\\\\htdocs...', Array)
#6 C:\\xampp\\htdocs\\serbiscrm\\vendor\\laravel\\framework\\src\\Illuminate\\View\\View.php(207): Illuminate\\View\\Engines\\CompilerEngine->get('C:\\\\xampp\\\\htdocs...', Array)
#7 C:\\xampp\\htdocs\\serbiscrm\\vendor\\laravel\\framework\\src\\Illuminate\\View\\View.php(190): Illuminate\\View\\View->getContents()
#8 C:\\xampp\\htdocs\\serbiscrm\\vendor\\laravel\\framework\\src\\Illuminate\\View\\View.php(159): Illuminate\\View\\View->renderContents()
#9 C:\\xampp\\htdocs\\serbiscrm\\vendor\\laravel\\framework\\src\\Illuminate\\Http\\Response.php(69): Illuminate\\View\\View->render()
#10 C:\\xampp\\htdocs\\serbiscrm\\vendor\\laravel\\framework\\src\\Illuminate\\Http\\Response.php(35): Illuminate\\Http\\Response->setContent(Object(Illuminate\\View\\View))
#11 C:\\xampp\\htdocs\\serbiscrm\\vendor\\laravel\\framework\\src\\Illuminate\\Routing\\Router.php(911): Illuminate\\Http\\Response->__construct(Object(Illuminate\\View\\View), 200, Array)
#12 C:\\xampp\\htdocs\\serbiscrm\\vendor\\laravel\\framework\\src\\Illuminate\\Routing\\Router.php(878): Illuminate\\Routing\\Router::toResponse(Object(Illuminate\\Http\\Request), Object(Illuminate\\View\\View))
#13 C:\\xampp\\htdocs\\serbiscrm\\vendor\\laravel\\framework\\src\\Illuminate\\Routing\\Router.php(798): Illuminate\\Routing\\Router->prepareResponse(Object(Illuminate\\Http\\Request), Object(Illuminate\\View\\View))
#14 C:\\xampp\\htdocs\\serbiscrm\\vendor\\laravel\\framework\\src\\Illuminate\\Pipeline\\Pipeline.php(141): Illuminate\\Routing\\Router->Illuminate\\Routing\\{closure}(Object(Illuminate\\Http\\Request))
#15 C:\\xampp\\htdocs\\serbiscrm\\app\\Http\\Middleware\\CheckTenantStatus.php(40): Illuminate\\Pipeline\\Pipeline->Illuminate\\Pipeline\\{closure}(Object(Illuminate\\Http\\Request))
#16 C:\\xampp\\htdocs\\serbiscrm\\vendor\\laravel\\framework\\src\\Illuminate\\Pipeline\\Pipeline.php(180): App\\Http\\Middleware\\CheckTenantStatus->handle(Object(Illuminate\\Http\\Request), Object(Closure))
#17 C:\\xampp\\htdocs\\serbiscrm\\app\\Http\\Middleware\\HandleRedirectAfterLogin.php(28): Illuminate\\Pipeline\\Pipeline->Illuminate\\Pipeline\\{closure}(Object(Illuminate\\Http\\Request))
#18 C:\\xampp\\htdocs\\serbiscrm\\vendor\\laravel\\framework\\src\\Illuminate\\Pipeline\\Pipeline.php(180): App\\Http\\Middleware\\HandleRedirectAfterLogin->handle(Object(Illuminate\\Http\\Request), Object(Closure))
#19 C:\\xampp\\htdocs\\serbiscrm\\app\\Http\\Middleware\\CheckCompanySubscription.php(32): Illuminate\\Pipeline\\Pipeline->Illuminate\\Pipeline\\{closure}(Object(Illuminate\\Http\\Request))
#20 C:\\xampp\\htdocs\\serbiscrm\\vendor\\laravel\\framework\\src\\Illuminate\\Pipeline\\Pipeline.php(180): App\\Http\\Middleware\\CheckCompanySubscription->handle(Object(Illuminate\\Http\\Request), Object(Closure))
#21 C:\\xampp\\htdocs\\serbiscrm\\app\\Http\\Middleware\\CheckTenantId.php(43): Illuminate\\Pipeline\\Pipeline->Illuminate\\Pipeline\\{closure}(Object(Illuminate\\Http\\Request))
#22 C:\\xampp\\htdocs\\serbiscrm\\vendor\\laravel\\framework\\src\\Illuminate\\Pipeline\\Pipeline.php(180): App\\Http\\Middleware\\CheckTenantId->handle(Object(Illuminate\\Http\\Request), Object(Closure))
#23 C:\\xampp\\htdocs\\serbiscrm\\app\\Http\\Middleware\\CheckTrialStatus.php(28): Illuminate\\Pipeline\\Pipeline->Illuminate\\Pipeline\\{closure}(Object(Illuminate\\Http\\Request))
#24 C:\\xampp\\htdocs\\serbiscrm\\vendor\\laravel\\framework\\src\\Illuminate\\Pipeline\\Pipeline.php(180): App\\Http\\Middleware\\CheckTrialStatus->handle(Object(Illuminate\\Http\\Request), Object(Closure))
#25 C:\\xampp\\htdocs\\serbiscrm\\vendor\\laravel\\framework\\src\\Illuminate\\Routing\\Middleware\\SubstituteBindings.php(50): Illuminate\\Pipeline\\Pipeline->Illuminate\\Pipeline\\{closure}(Object(Illuminate\\Http\\Request))
#26 C:\\xampp\\htdocs\\serbiscrm\\vendor\\laravel\\framework\\src\\Illuminate\\Pipeline\\Pipeline.php(180): Illuminate\\Routing\\Middleware\\SubstituteBindings->handle(Object(Illuminate\\Http\\Request), Object(Closure))
#27 C:\\xampp\\htdocs\\serbiscrm\\vendor\\laravel\\framework\\src\\Illuminate\\Auth\\Middleware\\Authenticate.php(57): Illuminate\\Pipeline\\Pipeline->Illuminate\\Pipeline\\{closure}(Object(Illuminate\\Http\\Request))
#28 C:\\xampp\\htdocs\\serbiscrm\\vendor\\laravel\\framework\\src\\Illuminate\\Pipeline\\Pipeline.php(180): Illuminate\\Auth\\Middleware\\Authenticate->handle(Object(Illuminate\\Http\\Request), Object(Closure))
#29 C:\\xampp\\htdocs\\serbiscrm\\vendor\\laravel\\framework\\src\\Illuminate\\Foundation\\Http\\Middleware\\VerifyCsrfToken.php(78): Illuminate\\Pipeline\\Pipeline->Illuminate\\Pipeline\\{closure}(Object(Illuminate\\Http\\Request))
#30 C:\\xampp\\htdocs\\serbiscrm\\vendor\\laravel\\framework\\src\\Illuminate\\Pipeline\\Pipeline.php(180): Illuminate\\Foundation\\Http\\Middleware\\VerifyCsrfToken->handle(Object(Illuminate\\Http\\Request), Object(Closure))
#31 C:\\xampp\\htdocs\\serbiscrm\\vendor\\laravel\\framework\\src\\Illuminate\\View\\Middleware\\ShareErrorsFromSession.php(49): Illuminate\\Pipeline\\Pipeline->Illuminate\\Pipeline\\{closure}(Object(Illuminate\\Http\\Request))
#32 C:\\xampp\\htdocs\\serbiscrm\\vendor\\laravel\\framework\\src\\Illuminate\\Pipeline\\Pipeline.php(180): Illuminate\\View\\Middleware\\ShareErrorsFromSession->handle(Object(Illuminate\\Http\\Request), Object(Closure))
#33 C:\\xampp\\htdocs\\serbiscrm\\vendor\\laravel\\framework\\src\\Illuminate\\Session\\Middleware\\StartSession.php(121): Illuminate\\Pipeline\\Pipeline->Illuminate\\Pipeline\\{closure}(Object(Illuminate\\Http\\Request))
#34 C:\\xampp\\htdocs\\serbiscrm\\vendor\\laravel\\framework\\src\\Illuminate\\Session\\Middleware\\StartSession.php(64): Illuminate\\Session\\Middleware\\StartSession->handleStatefulRequest(Object(Illuminate\\Http\\Request), Object(Illuminate\\Session\\Store), Object(Closure))
#35 C:\\xampp\\htdocs\\serbiscrm\\vendor\\laravel\\framework\\src\\Illuminate\\Pipeline\\Pipeline.php(180): Illuminate\\Session\\Middleware\\StartSession->handle(Object(Illuminate\\Http\\Request), Object(Closure))
#36 C:\\xampp\\htdocs\\serbiscrm\\vendor\\laravel\\framework\\src\\Illuminate\\Cookie\\Middleware\\AddQueuedCookiesToResponse.php(37): Illuminate\\Pipeline\\Pipeline->Illuminate\\Pipeline\\{closure}(Object(Illuminate\\Http\\Request))
#37 C:\\xampp\\htdocs\\serbiscrm\\vendor\\laravel\\framework\\src\\Illuminate\\Pipeline\\Pipeline.php(180): Illuminate\\Cookie\\Middleware\\AddQueuedCookiesToResponse->handle(Object(Illuminate\\Http\\Request), Object(Closure))
#38 C:\\xampp\\htdocs\\serbiscrm\\vendor\\laravel\\framework\\src\\Illuminate\\Cookie\\Middleware\\EncryptCookies.php(67): Illuminate\\Pipeline\\Pipeline->Illuminate\\Pipeline\\{closure}(Object(Illuminate\\Http\\Request))
#39 C:\\xampp\\htdocs\\serbiscrm\\vendor\\laravel\\framework\\src\\Illuminate\\Pipeline\\Pipeline.php(180): Illuminate\\Cookie\\Middleware\\EncryptCookies->handle(Object(Illuminate\\Http\\Request), Object(Closure))
#40 C:\\xampp\\htdocs\\serbiscrm\\vendor\\laravel\\framework\\src\\Illuminate\\Pipeline\\Pipeline.php(116): Illuminate\\Pipeline\\Pipeline->Illuminate\\Pipeline\\{closure}(Object(Illuminate\\Http\\Request))
#41 C:\\xampp\\htdocs\\serbiscrm\\vendor\\laravel\\framework\\src\\Illuminate\\Routing\\Router.php(798): Illuminate\\Pipeline\\Pipeline->then(Object(Closure))
#42 C:\\xampp\\htdocs\\serbiscrm\\vendor\\laravel\\framework\\src\\Illuminate\\Routing\\Router.php(777): Illuminate\\Routing\\Router->runRouteWithinStack(Object(Illuminate\\Routing\\Route), Object(Illuminate\\Http\\Request))
#43 C:\\xampp\\htdocs\\serbiscrm\\vendor\\laravel\\framework\\src\\Illuminate\\Routing\\Router.php(741): Illuminate\\Routing\\Router->runRoute(Object(Illuminate\\Http\\Request), Object(Illuminate\\Routing\\Route))
#44 C:\\xampp\\htdocs\\serbiscrm\\vendor\\laravel\\framework\\src\\Illuminate\\Routing\\Router.php(730): Illuminate\\Routing\\Router->dispatchToRoute(Object(Illuminate\\Http\\Request))
#45 C:\\xampp\\htdocs\\serbiscrm\\vendor\\laravel\\framework\\src\\Illuminate\\Foundation\\Http\\Kernel.php(200): Illuminate\\Routing\\Router->dispatch(Object(Illuminate\\Http\\Request))
#46 C:\\xampp\\htdocs\\serbiscrm\\vendor\\laravel\\framework\\src\\Illuminate\\Pipeline\\Pipeline.php(141): Illuminate\\Foundation\\Http\\Kernel->Illuminate\\Foundation\\Http\\{closure}(Object(Illuminate\\Http\\Request))
#47 C:\\xampp\\htdocs\\serbiscrm\\app\\Http\\Middleware\\ImpersonationMiddleware.php(51): Illuminate\\Pipeline\\Pipeline->Illuminate\\Pipeline\\{closure}(Object(Illuminate\\Http\\Request))
#48 C:\\xampp\\htdocs\\serbiscrm\\vendor\\laravel\\framework\\src\\Illuminate\\Pipeline\\Pipeline.php(180): App\\Http\\Middleware\\ImpersonationMiddleware->handle(Object(Illuminate\\Http\\Request), Object(Closure))
#49 C:\\xampp\\htdocs\\serbiscrm\\vendor\\laravel\\framework\\src\\Illuminate\\Foundation\\Http\\Middleware\\TransformsRequest.php(21): Illuminate\\Pipeline\\Pipeline->Illuminate\\Pipeline\\{closure}(Object(Illuminate\\Http\\Request))
#50 C:\\xampp\\htdocs\\serbiscrm\\vendor\\laravel\\framework\\src\\Illuminate\\Foundation\\Http\\Middleware\\ConvertEmptyStringsToNull.php(31): Illuminate\\Foundation\\Http\\Middleware\\TransformsRequest->handle(Object(Illuminate\\Http\\Request), Object(Closure))
#51 C:\\xampp\\htdocs\\serbiscrm\\vendor\\laravel\\framework\\src\\Illuminate\\Pipeline\\Pipeline.php(180): Illuminate\\Foundation\\Http\\Middleware\\ConvertEmptyStringsToNull->handle(Object(Illuminate\\Http\\Request), Object(Closure))
#52 C:\\xampp\\htdocs\\serbiscrm\\vendor\\laravel\\framework\\src\\Illuminate\\Foundation\\Http\\Middleware\\TransformsRequest.php(21): Illuminate\\Pipeline\\Pipeline->Illuminate\\Pipeline\\{closure}(Object(Illuminate\\Http\\Request))
#53 C:\\xampp\\htdocs\\serbiscrm\\vendor\\laravel\\framework\\src\\Illuminate\\Foundation\\Http\\Middleware\\TrimStrings.php(40): Illuminate\\Foundation\\Http\\Middleware\\TransformsRequest->handle(Object(Illuminate\\Http\\Request), Object(Closure))
#54 C:\\xampp\\htdocs\\serbiscrm\\vendor\\laravel\\framework\\src\\Illuminate\\Pipeline\\Pipeline.php(180): Illuminate\\Foundation\\Http\\Middleware\\TrimStrings->handle(Object(Illuminate\\Http\\Request), Object(Closure))
#55 C:\\xampp\\htdocs\\serbiscrm\\vendor\\laravel\\framework\\src\\Illuminate\\Foundation\\Http\\Middleware\\ValidatePostSize.php(27): Illuminate\\Pipeline\\Pipeline->Illuminate\\Pipeline\\{closure}(Object(Illuminate\\Http\\Request))
#56 C:\\xampp\\htdocs\\serbiscrm\\vendor\\laravel\\framework\\src\\Illuminate\\Pipeline\\Pipeline.php(180): Illuminate\\Foundation\\Http\\Middleware\\ValidatePostSize->handle(Object(Illuminate\\Http\\Request), Object(Closure))
#57 C:\\xampp\\htdocs\\serbiscrm\\vendor\\laravel\\framework\\src\\Illuminate\\Foundation\\Http\\Middleware\\PreventRequestsDuringMaintenance.php(99): Illuminate\\Pipeline\\Pipeline->Illuminate\\Pipeline\\{closure}(Object(Illuminate\\Http\\Request))
#58 C:\\xampp\\htdocs\\serbiscrm\\vendor\\laravel\\framework\\src\\Illuminate\\Pipeline\\Pipeline.php(180): Illuminate\\Foundation\\Http\\Middleware\\PreventRequestsDuringMaintenance->handle(Object(Illuminate\\Http\\Request), Object(Closure))
#59 C:\\xampp\\htdocs\\serbiscrm\\vendor\\laravel\\framework\\src\\Illuminate\\Http\\Middleware\\HandleCors.php(49): Illuminate\\Pipeline\\Pipeline->Illuminate\\Pipeline\\{closure}(Object(Illuminate\\Http\\Request))
#60 C:\\xampp\\htdocs\\serbiscrm\\vendor\\laravel\\framework\\src\\Illuminate\\Pipeline\\Pipeline.php(180): Illuminate\\Http\\Middleware\\HandleCors->handle(Object(Illuminate\\Http\\Request), Object(Closure))
#61 C:\\xampp\\htdocs\\serbiscrm\\vendor\\laravel\\framework\\src\\Illuminate\\Http\\Middleware\\TrustProxies.php(39): Illuminate\\Pipeline\\Pipeline->Illuminate\\Pipeline\\{closure}(Object(Illuminate\\Http\\Request))
#62 C:\\xampp\\htdocs\\serbiscrm\\vendor\\laravel\\framework\\src\\Illuminate\\Pipeline\\Pipeline.php(180): Illuminate\\Http\\Middleware\\TrustProxies->handle(Object(Illuminate\\Http\\Request), Object(Closure))
#63 C:\\xampp\\htdocs\\serbiscrm\\vendor\\laravel\\framework\\src\\Illuminate\\Pipeline\\Pipeline.php(116): Illuminate\\Pipeline\\Pipeline->Illuminate\\Pipeline\\{closure}(Object(Illuminate\\Http\\Request))
#64 C:\\xampp\\htdocs\\serbiscrm\\vendor\\laravel\\framework\\src\\Illuminate\\Foundation\\Http\\Kernel.php(175): Illuminate\\Pipeline\\Pipeline->then(Object(Closure))
#65 C:\\xampp\\htdocs\\serbiscrm\\vendor\\laravel\\framework\\src\\Illuminate\\Foundation\\Http\\Kernel.php(144): Illuminate\\Foundation\\Http\\Kernel->sendRequestThroughRouter(Object(Illuminate\\Http\\Request))
#66 C:\\xampp\\htdocs\\serbiscrm\\public\\index.php(51): Illuminate\\Foundation\\Http\\Kernel->handle(Object(Illuminate\\Http\\Request))
#67 C:\\xampp\\htdocs\\serbiscrm\\vendor\\laravel\\framework\\src\\Illuminate\\Foundation\\resources\\server.php(16): require_once('C:\\\\xampp\\\\htdocs...')
#68 {main}
"} 
[2025-10-30 11:09:31] local.INFO: All active products count: 0  
[2025-10-30 11:09:31] local.INFO: Final Alerts Result: {"critical_count":0,"low_count":0,"total_products_checked":0} 
[2025-10-30 11:10:04] local.ERROR: SQLSTATE[23000]: Integrity constraint violation: 1062 Duplicate entry 'ahmet' for key 'tb_user_username_unique' (Connection: mysql, SQL: insert into `tb_user` (`tenant_id`, `username`, `eposta`, `baslamaTarihi`, `name`, `tel`, `il`, `ilce`, `address`, `password`, `status`, `updated_at`, `created_at`) values (27, ahmet, ahmet@ctsisitma.com, 2025-10-30, Ahmet fff, 565 656 5656, 2, 16, rrty, $2y$12$UUpSQ7gKuYt1.2P8FRvqje9USLh0/vS6s8HtskrsZYIvoxGTI.dzS, 1, 2025-10-30 11:10:03, 2025-10-30 11:10:03)) {"userId":47,"exception":"[object] (Illuminate\\Database\\UniqueConstraintViolationException(code: 23000): SQLSTATE[23000]: Integrity constraint violation: 1062 Duplicate entry 'ahmet' for key 'tb_user_username_unique' (Connection: mysql, SQL: insert into `tb_user` (`tenant_id`, `username`, `eposta`, `baslamaTarihi`, `name`, `tel`, `il`, `ilce`, `address`, `password`, `status`, `updated_at`, `created_at`) values (27, ahmet, ahmet@ctsisitma.com, 2025-10-30, Ahmet fff, 565 656 5656, 2, 16, rrty, $2y$12$UUpSQ7gKuYt1.2P8FRvqje9USLh0/vS6s8HtskrsZYIvoxGTI.dzS, 1, 2025-10-30 11:10:03, 2025-10-30 11:10:03)) at C:\\xampp\\htdocs\\serbiscrm\\vendor\\laravel\\framework\\src\\Illuminate\\Database\\Connection.php:817)
[stacktrace]
#0 C:\\xampp\\htdocs\\serbiscrm\\vendor\\laravel\\framework\\src\\Illuminate\\Database\\Connection.php(776): Illuminate\\Database\\Connection->runQueryCallback('insert into `tb...', Array, Object(Closure))
#1 C:\\xampp\\htdocs\\serbiscrm\\vendor\\laravel\\framework\\src\\Illuminate\\Database\\Connection.php(569): Illuminate\\Database\\Connection->run('insert into `tb...', Array, Object(Closure))
#2 C:\\xampp\\htdocs\\serbiscrm\\vendor\\laravel\\framework\\src\\Illuminate\\Database\\Connection.php(533): Illuminate\\Database\\Connection->statement('insert into `tb...', Array)
#3 C:\\xampp\\htdocs\\serbiscrm\\vendor\\laravel\\framework\\src\\Illuminate\\Database\\Query\\Processors\\Processor.php(32): Illuminate\\Database\\Connection->insert('insert into `tb...', Array)
#4 C:\\xampp\\htdocs\\serbiscrm\\vendor\\laravel\\framework\\src\\Illuminate\\Database\\Query\\Builder.php(3387): Illuminate\\Database\\Query\\Processors\\Processor->processInsertGetId(Object(Illuminate\\Database\\Query\\Builder), 'insert into `tb...', Array, 'user_id')
#5 C:\\xampp\\htdocs\\serbiscrm\\vendor\\laravel\\framework\\src\\Illuminate\\Database\\Eloquent\\Builder.php(1968): Illuminate\\Database\\Query\\Builder->insertGetId(Array, 'user_id')
#6 C:\\xampp\\htdocs\\serbiscrm\\vendor\\laravel\\framework\\src\\Illuminate\\Database\\Eloquent\\Model.php(1333): Illuminate\\Database\\Eloquent\\Builder->__call('insertGetId', Array)
#7 C:\\xampp\\htdocs\\serbiscrm\\vendor\\laravel\\framework\\src\\Illuminate\\Database\\Eloquent\\Model.php(1298): Illuminate\\Database\\Eloquent\\Model->insertAndSetId(Object(Illuminate\\Database\\Eloquent\\Builder), Array)
#8 C:\\xampp\\htdocs\\serbiscrm\\vendor\\laravel\\framework\\src\\Illuminate\\Database\\Eloquent\\Model.php(1137): Illuminate\\Database\\Eloquent\\Model->performInsert(Object(Illuminate\\Database\\Eloquent\\Builder))
#9 C:\\xampp\\htdocs\\serbiscrm\\app\\Http\\Controllers\\Frontend\\PersonelController.php(233): Illuminate\\Database\\Eloquent\\Model->save()
#10 C:\\xampp\\htdocs\\serbiscrm\\vendor\\laravel\\framework\\src\\Illuminate\\Routing\\Controller.php(54): App\\Http\\Controllers\\Frontend\\PersonelController->StoreStaff(Object(Illuminate\\Http\\Request), '27')
#11 C:\\xampp\\htdocs\\serbiscrm\\vendor\\laravel\\framework\\src\\Illuminate\\Routing\\ControllerDispatcher.php(43): Illuminate\\Routing\\Controller->callAction('StoreStaff', Array)
#12 C:\\xampp\\htdocs\\serbiscrm\\vendor\\laravel\\framework\\src\\Illuminate\\Routing\\Route.php(259): Illuminate\\Routing\\ControllerDispatcher->dispatch(Object(Illuminate\\Routing\\Route), Object(App\\Http\\Controllers\\Frontend\\PersonelController), 'StoreStaff')
#13 C:\\xampp\\htdocs\\serbiscrm\\vendor\\laravel\\framework\\src\\Illuminate\\Routing\\Route.php(205): Illuminate\\Routing\\Route->runController()
#14 C:\\xampp\\htdocs\\serbiscrm\\vendor\\laravel\\framework\\src\\Illuminate\\Routing\\Router.php(799): Illuminate\\Routing\\Route->run()
#15 C:\\xampp\\htdocs\\serbiscrm\\vendor\\laravel\\framework\\src\\Illuminate\\Pipeline\\Pipeline.php(141): Illuminate\\Routing\\Router->Illuminate\\Routing\\{closure}(Object(Illuminate\\Http\\Request))
#16 C:\\xampp\\htdocs\\serbiscrm\\app\\Http\\Middleware\\CheckTenantStatus.php(40): Illuminate\\Pipeline\\Pipeline->Illuminate\\Pipeline\\{closure}(Object(Illuminate\\Http\\Request))
#17 C:\\xampp\\htdocs\\serbiscrm\\vendor\\laravel\\framework\\src\\Illuminate\\Pipeline\\Pipeline.php(180): App\\Http\\Middleware\\CheckTenantStatus->handle(Object(Illuminate\\Http\\Request), Object(Closure))
#18 C:\\xampp\\htdocs\\serbiscrm\\app\\Http\\Middleware\\HandleRedirectAfterLogin.php(28): Illuminate\\Pipeline\\Pipeline->Illuminate\\Pipeline\\{closure}(Object(Illuminate\\Http\\Request))
#19 C:\\xampp\\htdocs\\serbiscrm\\vendor\\laravel\\framework\\src\\Illuminate\\Pipeline\\Pipeline.php(180): App\\Http\\Middleware\\HandleRedirectAfterLogin->handle(Object(Illuminate\\Http\\Request), Object(Closure))
#20 C:\\xampp\\htdocs\\serbiscrm\\app\\Http\\Middleware\\CheckCompanySubscription.php(32): Illuminate\\Pipeline\\Pipeline->Illuminate\\Pipeline\\{closure}(Object(Illuminate\\Http\\Request))
#21 C:\\xampp\\htdocs\\serbiscrm\\vendor\\laravel\\framework\\src\\Illuminate\\Pipeline\\Pipeline.php(180): App\\Http\\Middleware\\CheckCompanySubscription->handle(Object(Illuminate\\Http\\Request), Object(Closure))
#22 C:\\xampp\\htdocs\\serbiscrm\\app\\Http\\Middleware\\CheckTenantId.php(43): Illuminate\\Pipeline\\Pipeline->Illuminate\\Pipeline\\{closure}(Object(Illuminate\\Http\\Request))
#23 C:\\xampp\\htdocs\\serbiscrm\\vendor\\laravel\\framework\\src\\Illuminate\\Pipeline\\Pipeline.php(180): App\\Http\\Middleware\\CheckTenantId->handle(Object(Illuminate\\Http\\Request), Object(Closure))
#24 C:\\xampp\\htdocs\\serbiscrm\\app\\Http\\Middleware\\CheckTrialStatus.php(28): Illuminate\\Pipeline\\Pipeline->Illuminate\\Pipeline\\{closure}(Object(Illuminate\\Http\\Request))
#25 C:\\xampp\\htdocs\\serbiscrm\\vendor\\laravel\\framework\\src\\Illuminate\\Pipeline\\Pipeline.php(180): App\\Http\\Middleware\\CheckTrialStatus->handle(Object(Illuminate\\Http\\Request), Object(Closure))
#26 C:\\xampp\\htdocs\\serbiscrm\\vendor\\laravel\\framework\\src\\Illuminate\\Routing\\Middleware\\SubstituteBindings.php(50): Illuminate\\Pipeline\\Pipeline->Illuminate\\Pipeline\\{closure}(Object(Illuminate\\Http\\Request))
#27 C:\\xampp\\htdocs\\serbiscrm\\vendor\\laravel\\framework\\src\\Illuminate\\Pipeline\\Pipeline.php(180): Illuminate\\Routing\\Middleware\\SubstituteBindings->handle(Object(Illuminate\\Http\\Request), Object(Closure))
#28 C:\\xampp\\htdocs\\serbiscrm\\vendor\\laravel\\framework\\src\\Illuminate\\Auth\\Middleware\\Authenticate.php(57): Illuminate\\Pipeline\\Pipeline->Illuminate\\Pipeline\\{closure}(Object(Illuminate\\Http\\Request))
#29 C:\\xampp\\htdocs\\serbiscrm\\vendor\\laravel\\framework\\src\\Illuminate\\Pipeline\\Pipeline.php(180): Illuminate\\Auth\\Middleware\\Authenticate->handle(Object(Illuminate\\Http\\Request), Object(Closure))
#30 C:\\xampp\\htdocs\\serbiscrm\\vendor\\laravel\\framework\\src\\Illuminate\\Foundation\\Http\\Middleware\\VerifyCsrfToken.php(78): Illuminate\\Pipeline\\Pipeline->Illuminate\\Pipeline\\{closure}(Object(Illuminate\\Http\\Request))
#31 C:\\xampp\\htdocs\\serbiscrm\\vendor\\laravel\\framework\\src\\Illuminate\\Pipeline\\Pipeline.php(180): Illuminate\\Foundation\\Http\\Middleware\\VerifyCsrfToken->handle(Object(Illuminate\\Http\\Request), Object(Closure))
#32 C:\\xampp\\htdocs\\serbiscrm\\vendor\\laravel\\framework\\src\\Illuminate\\View\\Middleware\\ShareErrorsFromSession.php(49): Illuminate\\Pipeline\\Pipeline->Illuminate\\Pipeline\\{closure}(Object(Illuminate\\Http\\Request))
#33 C:\\xampp\\htdocs\\serbiscrm\\vendor\\laravel\\framework\\src\\Illuminate\\Pipeline\\Pipeline.php(180): Illuminate\\View\\Middleware\\ShareErrorsFromSession->handle(Object(Illuminate\\Http\\Request), Object(Closure))
#34 C:\\xampp\\htdocs\\serbiscrm\\vendor\\laravel\\framework\\src\\Illuminate\\Session\\Middleware\\StartSession.php(121): Illuminate\\Pipeline\\Pipeline->Illuminate\\Pipeline\\{closure}(Object(Illuminate\\Http\\Request))
#35 C:\\xampp\\htdocs\\serbiscrm\\vendor\\laravel\\framework\\src\\Illuminate\\Session\\Middleware\\StartSession.php(64): Illuminate\\Session\\Middleware\\StartSession->handleStatefulRequest(Object(Illuminate\\Http\\Request), Object(Illuminate\\Session\\Store), Object(Closure))
#36 C:\\xampp\\htdocs\\serbiscrm\\vendor\\laravel\\framework\\src\\Illuminate\\Pipeline\\Pipeline.php(180): Illuminate\\Session\\Middleware\\StartSession->handle(Object(Illuminate\\Http\\Request), Object(Closure))
#37 C:\\xampp\\htdocs\\serbiscrm\\vendor\\laravel\\framework\\src\\Illuminate\\Cookie\\Middleware\\AddQueuedCookiesToResponse.php(37): Illuminate\\Pipeline\\Pipeline->Illuminate\\Pipeline\\{closure}(Object(Illuminate\\Http\\Request))
#38 C:\\xampp\\htdocs\\serbiscrm\\vendor\\laravel\\framework\\src\\Illuminate\\Pipeline\\Pipeline.php(180): Illuminate\\Cookie\\Middleware\\AddQueuedCookiesToResponse->handle(Object(Illuminate\\Http\\Request), Object(Closure))
#39 C:\\xampp\\htdocs\\serbiscrm\\vendor\\laravel\\framework\\src\\Illuminate\\Cookie\\Middleware\\EncryptCookies.php(67): Illuminate\\Pipeline\\Pipeline->Illuminate\\Pipeline\\{closure}(Object(Illuminate\\Http\\Request))
#40 C:\\xampp\\htdocs\\serbiscrm\\vendor\\laravel\\framework\\src\\Illuminate\\Pipeline\\Pipeline.php(180): Illuminate\\Cookie\\Middleware\\EncryptCookies->handle(Object(Illuminate\\Http\\Request), Object(Closure))
#41 C:\\xampp\\htdocs\\serbiscrm\\vendor\\laravel\\framework\\src\\Illuminate\\Pipeline\\Pipeline.php(116): Illuminate\\Pipeline\\Pipeline->Illuminate\\Pipeline\\{closure}(Object(Illuminate\\Http\\Request))
#42 C:\\xampp\\htdocs\\serbiscrm\\vendor\\laravel\\framework\\src\\Illuminate\\Routing\\Router.php(798): Illuminate\\Pipeline\\Pipeline->then(Object(Closure))
#43 C:\\xampp\\htdocs\\serbiscrm\\vendor\\laravel\\framework\\src\\Illuminate\\Routing\\Router.php(777): Illuminate\\Routing\\Router->runRouteWithinStack(Object(Illuminate\\Routing\\Route), Object(Illuminate\\Http\\Request))
#44 C:\\xampp\\htdocs\\serbiscrm\\vendor\\laravel\\framework\\src\\Illuminate\\Routing\\Router.php(741): Illuminate\\Routing\\Router->runRoute(Object(Illuminate\\Http\\Request), Object(Illuminate\\Routing\\Route))
#45 C:\\xampp\\htdocs\\serbiscrm\\vendor\\laravel\\framework\\src\\Illuminate\\Routing\\Router.php(730): Illuminate\\Routing\\Router->dispatchToRoute(Object(Illuminate\\Http\\Request))
#46 C:\\xampp\\htdocs\\serbiscrm\\vendor\\laravel\\framework\\src\\Illuminate\\Foundation\\Http\\Kernel.php(200): Illuminate\\Routing\\Router->dispatch(Object(Illuminate\\Http\\Request))
#47 C:\\xampp\\htdocs\\serbiscrm\\vendor\\laravel\\framework\\src\\Illuminate\\Pipeline\\Pipeline.php(141): Illuminate\\Foundation\\Http\\Kernel->Illuminate\\Foundation\\Http\\{closure}(Object(Illuminate\\Http\\Request))
#48 C:\\xampp\\htdocs\\serbiscrm\\app\\Http\\Middleware\\ImpersonationMiddleware.php(51): Illuminate\\Pipeline\\Pipeline->Illuminate\\Pipeline\\{closure}(Object(Illuminate\\Http\\Request))
#49 C:\\xampp\\htdocs\\serbiscrm\\vendor\\laravel\\framework\\src\\Illuminate\\Pipeline\\Pipeline.php(180): App\\Http\\Middleware\\ImpersonationMiddleware->handle(Object(Illuminate\\Http\\Request), Object(Closure))
#50 C:\\xampp\\htdocs\\serbiscrm\\vendor\\laravel\\framework\\src\\Illuminate\\Foundation\\Http\\Middleware\\TransformsRequest.php(21): Illuminate\\Pipeline\\Pipeline->Illuminate\\Pipeline\\{closure}(Object(Illuminate\\Http\\Request))
#51 C:\\xampp\\htdocs\\serbiscrm\\vendor\\laravel\\framework\\src\\Illuminate\\Foundation\\Http\\Middleware\\ConvertEmptyStringsToNull.php(31): Illuminate\\Foundation\\Http\\Middleware\\TransformsRequest->handle(Object(Illuminate\\Http\\Request), Object(Closure))
#52 C:\\xampp\\htdocs\\serbiscrm\\vendor\\laravel\\framework\\src\\Illuminate\\Pipeline\\Pipeline.php(180): Illuminate\\Foundation\\Http\\Middleware\\ConvertEmptyStringsToNull->handle(Object(Illuminate\\Http\\Request), Object(Closure))
#53 C:\\xampp\\htdocs\\serbiscrm\\vendor\\laravel\\framework\\src\\Illuminate\\Foundation\\Http\\Middleware\\TransformsRequest.php(21): Illuminate\\Pipeline\\Pipeline->Illuminate\\Pipeline\\{closure}(Object(Illuminate\\Http\\Request))
#54 C:\\xampp\\htdocs\\serbiscrm\\vendor\\laravel\\framework\\src\\Illuminate\\Foundation\\Http\\Middleware\\TrimStrings.php(40): Illuminate\\Foundation\\Http\\Middleware\\TransformsRequest->handle(Object(Illuminate\\Http\\Request), Object(Closure))
#55 C:\\xampp\\htdocs\\serbiscrm\\vendor\\laravel\\framework\\src\\Illuminate\\Pipeline\\Pipeline.php(180): Illuminate\\Foundation\\Http\\Middleware\\TrimStrings->handle(Object(Illuminate\\Http\\Request), Object(Closure))
#56 C:\\xampp\\htdocs\\serbiscrm\\vendor\\laravel\\framework\\src\\Illuminate\\Foundation\\Http\\Middleware\\ValidatePostSize.php(27): Illuminate\\Pipeline\\Pipeline->Illuminate\\Pipeline\\{closure}(Object(Illuminate\\Http\\Request))
#57 C:\\xampp\\htdocs\\serbiscrm\\vendor\\laravel\\framework\\src\\Illuminate\\Pipeline\\Pipeline.php(180): Illuminate\\Foundation\\Http\\Middleware\\ValidatePostSize->handle(Object(Illuminate\\Http\\Request), Object(Closure))
#58 C:\\xampp\\htdocs\\serbiscrm\\vendor\\laravel\\framework\\src\\Illuminate\\Foundation\\Http\\Middleware\\PreventRequestsDuringMaintenance.php(99): Illuminate\\Pipeline\\Pipeline->Illuminate\\Pipeline\\{closure}(Object(Illuminate\\Http\\Request))
#59 C:\\xampp\\htdocs\\serbiscrm\\vendor\\laravel\\framework\\src\\Illuminate\\Pipeline\\Pipeline.php(180): Illuminate\\Foundation\\Http\\Middleware\\PreventRequestsDuringMaintenance->handle(Object(Illuminate\\Http\\Request), Object(Closure))
#60 C:\\xampp\\htdocs\\serbiscrm\\vendor\\laravel\\framework\\src\\Illuminate\\Http\\Middleware\\HandleCors.php(49): Illuminate\\Pipeline\\Pipeline->Illuminate\\Pipeline\\{closure}(Object(Illuminate\\Http\\Request))
#61 C:\\xampp\\htdocs\\serbiscrm\\vendor\\laravel\\framework\\src\\Illuminate\\Pipeline\\Pipeline.php(180): Illuminate\\Http\\Middleware\\HandleCors->handle(Object(Illuminate\\Http\\Request), Object(Closure))
#62 C:\\xampp\\htdocs\\serbiscrm\\vendor\\laravel\\framework\\src\\Illuminate\\Http\\Middleware\\TrustProxies.php(39): Illuminate\\Pipeline\\Pipeline->Illuminate\\Pipeline\\{closure}(Object(Illuminate\\Http\\Request))
#63 C:\\xampp\\htdocs\\serbiscrm\\vendor\\laravel\\framework\\src\\Illuminate\\Pipeline\\Pipeline.php(180): Illuminate\\Http\\Middleware\\TrustProxies->handle(Object(Illuminate\\Http\\Request), Object(Closure))
#64 C:\\xampp\\htdocs\\serbiscrm\\vendor\\laravel\\framework\\src\\Illuminate\\Pipeline\\Pipeline.php(116): Illuminate\\Pipeline\\Pipeline->Illuminate\\Pipeline\\{closure}(Object(Illuminate\\Http\\Request))
#65 C:\\xampp\\htdocs\\serbiscrm\\vendor\\laravel\\framework\\src\\Illuminate\\Foundation\\Http\\Kernel.php(175): Illuminate\\Pipeline\\Pipeline->then(Object(Closure))
#66 C:\\xampp\\htdocs\\serbiscrm\\vendor\\laravel\\framework\\src\\Illuminate\\Foundation\\Http\\Kernel.php(144): Illuminate\\Foundation\\Http\\Kernel->sendRequestThroughRouter(Object(Illuminate\\Http\\Request))
#67 C:\\xampp\\htdocs\\serbiscrm\\public\\index.php(51): Illuminate\\Foundation\\Http\\Kernel->handle(Object(Illuminate\\Http\\Request))
#68 C:\\xampp\\htdocs\\serbiscrm\\vendor\\laravel\\framework\\src\\Illuminate\\Foundation\\resources\\server.php(16): require_once('C:\\\\xampp\\\\htdocs...')
#69 {main}

[previous exception] [object] (PDOException(code: 23000): SQLSTATE[23000]: Integrity constraint violation: 1062 Duplicate entry 'ahmet' for key 'tb_user_username_unique' at C:\\xampp\\htdocs\\serbiscrm\\vendor\\laravel\\framework\\src\\Illuminate\\Database\\Connection.php:580)
[stacktrace]
#0 C:\\xampp\\htdocs\\serbiscrm\\vendor\\laravel\\framework\\src\\Illuminate\\Database\\Connection.php(580): PDOStatement->execute()
#1 C:\\xampp\\htdocs\\serbiscrm\\vendor\\laravel\\framework\\src\\Illuminate\\Database\\Connection.php(809): Illuminate\\Database\\Connection->Illuminate\\Database\\{closure}('insert into `tb...', Array)
#2 C:\\xampp\\htdocs\\serbiscrm\\vendor\\laravel\\framework\\src\\Illuminate\\Database\\Connection.php(776): Illuminate\\Database\\Connection->runQueryCallback('insert into `tb...', Array, Object(Closure))
#3 C:\\xampp\\htdocs\\serbiscrm\\vendor\\laravel\\framework\\src\\Illuminate\\Database\\Connection.php(569): Illuminate\\Database\\Connection->run('insert into `tb...', Array, Object(Closure))
#4 C:\\xampp\\htdocs\\serbiscrm\\vendor\\laravel\\framework\\src\\Illuminate\\Database\\Connection.php(533): Illuminate\\Database\\Connection->statement('insert into `tb...', Array)
#5 C:\\xampp\\htdocs\\serbiscrm\\vendor\\laravel\\framework\\src\\Illuminate\\Database\\Query\\Processors\\Processor.php(32): Illuminate\\Database\\Connection->insert('insert into `tb...', Array)
#6 C:\\xampp\\htdocs\\serbiscrm\\vendor\\laravel\\framework\\src\\Illuminate\\Database\\Query\\Builder.php(3387): Illuminate\\Database\\Query\\Processors\\Processor->processInsertGetId(Object(Illuminate\\Database\\Query\\Builder), 'insert into `tb...', Array, 'user_id')
#7 C:\\xampp\\htdocs\\serbiscrm\\vendor\\laravel\\framework\\src\\Illuminate\\Database\\Eloquent\\Builder.php(1968): Illuminate\\Database\\Query\\Builder->insertGetId(Array, 'user_id')
#8 C:\\xampp\\htdocs\\serbiscrm\\vendor\\laravel\\framework\\src\\Illuminate\\Database\\Eloquent\\Model.php(1333): Illuminate\\Database\\Eloquent\\Builder->__call('insertGetId', Array)
#9 C:\\xampp\\htdocs\\serbiscrm\\vendor\\laravel\\framework\\src\\Illuminate\\Database\\Eloquent\\Model.php(1298): Illuminate\\Database\\Eloquent\\Model->insertAndSetId(Object(Illuminate\\Database\\Eloquent\\Builder), Array)
#10 C:\\xampp\\htdocs\\serbiscrm\\vendor\\laravel\\framework\\src\\Illuminate\\Database\\Eloquent\\Model.php(1137): Illuminate\\Database\\Eloquent\\Model->performInsert(Object(Illuminate\\Database\\Eloquent\\Builder))
#11 C:\\xampp\\htdocs\\serbiscrm\\app\\Http\\Controllers\\Frontend\\PersonelController.php(233): Illuminate\\Database\\Eloquent\\Model->save()
#12 C:\\xampp\\htdocs\\serbiscrm\\vendor\\laravel\\framework\\src\\Illuminate\\Routing\\Controller.php(54): App\\Http\\Controllers\\Frontend\\PersonelController->StoreStaff(Object(Illuminate\\Http\\Request), '27')
#13 C:\\xampp\\htdocs\\serbiscrm\\vendor\\laravel\\framework\\src\\Illuminate\\Routing\\ControllerDispatcher.php(43): Illuminate\\Routing\\Controller->callAction('StoreStaff', Array)
#14 C:\\xampp\\htdocs\\serbiscrm\\vendor\\laravel\\framework\\src\\Illuminate\\Routing\\Route.php(259): Illuminate\\Routing\\ControllerDispatcher->dispatch(Object(Illuminate\\Routing\\Route), Object(App\\Http\\Controllers\\Frontend\\PersonelController), 'StoreStaff')
#15 C:\\xampp\\htdocs\\serbiscrm\\vendor\\laravel\\framework\\src\\Illuminate\\Routing\\Route.php(205): Illuminate\\Routing\\Route->runController()
#16 C:\\xampp\\htdocs\\serbiscrm\\vendor\\laravel\\framework\\src\\Illuminate\\Routing\\Router.php(799): Illuminate\\Routing\\Route->run()
#17 C:\\xampp\\htdocs\\serbiscrm\\vendor\\laravel\\framework\\src\\Illuminate\\Pipeline\\Pipeline.php(141): Illuminate\\Routing\\Router->Illuminate\\Routing\\{closure}(Object(Illuminate\\Http\\Request))
#18 C:\\xampp\\htdocs\\serbiscrm\\app\\Http\\Middleware\\CheckTenantStatus.php(40): Illuminate\\Pipeline\\Pipeline->Illuminate\\Pipeline\\{closure}(Object(Illuminate\\Http\\Request))
#19 C:\\xampp\\htdocs\\serbiscrm\\vendor\\laravel\\framework\\src\\Illuminate\\Pipeline\\Pipeline.php(180): App\\Http\\Middleware\\CheckTenantStatus->handle(Object(Illuminate\\Http\\Request), Object(Closure))
#20 C:\\xampp\\htdocs\\serbiscrm\\app\\Http\\Middleware\\HandleRedirectAfterLogin.php(28): Illuminate\\Pipeline\\Pipeline->Illuminate\\Pipeline\\{closure}(Object(Illuminate\\Http\\Request))
#21 C:\\xampp\\htdocs\\serbiscrm\\vendor\\laravel\\framework\\src\\Illuminate\\Pipeline\\Pipeline.php(180): App\\Http\\Middleware\\HandleRedirectAfterLogin->handle(Object(Illuminate\\Http\\Request), Object(Closure))
#22 C:\\xampp\\htdocs\\serbiscrm\\app\\Http\\Middleware\\CheckCompanySubscription.php(32): Illuminate\\Pipeline\\Pipeline->Illuminate\\Pipeline\\{closure}(Object(Illuminate\\Http\\Request))
#23 C:\\xampp\\htdocs\\serbiscrm\\vendor\\laravel\\framework\\src\\Illuminate\\Pipeline\\Pipeline.php(180): App\\Http\\Middleware\\CheckCompanySubscription->handle(Object(Illuminate\\Http\\Request), Object(Closure))
#24 C:\\xampp\\htdocs\\serbiscrm\\app\\Http\\Middleware\\CheckTenantId.php(43): Illuminate\\Pipeline\\Pipeline->Illuminate\\Pipeline\\{closure}(Object(Illuminate\\Http\\Request))
#25 C:\\xampp\\htdocs\\serbiscrm\\vendor\\laravel\\framework\\src\\Illuminate\\Pipeline\\Pipeline.php(180): App\\Http\\Middleware\\CheckTenantId->handle(Object(Illuminate\\Http\\Request), Object(Closure))
#26 C:\\xampp\\htdocs\\serbiscrm\\app\\Http\\Middleware\\CheckTrialStatus.php(28): Illuminate\\Pipeline\\Pipeline->Illuminate\\Pipeline\\{closure}(Object(Illuminate\\Http\\Request))
#27 C:\\xampp\\htdocs\\serbiscrm\\vendor\\laravel\\framework\\src\\Illuminate\\Pipeline\\Pipeline.php(180): App\\Http\\Middleware\\CheckTrialStatus->handle(Object(Illuminate\\Http\\Request), Object(Closure))
#28 C:\\xampp\\htdocs\\serbiscrm\\vendor\\laravel\\framework\\src\\Illuminate\\Routing\\Middleware\\SubstituteBindings.php(50): Illuminate\\Pipeline\\Pipeline->Illuminate\\Pipeline\\{closure}(Object(Illuminate\\Http\\Request))
#29 C:\\xampp\\htdocs\\serbiscrm\\vendor\\laravel\\framework\\src\\Illuminate\\Pipeline\\Pipeline.php(180): Illuminate\\Routing\\Middleware\\SubstituteBindings->handle(Object(Illuminate\\Http\\Request), Object(Closure))
#30 C:\\xampp\\htdocs\\serbiscrm\\vendor\\laravel\\framework\\src\\Illuminate\\Auth\\Middleware\\Authenticate.php(57): Illuminate\\Pipeline\\Pipeline->Illuminate\\Pipeline\\{closure}(Object(Illuminate\\Http\\Request))
#31 C:\\xampp\\htdocs\\serbiscrm\\vendor\\laravel\\framework\\src\\Illuminate\\Pipeline\\Pipeline.php(180): Illuminate\\Auth\\Middleware\\Authenticate->handle(Object(Illuminate\\Http\\Request), Object(Closure))
#32 C:\\xampp\\htdocs\\serbiscrm\\vendor\\laravel\\framework\\src\\Illuminate\\Foundation\\Http\\Middleware\\VerifyCsrfToken.php(78): Illuminate\\Pipeline\\Pipeline->Illuminate\\Pipeline\\{closure}(Object(Illuminate\\Http\\Request))
#33 C:\\xampp\\htdocs\\serbiscrm\\vendor\\laravel\\framework\\src\\Illuminate\\Pipeline\\Pipeline.php(180): Illuminate\\Foundation\\Http\\Middleware\\VerifyCsrfToken->handle(Object(Illuminate\\Http\\Request), Object(Closure))
#34 C:\\xampp\\htdocs\\serbiscrm\\vendor\\laravel\\framework\\src\\Illuminate\\View\\Middleware\\ShareErrorsFromSession.php(49): Illuminate\\Pipeline\\Pipeline->Illuminate\\Pipeline\\{closure}(Object(Illuminate\\Http\\Request))
#35 C:\\xampp\\htdocs\\serbiscrm\\vendor\\laravel\\framework\\src\\Illuminate\\Pipeline\\Pipeline.php(180): Illuminate\\View\\Middleware\\ShareErrorsFromSession->handle(Object(Illuminate\\Http\\Request), Object(Closure))
#36 C:\\xampp\\htdocs\\serbiscrm\\vendor\\laravel\\framework\\src\\Illuminate\\Session\\Middleware\\StartSession.php(121): Illuminate\\Pipeline\\Pipeline->Illuminate\\Pipeline\\{closure}(Object(Illuminate\\Http\\Request))
#37 C:\\xampp\\htdocs\\serbiscrm\\vendor\\laravel\\framework\\src\\Illuminate\\Session\\Middleware\\StartSession.php(64): Illuminate\\Session\\Middleware\\StartSession->handleStatefulRequest(Object(Illuminate\\Http\\Request), Object(Illuminate\\Session\\Store), Object(Closure))
#38 C:\\xampp\\htdocs\\serbiscrm\\vendor\\laravel\\framework\\src\\Illuminate\\Pipeline\\Pipeline.php(180): Illuminate\\Session\\Middleware\\StartSession->handle(Object(Illuminate\\Http\\Request), Object(Closure))
#39 C:\\xampp\\htdocs\\serbiscrm\\vendor\\laravel\\framework\\src\\Illuminate\\Cookie\\Middleware\\AddQueuedCookiesToResponse.php(37): Illuminate\\Pipeline\\Pipeline->Illuminate\\Pipeline\\{closure}(Object(Illuminate\\Http\\Request))
#40 C:\\xampp\\htdocs\\serbiscrm\\vendor\\laravel\\framework\\src\\Illuminate\\Pipeline\\Pipeline.php(180): Illuminate\\Cookie\\Middleware\\AddQueuedCookiesToResponse->handle(Object(Illuminate\\Http\\Request), Object(Closure))
#41 C:\\xampp\\htdocs\\serbiscrm\\vendor\\laravel\\framework\\src\\Illuminate\\Cookie\\Middleware\\EncryptCookies.php(67): Illuminate\\Pipeline\\Pipeline->Illuminate\\Pipeline\\{closure}(Object(Illuminate\\Http\\Request))
#42 C:\\xampp\\htdocs\\serbiscrm\\vendor\\laravel\\framework\\src\\Illuminate\\Pipeline\\Pipeline.php(180): Illuminate\\Cookie\\Middleware\\EncryptCookies->handle(Object(Illuminate\\Http\\Request), Object(Closure))
#43 C:\\xampp\\htdocs\\serbiscrm\\vendor\\laravel\\framework\\src\\Illuminate\\Pipeline\\Pipeline.php(116): Illuminate\\Pipeline\\Pipeline->Illuminate\\Pipeline\\{closure}(Object(Illuminate\\Http\\Request))
#44 C:\\xampp\\htdocs\\serbiscrm\\vendor\\laravel\\framework\\src\\Illuminate\\Routing\\Router.php(798): Illuminate\\Pipeline\\Pipeline->then(Object(Closure))
#45 C:\\xampp\\htdocs\\serbiscrm\\vendor\\laravel\\framework\\src\\Illuminate\\Routing\\Router.php(777): Illuminate\\Routing\\Router->runRouteWithinStack(Object(Illuminate\\Routing\\Route), Object(Illuminate\\Http\\Request))
#46 C:\\xampp\\htdocs\\serbiscrm\\vendor\\laravel\\framework\\src\\Illuminate\\Routing\\Router.php(741): Illuminate\\Routing\\Router->runRoute(Object(Illuminate\\Http\\Request), Object(Illuminate\\Routing\\Route))
#47 C:\\xampp\\htdocs\\serbiscrm\\vendor\\laravel\\framework\\src\\Illuminate\\Routing\\Router.php(730): Illuminate\\Routing\\Router->dispatchToRoute(Object(Illuminate\\Http\\Request))
#48 C:\\xampp\\htdocs\\serbiscrm\\vendor\\laravel\\framework\\src\\Illuminate\\Foundation\\Http\\Kernel.php(200): Illuminate\\Routing\\Router->dispatch(Object(Illuminate\\Http\\Request))
#49 C:\\xampp\\htdocs\\serbiscrm\\vendor\\laravel\\framework\\src\\Illuminate\\Pipeline\\Pipeline.php(141): Illuminate\\Foundation\\Http\\Kernel->Illuminate\\Foundation\\Http\\{closure}(Object(Illuminate\\Http\\Request))
#50 C:\\xampp\\htdocs\\serbiscrm\\app\\Http\\Middleware\\ImpersonationMiddleware.php(51): Illuminate\\Pipeline\\Pipeline->Illuminate\\Pipeline\\{closure}(Object(Illuminate\\Http\\Request))
#51 C:\\xampp\\htdocs\\serbiscrm\\vendor\\laravel\\framework\\src\\Illuminate\\Pipeline\\Pipeline.php(180): App\\Http\\Middleware\\ImpersonationMiddleware->handle(Object(Illuminate\\Http\\Request), Object(Closure))
#52 C:\\xampp\\htdocs\\serbiscrm\\vendor\\laravel\\framework\\src\\Illuminate\\Foundation\\Http\\Middleware\\TransformsRequest.php(21): Illuminate\\Pipeline\\Pipeline->Illuminate\\Pipeline\\{closure}(Object(Illuminate\\Http\\Request))
#53 C:\\xampp\\htdocs\\serbiscrm\\vendor\\laravel\\framework\\src\\Illuminate\\Foundation\\Http\\Middleware\\ConvertEmptyStringsToNull.php(31): Illuminate\\Foundation\\Http\\Middleware\\TransformsRequest->handle(Object(Illuminate\\Http\\Request), Object(Closure))
#54 C:\\xampp\\htdocs\\serbiscrm\\vendor\\laravel\\framework\\src\\Illuminate\\Pipeline\\Pipeline.php(180): Illuminate\\Foundation\\Http\\Middleware\\ConvertEmptyStringsToNull->handle(Object(Illuminate\\Http\\Request), Object(Closure))
#55 C:\\xampp\\htdocs\\serbiscrm\\vendor\\laravel\\framework\\src\\Illuminate\\Foundation\\Http\\Middleware\\TransformsRequest.php(21): Illuminate\\Pipeline\\Pipeline->Illuminate\\Pipeline\\{closure}(Object(Illuminate\\Http\\Request))
#56 C:\\xampp\\htdocs\\serbiscrm\\vendor\\laravel\\framework\\src\\Illuminate\\Foundation\\Http\\Middleware\\TrimStrings.php(40): Illuminate\\Foundation\\Http\\Middleware\\TransformsRequest->handle(Object(Illuminate\\Http\\Request), Object(Closure))
#57 C:\\xampp\\htdocs\\serbiscrm\\vendor\\laravel\\framework\\src\\Illuminate\\Pipeline\\Pipeline.php(180): Illuminate\\Foundation\\Http\\Middleware\\TrimStrings->handle(Object(Illuminate\\Http\\Request), Object(Closure))
#58 C:\\xampp\\htdocs\\serbiscrm\\vendor\\laravel\\framework\\src\\Illuminate\\Foundation\\Http\\Middleware\\ValidatePostSize.php(27): Illuminate\\Pipeline\\Pipeline->Illuminate\\Pipeline\\{closure}(Object(Illuminate\\Http\\Request))
#59 C:\\xampp\\htdocs\\serbiscrm\\vendor\\laravel\\framework\\src\\Illuminate\\Pipeline\\Pipeline.php(180): Illuminate\\Foundation\\Http\\Middleware\\ValidatePostSize->handle(Object(Illuminate\\Http\\Request), Object(Closure))
#60 C:\\xampp\\htdocs\\serbiscrm\\vendor\\laravel\\framework\\src\\Illuminate\\Foundation\\Http\\Middleware\\PreventRequestsDuringMaintenance.php(99): Illuminate\\Pipeline\\Pipeline->Illuminate\\Pipeline\\{closure}(Object(Illuminate\\Http\\Request))
#61 C:\\xampp\\htdocs\\serbiscrm\\vendor\\laravel\\framework\\src\\Illuminate\\Pipeline\\Pipeline.php(180): Illuminate\\Foundation\\Http\\Middleware\\PreventRequestsDuringMaintenance->handle(Object(Illuminate\\Http\\Request), Object(Closure))
#62 C:\\xampp\\htdocs\\serbiscrm\\vendor\\laravel\\framework\\src\\Illuminate\\Http\\Middleware\\HandleCors.php(49): Illuminate\\Pipeline\\Pipeline->Illuminate\\Pipeline\\{closure}(Object(Illuminate\\Http\\Request))
#63 C:\\xampp\\htdocs\\serbiscrm\\vendor\\laravel\\framework\\src\\Illuminate\\Pipeline\\Pipeline.php(180): Illuminate\\Http\\Middleware\\HandleCors->handle(Object(Illuminate\\Http\\Request), Object(Closure))
#64 C:\\xampp\\htdocs\\serbiscrm\\vendor\\laravel\\framework\\src\\Illuminate\\Http\\Middleware\\TrustProxies.php(39): Illuminate\\Pipeline\\Pipeline->Illuminate\\Pipeline\\{closure}(Object(Illuminate\\Http\\Request))
#65 C:\\xampp\\htdocs\\serbiscrm\\vendor\\laravel\\framework\\src\\Illuminate\\Pipeline\\Pipeline.php(180): Illuminate\\Http\\Middleware\\TrustProxies->handle(Object(Illuminate\\Http\\Request), Object(Closure))
#66 C:\\xampp\\htdocs\\serbiscrm\\vendor\\laravel\\framework\\src\\Illuminate\\Pipeline\\Pipeline.php(116): Illuminate\\Pipeline\\Pipeline->Illuminate\\Pipeline\\{closure}(Object(Illuminate\\Http\\Request))
#67 C:\\xampp\\htdocs\\serbiscrm\\vendor\\laravel\\framework\\src\\Illuminate\\Foundation\\Http\\Kernel.php(175): Illuminate\\Pipeline\\Pipeline->then(Object(Closure))
#68 C:\\xampp\\htdocs\\serbiscrm\\vendor\\laravel\\framework\\src\\Illuminate\\Foundation\\Http\\Kernel.php(144): Illuminate\\Foundation\\Http\\Kernel->sendRequestThroughRouter(Object(Illuminate\\Http\\Request))
#69 C:\\xampp\\htdocs\\serbiscrm\\public\\index.php(51): Illuminate\\Foundation\\Http\\Kernel->handle(Object(Illuminate\\Http\\Request))
#70 C:\\xampp\\htdocs\\serbiscrm\\vendor\\laravel\\framework\\src\\Illuminate\\Foundation\\resources\\server.php(16): require_once('C:\\\\xampp\\\\htdocs...')
#71 {main}
"} 
[2025-10-30 11:29:53] local.INFO: PayTR Request Data: {"merchant_id":"614136","order_id":"ST271761812993","amount":4999,"user_ip":"78.190.145.61","hash_string":"61413678.190.145.61ST271761812993fiberdev5@gmail.com4999W1siRWsgNUdCIERlcG9sYW1hIiwiNDkuOTkiLDFdXQ==10TL1","token":"B6/8z9tMvgcnv/bVO/lCrlhjbrZnm06hE04MKLCTk9k="} 
[2025-10-30 11:29:55] local.INFO: PayTR API Response: {"status":"success","token":"84f2657616d695ae12abf0f9d8ba8df97ae41f8f73e1a9057b023ad4d56e20b8-692405673"} 
[2025-10-30 13:30:11] local.INFO: All active products count: 0  
[2025-10-30 13:30:11] local.INFO: Final Alerts Result: {"critical_count":0,"low_count":0,"total_products_checked":0} 
[2025-10-30 14:51:39] local.ERROR: SQLSTATE[42S02]: Base table or view not found: 1146 Table 'serbiscrm.integration_purchases' doesn't exist (Connection: mysql, SQL: select * from `integration_purchases` where `integration_purchases`.`tenant_id` = 27 and `integration_purchases`.`tenant_id` is not null and `integration_id` = 1 and `is_active` = 1 and `status` = completed limit 1) {"userId":47,"exception":"[object] (Illuminate\\Database\\QueryException(code: 42S02): SQLSTATE[42S02]: Base table or view not found: 1146 Table 'serbiscrm.integration_purchases' doesn't exist (Connection: mysql, SQL: select * from `integration_purchases` where `integration_purchases`.`tenant_id` = 27 and `integration_purchases`.`tenant_id` is not null and `integration_id` = 1 and `is_active` = 1 and `status` = completed limit 1) at C:\\xampp\\htdocs\\serbiscrm\\vendor\\laravel\\framework\\src\\Illuminate\\Database\\Connection.php:822)
[stacktrace]
#0 C:\\xampp\\htdocs\\serbiscrm\\vendor\\laravel\\framework\\src\\Illuminate\\Database\\Connection.php(776): Illuminate\\Database\\Connection->runQueryCallback('select * from `...', Array, Object(Closure))
#1 C:\\xampp\\htdocs\\serbiscrm\\vendor\\laravel\\framework\\src\\Illuminate\\Database\\Connection.php(407): Illuminate\\Database\\Connection->run('select * from `...', Array, Object(Closure))
#2 C:\\xampp\\htdocs\\serbiscrm\\vendor\\laravel\\framework\\src\\Illuminate\\Database\\Query\\Builder.php(2751): Illuminate\\Database\\Connection->select('select * from `...', Array, true)
#3 C:\\xampp\\htdocs\\serbiscrm\\vendor\\laravel\\framework\\src\\Illuminate\\Database\\Query\\Builder.php(2740): Illuminate\\Database\\Query\\Builder->runSelect()
#4 C:\\xampp\\htdocs\\serbiscrm\\vendor\\laravel\\framework\\src\\Illuminate\\Database\\Query\\Builder.php(3294): Illuminate\\Database\\Query\\Builder->Illuminate\\Database\\Query\\{closure}()
#5 C:\\xampp\\htdocs\\serbiscrm\\vendor\\laravel\\framework\\src\\Illuminate\\Database\\Query\\Builder.php(2739): Illuminate\\Database\\Query\\Builder->onceWithColumns(Array, Object(Closure))
#6 C:\\xampp\\htdocs\\serbiscrm\\vendor\\laravel\\framework\\src\\Illuminate\\Database\\Eloquent\\Builder.php(737): Illuminate\\Database\\Query\\Builder->get(Array)
#7 C:\\xampp\\htdocs\\serbiscrm\\vendor\\laravel\\framework\\src\\Illuminate\\Database\\Eloquent\\Builder.php(721): Illuminate\\Database\\Eloquent\\Builder->getModels(Array)
#8 C:\\xampp\\htdocs\\serbiscrm\\vendor\\laravel\\framework\\src\\Illuminate\\Database\\Concerns\\BuildsQueries.php(333): Illuminate\\Database\\Eloquent\\Builder->get(Array)
#9 C:\\xampp\\htdocs\\serbiscrm\\vendor\\laravel\\framework\\src\\Illuminate\\Support\\Traits\\ForwardsCalls.php(23): Illuminate\\Database\\Eloquent\\Builder->first()
#10 C:\\xampp\\htdocs\\serbiscrm\\vendor\\laravel\\framework\\src\\Illuminate\\Support\\Traits\\ForwardsCalls.php(52): Illuminate\\Database\\Eloquent\\Relations\\Relation->forwardCallTo(Object(Illuminate\\Database\\Eloquent\\Builder), 'first', Array)
#11 C:\\xampp\\htdocs\\serbiscrm\\vendor\\laravel\\framework\\src\\Illuminate\\Database\\Eloquent\\Relations\\Relation.php(517): Illuminate\\Database\\Eloquent\\Relations\\Relation->forwardDecoratedCallTo(Object(Illuminate\\Database\\Eloquent\\Builder), 'first', Array)
#12 C:\\xampp\\htdocs\\serbiscrm\\app\\Models\\Tenant.php(833): Illuminate\\Database\\Eloquent\\Relations\\Relation->__call('first', Array)
#13 C:\\xampp\\htdocs\\serbiscrm\\app\\Http\\Controllers\\Frontend\\IntegrationMarketplaceController.php(65): App\\Models\\Tenant->getIntegrationPurchase(1)
#14 C:\\xampp\\htdocs\\serbiscrm\\vendor\\laravel\\framework\\src\\Illuminate\\Routing\\Controller.php(54): App\\Http\\Controllers\\Frontend\\IntegrationMarketplaceController->show('27', 'netgsm')
#15 C:\\xampp\\htdocs\\serbiscrm\\vendor\\laravel\\framework\\src\\Illuminate\\Routing\\ControllerDispatcher.php(43): Illuminate\\Routing\\Controller->callAction('show', Array)
#16 C:\\xampp\\htdocs\\serbiscrm\\vendor\\laravel\\framework\\src\\Illuminate\\Routing\\Route.php(259): Illuminate\\Routing\\ControllerDispatcher->dispatch(Object(Illuminate\\Routing\\Route), Object(App\\Http\\Controllers\\Frontend\\IntegrationMarketplaceController), 'show')
#17 C:\\xampp\\htdocs\\serbiscrm\\vendor\\laravel\\framework\\src\\Illuminate\\Routing\\Route.php(205): Illuminate\\Routing\\Route->runController()
#18 C:\\xampp\\htdocs\\serbiscrm\\vendor\\laravel\\framework\\src\\Illuminate\\Routing\\Router.php(799): Illuminate\\Routing\\Route->run()
#19 C:\\xampp\\htdocs\\serbiscrm\\vendor\\laravel\\framework\\src\\Illuminate\\Pipeline\\Pipeline.php(141): Illuminate\\Routing\\Router->Illuminate\\Routing\\{closure}(Object(Illuminate\\Http\\Request))
#20 C:\\xampp\\htdocs\\serbiscrm\\app\\Http\\Middleware\\CheckTenantStatus.php(40): Illuminate\\Pipeline\\Pipeline->Illuminate\\Pipeline\\{closure}(Object(Illuminate\\Http\\Request))
#21 C:\\xampp\\htdocs\\serbiscrm\\vendor\\laravel\\framework\\src\\Illuminate\\Pipeline\\Pipeline.php(180): App\\Http\\Middleware\\CheckTenantStatus->handle(Object(Illuminate\\Http\\Request), Object(Closure))
#22 C:\\xampp\\htdocs\\serbiscrm\\app\\Http\\Middleware\\HandleRedirectAfterLogin.php(28): Illuminate\\Pipeline\\Pipeline->Illuminate\\Pipeline\\{closure}(Object(Illuminate\\Http\\Request))
#23 C:\\xampp\\htdocs\\serbiscrm\\vendor\\laravel\\framework\\src\\Illuminate\\Pipeline\\Pipeline.php(180): App\\Http\\Middleware\\HandleRedirectAfterLogin->handle(Object(Illuminate\\Http\\Request), Object(Closure))
#24 C:\\xampp\\htdocs\\serbiscrm\\app\\Http\\Middleware\\CheckCompanySubscription.php(32): Illuminate\\Pipeline\\Pipeline->Illuminate\\Pipeline\\{closure}(Object(Illuminate\\Http\\Request))
#25 C:\\xampp\\htdocs\\serbiscrm\\vendor\\laravel\\framework\\src\\Illuminate\\Pipeline\\Pipeline.php(180): App\\Http\\Middleware\\CheckCompanySubscription->handle(Object(Illuminate\\Http\\Request), Object(Closure))
#26 C:\\xampp\\htdocs\\serbiscrm\\app\\Http\\Middleware\\CheckTenantId.php(43): Illuminate\\Pipeline\\Pipeline->Illuminate\\Pipeline\\{closure}(Object(Illuminate\\Http\\Request))
#27 C:\\xampp\\htdocs\\serbiscrm\\vendor\\laravel\\framework\\src\\Illuminate\\Pipeline\\Pipeline.php(180): App\\Http\\Middleware\\CheckTenantId->handle(Object(Illuminate\\Http\\Request), Object(Closure))
#28 C:\\xampp\\htdocs\\serbiscrm\\app\\Http\\Middleware\\CheckTrialStatus.php(28): Illuminate\\Pipeline\\Pipeline->Illuminate\\Pipeline\\{closure}(Object(Illuminate\\Http\\Request))
#29 C:\\xampp\\htdocs\\serbiscrm\\vendor\\laravel\\framework\\src\\Illuminate\\Pipeline\\Pipeline.php(180): App\\Http\\Middleware\\CheckTrialStatus->handle(Object(Illuminate\\Http\\Request), Object(Closure))
#30 C:\\xampp\\htdocs\\serbiscrm\\vendor\\laravel\\framework\\src\\Illuminate\\Routing\\Middleware\\SubstituteBindings.php(50): Illuminate\\Pipeline\\Pipeline->Illuminate\\Pipeline\\{closure}(Object(Illuminate\\Http\\Request))
#31 C:\\xampp\\htdocs\\serbiscrm\\vendor\\laravel\\framework\\src\\Illuminate\\Pipeline\\Pipeline.php(180): Illuminate\\Routing\\Middleware\\SubstituteBindings->handle(Object(Illuminate\\Http\\Request), Object(Closure))
#32 C:\\xampp\\htdocs\\serbiscrm\\vendor\\laravel\\framework\\src\\Illuminate\\Auth\\Middleware\\Authenticate.php(57): Illuminate\\Pipeline\\Pipeline->Illuminate\\Pipeline\\{closure}(Object(Illuminate\\Http\\Request))
#33 C:\\xampp\\htdocs\\serbiscrm\\vendor\\laravel\\framework\\src\\Illuminate\\Pipeline\\Pipeline.php(180): Illuminate\\Auth\\Middleware\\Authenticate->handle(Object(Illuminate\\Http\\Request), Object(Closure))
#34 C:\\xampp\\htdocs\\serbiscrm\\vendor\\laravel\\framework\\src\\Illuminate\\Foundation\\Http\\Middleware\\VerifyCsrfToken.php(78): Illuminate\\Pipeline\\Pipeline->Illuminate\\Pipeline\\{closure}(Object(Illuminate\\Http\\Request))
#35 C:\\xampp\\htdocs\\serbiscrm\\vendor\\laravel\\framework\\src\\Illuminate\\Pipeline\\Pipeline.php(180): Illuminate\\Foundation\\Http\\Middleware\\VerifyCsrfToken->handle(Object(Illuminate\\Http\\Request), Object(Closure))
#36 C:\\xampp\\htdocs\\serbiscrm\\vendor\\laravel\\framework\\src\\Illuminate\\View\\Middleware\\ShareErrorsFromSession.php(49): Illuminate\\Pipeline\\Pipeline->Illuminate\\Pipeline\\{closure}(Object(Illuminate\\Http\\Request))
#37 C:\\xampp\\htdocs\\serbiscrm\\vendor\\laravel\\framework\\src\\Illuminate\\Pipeline\\Pipeline.php(180): Illuminate\\View\\Middleware\\ShareErrorsFromSession->handle(Object(Illuminate\\Http\\Request), Object(Closure))
#38 C:\\xampp\\htdocs\\serbiscrm\\vendor\\laravel\\framework\\src\\Illuminate\\Session\\Middleware\\StartSession.php(121): Illuminate\\Pipeline\\Pipeline->Illuminate\\Pipeline\\{closure}(Object(Illuminate\\Http\\Request))
#39 C:\\xampp\\htdocs\\serbiscrm\\vendor\\laravel\\framework\\src\\Illuminate\\Session\\Middleware\\StartSession.php(64): Illuminate\\Session\\Middleware\\StartSession->handleStatefulRequest(Object(Illuminate\\Http\\Request), Object(Illuminate\\Session\\Store), Object(Closure))
#40 C:\\xampp\\htdocs\\serbiscrm\\vendor\\laravel\\framework\\src\\Illuminate\\Pipeline\\Pipeline.php(180): Illuminate\\Session\\Middleware\\StartSession->handle(Object(Illuminate\\Http\\Request), Object(Closure))
#41 C:\\xampp\\htdocs\\serbiscrm\\vendor\\laravel\\framework\\src\\Illuminate\\Cookie\\Middleware\\AddQueuedCookiesToResponse.php(37): Illuminate\\Pipeline\\Pipeline->Illuminate\\Pipeline\\{closure}(Object(Illuminate\\Http\\Request))
#42 C:\\xampp\\htdocs\\serbiscrm\\vendor\\laravel\\framework\\src\\Illuminate\\Pipeline\\Pipeline.php(180): Illuminate\\Cookie\\Middleware\\AddQueuedCookiesToResponse->handle(Object(Illuminate\\Http\\Request), Object(Closure))
#43 C:\\xampp\\htdocs\\serbiscrm\\vendor\\laravel\\framework\\src\\Illuminate\\Cookie\\Middleware\\EncryptCookies.php(67): Illuminate\\Pipeline\\Pipeline->Illuminate\\Pipeline\\{closure}(Object(Illuminate\\Http\\Request))
#44 C:\\xampp\\htdocs\\serbiscrm\\vendor\\laravel\\framework\\src\\Illuminate\\Pipeline\\Pipeline.php(180): Illuminate\\Cookie\\Middleware\\EncryptCookies->handle(Object(Illuminate\\Http\\Request), Object(Closure))
#45 C:\\xampp\\htdocs\\serbiscrm\\vendor\\laravel\\framework\\src\\Illuminate\\Pipeline\\Pipeline.php(116): Illuminate\\Pipeline\\Pipeline->Illuminate\\Pipeline\\{closure}(Object(Illuminate\\Http\\Request))
#46 C:\\xampp\\htdocs\\serbiscrm\\vendor\\laravel\\framework\\src\\Illuminate\\Routing\\Router.php(798): Illuminate\\Pipeline\\Pipeline->then(Object(Closure))
#47 C:\\xampp\\htdocs\\serbiscrm\\vendor\\laravel\\framework\\src\\Illuminate\\Routing\\Router.php(777): Illuminate\\Routing\\Router->runRouteWithinStack(Object(Illuminate\\Routing\\Route), Object(Illuminate\\Http\\Request))
#48 C:\\xampp\\htdocs\\serbiscrm\\vendor\\laravel\\framework\\src\\Illuminate\\Routing\\Router.php(741): Illuminate\\Routing\\Router->runRoute(Object(Illuminate\\Http\\Request), Object(Illuminate\\Routing\\Route))
#49 C:\\xampp\\htdocs\\serbiscrm\\vendor\\laravel\\framework\\src\\Illuminate\\Routing\\Router.php(730): Illuminate\\Routing\\Router->dispatchToRoute(Object(Illuminate\\Http\\Request))
#50 C:\\xampp\\htdocs\\serbiscrm\\vendor\\laravel\\framework\\src\\Illuminate\\Foundation\\Http\\Kernel.php(200): Illuminate\\Routing\\Router->dispatch(Object(Illuminate\\Http\\Request))
#51 C:\\xampp\\htdocs\\serbiscrm\\vendor\\laravel\\framework\\src\\Illuminate\\Pipeline\\Pipeline.php(141): Illuminate\\Foundation\\Http\\Kernel->Illuminate\\Foundation\\Http\\{closure}(Object(Illuminate\\Http\\Request))
#52 C:\\xampp\\htdocs\\serbiscrm\\app\\Http\\Middleware\\ImpersonationMiddleware.php(51): Illuminate\\Pipeline\\Pipeline->Illuminate\\Pipeline\\{closure}(Object(Illuminate\\Http\\Request))
#53 C:\\xampp\\htdocs\\serbiscrm\\vendor\\laravel\\framework\\src\\Illuminate\\Pipeline\\Pipeline.php(180): App\\Http\\Middleware\\ImpersonationMiddleware->handle(Object(Illuminate\\Http\\Request), Object(Closure))
#54 C:\\xampp\\htdocs\\serbiscrm\\vendor\\laravel\\framework\\src\\Illuminate\\Foundation\\Http\\Middleware\\TransformsRequest.php(21): Illuminate\\Pipeline\\Pipeline->Illuminate\\Pipeline\\{closure}(Object(Illuminate\\Http\\Request))
#55 C:\\xampp\\htdocs\\serbiscrm\\vendor\\laravel\\framework\\src\\Illuminate\\Foundation\\Http\\Middleware\\ConvertEmptyStringsToNull.php(31): Illuminate\\Foundation\\Http\\Middleware\\TransformsRequest->handle(Object(Illuminate\\Http\\Request), Object(Closure))
#56 C:\\xampp\\htdocs\\serbiscrm\\vendor\\laravel\\framework\\src\\Illuminate\\Pipeline\\Pipeline.php(180): Illuminate\\Foundation\\Http\\Middleware\\ConvertEmptyStringsToNull->handle(Object(Illuminate\\Http\\Request), Object(Closure))
#57 C:\\xampp\\htdocs\\serbiscrm\\vendor\\laravel\\framework\\src\\Illuminate\\Foundation\\Http\\Middleware\\TransformsRequest.php(21): Illuminate\\Pipeline\\Pipeline->Illuminate\\Pipeline\\{closure}(Object(Illuminate\\Http\\Request))
#58 C:\\xampp\\htdocs\\serbiscrm\\vendor\\laravel\\framework\\src\\Illuminate\\Foundation\\Http\\Middleware\\TrimStrings.php(40): Illuminate\\Foundation\\Http\\Middleware\\TransformsRequest->handle(Object(Illuminate\\Http\\Request), Object(Closure))
#59 C:\\xampp\\htdocs\\serbiscrm\\vendor\\laravel\\framework\\src\\Illuminate\\Pipeline\\Pipeline.php(180): Illuminate\\Foundation\\Http\\Middleware\\TrimStrings->handle(Object(Illuminate\\Http\\Request), Object(Closure))
#60 C:\\xampp\\htdocs\\serbiscrm\\vendor\\laravel\\framework\\src\\Illuminate\\Foundation\\Http\\Middleware\\ValidatePostSize.php(27): Illuminate\\Pipeline\\Pipeline->Illuminate\\Pipeline\\{closure}(Object(Illuminate\\Http\\Request))
#61 C:\\xampp\\htdocs\\serbiscrm\\vendor\\laravel\\framework\\src\\Illuminate\\Pipeline\\Pipeline.php(180): Illuminate\\Foundation\\Http\\Middleware\\ValidatePostSize->handle(Object(Illuminate\\Http\\Request), Object(Closure))
#62 C:\\xampp\\htdocs\\serbiscrm\\vendor\\laravel\\framework\\src\\Illuminate\\Foundation\\Http\\Middleware\\PreventRequestsDuringMaintenance.php(99): Illuminate\\Pipeline\\Pipeline->Illuminate\\Pipeline\\{closure}(Object(Illuminate\\Http\\Request))
#63 C:\\xampp\\htdocs\\serbiscrm\\vendor\\laravel\\framework\\src\\Illuminate\\Pipeline\\Pipeline.php(180): Illuminate\\Foundation\\Http\\Middleware\\PreventRequestsDuringMaintenance->handle(Object(Illuminate\\Http\\Request), Object(Closure))
#64 C:\\xampp\\htdocs\\serbiscrm\\vendor\\laravel\\framework\\src\\Illuminate\\Http\\Middleware\\HandleCors.php(49): Illuminate\\Pipeline\\Pipeline->Illuminate\\Pipeline\\{closure}(Object(Illuminate\\Http\\Request))
#65 C:\\xampp\\htdocs\\serbiscrm\\vendor\\laravel\\framework\\src\\Illuminate\\Pipeline\\Pipeline.php(180): Illuminate\\Http\\Middleware\\HandleCors->handle(Object(Illuminate\\Http\\Request), Object(Closure))
#66 C:\\xampp\\htdocs\\serbiscrm\\vendor\\laravel\\framework\\src\\Illuminate\\Http\\Middleware\\TrustProxies.php(39): Illuminate\\Pipeline\\Pipeline->Illuminate\\Pipeline\\{closure}(Object(Illuminate\\Http\\Request))
#67 C:\\xampp\\htdocs\\serbiscrm\\vendor\\laravel\\framework\\src\\Illuminate\\Pipeline\\Pipeline.php(180): Illuminate\\Http\\Middleware\\TrustProxies->handle(Object(Illuminate\\Http\\Request), Object(Closure))
#68 C:\\xampp\\htdocs\\serbiscrm\\vendor\\laravel\\framework\\src\\Illuminate\\Pipeline\\Pipeline.php(116): Illuminate\\Pipeline\\Pipeline->Illuminate\\Pipeline\\{closure}(Object(Illuminate\\Http\\Request))
#69 C:\\xampp\\htdocs\\serbiscrm\\vendor\\laravel\\framework\\src\\Illuminate\\Foundation\\Http\\Kernel.php(175): Illuminate\\Pipeline\\Pipeline->then(Object(Closure))
#70 C:\\xampp\\htdocs\\serbiscrm\\vendor\\laravel\\framework\\src\\Illuminate\\Foundation\\Http\\Kernel.php(144): Illuminate\\Foundation\\Http\\Kernel->sendRequestThroughRouter(Object(Illuminate\\Http\\Request))
#71 C:\\xampp\\htdocs\\serbiscrm\\public\\index.php(51): Illuminate\\Foundation\\Http\\Kernel->handle(Object(Illuminate\\Http\\Request))
#72 C:\\xampp\\htdocs\\serbiscrm\\vendor\\laravel\\framework\\src\\Illuminate\\Foundation\\resources\\server.php(16): require_once('C:\\\\xampp\\\\htdocs...')
#73 {main}

[previous exception] [object] (PDOException(code: 42S02): SQLSTATE[42S02]: Base table or view not found: 1146 Table 'serbiscrm.integration_purchases' doesn't exist at C:\\xampp\\htdocs\\serbiscrm\\vendor\\laravel\\framework\\src\\Illuminate\\Database\\Connection.php:416)
[stacktrace]
#0 C:\\xampp\\htdocs\\serbiscrm\\vendor\\laravel\\framework\\src\\Illuminate\\Database\\Connection.php(416): PDO->prepare('select * from `...')
#1 C:\\xampp\\htdocs\\serbiscrm\\vendor\\laravel\\framework\\src\\Illuminate\\Database\\Connection.php(809): Illuminate\\Database\\Connection->Illuminate\\Database\\{closure}('select * from `...', Array)
#2 C:\\xampp\\htdocs\\serbiscrm\\vendor\\laravel\\framework\\src\\Illuminate\\Database\\Connection.php(776): Illuminate\\Database\\Connection->runQueryCallback('select * from `...', Array, Object(Closure))
#3 C:\\xampp\\htdocs\\serbiscrm\\vendor\\laravel\\framework\\src\\Illuminate\\Database\\Connection.php(407): Illuminate\\Database\\Connection->run('select * from `...', Array, Object(Closure))
#4 C:\\xampp\\htdocs\\serbiscrm\\vendor\\laravel\\framework\\src\\Illuminate\\Database\\Query\\Builder.php(2751): Illuminate\\Database\\Connection->select('select * from `...', Array, true)
#5 C:\\xampp\\htdocs\\serbiscrm\\vendor\\laravel\\framework\\src\\Illuminate\\Database\\Query\\Builder.php(2740): Illuminate\\Database\\Query\\Builder->runSelect()
#6 C:\\xampp\\htdocs\\serbiscrm\\vendor\\laravel\\framework\\src\\Illuminate\\Database\\Query\\Builder.php(3294): Illuminate\\Database\\Query\\Builder->Illuminate\\Database\\Query\\{closure}()
#7 C:\\xampp\\htdocs\\serbiscrm\\vendor\\laravel\\framework\\src\\Illuminate\\Database\\Query\\Builder.php(2739): Illuminate\\Database\\Query\\Builder->onceWithColumns(Array, Object(Closure))
#8 C:\\xampp\\htdocs\\serbiscrm\\vendor\\laravel\\framework\\src\\Illuminate\\Database\\Eloquent\\Builder.php(737): Illuminate\\Database\\Query\\Builder->get(Array)
#9 C:\\xampp\\htdocs\\serbiscrm\\vendor\\laravel\\framework\\src\\Illuminate\\Database\\Eloquent\\Builder.php(721): Illuminate\\Database\\Eloquent\\Builder->getModels(Array)
#10 C:\\xampp\\htdocs\\serbiscrm\\vendor\\laravel\\framework\\src\\Illuminate\\Database\\Concerns\\BuildsQueries.php(333): Illuminate\\Database\\Eloquent\\Builder->get(Array)
#11 C:\\xampp\\htdocs\\serbiscrm\\vendor\\laravel\\framework\\src\\Illuminate\\Support\\Traits\\ForwardsCalls.php(23): Illuminate\\Database\\Eloquent\\Builder->first()
#12 C:\\xampp\\htdocs\\serbiscrm\\vendor\\laravel\\framework\\src\\Illuminate\\Support\\Traits\\ForwardsCalls.php(52): Illuminate\\Database\\Eloquent\\Relations\\Relation->forwardCallTo(Object(Illuminate\\Database\\Eloquent\\Builder), 'first', Array)
#13 C:\\xampp\\htdocs\\serbiscrm\\vendor\\laravel\\framework\\src\\Illuminate\\Database\\Eloquent\\Relations\\Relation.php(517): Illuminate\\Database\\Eloquent\\Relations\\Relation->forwardDecoratedCallTo(Object(Illuminate\\Database\\Eloquent\\Builder), 'first', Array)
#14 C:\\xampp\\htdocs\\serbiscrm\\app\\Models\\Tenant.php(833): Illuminate\\Database\\Eloquent\\Relations\\Relation->__call('first', Array)
#15 C:\\xampp\\htdocs\\serbiscrm\\app\\Http\\Controllers\\Frontend\\IntegrationMarketplaceController.php(65): App\\Models\\Tenant->getIntegrationPurchase(1)
#16 C:\\xampp\\htdocs\\serbiscrm\\vendor\\laravel\\framework\\src\\Illuminate\\Routing\\Controller.php(54): App\\Http\\Controllers\\Frontend\\IntegrationMarketplaceController->show('27', 'netgsm')
#17 C:\\xampp\\htdocs\\serbiscrm\\vendor\\laravel\\framework\\src\\Illuminate\\Routing\\ControllerDispatcher.php(43): Illuminate\\Routing\\Controller->callAction('show', Array)
#18 C:\\xampp\\htdocs\\serbiscrm\\vendor\\laravel\\framework\\src\\Illuminate\\Routing\\Route.php(259): Illuminate\\Routing\\ControllerDispatcher->dispatch(Object(Illuminate\\Routing\\Route), Object(App\\Http\\Controllers\\Frontend\\IntegrationMarketplaceController), 'show')
#19 C:\\xampp\\htdocs\\serbiscrm\\vendor\\laravel\\framework\\src\\Illuminate\\Routing\\Route.php(205): Illuminate\\Routing\\Route->runController()
#20 C:\\xampp\\htdocs\\serbiscrm\\vendor\\laravel\\framework\\src\\Illuminate\\Routing\\Router.php(799): Illuminate\\Routing\\Route->run()
#21 C:\\xampp\\htdocs\\serbiscrm\\vendor\\laravel\\framework\\src\\Illuminate\\Pipeline\\Pipeline.php(141): Illuminate\\Routing\\Router->Illuminate\\Routing\\{closure}(Object(Illuminate\\Http\\Request))
#22 C:\\xampp\\htdocs\\serbiscrm\\app\\Http\\Middleware\\CheckTenantStatus.php(40): Illuminate\\Pipeline\\Pipeline->Illuminate\\Pipeline\\{closure}(Object(Illuminate\\Http\\Request))
#23 C:\\xampp\\htdocs\\serbiscrm\\vendor\\laravel\\framework\\src\\Illuminate\\Pipeline\\Pipeline.php(180): App\\Http\\Middleware\\CheckTenantStatus->handle(Object(Illuminate\\Http\\Request), Object(Closure))
#24 C:\\xampp\\htdocs\\serbiscrm\\app\\Http\\Middleware\\HandleRedirectAfterLogin.php(28): Illuminate\\Pipeline\\Pipeline->Illuminate\\Pipeline\\{closure}(Object(Illuminate\\Http\\Request))
#25 C:\\xampp\\htdocs\\serbiscrm\\vendor\\laravel\\framework\\src\\Illuminate\\Pipeline\\Pipeline.php(180): App\\Http\\Middleware\\HandleRedirectAfterLogin->handle(Object(Illuminate\\Http\\Request), Object(Closure))
#26 C:\\xampp\\htdocs\\serbiscrm\\app\\Http\\Middleware\\CheckCompanySubscription.php(32): Illuminate\\Pipeline\\Pipeline->Illuminate\\Pipeline\\{closure}(Object(Illuminate\\Http\\Request))
#27 C:\\xampp\\htdocs\\serbiscrm\\vendor\\laravel\\framework\\src\\Illuminate\\Pipeline\\Pipeline.php(180): App\\Http\\Middleware\\CheckCompanySubscription->handle(Object(Illuminate\\Http\\Request), Object(Closure))
#28 C:\\xampp\\htdocs\\serbiscrm\\app\\Http\\Middleware\\CheckTenantId.php(43): Illuminate\\Pipeline\\Pipeline->Illuminate\\Pipeline\\{closure}(Object(Illuminate\\Http\\Request))
#29 C:\\xampp\\htdocs\\serbiscrm\\vendor\\laravel\\framework\\src\\Illuminate\\Pipeline\\Pipeline.php(180): App\\Http\\Middleware\\CheckTenantId->handle(Object(Illuminate\\Http\\Request), Object(Closure))
#30 C:\\xampp\\htdocs\\serbiscrm\\app\\Http\\Middleware\\CheckTrialStatus.php(28): Illuminate\\Pipeline\\Pipeline->Illuminate\\Pipeline\\{closure}(Object(Illuminate\\Http\\Request))
#31 C:\\xampp\\htdocs\\serbiscrm\\vendor\\laravel\\framework\\src\\Illuminate\\Pipeline\\Pipeline.php(180): App\\Http\\Middleware\\CheckTrialStatus->handle(Object(Illuminate\\Http\\Request), Object(Closure))
#32 C:\\xampp\\htdocs\\serbiscrm\\vendor\\laravel\\framework\\src\\Illuminate\\Routing\\Middleware\\SubstituteBindings.php(50): Illuminate\\Pipeline\\Pipeline->Illuminate\\Pipeline\\{closure}(Object(Illuminate\\Http\\Request))
#33 C:\\xampp\\htdocs\\serbiscrm\\vendor\\laravel\\framework\\src\\Illuminate\\Pipeline\\Pipeline.php(180): Illuminate\\Routing\\Middleware\\SubstituteBindings->handle(Object(Illuminate\\Http\\Request), Object(Closure))
#34 C:\\xampp\\htdocs\\serbiscrm\\vendor\\laravel\\framework\\src\\Illuminate\\Auth\\Middleware\\Authenticate.php(57): Illuminate\\Pipeline\\Pipeline->Illuminate\\Pipeline\\{closure}(Object(Illuminate\\Http\\Request))
#35 C:\\xampp\\htdocs\\serbiscrm\\vendor\\laravel\\framework\\src\\Illuminate\\Pipeline\\Pipeline.php(180): Illuminate\\Auth\\Middleware\\Authenticate->handle(Object(Illuminate\\Http\\Request), Object(Closure))
#36 C:\\xampp\\htdocs\\serbiscrm\\vendor\\laravel\\framework\\src\\Illuminate\\Foundation\\Http\\Middleware\\VerifyCsrfToken.php(78): Illuminate\\Pipeline\\Pipeline->Illuminate\\Pipeline\\{closure}(Object(Illuminate\\Http\\Request))
#37 C:\\xampp\\htdocs\\serbiscrm\\vendor\\laravel\\framework\\src\\Illuminate\\Pipeline\\Pipeline.php(180): Illuminate\\Foundation\\Http\\Middleware\\VerifyCsrfToken->handle(Object(Illuminate\\Http\\Request), Object(Closure))
#38 C:\\xampp\\htdocs\\serbiscrm\\vendor\\laravel\\framework\\src\\Illuminate\\View\\Middleware\\ShareErrorsFromSession.php(49): Illuminate\\Pipeline\\Pipeline->Illuminate\\Pipeline\\{closure}(Object(Illuminate\\Http\\Request))
#39 C:\\xampp\\htdocs\\serbiscrm\\vendor\\laravel\\framework\\src\\Illuminate\\Pipeline\\Pipeline.php(180): Illuminate\\View\\Middleware\\ShareErrorsFromSession->handle(Object(Illuminate\\Http\\Request), Object(Closure))
#40 C:\\xampp\\htdocs\\serbiscrm\\vendor\\laravel\\framework\\src\\Illuminate\\Session\\Middleware\\StartSession.php(121): Illuminate\\Pipeline\\Pipeline->Illuminate\\Pipeline\\{closure}(Object(Illuminate\\Http\\Request))
#41 C:\\xampp\\htdocs\\serbiscrm\\vendor\\laravel\\framework\\src\\Illuminate\\Session\\Middleware\\StartSession.php(64): Illuminate\\Session\\Middleware\\StartSession->handleStatefulRequest(Object(Illuminate\\Http\\Request), Object(Illuminate\\Session\\Store), Object(Closure))
#42 C:\\xampp\\htdocs\\serbiscrm\\vendor\\laravel\\framework\\src\\Illuminate\\Pipeline\\Pipeline.php(180): Illuminate\\Session\\Middleware\\StartSession->handle(Object(Illuminate\\Http\\Request), Object(Closure))
#43 C:\\xampp\\htdocs\\serbiscrm\\vendor\\laravel\\framework\\src\\Illuminate\\Cookie\\Middleware\\AddQueuedCookiesToResponse.php(37): Illuminate\\Pipeline\\Pipeline->Illuminate\\Pipeline\\{closure}(Object(Illuminate\\Http\\Request))
#44 C:\\xampp\\htdocs\\serbiscrm\\vendor\\laravel\\framework\\src\\Illuminate\\Pipeline\\Pipeline.php(180): Illuminate\\Cookie\\Middleware\\AddQueuedCookiesToResponse->handle(Object(Illuminate\\Http\\Request), Object(Closure))
#45 C:\\xampp\\htdocs\\serbiscrm\\vendor\\laravel\\framework\\src\\Illuminate\\Cookie\\Middleware\\EncryptCookies.php(67): Illuminate\\Pipeline\\Pipeline->Illuminate\\Pipeline\\{closure}(Object(Illuminate\\Http\\Request))
#46 C:\\xampp\\htdocs\\serbiscrm\\vendor\\laravel\\framework\\src\\Illuminate\\Pipeline\\Pipeline.php(180): Illuminate\\Cookie\\Middleware\\EncryptCookies->handle(Object(Illuminate\\Http\\Request), Object(Closure))
#47 C:\\xampp\\htdocs\\serbiscrm\\vendor\\laravel\\framework\\src\\Illuminate\\Pipeline\\Pipeline.php(116): Illuminate\\Pipeline\\Pipeline->Illuminate\\Pipeline\\{closure}(Object(Illuminate\\Http\\Request))
#48 C:\\xampp\\htdocs\\serbiscrm\\vendor\\laravel\\framework\\src\\Illuminate\\Routing\\Router.php(798): Illuminate\\Pipeline\\Pipeline->then(Object(Closure))
#49 C:\\xampp\\htdocs\\serbiscrm\\vendor\\laravel\\framework\\src\\Illuminate\\Routing\\Router.php(777): Illuminate\\Routing\\Router->runRouteWithinStack(Object(Illuminate\\Routing\\Route), Object(Illuminate\\Http\\Request))
#50 C:\\xampp\\htdocs\\serbiscrm\\vendor\\laravel\\framework\\src\\Illuminate\\Routing\\Router.php(741): Illuminate\\Routing\\Router->runRoute(Object(Illuminate\\Http\\Request), Object(Illuminate\\Routing\\Route))
#51 C:\\xampp\\htdocs\\serbiscrm\\vendor\\laravel\\framework\\src\\Illuminate\\Routing\\Router.php(730): Illuminate\\Routing\\Router->dispatchToRoute(Object(Illuminate\\Http\\Request))
#52 C:\\xampp\\htdocs\\serbiscrm\\vendor\\laravel\\framework\\src\\Illuminate\\Foundation\\Http\\Kernel.php(200): Illuminate\\Routing\\Router->dispatch(Object(Illuminate\\Http\\Request))
#53 C:\\xampp\\htdocs\\serbiscrm\\vendor\\laravel\\framework\\src\\Illuminate\\Pipeline\\Pipeline.php(141): Illuminate\\Foundation\\Http\\Kernel->Illuminate\\Foundation\\Http\\{closure}(Object(Illuminate\\Http\\Request))
#54 C:\\xampp\\htdocs\\serbiscrm\\app\\Http\\Middleware\\ImpersonationMiddleware.php(51): Illuminate\\Pipeline\\Pipeline->Illuminate\\Pipeline\\{closure}(Object(Illuminate\\Http\\Request))
#55 C:\\xampp\\htdocs\\serbiscrm\\vendor\\laravel\\framework\\src\\Illuminate\\Pipeline\\Pipeline.php(180): App\\Http\\Middleware\\ImpersonationMiddleware->handle(Object(Illuminate\\Http\\Request), Object(Closure))
#56 C:\\xampp\\htdocs\\serbiscrm\\vendor\\laravel\\framework\\src\\Illuminate\\Foundation\\Http\\Middleware\\TransformsRequest.php(21): Illuminate\\Pipeline\\Pipeline->Illuminate\\Pipeline\\{closure}(Object(Illuminate\\Http\\Request))
#57 C:\\xampp\\htdocs\\serbiscrm\\vendor\\laravel\\framework\\src\\Illuminate\\Foundation\\Http\\Middleware\\ConvertEmptyStringsToNull.php(31): Illuminate\\Foundation\\Http\\Middleware\\TransformsRequest->handle(Object(Illuminate\\Http\\Request), Object(Closure))
#58 C:\\xampp\\htdocs\\serbiscrm\\vendor\\laravel\\framework\\src\\Illuminate\\Pipeline\\Pipeline.php(180): Illuminate\\Foundation\\Http\\Middleware\\ConvertEmptyStringsToNull->handle(Object(Illuminate\\Http\\Request), Object(Closure))
#59 C:\\xampp\\htdocs\\serbiscrm\\vendor\\laravel\\framework\\src\\Illuminate\\Foundation\\Http\\Middleware\\TransformsRequest.php(21): Illuminate\\Pipeline\\Pipeline->Illuminate\\Pipeline\\{closure}(Object(Illuminate\\Http\\Request))
#60 C:\\xampp\\htdocs\\serbiscrm\\vendor\\laravel\\framework\\src\\Illuminate\\Foundation\\Http\\Middleware\\TrimStrings.php(40): Illuminate\\Foundation\\Http\\Middleware\\TransformsRequest->handle(Object(Illuminate\\Http\\Request), Object(Closure))
#61 C:\\xampp\\htdocs\\serbiscrm\\vendor\\laravel\\framework\\src\\Illuminate\\Pipeline\\Pipeline.php(180): Illuminate\\Foundation\\Http\\Middleware\\TrimStrings->handle(Object(Illuminate\\Http\\Request), Object(Closure))
#62 C:\\xampp\\htdocs\\serbiscrm\\vendor\\laravel\\framework\\src\\Illuminate\\Foundation\\Http\\Middleware\\ValidatePostSize.php(27): Illuminate\\Pipeline\\Pipeline->Illuminate\\Pipeline\\{closure}(Object(Illuminate\\Http\\Request))
#63 C:\\xampp\\htdocs\\serbiscrm\\vendor\\laravel\\framework\\src\\Illuminate\\Pipeline\\Pipeline.php(180): Illuminate\\Foundation\\Http\\Middleware\\ValidatePostSize->handle(Object(Illuminate\\Http\\Request), Object(Closure))
#64 C:\\xampp\\htdocs\\serbiscrm\\vendor\\laravel\\framework\\src\\Illuminate\\Foundation\\Http\\Middleware\\PreventRequestsDuringMaintenance.php(99): Illuminate\\Pipeline\\Pipeline->Illuminate\\Pipeline\\{closure}(Object(Illuminate\\Http\\Request))
#65 C:\\xampp\\htdocs\\serbiscrm\\vendor\\laravel\\framework\\src\\Illuminate\\Pipeline\\Pipeline.php(180): Illuminate\\Foundation\\Http\\Middleware\\PreventRequestsDuringMaintenance->handle(Object(Illuminate\\Http\\Request), Object(Closure))
#66 C:\\xampp\\htdocs\\serbiscrm\\vendor\\laravel\\framework\\src\\Illuminate\\Http\\Middleware\\HandleCors.php(49): Illuminate\\Pipeline\\Pipeline->Illuminate\\Pipeline\\{closure}(Object(Illuminate\\Http\\Request))
#67 C:\\xampp\\htdocs\\serbiscrm\\vendor\\laravel\\framework\\src\\Illuminate\\Pipeline\\Pipeline.php(180): Illuminate\\Http\\Middleware\\HandleCors->handle(Object(Illuminate\\Http\\Request), Object(Closure))
#68 C:\\xampp\\htdocs\\serbiscrm\\vendor\\laravel\\framework\\src\\Illuminate\\Http\\Middleware\\TrustProxies.php(39): Illuminate\\Pipeline\\Pipeline->Illuminate\\Pipeline\\{closure}(Object(Illuminate\\Http\\Request))
#69 C:\\xampp\\htdocs\\serbiscrm\\vendor\\laravel\\framework\\src\\Illuminate\\Pipeline\\Pipeline.php(180): Illuminate\\Http\\Middleware\\TrustProxies->handle(Object(Illuminate\\Http\\Request), Object(Closure))
#70 C:\\xampp\\htdocs\\serbiscrm\\vendor\\laravel\\framework\\src\\Illuminate\\Pipeline\\Pipeline.php(116): Illuminate\\Pipeline\\Pipeline->Illuminate\\Pipeline\\{closure}(Object(Illuminate\\Http\\Request))
#71 C:\\xampp\\htdocs\\serbiscrm\\vendor\\laravel\\framework\\src\\Illuminate\\Foundation\\Http\\Kernel.php(175): Illuminate\\Pipeline\\Pipeline->then(Object(Closure))
#72 C:\\xampp\\htdocs\\serbiscrm\\vendor\\laravel\\framework\\src\\Illuminate\\Foundation\\Http\\Kernel.php(144): Illuminate\\Foundation\\Http\\Kernel->sendRequestThroughRouter(Object(Illuminate\\Http\\Request))
#73 C:\\xampp\\htdocs\\serbiscrm\\public\\index.php(51): Illuminate\\Foundation\\Http\\Kernel->handle(Object(Illuminate\\Http\\Request))
#74 C:\\xampp\\htdocs\\serbiscrm\\vendor\\laravel\\framework\\src\\Illuminate\\Foundation\\resources\\server.php(16): require_once('C:\\\\xampp\\\\htdocs...')
#75 {main}
"} 
[2025-10-30 14:52:24] local.ERROR: SQLSTATE[42S22]: Column not found: 1054 Unknown column 'expires_at' in 'where clause' (Connection: mysql, SQL: select exists(select * from `integration_purchases` where `integration_purchases`.`tenant_id` = 27 and `integration_purchases`.`tenant_id` is not null and `integration_id` = 1 and `is_active` = 1 and `status` = completed and (`expires_at` is null or `expires_at` > 2025-10-30 14:52:24)) as `exists`) {"userId":47,"exception":"[object] (Illuminate\\Database\\QueryException(code: 42S22): SQLSTATE[42S22]: Column not found: 1054 Unknown column 'expires_at' in 'where clause' (Connection: mysql, SQL: select exists(select * from `integration_purchases` where `integration_purchases`.`tenant_id` = 27 and `integration_purchases`.`tenant_id` is not null and `integration_id` = 1 and `is_active` = 1 and `status` = completed and (`expires_at` is null or `expires_at` > 2025-10-30 14:52:24)) as `exists`) at C:\\xampp\\htdocs\\serbiscrm\\vendor\\laravel\\framework\\src\\Illuminate\\Database\\Connection.php:822)
[stacktrace]
#0 C:\\xampp\\htdocs\\serbiscrm\\vendor\\laravel\\framework\\src\\Illuminate\\Database\\Connection.php(776): Illuminate\\Database\\Connection->runQueryCallback('select exists(s...', Array, Object(Closure))
#1 C:\\xampp\\htdocs\\serbiscrm\\vendor\\laravel\\framework\\src\\Illuminate\\Database\\Connection.php(407): Illuminate\\Database\\Connection->run('select exists(s...', Array, Object(Closure))
#2 C:\\xampp\\htdocs\\serbiscrm\\vendor\\laravel\\framework\\src\\Illuminate\\Database\\Query\\Builder.php(3093): Illuminate\\Database\\Connection->select('select exists(s...', Array, true)
#3 C:\\xampp\\htdocs\\serbiscrm\\vendor\\laravel\\framework\\src\\Illuminate\\Database\\Eloquent\\Builder.php(1968): Illuminate\\Database\\Query\\Builder->exists()
#4 C:\\xampp\\htdocs\\serbiscrm\\vendor\\laravel\\framework\\src\\Illuminate\\Support\\Traits\\ForwardsCalls.php(23): Illuminate\\Database\\Eloquent\\Builder->__call('exists', Array)
#5 C:\\xampp\\htdocs\\serbiscrm\\vendor\\laravel\\framework\\src\\Illuminate\\Support\\Traits\\ForwardsCalls.php(52): Illuminate\\Database\\Eloquent\\Relations\\Relation->forwardCallTo(Object(Illuminate\\Database\\Eloquent\\Builder), 'exists', Array)
#6 C:\\xampp\\htdocs\\serbiscrm\\vendor\\laravel\\framework\\src\\Illuminate\\Database\\Eloquent\\Relations\\Relation.php(517): Illuminate\\Database\\Eloquent\\Relations\\Relation->forwardDecoratedCallTo(Object(Illuminate\\Database\\Eloquent\\Builder), 'exists', Array)
#7 C:\\xampp\\htdocs\\serbiscrm\\app\\Models\\Tenant.php(824): Illuminate\\Database\\Eloquent\\Relations\\Relation->__call('exists', Array)
#8 C:\\xampp\\htdocs\\serbiscrm\\app\\Http\\Controllers\\Frontend\\IntegrationMarketplaceController.php(78): App\\Models\\Tenant->hasIntegration('1')
#9 C:\\xampp\\htdocs\\serbiscrm\\vendor\\laravel\\framework\\src\\Illuminate\\Routing\\Controller.php(54): App\\Http\\Controllers\\Frontend\\IntegrationMarketplaceController->purchase('27', '1')
#10 C:\\xampp\\htdocs\\serbiscrm\\vendor\\laravel\\framework\\src\\Illuminate\\Routing\\ControllerDispatcher.php(43): Illuminate\\Routing\\Controller->callAction('purchase', Array)
#11 C:\\xampp\\htdocs\\serbiscrm\\vendor\\laravel\\framework\\src\\Illuminate\\Routing\\Route.php(259): Illuminate\\Routing\\ControllerDispatcher->dispatch(Object(Illuminate\\Routing\\Route), Object(App\\Http\\Controllers\\Frontend\\IntegrationMarketplaceController), 'purchase')
#12 C:\\xampp\\htdocs\\serbiscrm\\vendor\\laravel\\framework\\src\\Illuminate\\Routing\\Route.php(205): Illuminate\\Routing\\Route->runController()
#13 C:\\xampp\\htdocs\\serbiscrm\\vendor\\laravel\\framework\\src\\Illuminate\\Routing\\Router.php(799): Illuminate\\Routing\\Route->run()
#14 C:\\xampp\\htdocs\\serbiscrm\\vendor\\laravel\\framework\\src\\Illuminate\\Pipeline\\Pipeline.php(141): Illuminate\\Routing\\Router->Illuminate\\Routing\\{closure}(Object(Illuminate\\Http\\Request))
#15 C:\\xampp\\htdocs\\serbiscrm\\app\\Http\\Middleware\\CheckTenantStatus.php(40): Illuminate\\Pipeline\\Pipeline->Illuminate\\Pipeline\\{closure}(Object(Illuminate\\Http\\Request))
#16 C:\\xampp\\htdocs\\serbiscrm\\vendor\\laravel\\framework\\src\\Illuminate\\Pipeline\\Pipeline.php(180): App\\Http\\Middleware\\CheckTenantStatus->handle(Object(Illuminate\\Http\\Request), Object(Closure))
#17 C:\\xampp\\htdocs\\serbiscrm\\app\\Http\\Middleware\\HandleRedirectAfterLogin.php(28): Illuminate\\Pipeline\\Pipeline->Illuminate\\Pipeline\\{closure}(Object(Illuminate\\Http\\Request))
#18 C:\\xampp\\htdocs\\serbiscrm\\vendor\\laravel\\framework\\src\\Illuminate\\Pipeline\\Pipeline.php(180): App\\Http\\Middleware\\HandleRedirectAfterLogin->handle(Object(Illuminate\\Http\\Request), Object(Closure))
#19 C:\\xampp\\htdocs\\serbiscrm\\app\\Http\\Middleware\\CheckCompanySubscription.php(32): Illuminate\\Pipeline\\Pipeline->Illuminate\\Pipeline\\{closure}(Object(Illuminate\\Http\\Request))
#20 C:\\xampp\\htdocs\\serbiscrm\\vendor\\laravel\\framework\\src\\Illuminate\\Pipeline\\Pipeline.php(180): App\\Http\\Middleware\\CheckCompanySubscription->handle(Object(Illuminate\\Http\\Request), Object(Closure))
#21 C:\\xampp\\htdocs\\serbiscrm\\app\\Http\\Middleware\\CheckTenantId.php(43): Illuminate\\Pipeline\\Pipeline->Illuminate\\Pipeline\\{closure}(Object(Illuminate\\Http\\Request))
#22 C:\\xampp\\htdocs\\serbiscrm\\vendor\\laravel\\framework\\src\\Illuminate\\Pipeline\\Pipeline.php(180): App\\Http\\Middleware\\CheckTenantId->handle(Object(Illuminate\\Http\\Request), Object(Closure))
#23 C:\\xampp\\htdocs\\serbiscrm\\app\\Http\\Middleware\\CheckTrialStatus.php(28): Illuminate\\Pipeline\\Pipeline->Illuminate\\Pipeline\\{closure}(Object(Illuminate\\Http\\Request))
#24 C:\\xampp\\htdocs\\serbiscrm\\vendor\\laravel\\framework\\src\\Illuminate\\Pipeline\\Pipeline.php(180): App\\Http\\Middleware\\CheckTrialStatus->handle(Object(Illuminate\\Http\\Request), Object(Closure))
#25 C:\\xampp\\htdocs\\serbiscrm\\vendor\\laravel\\framework\\src\\Illuminate\\Routing\\Middleware\\SubstituteBindings.php(50): Illuminate\\Pipeline\\Pipeline->Illuminate\\Pipeline\\{closure}(Object(Illuminate\\Http\\Request))
#26 C:\\xampp\\htdocs\\serbiscrm\\vendor\\laravel\\framework\\src\\Illuminate\\Pipeline\\Pipeline.php(180): Illuminate\\Routing\\Middleware\\SubstituteBindings->handle(Object(Illuminate\\Http\\Request), Object(Closure))
#27 C:\\xampp\\htdocs\\serbiscrm\\vendor\\laravel\\framework\\src\\Illuminate\\Auth\\Middleware\\Authenticate.php(57): Illuminate\\Pipeline\\Pipeline->Illuminate\\Pipeline\\{closure}(Object(Illuminate\\Http\\Request))
#28 C:\\xampp\\htdocs\\serbiscrm\\vendor\\laravel\\framework\\src\\Illuminate\\Pipeline\\Pipeline.php(180): Illuminate\\Auth\\Middleware\\Authenticate->handle(Object(Illuminate\\Http\\Request), Object(Closure))
#29 C:\\xampp\\htdocs\\serbiscrm\\vendor\\laravel\\framework\\src\\Illuminate\\Foundation\\Http\\Middleware\\VerifyCsrfToken.php(78): Illuminate\\Pipeline\\Pipeline->Illuminate\\Pipeline\\{closure}(Object(Illuminate\\Http\\Request))
#30 C:\\xampp\\htdocs\\serbiscrm\\vendor\\laravel\\framework\\src\\Illuminate\\Pipeline\\Pipeline.php(180): Illuminate\\Foundation\\Http\\Middleware\\VerifyCsrfToken->handle(Object(Illuminate\\Http\\Request), Object(Closure))
#31 C:\\xampp\\htdocs\\serbiscrm\\vendor\\laravel\\framework\\src\\Illuminate\\View\\Middleware\\ShareErrorsFromSession.php(49): Illuminate\\Pipeline\\Pipeline->Illuminate\\Pipeline\\{closure}(Object(Illuminate\\Http\\Request))
#32 C:\\xampp\\htdocs\\serbiscrm\\vendor\\laravel\\framework\\src\\Illuminate\\Pipeline\\Pipeline.php(180): Illuminate\\View\\Middleware\\ShareErrorsFromSession->handle(Object(Illuminate\\Http\\Request), Object(Closure))
#33 C:\\xampp\\htdocs\\serbiscrm\\vendor\\laravel\\framework\\src\\Illuminate\\Session\\Middleware\\StartSession.php(121): Illuminate\\Pipeline\\Pipeline->Illuminate\\Pipeline\\{closure}(Object(Illuminate\\Http\\Request))
#34 C:\\xampp\\htdocs\\serbiscrm\\vendor\\laravel\\framework\\src\\Illuminate\\Session\\Middleware\\StartSession.php(64): Illuminate\\Session\\Middleware\\StartSession->handleStatefulRequest(Object(Illuminate\\Http\\Request), Object(Illuminate\\Session\\Store), Object(Closure))
#35 C:\\xampp\\htdocs\\serbiscrm\\vendor\\laravel\\framework\\src\\Illuminate\\Pipeline\\Pipeline.php(180): Illuminate\\Session\\Middleware\\StartSession->handle(Object(Illuminate\\Http\\Request), Object(Closure))
#36 C:\\xampp\\htdocs\\serbiscrm\\vendor\\laravel\\framework\\src\\Illuminate\\Cookie\\Middleware\\AddQueuedCookiesToResponse.php(37): Illuminate\\Pipeline\\Pipeline->Illuminate\\Pipeline\\{closure}(Object(Illuminate\\Http\\Request))
#37 C:\\xampp\\htdocs\\serbiscrm\\vendor\\laravel\\framework\\src\\Illuminate\\Pipeline\\Pipeline.php(180): Illuminate\\Cookie\\Middleware\\AddQueuedCookiesToResponse->handle(Object(Illuminate\\Http\\Request), Object(Closure))
#38 C:\\xampp\\htdocs\\serbiscrm\\vendor\\laravel\\framework\\src\\Illuminate\\Cookie\\Middleware\\EncryptCookies.php(67): Illuminate\\Pipeline\\Pipeline->Illuminate\\Pipeline\\{closure}(Object(Illuminate\\Http\\Request))
#39 C:\\xampp\\htdocs\\serbiscrm\\vendor\\laravel\\framework\\src\\Illuminate\\Pipeline\\Pipeline.php(180): Illuminate\\Cookie\\Middleware\\EncryptCookies->handle(Object(Illuminate\\Http\\Request), Object(Closure))
#40 C:\\xampp\\htdocs\\serbiscrm\\vendor\\laravel\\framework\\src\\Illuminate\\Pipeline\\Pipeline.php(116): Illuminate\\Pipeline\\Pipeline->Illuminate\\Pipeline\\{closure}(Object(Illuminate\\Http\\Request))
#41 C:\\xampp\\htdocs\\serbiscrm\\vendor\\laravel\\framework\\src\\Illuminate\\Routing\\Router.php(798): Illuminate\\Pipeline\\Pipeline->then(Object(Closure))
#42 C:\\xampp\\htdocs\\serbiscrm\\vendor\\laravel\\framework\\src\\Illuminate\\Routing\\Router.php(777): Illuminate\\Routing\\Router->runRouteWithinStack(Object(Illuminate\\Routing\\Route), Object(Illuminate\\Http\\Request))
#43 C:\\xampp\\htdocs\\serbiscrm\\vendor\\laravel\\framework\\src\\Illuminate\\Routing\\Router.php(741): Illuminate\\Routing\\Router->runRoute(Object(Illuminate\\Http\\Request), Object(Illuminate\\Routing\\Route))
#44 C:\\xampp\\htdocs\\serbiscrm\\vendor\\laravel\\framework\\src\\Illuminate\\Routing\\Router.php(730): Illuminate\\Routing\\Router->dispatchToRoute(Object(Illuminate\\Http\\Request))
#45 C:\\xampp\\htdocs\\serbiscrm\\vendor\\laravel\\framework\\src\\Illuminate\\Foundation\\Http\\Kernel.php(200): Illuminate\\Routing\\Router->dispatch(Object(Illuminate\\Http\\Request))
#46 C:\\xampp\\htdocs\\serbiscrm\\vendor\\laravel\\framework\\src\\Illuminate\\Pipeline\\Pipeline.php(141): Illuminate\\Foundation\\Http\\Kernel->Illuminate\\Foundation\\Http\\{closure}(Object(Illuminate\\Http\\Request))
#47 C:\\xampp\\htdocs\\serbiscrm\\app\\Http\\Middleware\\ImpersonationMiddleware.php(51): Illuminate\\Pipeline\\Pipeline->Illuminate\\Pipeline\\{closure}(Object(Illuminate\\Http\\Request))
#48 C:\\xampp\\htdocs\\serbiscrm\\vendor\\laravel\\framework\\src\\Illuminate\\Pipeline\\Pipeline.php(180): App\\Http\\Middleware\\ImpersonationMiddleware->handle(Object(Illuminate\\Http\\Request), Object(Closure))
#49 C:\\xampp\\htdocs\\serbiscrm\\vendor\\laravel\\framework\\src\\Illuminate\\Foundation\\Http\\Middleware\\TransformsRequest.php(21): Illuminate\\Pipeline\\Pipeline->Illuminate\\Pipeline\\{closure}(Object(Illuminate\\Http\\Request))
#50 C:\\xampp\\htdocs\\serbiscrm\\vendor\\laravel\\framework\\src\\Illuminate\\Foundation\\Http\\Middleware\\ConvertEmptyStringsToNull.php(31): Illuminate\\Foundation\\Http\\Middleware\\TransformsRequest->handle(Object(Illuminate\\Http\\Request), Object(Closure))
#51 C:\\xampp\\htdocs\\serbiscrm\\vendor\\laravel\\framework\\src\\Illuminate\\Pipeline\\Pipeline.php(180): Illuminate\\Foundation\\Http\\Middleware\\ConvertEmptyStringsToNull->handle(Object(Illuminate\\Http\\Request), Object(Closure))
#52 C:\\xampp\\htdocs\\serbiscrm\\vendor\\laravel\\framework\\src\\Illuminate\\Foundation\\Http\\Middleware\\TransformsRequest.php(21): Illuminate\\Pipeline\\Pipeline->Illuminate\\Pipeline\\{closure}(Object(Illuminate\\Http\\Request))
#53 C:\\xampp\\htdocs\\serbiscrm\\vendor\\laravel\\framework\\src\\Illuminate\\Foundation\\Http\\Middleware\\TrimStrings.php(40): Illuminate\\Foundation\\Http\\Middleware\\TransformsRequest->handle(Object(Illuminate\\Http\\Request), Object(Closure))
#54 C:\\xampp\\htdocs\\serbiscrm\\vendor\\laravel\\framework\\src\\Illuminate\\Pipeline\\Pipeline.php(180): Illuminate\\Foundation\\Http\\Middleware\\TrimStrings->handle(Object(Illuminate\\Http\\Request), Object(Closure))
#55 C:\\xampp\\htdocs\\serbiscrm\\vendor\\laravel\\framework\\src\\Illuminate\\Foundation\\Http\\Middleware\\ValidatePostSize.php(27): Illuminate\\Pipeline\\Pipeline->Illuminate\\Pipeline\\{closure}(Object(Illuminate\\Http\\Request))
#56 C:\\xampp\\htdocs\\serbiscrm\\vendor\\laravel\\framework\\src\\Illuminate\\Pipeline\\Pipeline.php(180): Illuminate\\Foundation\\Http\\Middleware\\ValidatePostSize->handle(Object(Illuminate\\Http\\Request), Object(Closure))
#57 C:\\xampp\\htdocs\\serbiscrm\\vendor\\laravel\\framework\\src\\Illuminate\\Foundation\\Http\\Middleware\\PreventRequestsDuringMaintenance.php(99): Illuminate\\Pipeline\\Pipeline->Illuminate\\Pipeline\\{closure}(Object(Illuminate\\Http\\Request))
#58 C:\\xampp\\htdocs\\serbiscrm\\vendor\\laravel\\framework\\src\\Illuminate\\Pipeline\\Pipeline.php(180): Illuminate\\Foundation\\Http\\Middleware\\PreventRequestsDuringMaintenance->handle(Object(Illuminate\\Http\\Request), Object(Closure))
#59 C:\\xampp\\htdocs\\serbiscrm\\vendor\\laravel\\framework\\src\\Illuminate\\Http\\Middleware\\HandleCors.php(49): Illuminate\\Pipeline\\Pipeline->Illuminate\\Pipeline\\{closure}(Object(Illuminate\\Http\\Request))
#60 C:\\xampp\\htdocs\\serbiscrm\\vendor\\laravel\\framework\\src\\Illuminate\\Pipeline\\Pipeline.php(180): Illuminate\\Http\\Middleware\\HandleCors->handle(Object(Illuminate\\Http\\Request), Object(Closure))
#61 C:\\xampp\\htdocs\\serbiscrm\\vendor\\laravel\\framework\\src\\Illuminate\\Http\\Middleware\\TrustProxies.php(39): Illuminate\\Pipeline\\Pipeline->Illuminate\\Pipeline\\{closure}(Object(Illuminate\\Http\\Request))
#62 C:\\xampp\\htdocs\\serbiscrm\\vendor\\laravel\\framework\\src\\Illuminate\\Pipeline\\Pipeline.php(180): Illuminate\\Http\\Middleware\\TrustProxies->handle(Object(Illuminate\\Http\\Request), Object(Closure))
#63 C:\\xampp\\htdocs\\serbiscrm\\vendor\\laravel\\framework\\src\\Illuminate\\Pipeline\\Pipeline.php(116): Illuminate\\Pipeline\\Pipeline->Illuminate\\Pipeline\\{closure}(Object(Illuminate\\Http\\Request))
#64 C:\\xampp\\htdocs\\serbiscrm\\vendor\\laravel\\framework\\src\\Illuminate\\Foundation\\Http\\Kernel.php(175): Illuminate\\Pipeline\\Pipeline->then(Object(Closure))
#65 C:\\xampp\\htdocs\\serbiscrm\\vendor\\laravel\\framework\\src\\Illuminate\\Foundation\\Http\\Kernel.php(144): Illuminate\\Foundation\\Http\\Kernel->sendRequestThroughRouter(Object(Illuminate\\Http\\Request))
#66 C:\\xampp\\htdocs\\serbiscrm\\public\\index.php(51): Illuminate\\Foundation\\Http\\Kernel->handle(Object(Illuminate\\Http\\Request))
#67 C:\\xampp\\htdocs\\serbiscrm\\vendor\\laravel\\framework\\src\\Illuminate\\Foundation\\resources\\server.php(16): require_once('C:\\\\xampp\\\\htdocs...')
#68 {main}

[previous exception] [object] (PDOException(code: 42S22): SQLSTATE[42S22]: Column not found: 1054 Unknown column 'expires_at' in 'where clause' at C:\\xampp\\htdocs\\serbiscrm\\vendor\\laravel\\framework\\src\\Illuminate\\Database\\Connection.php:416)
[stacktrace]
#0 C:\\xampp\\htdocs\\serbiscrm\\vendor\\laravel\\framework\\src\\Illuminate\\Database\\Connection.php(416): PDO->prepare('select exists(s...')
#1 C:\\xampp\\htdocs\\serbiscrm\\vendor\\laravel\\framework\\src\\Illuminate\\Database\\Connection.php(809): Illuminate\\Database\\Connection->Illuminate\\Database\\{closure}('select exists(s...', Array)
#2 C:\\xampp\\htdocs\\serbiscrm\\vendor\\laravel\\framework\\src\\Illuminate\\Database\\Connection.php(776): Illuminate\\Database\\Connection->runQueryCallback('select exists(s...', Array, Object(Closure))
#3 C:\\xampp\\htdocs\\serbiscrm\\vendor\\laravel\\framework\\src\\Illuminate\\Database\\Connection.php(407): Illuminate\\Database\\Connection->run('select exists(s...', Array, Object(Closure))
#4 C:\\xampp\\htdocs\\serbiscrm\\vendor\\laravel\\framework\\src\\Illuminate\\Database\\Query\\Builder.php(3093): Illuminate\\Database\\Connection->select('select exists(s...', Array, true)
#5 C:\\xampp\\htdocs\\serbiscrm\\vendor\\laravel\\framework\\src\\Illuminate\\Database\\Eloquent\\Builder.php(1968): Illuminate\\Database\\Query\\Builder->exists()
#6 C:\\xampp\\htdocs\\serbiscrm\\vendor\\laravel\\framework\\src\\Illuminate\\Support\\Traits\\ForwardsCalls.php(23): Illuminate\\Database\\Eloquent\\Builder->__call('exists', Array)
#7 C:\\xampp\\htdocs\\serbiscrm\\vendor\\laravel\\framework\\src\\Illuminate\\Support\\Traits\\ForwardsCalls.php(52): Illuminate\\Database\\Eloquent\\Relations\\Relation->forwardCallTo(Object(Illuminate\\Database\\Eloquent\\Builder), 'exists', Array)
#8 C:\\xampp\\htdocs\\serbiscrm\\vendor\\laravel\\framework\\src\\Illuminate\\Database\\Eloquent\\Relations\\Relation.php(517): Illuminate\\Database\\Eloquent\\Relations\\Relation->forwardDecoratedCallTo(Object(Illuminate\\Database\\Eloquent\\Builder), 'exists', Array)
#9 C:\\xampp\\htdocs\\serbiscrm\\app\\Models\\Tenant.php(824): Illuminate\\Database\\Eloquent\\Relations\\Relation->__call('exists', Array)
#10 C:\\xampp\\htdocs\\serbiscrm\\app\\Http\\Controllers\\Frontend\\IntegrationMarketplaceController.php(78): App\\Models\\Tenant->hasIntegration('1')
#11 C:\\xampp\\htdocs\\serbiscrm\\vendor\\laravel\\framework\\src\\Illuminate\\Routing\\Controller.php(54): App\\Http\\Controllers\\Frontend\\IntegrationMarketplaceController->purchase('27', '1')
#12 C:\\xampp\\htdocs\\serbiscrm\\vendor\\laravel\\framework\\src\\Illuminate\\Routing\\ControllerDispatcher.php(43): Illuminate\\Routing\\Controller->callAction('purchase', Array)
#13 C:\\xampp\\htdocs\\serbiscrm\\vendor\\laravel\\framework\\src\\Illuminate\\Routing\\Route.php(259): Illuminate\\Routing\\ControllerDispatcher->dispatch(Object(Illuminate\\Routing\\Route), Object(App\\Http\\Controllers\\Frontend\\IntegrationMarketplaceController), 'purchase')
#14 C:\\xampp\\htdocs\\serbiscrm\\vendor\\laravel\\framework\\src\\Illuminate\\Routing\\Route.php(205): Illuminate\\Routing\\Route->runController()
#15 C:\\xampp\\htdocs\\serbiscrm\\vendor\\laravel\\framework\\src\\Illuminate\\Routing\\Router.php(799): Illuminate\\Routing\\Route->run()
#16 C:\\xampp\\htdocs\\serbiscrm\\vendor\\laravel\\framework\\src\\Illuminate\\Pipeline\\Pipeline.php(141): Illuminate\\Routing\\Router->Illuminate\\Routing\\{closure}(Object(Illuminate\\Http\\Request))
#17 C:\\xampp\\htdocs\\serbiscrm\\app\\Http\\Middleware\\CheckTenantStatus.php(40): Illuminate\\Pipeline\\Pipeline->Illuminate\\Pipeline\\{closure}(Object(Illuminate\\Http\\Request))
#18 C:\\xampp\\htdocs\\serbiscrm\\vendor\\laravel\\framework\\src\\Illuminate\\Pipeline\\Pipeline.php(180): App\\Http\\Middleware\\CheckTenantStatus->handle(Object(Illuminate\\Http\\Request), Object(Closure))
#19 C:\\xampp\\htdocs\\serbiscrm\\app\\Http\\Middleware\\HandleRedirectAfterLogin.php(28): Illuminate\\Pipeline\\Pipeline->Illuminate\\Pipeline\\{closure}(Object(Illuminate\\Http\\Request))
#20 C:\\xampp\\htdocs\\serbiscrm\\vendor\\laravel\\framework\\src\\Illuminate\\Pipeline\\Pipeline.php(180): App\\Http\\Middleware\\HandleRedirectAfterLogin->handle(Object(Illuminate\\Http\\Request), Object(Closure))
#21 C:\\xampp\\htdocs\\serbiscrm\\app\\Http\\Middleware\\CheckCompanySubscription.php(32): Illuminate\\Pipeline\\Pipeline->Illuminate\\Pipeline\\{closure}(Object(Illuminate\\Http\\Request))
#22 C:\\xampp\\htdocs\\serbiscrm\\vendor\\laravel\\framework\\src\\Illuminate\\Pipeline\\Pipeline.php(180): App\\Http\\Middleware\\CheckCompanySubscription->handle(Object(Illuminate\\Http\\Request), Object(Closure))
#23 C:\\xampp\\htdocs\\serbiscrm\\app\\Http\\Middleware\\CheckTenantId.php(43): Illuminate\\Pipeline\\Pipeline->Illuminate\\Pipeline\\{closure}(Object(Illuminate\\Http\\Request))
#24 C:\\xampp\\htdocs\\serbiscrm\\vendor\\laravel\\framework\\src\\Illuminate\\Pipeline\\Pipeline.php(180): App\\Http\\Middleware\\CheckTenantId->handle(Object(Illuminate\\Http\\Request), Object(Closure))
#25 C:\\xampp\\htdocs\\serbiscrm\\app\\Http\\Middleware\\CheckTrialStatus.php(28): Illuminate\\Pipeline\\Pipeline->Illuminate\\Pipeline\\{closure}(Object(Illuminate\\Http\\Request))
#26 C:\\xampp\\htdocs\\serbiscrm\\vendor\\laravel\\framework\\src\\Illuminate\\Pipeline\\Pipeline.php(180): App\\Http\\Middleware\\CheckTrialStatus->handle(Object(Illuminate\\Http\\Request), Object(Closure))
#27 C:\\xampp\\htdocs\\serbiscrm\\vendor\\laravel\\framework\\src\\Illuminate\\Routing\\Middleware\\SubstituteBindings.php(50): Illuminate\\Pipeline\\Pipeline->Illuminate\\Pipeline\\{closure}(Object(Illuminate\\Http\\Request))
#28 C:\\xampp\\htdocs\\serbiscrm\\vendor\\laravel\\framework\\src\\Illuminate\\Pipeline\\Pipeline.php(180): Illuminate\\Routing\\Middleware\\SubstituteBindings->handle(Object(Illuminate\\Http\\Request), Object(Closure))
#29 C:\\xampp\\htdocs\\serbiscrm\\vendor\\laravel\\framework\\src\\Illuminate\\Auth\\Middleware\\Authenticate.php(57): Illuminate\\Pipeline\\Pipeline->Illuminate\\Pipeline\\{closure}(Object(Illuminate\\Http\\Request))
#30 C:\\xampp\\htdocs\\serbiscrm\\vendor\\laravel\\framework\\src\\Illuminate\\Pipeline\\Pipeline.php(180): Illuminate\\Auth\\Middleware\\Authenticate->handle(Object(Illuminate\\Http\\Request), Object(Closure))
#31 C:\\xampp\\htdocs\\serbiscrm\\vendor\\laravel\\framework\\src\\Illuminate\\Foundation\\Http\\Middleware\\VerifyCsrfToken.php(78): Illuminate\\Pipeline\\Pipeline->Illuminate\\Pipeline\\{closure}(Object(Illuminate\\Http\\Request))
#32 C:\\xampp\\htdocs\\serbiscrm\\vendor\\laravel\\framework\\src\\Illuminate\\Pipeline\\Pipeline.php(180): Illuminate\\Foundation\\Http\\Middleware\\VerifyCsrfToken->handle(Object(Illuminate\\Http\\Request), Object(Closure))
#33 C:\\xampp\\htdocs\\serbiscrm\\vendor\\laravel\\framework\\src\\Illuminate\\View\\Middleware\\ShareErrorsFromSession.php(49): Illuminate\\Pipeline\\Pipeline->Illuminate\\Pipeline\\{closure}(Object(Illuminate\\Http\\Request))
#34 C:\\xampp\\htdocs\\serbiscrm\\vendor\\laravel\\framework\\src\\Illuminate\\Pipeline\\Pipeline.php(180): Illuminate\\View\\Middleware\\ShareErrorsFromSession->handle(Object(Illuminate\\Http\\Request), Object(Closure))
#35 C:\\xampp\\htdocs\\serbiscrm\\vendor\\laravel\\framework\\src\\Illuminate\\Session\\Middleware\\StartSession.php(121): Illuminate\\Pipeline\\Pipeline->Illuminate\\Pipeline\\{closure}(Object(Illuminate\\Http\\Request))
#36 C:\\xampp\\htdocs\\serbiscrm\\vendor\\laravel\\framework\\src\\Illuminate\\Session\\Middleware\\StartSession.php(64): Illuminate\\Session\\Middleware\\StartSession->handleStatefulRequest(Object(Illuminate\\Http\\Request), Object(Illuminate\\Session\\Store), Object(Closure))
#37 C:\\xampp\\htdocs\\serbiscrm\\vendor\\laravel\\framework\\src\\Illuminate\\Pipeline\\Pipeline.php(180): Illuminate\\Session\\Middleware\\StartSession->handle(Object(Illuminate\\Http\\Request), Object(Closure))
#38 C:\\xampp\\htdocs\\serbiscrm\\vendor\\laravel\\framework\\src\\Illuminate\\Cookie\\Middleware\\AddQueuedCookiesToResponse.php(37): Illuminate\\Pipeline\\Pipeline->Illuminate\\Pipeline\\{closure}(Object(Illuminate\\Http\\Request))
#39 C:\\xampp\\htdocs\\serbiscrm\\vendor\\laravel\\framework\\src\\Illuminate\\Pipeline\\Pipeline.php(180): Illuminate\\Cookie\\Middleware\\AddQueuedCookiesToResponse->handle(Object(Illuminate\\Http\\Request), Object(Closure))
#40 C:\\xampp\\htdocs\\serbiscrm\\vendor\\laravel\\framework\\src\\Illuminate\\Cookie\\Middleware\\EncryptCookies.php(67): Illuminate\\Pipeline\\Pipeline->Illuminate\\Pipeline\\{closure}(Object(Illuminate\\Http\\Request))
#41 C:\\xampp\\htdocs\\serbiscrm\\vendor\\laravel\\framework\\src\\Illuminate\\Pipeline\\Pipeline.php(180): Illuminate\\Cookie\\Middleware\\EncryptCookies->handle(Object(Illuminate\\Http\\Request), Object(Closure))
#42 C:\\xampp\\htdocs\\serbiscrm\\vendor\\laravel\\framework\\src\\Illuminate\\Pipeline\\Pipeline.php(116): Illuminate\\Pipeline\\Pipeline->Illuminate\\Pipeline\\{closure}(Object(Illuminate\\Http\\Request))
#43 C:\\xampp\\htdocs\\serbiscrm\\vendor\\laravel\\framework\\src\\Illuminate\\Routing\\Router.php(798): Illuminate\\Pipeline\\Pipeline->then(Object(Closure))
#44 C:\\xampp\\htdocs\\serbiscrm\\vendor\\laravel\\framework\\src\\Illuminate\\Routing\\Router.php(777): Illuminate\\Routing\\Router->runRouteWithinStack(Object(Illuminate\\Routing\\Route), Object(Illuminate\\Http\\Request))
#45 C:\\xampp\\htdocs\\serbiscrm\\vendor\\laravel\\framework\\src\\Illuminate\\Routing\\Router.php(741): Illuminate\\Routing\\Router->runRoute(Object(Illuminate\\Http\\Request), Object(Illuminate\\Routing\\Route))
#46 C:\\xampp\\htdocs\\serbiscrm\\vendor\\laravel\\framework\\src\\Illuminate\\Routing\\Router.php(730): Illuminate\\Routing\\Router->dispatchToRoute(Object(Illuminate\\Http\\Request))
#47 C:\\xampp\\htdocs\\serbiscrm\\vendor\\laravel\\framework\\src\\Illuminate\\Foundation\\Http\\Kernel.php(200): Illuminate\\Routing\\Router->dispatch(Object(Illuminate\\Http\\Request))
#48 C:\\xampp\\htdocs\\serbiscrm\\vendor\\laravel\\framework\\src\\Illuminate\\Pipeline\\Pipeline.php(141): Illuminate\\Foundation\\Http\\Kernel->Illuminate\\Foundation\\Http\\{closure}(Object(Illuminate\\Http\\Request))
#49 C:\\xampp\\htdocs\\serbiscrm\\app\\Http\\Middleware\\ImpersonationMiddleware.php(51): Illuminate\\Pipeline\\Pipeline->Illuminate\\Pipeline\\{closure}(Object(Illuminate\\Http\\Request))
#50 C:\\xampp\\htdocs\\serbiscrm\\vendor\\laravel\\framework\\src\\Illuminate\\Pipeline\\Pipeline.php(180): App\\Http\\Middleware\\ImpersonationMiddleware->handle(Object(Illuminate\\Http\\Request), Object(Closure))
#51 C:\\xampp\\htdocs\\serbiscrm\\vendor\\laravel\\framework\\src\\Illuminate\\Foundation\\Http\\Middleware\\TransformsRequest.php(21): Illuminate\\Pipeline\\Pipeline->Illuminate\\Pipeline\\{closure}(Object(Illuminate\\Http\\Request))
#52 C:\\xampp\\htdocs\\serbiscrm\\vendor\\laravel\\framework\\src\\Illuminate\\Foundation\\Http\\Middleware\\ConvertEmptyStringsToNull.php(31): Illuminate\\Foundation\\Http\\Middleware\\TransformsRequest->handle(Object(Illuminate\\Http\\Request), Object(Closure))
#53 C:\\xampp\\htdocs\\serbiscrm\\vendor\\laravel\\framework\\src\\Illuminate\\Pipeline\\Pipeline.php(180): Illuminate\\Foundation\\Http\\Middleware\\ConvertEmptyStringsToNull->handle(Object(Illuminate\\Http\\Request), Object(Closure))
#54 C:\\xampp\\htdocs\\serbiscrm\\vendor\\laravel\\framework\\src\\Illuminate\\Foundation\\Http\\Middleware\\TransformsRequest.php(21): Illuminate\\Pipeline\\Pipeline->Illuminate\\Pipeline\\{closure}(Object(Illuminate\\Http\\Request))
#55 C:\\xampp\\htdocs\\serbiscrm\\vendor\\laravel\\framework\\src\\Illuminate\\Foundation\\Http\\Middleware\\TrimStrings.php(40): Illuminate\\Foundation\\Http\\Middleware\\TransformsRequest->handle(Object(Illuminate\\Http\\Request), Object(Closure))
#56 C:\\xampp\\htdocs\\serbiscrm\\vendor\\laravel\\framework\\src\\Illuminate\\Pipeline\\Pipeline.php(180): Illuminate\\Foundation\\Http\\Middleware\\TrimStrings->handle(Object(Illuminate\\Http\\Request), Object(Closure))
#57 C:\\xampp\\htdocs\\serbiscrm\\vendor\\laravel\\framework\\src\\Illuminate\\Foundation\\Http\\Middleware\\ValidatePostSize.php(27): Illuminate\\Pipeline\\Pipeline->Illuminate\\Pipeline\\{closure}(Object(Illuminate\\Http\\Request))
#58 C:\\xampp\\htdocs\\serbiscrm\\vendor\\laravel\\framework\\src\\Illuminate\\Pipeline\\Pipeline.php(180): Illuminate\\Foundation\\Http\\Middleware\\ValidatePostSize->handle(Object(Illuminate\\Http\\Request), Object(Closure))
#59 C:\\xampp\\htdocs\\serbiscrm\\vendor\\laravel\\framework\\src\\Illuminate\\Foundation\\Http\\Middleware\\PreventRequestsDuringMaintenance.php(99): Illuminate\\Pipeline\\Pipeline->Illuminate\\Pipeline\\{closure}(Object(Illuminate\\Http\\Request))
#60 C:\\xampp\\htdocs\\serbiscrm\\vendor\\laravel\\framework\\src\\Illuminate\\Pipeline\\Pipeline.php(180): Illuminate\\Foundation\\Http\\Middleware\\PreventRequestsDuringMaintenance->handle(Object(Illuminate\\Http\\Request), Object(Closure))
#61 C:\\xampp\\htdocs\\serbiscrm\\vendor\\laravel\\framework\\src\\Illuminate\\Http\\Middleware\\HandleCors.php(49): Illuminate\\Pipeline\\Pipeline->Illuminate\\Pipeline\\{closure}(Object(Illuminate\\Http\\Request))
#62 C:\\xampp\\htdocs\\serbiscrm\\vendor\\laravel\\framework\\src\\Illuminate\\Pipeline\\Pipeline.php(180): Illuminate\\Http\\Middleware\\HandleCors->handle(Object(Illuminate\\Http\\Request), Object(Closure))
#63 C:\\xampp\\htdocs\\serbiscrm\\vendor\\laravel\\framework\\src\\Illuminate\\Http\\Middleware\\TrustProxies.php(39): Illuminate\\Pipeline\\Pipeline->Illuminate\\Pipeline\\{closure}(Object(Illuminate\\Http\\Request))
#64 C:\\xampp\\htdocs\\serbiscrm\\vendor\\laravel\\framework\\src\\Illuminate\\Pipeline\\Pipeline.php(180): Illuminate\\Http\\Middleware\\TrustProxies->handle(Object(Illuminate\\Http\\Request), Object(Closure))
#65 C:\\xampp\\htdocs\\serbiscrm\\vendor\\laravel\\framework\\src\\Illuminate\\Pipeline\\Pipeline.php(116): Illuminate\\Pipeline\\Pipeline->Illuminate\\Pipeline\\{closure}(Object(Illuminate\\Http\\Request))
#66 C:\\xampp\\htdocs\\serbiscrm\\vendor\\laravel\\framework\\src\\Illuminate\\Foundation\\Http\\Kernel.php(175): Illuminate\\Pipeline\\Pipeline->then(Object(Closure))
#67 C:\\xampp\\htdocs\\serbiscrm\\vendor\\laravel\\framework\\src\\Illuminate\\Foundation\\Http\\Kernel.php(144): Illuminate\\Foundation\\Http\\Kernel->sendRequestThroughRouter(Object(Illuminate\\Http\\Request))
#68 C:\\xampp\\htdocs\\serbiscrm\\public\\index.php(51): Illuminate\\Foundation\\Http\\Kernel->handle(Object(Illuminate\\Http\\Request))
#69 C:\\xampp\\htdocs\\serbiscrm\\vendor\\laravel\\framework\\src\\Illuminate\\Foundation\\resources\\server.php(16): require_once('C:\\\\xampp\\\\htdocs...')
#70 {main}
"} 
[2025-10-30 14:56:03] local.ERROR: SQLSTATE[42S22]: Column not found: 1054 Unknown column 'expires_at' in 'where clause' (Connection: mysql, SQL: select exists(select * from `integration_purchases` where `integration_purchases`.`tenant_id` = 27 and `integration_purchases`.`tenant_id` is not null and `integration_id` = 1 and `is_active` = 1 and `status` = completed and (`expires_at` is null or `expires_at` > 2025-10-30 14:56:03)) as `exists`) {"userId":47,"exception":"[object] (Illuminate\\Database\\QueryException(code: 42S22): SQLSTATE[42S22]: Column not found: 1054 Unknown column 'expires_at' in 'where clause' (Connection: mysql, SQL: select exists(select * from `integration_purchases` where `integration_purchases`.`tenant_id` = 27 and `integration_purchases`.`tenant_id` is not null and `integration_id` = 1 and `is_active` = 1 and `status` = completed and (`expires_at` is null or `expires_at` > 2025-10-30 14:56:03)) as `exists`) at C:\\xampp\\htdocs\\serbiscrm\\vendor\\laravel\\framework\\src\\Illuminate\\Database\\Connection.php:822)
[stacktrace]
#0 C:\\xampp\\htdocs\\serbiscrm\\vendor\\laravel\\framework\\src\\Illuminate\\Database\\Connection.php(776): Illuminate\\Database\\Connection->runQueryCallback('select exists(s...', Array, Object(Closure))
#1 C:\\xampp\\htdocs\\serbiscrm\\vendor\\laravel\\framework\\src\\Illuminate\\Database\\Connection.php(407): Illuminate\\Database\\Connection->run('select exists(s...', Array, Object(Closure))
#2 C:\\xampp\\htdocs\\serbiscrm\\vendor\\laravel\\framework\\src\\Illuminate\\Database\\Query\\Builder.php(3093): Illuminate\\Database\\Connection->select('select exists(s...', Array, true)
#3 C:\\xampp\\htdocs\\serbiscrm\\vendor\\laravel\\framework\\src\\Illuminate\\Database\\Eloquent\\Builder.php(1968): Illuminate\\Database\\Query\\Builder->exists()
#4 C:\\xampp\\htdocs\\serbiscrm\\vendor\\laravel\\framework\\src\\Illuminate\\Support\\Traits\\ForwardsCalls.php(23): Illuminate\\Database\\Eloquent\\Builder->__call('exists', Array)
#5 C:\\xampp\\htdocs\\serbiscrm\\vendor\\laravel\\framework\\src\\Illuminate\\Support\\Traits\\ForwardsCalls.php(52): Illuminate\\Database\\Eloquent\\Relations\\Relation->forwardCallTo(Object(Illuminate\\Database\\Eloquent\\Builder), 'exists', Array)
#6 C:\\xampp\\htdocs\\serbiscrm\\vendor\\laravel\\framework\\src\\Illuminate\\Database\\Eloquent\\Relations\\Relation.php(517): Illuminate\\Database\\Eloquent\\Relations\\Relation->forwardDecoratedCallTo(Object(Illuminate\\Database\\Eloquent\\Builder), 'exists', Array)
#7 C:\\xampp\\htdocs\\serbiscrm\\app\\Models\\Tenant.php(824): Illuminate\\Database\\Eloquent\\Relations\\Relation->__call('exists', Array)
#8 C:\\xampp\\htdocs\\serbiscrm\\app\\Http\\Controllers\\Frontend\\IntegrationMarketplaceController.php(78): App\\Models\\Tenant->hasIntegration('1')
#9 C:\\xampp\\htdocs\\serbiscrm\\vendor\\laravel\\framework\\src\\Illuminate\\Routing\\Controller.php(54): App\\Http\\Controllers\\Frontend\\IntegrationMarketplaceController->purchase('27', '1')
#10 C:\\xampp\\htdocs\\serbiscrm\\vendor\\laravel\\framework\\src\\Illuminate\\Routing\\ControllerDispatcher.php(43): Illuminate\\Routing\\Controller->callAction('purchase', Array)
#11 C:\\xampp\\htdocs\\serbiscrm\\vendor\\laravel\\framework\\src\\Illuminate\\Routing\\Route.php(259): Illuminate\\Routing\\ControllerDispatcher->dispatch(Object(Illuminate\\Routing\\Route), Object(App\\Http\\Controllers\\Frontend\\IntegrationMarketplaceController), 'purchase')
#12 C:\\xampp\\htdocs\\serbiscrm\\vendor\\laravel\\framework\\src\\Illuminate\\Routing\\Route.php(205): Illuminate\\Routing\\Route->runController()
#13 C:\\xampp\\htdocs\\serbiscrm\\vendor\\laravel\\framework\\src\\Illuminate\\Routing\\Router.php(799): Illuminate\\Routing\\Route->run()
#14 C:\\xampp\\htdocs\\serbiscrm\\vendor\\laravel\\framework\\src\\Illuminate\\Pipeline\\Pipeline.php(141): Illuminate\\Routing\\Router->Illuminate\\Routing\\{closure}(Object(Illuminate\\Http\\Request))
#15 C:\\xampp\\htdocs\\serbiscrm\\app\\Http\\Middleware\\CheckTenantStatus.php(40): Illuminate\\Pipeline\\Pipeline->Illuminate\\Pipeline\\{closure}(Object(Illuminate\\Http\\Request))
#16 C:\\xampp\\htdocs\\serbiscrm\\vendor\\laravel\\framework\\src\\Illuminate\\Pipeline\\Pipeline.php(180): App\\Http\\Middleware\\CheckTenantStatus->handle(Object(Illuminate\\Http\\Request), Object(Closure))
#17 C:\\xampp\\htdocs\\serbiscrm\\app\\Http\\Middleware\\HandleRedirectAfterLogin.php(28): Illuminate\\Pipeline\\Pipeline->Illuminate\\Pipeline\\{closure}(Object(Illuminate\\Http\\Request))
#18 C:\\xampp\\htdocs\\serbiscrm\\vendor\\laravel\\framework\\src\\Illuminate\\Pipeline\\Pipeline.php(180): App\\Http\\Middleware\\HandleRedirectAfterLogin->handle(Object(Illuminate\\Http\\Request), Object(Closure))
#19 C:\\xampp\\htdocs\\serbiscrm\\app\\Http\\Middleware\\CheckCompanySubscription.php(32): Illuminate\\Pipeline\\Pipeline->Illuminate\\Pipeline\\{closure}(Object(Illuminate\\Http\\Request))
#20 C:\\xampp\\htdocs\\serbiscrm\\vendor\\laravel\\framework\\src\\Illuminate\\Pipeline\\Pipeline.php(180): App\\Http\\Middleware\\CheckCompanySubscription->handle(Object(Illuminate\\Http\\Request), Object(Closure))
#21 C:\\xampp\\htdocs\\serbiscrm\\app\\Http\\Middleware\\CheckTenantId.php(43): Illuminate\\Pipeline\\Pipeline->Illuminate\\Pipeline\\{closure}(Object(Illuminate\\Http\\Request))
#22 C:\\xampp\\htdocs\\serbiscrm\\vendor\\laravel\\framework\\src\\Illuminate\\Pipeline\\Pipeline.php(180): App\\Http\\Middleware\\CheckTenantId->handle(Object(Illuminate\\Http\\Request), Object(Closure))
#23 C:\\xampp\\htdocs\\serbiscrm\\app\\Http\\Middleware\\CheckTrialStatus.php(28): Illuminate\\Pipeline\\Pipeline->Illuminate\\Pipeline\\{closure}(Object(Illuminate\\Http\\Request))
#24 C:\\xampp\\htdocs\\serbiscrm\\vendor\\laravel\\framework\\src\\Illuminate\\Pipeline\\Pipeline.php(180): App\\Http\\Middleware\\CheckTrialStatus->handle(Object(Illuminate\\Http\\Request), Object(Closure))
#25 C:\\xampp\\htdocs\\serbiscrm\\vendor\\laravel\\framework\\src\\Illuminate\\Routing\\Middleware\\SubstituteBindings.php(50): Illuminate\\Pipeline\\Pipeline->Illuminate\\Pipeline\\{closure}(Object(Illuminate\\Http\\Request))
#26 C:\\xampp\\htdocs\\serbiscrm\\vendor\\laravel\\framework\\src\\Illuminate\\Pipeline\\Pipeline.php(180): Illuminate\\Routing\\Middleware\\SubstituteBindings->handle(Object(Illuminate\\Http\\Request), Object(Closure))
#27 C:\\xampp\\htdocs\\serbiscrm\\vendor\\laravel\\framework\\src\\Illuminate\\Auth\\Middleware\\Authenticate.php(57): Illuminate\\Pipeline\\Pipeline->Illuminate\\Pipeline\\{closure}(Object(Illuminate\\Http\\Request))
#28 C:\\xampp\\htdocs\\serbiscrm\\vendor\\laravel\\framework\\src\\Illuminate\\Pipeline\\Pipeline.php(180): Illuminate\\Auth\\Middleware\\Authenticate->handle(Object(Illuminate\\Http\\Request), Object(Closure))
#29 C:\\xampp\\htdocs\\serbiscrm\\vendor\\laravel\\framework\\src\\Illuminate\\Foundation\\Http\\Middleware\\VerifyCsrfToken.php(78): Illuminate\\Pipeline\\Pipeline->Illuminate\\Pipeline\\{closure}(Object(Illuminate\\Http\\Request))
#30 C:\\xampp\\htdocs\\serbiscrm\\vendor\\laravel\\framework\\src\\Illuminate\\Pipeline\\Pipeline.php(180): Illuminate\\Foundation\\Http\\Middleware\\VerifyCsrfToken->handle(Object(Illuminate\\Http\\Request), Object(Closure))
#31 C:\\xampp\\htdocs\\serbiscrm\\vendor\\laravel\\framework\\src\\Illuminate\\View\\Middleware\\ShareErrorsFromSession.php(49): Illuminate\\Pipeline\\Pipeline->Illuminate\\Pipeline\\{closure}(Object(Illuminate\\Http\\Request))
#32 C:\\xampp\\htdocs\\serbiscrm\\vendor\\laravel\\framework\\src\\Illuminate\\Pipeline\\Pipeline.php(180): Illuminate\\View\\Middleware\\ShareErrorsFromSession->handle(Object(Illuminate\\Http\\Request), Object(Closure))
#33 C:\\xampp\\htdocs\\serbiscrm\\vendor\\laravel\\framework\\src\\Illuminate\\Session\\Middleware\\StartSession.php(121): Illuminate\\Pipeline\\Pipeline->Illuminate\\Pipeline\\{closure}(Object(Illuminate\\Http\\Request))
#34 C:\\xampp\\htdocs\\serbiscrm\\vendor\\laravel\\framework\\src\\Illuminate\\Session\\Middleware\\StartSession.php(64): Illuminate\\Session\\Middleware\\StartSession->handleStatefulRequest(Object(Illuminate\\Http\\Request), Object(Illuminate\\Session\\Store), Object(Closure))
#35 C:\\xampp\\htdocs\\serbiscrm\\vendor\\laravel\\framework\\src\\Illuminate\\Pipeline\\Pipeline.php(180): Illuminate\\Session\\Middleware\\StartSession->handle(Object(Illuminate\\Http\\Request), Object(Closure))
#36 C:\\xampp\\htdocs\\serbiscrm\\vendor\\laravel\\framework\\src\\Illuminate\\Cookie\\Middleware\\AddQueuedCookiesToResponse.php(37): Illuminate\\Pipeline\\Pipeline->Illuminate\\Pipeline\\{closure}(Object(Illuminate\\Http\\Request))
#37 C:\\xampp\\htdocs\\serbiscrm\\vendor\\laravel\\framework\\src\\Illuminate\\Pipeline\\Pipeline.php(180): Illuminate\\Cookie\\Middleware\\AddQueuedCookiesToResponse->handle(Object(Illuminate\\Http\\Request), Object(Closure))
#38 C:\\xampp\\htdocs\\serbiscrm\\vendor\\laravel\\framework\\src\\Illuminate\\Cookie\\Middleware\\EncryptCookies.php(67): Illuminate\\Pipeline\\Pipeline->Illuminate\\Pipeline\\{closure}(Object(Illuminate\\Http\\Request))
#39 C:\\xampp\\htdocs\\serbiscrm\\vendor\\laravel\\framework\\src\\Illuminate\\Pipeline\\Pipeline.php(180): Illuminate\\Cookie\\Middleware\\EncryptCookies->handle(Object(Illuminate\\Http\\Request), Object(Closure))
#40 C:\\xampp\\htdocs\\serbiscrm\\vendor\\laravel\\framework\\src\\Illuminate\\Pipeline\\Pipeline.php(116): Illuminate\\Pipeline\\Pipeline->Illuminate\\Pipeline\\{closure}(Object(Illuminate\\Http\\Request))
#41 C:\\xampp\\htdocs\\serbiscrm\\vendor\\laravel\\framework\\src\\Illuminate\\Routing\\Router.php(798): Illuminate\\Pipeline\\Pipeline->then(Object(Closure))
#42 C:\\xampp\\htdocs\\serbiscrm\\vendor\\laravel\\framework\\src\\Illuminate\\Routing\\Router.php(777): Illuminate\\Routing\\Router->runRouteWithinStack(Object(Illuminate\\Routing\\Route), Object(Illuminate\\Http\\Request))
#43 C:\\xampp\\htdocs\\serbiscrm\\vendor\\laravel\\framework\\src\\Illuminate\\Routing\\Router.php(741): Illuminate\\Routing\\Router->runRoute(Object(Illuminate\\Http\\Request), Object(Illuminate\\Routing\\Route))
#44 C:\\xampp\\htdocs\\serbiscrm\\vendor\\laravel\\framework\\src\\Illuminate\\Routing\\Router.php(730): Illuminate\\Routing\\Router->dispatchToRoute(Object(Illuminate\\Http\\Request))
#45 C:\\xampp\\htdocs\\serbiscrm\\vendor\\laravel\\framework\\src\\Illuminate\\Foundation\\Http\\Kernel.php(200): Illuminate\\Routing\\Router->dispatch(Object(Illuminate\\Http\\Request))
#46 C:\\xampp\\htdocs\\serbiscrm\\vendor\\laravel\\framework\\src\\Illuminate\\Pipeline\\Pipeline.php(141): Illuminate\\Foundation\\Http\\Kernel->Illuminate\\Foundation\\Http\\{closure}(Object(Illuminate\\Http\\Request))
#47 C:\\xampp\\htdocs\\serbiscrm\\app\\Http\\Middleware\\ImpersonationMiddleware.php(51): Illuminate\\Pipeline\\Pipeline->Illuminate\\Pipeline\\{closure}(Object(Illuminate\\Http\\Request))
#48 C:\\xampp\\htdocs\\serbiscrm\\vendor\\laravel\\framework\\src\\Illuminate\\Pipeline\\Pipeline.php(180): App\\Http\\Middleware\\ImpersonationMiddleware->handle(Object(Illuminate\\Http\\Request), Object(Closure))
#49 C:\\xampp\\htdocs\\serbiscrm\\vendor\\laravel\\framework\\src\\Illuminate\\Foundation\\Http\\Middleware\\TransformsRequest.php(21): Illuminate\\Pipeline\\Pipeline->Illuminate\\Pipeline\\{closure}(Object(Illuminate\\Http\\Request))
#50 C:\\xampp\\htdocs\\serbiscrm\\vendor\\laravel\\framework\\src\\Illuminate\\Foundation\\Http\\Middleware\\ConvertEmptyStringsToNull.php(31): Illuminate\\Foundation\\Http\\Middleware\\TransformsRequest->handle(Object(Illuminate\\Http\\Request), Object(Closure))
#51 C:\\xampp\\htdocs\\serbiscrm\\vendor\\laravel\\framework\\src\\Illuminate\\Pipeline\\Pipeline.php(180): Illuminate\\Foundation\\Http\\Middleware\\ConvertEmptyStringsToNull->handle(Object(Illuminate\\Http\\Request), Object(Closure))
#52 C:\\xampp\\htdocs\\serbiscrm\\vendor\\laravel\\framework\\src\\Illuminate\\Foundation\\Http\\Middleware\\TransformsRequest.php(21): Illuminate\\Pipeline\\Pipeline->Illuminate\\Pipeline\\{closure}(Object(Illuminate\\Http\\Request))
#53 C:\\xampp\\htdocs\\serbiscrm\\vendor\\laravel\\framework\\src\\Illuminate\\Foundation\\Http\\Middleware\\TrimStrings.php(40): Illuminate\\Foundation\\Http\\Middleware\\TransformsRequest->handle(Object(Illuminate\\Http\\Request), Object(Closure))
#54 C:\\xampp\\htdocs\\serbiscrm\\vendor\\laravel\\framework\\src\\Illuminate\\Pipeline\\Pipeline.php(180): Illuminate\\Foundation\\Http\\Middleware\\TrimStrings->handle(Object(Illuminate\\Http\\Request), Object(Closure))
#55 C:\\xampp\\htdocs\\serbiscrm\\vendor\\laravel\\framework\\src\\Illuminate\\Foundation\\Http\\Middleware\\ValidatePostSize.php(27): Illuminate\\Pipeline\\Pipeline->Illuminate\\Pipeline\\{closure}(Object(Illuminate\\Http\\Request))
#56 C:\\xampp\\htdocs\\serbiscrm\\vendor\\laravel\\framework\\src\\Illuminate\\Pipeline\\Pipeline.php(180): Illuminate\\Foundation\\Http\\Middleware\\ValidatePostSize->handle(Object(Illuminate\\Http\\Request), Object(Closure))
#57 C:\\xampp\\htdocs\\serbiscrm\\vendor\\laravel\\framework\\src\\Illuminate\\Foundation\\Http\\Middleware\\PreventRequestsDuringMaintenance.php(99): Illuminate\\Pipeline\\Pipeline->Illuminate\\Pipeline\\{closure}(Object(Illuminate\\Http\\Request))
#58 C:\\xampp\\htdocs\\serbiscrm\\vendor\\laravel\\framework\\src\\Illuminate\\Pipeline\\Pipeline.php(180): Illuminate\\Foundation\\Http\\Middleware\\PreventRequestsDuringMaintenance->handle(Object(Illuminate\\Http\\Request), Object(Closure))
#59 C:\\xampp\\htdocs\\serbiscrm\\vendor\\laravel\\framework\\src\\Illuminate\\Http\\Middleware\\HandleCors.php(49): Illuminate\\Pipeline\\Pipeline->Illuminate\\Pipeline\\{closure}(Object(Illuminate\\Http\\Request))
#60 C:\\xampp\\htdocs\\serbiscrm\\vendor\\laravel\\framework\\src\\Illuminate\\Pipeline\\Pipeline.php(180): Illuminate\\Http\\Middleware\\HandleCors->handle(Object(Illuminate\\Http\\Request), Object(Closure))
#61 C:\\xampp\\htdocs\\serbiscrm\\vendor\\laravel\\framework\\src\\Illuminate\\Http\\Middleware\\TrustProxies.php(39): Illuminate\\Pipeline\\Pipeline->Illuminate\\Pipeline\\{closure}(Object(Illuminate\\Http\\Request))
#62 C:\\xampp\\htdocs\\serbiscrm\\vendor\\laravel\\framework\\src\\Illuminate\\Pipeline\\Pipeline.php(180): Illuminate\\Http\\Middleware\\TrustProxies->handle(Object(Illuminate\\Http\\Request), Object(Closure))
#63 C:\\xampp\\htdocs\\serbiscrm\\vendor\\laravel\\framework\\src\\Illuminate\\Pipeline\\Pipeline.php(116): Illuminate\\Pipeline\\Pipeline->Illuminate\\Pipeline\\{closure}(Object(Illuminate\\Http\\Request))
#64 C:\\xampp\\htdocs\\serbiscrm\\vendor\\laravel\\framework\\src\\Illuminate\\Foundation\\Http\\Kernel.php(175): Illuminate\\Pipeline\\Pipeline->then(Object(Closure))
#65 C:\\xampp\\htdocs\\serbiscrm\\vendor\\laravel\\framework\\src\\Illuminate\\Foundation\\Http\\Kernel.php(144): Illuminate\\Foundation\\Http\\Kernel->sendRequestThroughRouter(Object(Illuminate\\Http\\Request))
#66 C:\\xampp\\htdocs\\serbiscrm\\public\\index.php(51): Illuminate\\Foundation\\Http\\Kernel->handle(Object(Illuminate\\Http\\Request))
#67 C:\\xampp\\htdocs\\serbiscrm\\vendor\\laravel\\framework\\src\\Illuminate\\Foundation\\resources\\server.php(16): require_once('C:\\\\xampp\\\\htdocs...')
#68 {main}

[previous exception] [object] (PDOException(code: 42S22): SQLSTATE[42S22]: Column not found: 1054 Unknown column 'expires_at' in 'where clause' at C:\\xampp\\htdocs\\serbiscrm\\vendor\\laravel\\framework\\src\\Illuminate\\Database\\Connection.php:416)
[stacktrace]
#0 C:\\xampp\\htdocs\\serbiscrm\\vendor\\laravel\\framework\\src\\Illuminate\\Database\\Connection.php(416): PDO->prepare('select exists(s...')
#1 C:\\xampp\\htdocs\\serbiscrm\\vendor\\laravel\\framework\\src\\Illuminate\\Database\\Connection.php(809): Illuminate\\Database\\Connection->Illuminate\\Database\\{closure}('select exists(s...', Array)
#2 C:\\xampp\\htdocs\\serbiscrm\\vendor\\laravel\\framework\\src\\Illuminate\\Database\\Connection.php(776): Illuminate\\Database\\Connection->runQueryCallback('select exists(s...', Array, Object(Closure))
#3 C:\\xampp\\htdocs\\serbiscrm\\vendor\\laravel\\framework\\src\\Illuminate\\Database\\Connection.php(407): Illuminate\\Database\\Connection->run('select exists(s...', Array, Object(Closure))
#4 C:\\xampp\\htdocs\\serbiscrm\\vendor\\laravel\\framework\\src\\Illuminate\\Database\\Query\\Builder.php(3093): Illuminate\\Database\\Connection->select('select exists(s...', Array, true)
#5 C:\\xampp\\htdocs\\serbiscrm\\vendor\\laravel\\framework\\src\\Illuminate\\Database\\Eloquent\\Builder.php(1968): Illuminate\\Database\\Query\\Builder->exists()
#6 C:\\xampp\\htdocs\\serbiscrm\\vendor\\laravel\\framework\\src\\Illuminate\\Support\\Traits\\ForwardsCalls.php(23): Illuminate\\Database\\Eloquent\\Builder->__call('exists', Array)
#7 C:\\xampp\\htdocs\\serbiscrm\\vendor\\laravel\\framework\\src\\Illuminate\\Support\\Traits\\ForwardsCalls.php(52): Illuminate\\Database\\Eloquent\\Relations\\Relation->forwardCallTo(Object(Illuminate\\Database\\Eloquent\\Builder), 'exists', Array)
#8 C:\\xampp\\htdocs\\serbiscrm\\vendor\\laravel\\framework\\src\\Illuminate\\Database\\Eloquent\\Relations\\Relation.php(517): Illuminate\\Database\\Eloquent\\Relations\\Relation->forwardDecoratedCallTo(Object(Illuminate\\Database\\Eloquent\\Builder), 'exists', Array)
#9 C:\\xampp\\htdocs\\serbiscrm\\app\\Models\\Tenant.php(824): Illuminate\\Database\\Eloquent\\Relations\\Relation->__call('exists', Array)
#10 C:\\xampp\\htdocs\\serbiscrm\\app\\Http\\Controllers\\Frontend\\IntegrationMarketplaceController.php(78): App\\Models\\Tenant->hasIntegration('1')
#11 C:\\xampp\\htdocs\\serbiscrm\\vendor\\laravel\\framework\\src\\Illuminate\\Routing\\Controller.php(54): App\\Http\\Controllers\\Frontend\\IntegrationMarketplaceController->purchase('27', '1')
#12 C:\\xampp\\htdocs\\serbiscrm\\vendor\\laravel\\framework\\src\\Illuminate\\Routing\\ControllerDispatcher.php(43): Illuminate\\Routing\\Controller->callAction('purchase', Array)
#13 C:\\xampp\\htdocs\\serbiscrm\\vendor\\laravel\\framework\\src\\Illuminate\\Routing\\Route.php(259): Illuminate\\Routing\\ControllerDispatcher->dispatch(Object(Illuminate\\Routing\\Route), Object(App\\Http\\Controllers\\Frontend\\IntegrationMarketplaceController), 'purchase')
#14 C:\\xampp\\htdocs\\serbiscrm\\vendor\\laravel\\framework\\src\\Illuminate\\Routing\\Route.php(205): Illuminate\\Routing\\Route->runController()
#15 C:\\xampp\\htdocs\\serbiscrm\\vendor\\laravel\\framework\\src\\Illuminate\\Routing\\Router.php(799): Illuminate\\Routing\\Route->run()
#16 C:\\xampp\\htdocs\\serbiscrm\\vendor\\laravel\\framework\\src\\Illuminate\\Pipeline\\Pipeline.php(141): Illuminate\\Routing\\Router->Illuminate\\Routing\\{closure}(Object(Illuminate\\Http\\Request))
#17 C:\\xampp\\htdocs\\serbiscrm\\app\\Http\\Middleware\\CheckTenantStatus.php(40): Illuminate\\Pipeline\\Pipeline->Illuminate\\Pipeline\\{closure}(Object(Illuminate\\Http\\Request))
#18 C:\\xampp\\htdocs\\serbiscrm\\vendor\\laravel\\framework\\src\\Illuminate\\Pipeline\\Pipeline.php(180): App\\Http\\Middleware\\CheckTenantStatus->handle(Object(Illuminate\\Http\\Request), Object(Closure))
#19 C:\\xampp\\htdocs\\serbiscrm\\app\\Http\\Middleware\\HandleRedirectAfterLogin.php(28): Illuminate\\Pipeline\\Pipeline->Illuminate\\Pipeline\\{closure}(Object(Illuminate\\Http\\Request))
#20 C:\\xampp\\htdocs\\serbiscrm\\vendor\\laravel\\framework\\src\\Illuminate\\Pipeline\\Pipeline.php(180): App\\Http\\Middleware\\HandleRedirectAfterLogin->handle(Object(Illuminate\\Http\\Request), Object(Closure))
#21 C:\\xampp\\htdocs\\serbiscrm\\app\\Http\\Middleware\\CheckCompanySubscription.php(32): Illuminate\\Pipeline\\Pipeline->Illuminate\\Pipeline\\{closure}(Object(Illuminate\\Http\\Request))
#22 C:\\xampp\\htdocs\\serbiscrm\\vendor\\laravel\\framework\\src\\Illuminate\\Pipeline\\Pipeline.php(180): App\\Http\\Middleware\\CheckCompanySubscription->handle(Object(Illuminate\\Http\\Request), Object(Closure))
#23 C:\\xampp\\htdocs\\serbiscrm\\app\\Http\\Middleware\\CheckTenantId.php(43): Illuminate\\Pipeline\\Pipeline->Illuminate\\Pipeline\\{closure}(Object(Illuminate\\Http\\Request))
#24 C:\\xampp\\htdocs\\serbiscrm\\vendor\\laravel\\framework\\src\\Illuminate\\Pipeline\\Pipeline.php(180): App\\Http\\Middleware\\CheckTenantId->handle(Object(Illuminate\\Http\\Request), Object(Closure))
#25 C:\\xampp\\htdocs\\serbiscrm\\app\\Http\\Middleware\\CheckTrialStatus.php(28): Illuminate\\Pipeline\\Pipeline->Illuminate\\Pipeline\\{closure}(Object(Illuminate\\Http\\Request))
#26 C:\\xampp\\htdocs\\serbiscrm\\vendor\\laravel\\framework\\src\\Illuminate\\Pipeline\\Pipeline.php(180): App\\Http\\Middleware\\CheckTrialStatus->handle(Object(Illuminate\\Http\\Request), Object(Closure))
#27 C:\\xampp\\htdocs\\serbiscrm\\vendor\\laravel\\framework\\src\\Illuminate\\Routing\\Middleware\\SubstituteBindings.php(50): Illuminate\\Pipeline\\Pipeline->Illuminate\\Pipeline\\{closure}(Object(Illuminate\\Http\\Request))
#28 C:\\xampp\\htdocs\\serbiscrm\\vendor\\laravel\\framework\\src\\Illuminate\\Pipeline\\Pipeline.php(180): Illuminate\\Routing\\Middleware\\SubstituteBindings->handle(Object(Illuminate\\Http\\Request), Object(Closure))
#29 C:\\xampp\\htdocs\\serbiscrm\\vendor\\laravel\\framework\\src\\Illuminate\\Auth\\Middleware\\Authenticate.php(57): Illuminate\\Pipeline\\Pipeline->Illuminate\\Pipeline\\{closure}(Object(Illuminate\\Http\\Request))
#30 C:\\xampp\\htdocs\\serbiscrm\\vendor\\laravel\\framework\\src\\Illuminate\\Pipeline\\Pipeline.php(180): Illuminate\\Auth\\Middleware\\Authenticate->handle(Object(Illuminate\\Http\\Request), Object(Closure))
#31 C:\\xampp\\htdocs\\serbiscrm\\vendor\\laravel\\framework\\src\\Illuminate\\Foundation\\Http\\Middleware\\VerifyCsrfToken.php(78): Illuminate\\Pipeline\\Pipeline->Illuminate\\Pipeline\\{closure}(Object(Illuminate\\Http\\Request))
#32 C:\\xampp\\htdocs\\serbiscrm\\vendor\\laravel\\framework\\src\\Illuminate\\Pipeline\\Pipeline.php(180): Illuminate\\Foundation\\Http\\Middleware\\VerifyCsrfToken->handle(Object(Illuminate\\Http\\Request), Object(Closure))
#33 C:\\xampp\\htdocs\\serbiscrm\\vendor\\laravel\\framework\\src\\Illuminate\\View\\Middleware\\ShareErrorsFromSession.php(49): Illuminate\\Pipeline\\Pipeline->Illuminate\\Pipeline\\{closure}(Object(Illuminate\\Http\\Request))
#34 C:\\xampp\\htdocs\\serbiscrm\\vendor\\laravel\\framework\\src\\Illuminate\\Pipeline\\Pipeline.php(180): Illuminate\\View\\Middleware\\ShareErrorsFromSession->handle(Object(Illuminate\\Http\\Request), Object(Closure))
#35 C:\\xampp\\htdocs\\serbiscrm\\vendor\\laravel\\framework\\src\\Illuminate\\Session\\Middleware\\StartSession.php(121): Illuminate\\Pipeline\\Pipeline->Illuminate\\Pipeline\\{closure}(Object(Illuminate\\Http\\Request))
#36 C:\\xampp\\htdocs\\serbiscrm\\vendor\\laravel\\framework\\src\\Illuminate\\Session\\Middleware\\StartSession.php(64): Illuminate\\Session\\Middleware\\StartSession->handleStatefulRequest(Object(Illuminate\\Http\\Request), Object(Illuminate\\Session\\Store), Object(Closure))
#37 C:\\xampp\\htdocs\\serbiscrm\\vendor\\laravel\\framework\\src\\Illuminate\\Pipeline\\Pipeline.php(180): Illuminate\\Session\\Middleware\\StartSession->handle(Object(Illuminate\\Http\\Request), Object(Closure))
#38 C:\\xampp\\htdocs\\serbiscrm\\vendor\\laravel\\framework\\src\\Illuminate\\Cookie\\Middleware\\AddQueuedCookiesToResponse.php(37): Illuminate\\Pipeline\\Pipeline->Illuminate\\Pipeline\\{closure}(Object(Illuminate\\Http\\Request))
#39 C:\\xampp\\htdocs\\serbiscrm\\vendor\\laravel\\framework\\src\\Illuminate\\Pipeline\\Pipeline.php(180): Illuminate\\Cookie\\Middleware\\AddQueuedCookiesToResponse->handle(Object(Illuminate\\Http\\Request), Object(Closure))
#40 C:\\xampp\\htdocs\\serbiscrm\\vendor\\laravel\\framework\\src\\Illuminate\\Cookie\\Middleware\\EncryptCookies.php(67): Illuminate\\Pipeline\\Pipeline->Illuminate\\Pipeline\\{closure}(Object(Illuminate\\Http\\Request))
#41 C:\\xampp\\htdocs\\serbiscrm\\vendor\\laravel\\framework\\src\\Illuminate\\Pipeline\\Pipeline.php(180): Illuminate\\Cookie\\Middleware\\EncryptCookies->handle(Object(Illuminate\\Http\\Request), Object(Closure))
#42 C:\\xampp\\htdocs\\serbiscrm\\vendor\\laravel\\framework\\src\\Illuminate\\Pipeline\\Pipeline.php(116): Illuminate\\Pipeline\\Pipeline->Illuminate\\Pipeline\\{closure}(Object(Illuminate\\Http\\Request))
#43 C:\\xampp\\htdocs\\serbiscrm\\vendor\\laravel\\framework\\src\\Illuminate\\Routing\\Router.php(798): Illuminate\\Pipeline\\Pipeline->then(Object(Closure))
#44 C:\\xampp\\htdocs\\serbiscrm\\vendor\\laravel\\framework\\src\\Illuminate\\Routing\\Router.php(777): Illuminate\\Routing\\Router->runRouteWithinStack(Object(Illuminate\\Routing\\Route), Object(Illuminate\\Http\\Request))
#45 C:\\xampp\\htdocs\\serbiscrm\\vendor\\laravel\\framework\\src\\Illuminate\\Routing\\Router.php(741): Illuminate\\Routing\\Router->runRoute(Object(Illuminate\\Http\\Request), Object(Illuminate\\Routing\\Route))
#46 C:\\xampp\\htdocs\\serbiscrm\\vendor\\laravel\\framework\\src\\Illuminate\\Routing\\Router.php(730): Illuminate\\Routing\\Router->dispatchToRoute(Object(Illuminate\\Http\\Request))
#47 C:\\xampp\\htdocs\\serbiscrm\\vendor\\laravel\\framework\\src\\Illuminate\\Foundation\\Http\\Kernel.php(200): Illuminate\\Routing\\Router->dispatch(Object(Illuminate\\Http\\Request))
#48 C:\\xampp\\htdocs\\serbiscrm\\vendor\\laravel\\framework\\src\\Illuminate\\Pipeline\\Pipeline.php(141): Illuminate\\Foundation\\Http\\Kernel->Illuminate\\Foundation\\Http\\{closure}(Object(Illuminate\\Http\\Request))
#49 C:\\xampp\\htdocs\\serbiscrm\\app\\Http\\Middleware\\ImpersonationMiddleware.php(51): Illuminate\\Pipeline\\Pipeline->Illuminate\\Pipeline\\{closure}(Object(Illuminate\\Http\\Request))
#50 C:\\xampp\\htdocs\\serbiscrm\\vendor\\laravel\\framework\\src\\Illuminate\\Pipeline\\Pipeline.php(180): App\\Http\\Middleware\\ImpersonationMiddleware->handle(Object(Illuminate\\Http\\Request), Object(Closure))
#51 C:\\xampp\\htdocs\\serbiscrm\\vendor\\laravel\\framework\\src\\Illuminate\\Foundation\\Http\\Middleware\\TransformsRequest.php(21): Illuminate\\Pipeline\\Pipeline->Illuminate\\Pipeline\\{closure}(Object(Illuminate\\Http\\Request))
#52 C:\\xampp\\htdocs\\serbiscrm\\vendor\\laravel\\framework\\src\\Illuminate\\Foundation\\Http\\Middleware\\ConvertEmptyStringsToNull.php(31): Illuminate\\Foundation\\Http\\Middleware\\TransformsRequest->handle(Object(Illuminate\\Http\\Request), Object(Closure))
#53 C:\\xampp\\htdocs\\serbiscrm\\vendor\\laravel\\framework\\src\\Illuminate\\Pipeline\\Pipeline.php(180): Illuminate\\Foundation\\Http\\Middleware\\ConvertEmptyStringsToNull->handle(Object(Illuminate\\Http\\Request), Object(Closure))
#54 C:\\xampp\\htdocs\\serbiscrm\\vendor\\laravel\\framework\\src\\Illuminate\\Foundation\\Http\\Middleware\\TransformsRequest.php(21): Illuminate\\Pipeline\\Pipeline->Illuminate\\Pipeline\\{closure}(Object(Illuminate\\Http\\Request))
#55 C:\\xampp\\htdocs\\serbiscrm\\vendor\\laravel\\framework\\src\\Illuminate\\Foundation\\Http\\Middleware\\TrimStrings.php(40): Illuminate\\Foundation\\Http\\Middleware\\TransformsRequest->handle(Object(Illuminate\\Http\\Request), Object(Closure))
#56 C:\\xampp\\htdocs\\serbiscrm\\vendor\\laravel\\framework\\src\\Illuminate\\Pipeline\\Pipeline.php(180): Illuminate\\Foundation\\Http\\Middleware\\TrimStrings->handle(Object(Illuminate\\Http\\Request), Object(Closure))
#57 C:\\xampp\\htdocs\\serbiscrm\\vendor\\laravel\\framework\\src\\Illuminate\\Foundation\\Http\\Middleware\\ValidatePostSize.php(27): Illuminate\\Pipeline\\Pipeline->Illuminate\\Pipeline\\{closure}(Object(Illuminate\\Http\\Request))
#58 C:\\xampp\\htdocs\\serbiscrm\\vendor\\laravel\\framework\\src\\Illuminate\\Pipeline\\Pipeline.php(180): Illuminate\\Foundation\\Http\\Middleware\\ValidatePostSize->handle(Object(Illuminate\\Http\\Request), Object(Closure))
#59 C:\\xampp\\htdocs\\serbiscrm\\vendor\\laravel\\framework\\src\\Illuminate\\Foundation\\Http\\Middleware\\PreventRequestsDuringMaintenance.php(99): Illuminate\\Pipeline\\Pipeline->Illuminate\\Pipeline\\{closure}(Object(Illuminate\\Http\\Request))
#60 C:\\xampp\\htdocs\\serbiscrm\\vendor\\laravel\\framework\\src\\Illuminate\\Pipeline\\Pipeline.php(180): Illuminate\\Foundation\\Http\\Middleware\\PreventRequestsDuringMaintenance->handle(Object(Illuminate\\Http\\Request), Object(Closure))
#61 C:\\xampp\\htdocs\\serbiscrm\\vendor\\laravel\\framework\\src\\Illuminate\\Http\\Middleware\\HandleCors.php(49): Illuminate\\Pipeline\\Pipeline->Illuminate\\Pipeline\\{closure}(Object(Illuminate\\Http\\Request))
#62 C:\\xampp\\htdocs\\serbiscrm\\vendor\\laravel\\framework\\src\\Illuminate\\Pipeline\\Pipeline.php(180): Illuminate\\Http\\Middleware\\HandleCors->handle(Object(Illuminate\\Http\\Request), Object(Closure))
#63 C:\\xampp\\htdocs\\serbiscrm\\vendor\\laravel\\framework\\src\\Illuminate\\Http\\Middleware\\TrustProxies.php(39): Illuminate\\Pipeline\\Pipeline->Illuminate\\Pipeline\\{closure}(Object(Illuminate\\Http\\Request))
#64 C:\\xampp\\htdocs\\serbiscrm\\vendor\\laravel\\framework\\src\\Illuminate\\Pipeline\\Pipeline.php(180): Illuminate\\Http\\Middleware\\TrustProxies->handle(Object(Illuminate\\Http\\Request), Object(Closure))
#65 C:\\xampp\\htdocs\\serbiscrm\\vendor\\laravel\\framework\\src\\Illuminate\\Pipeline\\Pipeline.php(116): Illuminate\\Pipeline\\Pipeline->Illuminate\\Pipeline\\{closure}(Object(Illuminate\\Http\\Request))
#66 C:\\xampp\\htdocs\\serbiscrm\\vendor\\laravel\\framework\\src\\Illuminate\\Foundation\\Http\\Kernel.php(175): Illuminate\\Pipeline\\Pipeline->then(Object(Closure))
#67 C:\\xampp\\htdocs\\serbiscrm\\vendor\\laravel\\framework\\src\\Illuminate\\Foundation\\Http\\Kernel.php(144): Illuminate\\Foundation\\Http\\Kernel->sendRequestThroughRouter(Object(Illuminate\\Http\\Request))
#68 C:\\xampp\\htdocs\\serbiscrm\\public\\index.php(51): Illuminate\\Foundation\\Http\\Kernel->handle(Object(Illuminate\\Http\\Request))
#69 C:\\xampp\\htdocs\\serbiscrm\\vendor\\laravel\\framework\\src\\Illuminate\\Foundation\\resources\\server.php(16): require_once('C:\\\\xampp\\\\htdocs...')
#70 {main}
"} 
[2025-10-30 14:57:01] local.ERROR: View [frontend.secure.integrations.purchase] not found. {"userId":47,"exception":"[object] (InvalidArgumentException(code: 0): View [frontend.secure.integrations.purchase] not found. at C:\\xampp\\htdocs\\serbiscrm\\vendor\\laravel\\framework\\src\\Illuminate\\View\\FileViewFinder.php:137)
[stacktrace]
#0 C:\\xampp\\htdocs\\serbiscrm\\vendor\\laravel\\framework\\src\\Illuminate\\View\\FileViewFinder.php(79): Illuminate\\View\\FileViewFinder->findInPaths('frontend.secure...', Array)
#1 C:\\xampp\\htdocs\\serbiscrm\\vendor\\laravel\\framework\\src\\Illuminate\\View\\Factory.php(137): Illuminate\\View\\FileViewFinder->find('frontend.secure...')
#2 C:\\xampp\\htdocs\\serbiscrm\\vendor\\laravel\\framework\\src\\Illuminate\\Foundation\\helpers.php(1020): Illuminate\\View\\Factory->make('frontend.secure...', Array, Array)
#3 C:\\xampp\\htdocs\\serbiscrm\\app\\Http\\Controllers\\Frontend\\IntegrationMarketplaceController.php(86): view('frontend.secure...', Array)
#4 C:\\xampp\\htdocs\\serbiscrm\\vendor\\laravel\\framework\\src\\Illuminate\\Routing\\Controller.php(54): App\\Http\\Controllers\\Frontend\\IntegrationMarketplaceController->purchase('27', '1')
#5 C:\\xampp\\htdocs\\serbiscrm\\vendor\\laravel\\framework\\src\\Illuminate\\Routing\\ControllerDispatcher.php(43): Illuminate\\Routing\\Controller->callAction('purchase', Array)
#6 C:\\xampp\\htdocs\\serbiscrm\\vendor\\laravel\\framework\\src\\Illuminate\\Routing\\Route.php(259): Illuminate\\Routing\\ControllerDispatcher->dispatch(Object(Illuminate\\Routing\\Route), Object(App\\Http\\Controllers\\Frontend\\IntegrationMarketplaceController), 'purchase')
#7 C:\\xampp\\htdocs\\serbiscrm\\vendor\\laravel\\framework\\src\\Illuminate\\Routing\\Route.php(205): Illuminate\\Routing\\Route->runController()
#8 C:\\xampp\\htdocs\\serbiscrm\\vendor\\laravel\\framework\\src\\Illuminate\\Routing\\Router.php(799): Illuminate\\Routing\\Route->run()
#9 C:\\xampp\\htdocs\\serbiscrm\\vendor\\laravel\\framework\\src\\Illuminate\\Pipeline\\Pipeline.php(141): Illuminate\\Routing\\Router->Illuminate\\Routing\\{closure}(Object(Illuminate\\Http\\Request))
#10 C:\\xampp\\htdocs\\serbiscrm\\app\\Http\\Middleware\\CheckTenantStatus.php(40): Illuminate\\Pipeline\\Pipeline->Illuminate\\Pipeline\\{closure}(Object(Illuminate\\Http\\Request))
#11 C:\\xampp\\htdocs\\serbiscrm\\vendor\\laravel\\framework\\src\\Illuminate\\Pipeline\\Pipeline.php(180): App\\Http\\Middleware\\CheckTenantStatus->handle(Object(Illuminate\\Http\\Request), Object(Closure))
#12 C:\\xampp\\htdocs\\serbiscrm\\app\\Http\\Middleware\\HandleRedirectAfterLogin.php(28): Illuminate\\Pipeline\\Pipeline->Illuminate\\Pipeline\\{closure}(Object(Illuminate\\Http\\Request))
#13 C:\\xampp\\htdocs\\serbiscrm\\vendor\\laravel\\framework\\src\\Illuminate\\Pipeline\\Pipeline.php(180): App\\Http\\Middleware\\HandleRedirectAfterLogin->handle(Object(Illuminate\\Http\\Request), Object(Closure))
#14 C:\\xampp\\htdocs\\serbiscrm\\app\\Http\\Middleware\\CheckCompanySubscription.php(32): Illuminate\\Pipeline\\Pipeline->Illuminate\\Pipeline\\{closure}(Object(Illuminate\\Http\\Request))
#15 C:\\xampp\\htdocs\\serbiscrm\\vendor\\laravel\\framework\\src\\Illuminate\\Pipeline\\Pipeline.php(180): App\\Http\\Middleware\\CheckCompanySubscription->handle(Object(Illuminate\\Http\\Request), Object(Closure))
#16 C:\\xampp\\htdocs\\serbiscrm\\app\\Http\\Middleware\\CheckTenantId.php(43): Illuminate\\Pipeline\\Pipeline->Illuminate\\Pipeline\\{closure}(Object(Illuminate\\Http\\Request))
#17 C:\\xampp\\htdocs\\serbiscrm\\vendor\\laravel\\framework\\src\\Illuminate\\Pipeline\\Pipeline.php(180): App\\Http\\Middleware\\CheckTenantId->handle(Object(Illuminate\\Http\\Request), Object(Closure))
#18 C:\\xampp\\htdocs\\serbiscrm\\app\\Http\\Middleware\\CheckTrialStatus.php(28): Illuminate\\Pipeline\\Pipeline->Illuminate\\Pipeline\\{closure}(Object(Illuminate\\Http\\Request))
#19 C:\\xampp\\htdocs\\serbiscrm\\vendor\\laravel\\framework\\src\\Illuminate\\Pipeline\\Pipeline.php(180): App\\Http\\Middleware\\CheckTrialStatus->handle(Object(Illuminate\\Http\\Request), Object(Closure))
#20 C:\\xampp\\htdocs\\serbiscrm\\vendor\\laravel\\framework\\src\\Illuminate\\Routing\\Middleware\\SubstituteBindings.php(50): Illuminate\\Pipeline\\Pipeline->Illuminate\\Pipeline\\{closure}(Object(Illuminate\\Http\\Request))
#21 C:\\xampp\\htdocs\\serbiscrm\\vendor\\laravel\\framework\\src\\Illuminate\\Pipeline\\Pipeline.php(180): Illuminate\\Routing\\Middleware\\SubstituteBindings->handle(Object(Illuminate\\Http\\Request), Object(Closure))
#22 C:\\xampp\\htdocs\\serbiscrm\\vendor\\laravel\\framework\\src\\Illuminate\\Auth\\Middleware\\Authenticate.php(57): Illuminate\\Pipeline\\Pipeline->Illuminate\\Pipeline\\{closure}(Object(Illuminate\\Http\\Request))
#23 C:\\xampp\\htdocs\\serbiscrm\\vendor\\laravel\\framework\\src\\Illuminate\\Pipeline\\Pipeline.php(180): Illuminate\\Auth\\Middleware\\Authenticate->handle(Object(Illuminate\\Http\\Request), Object(Closure))
#24 C:\\xampp\\htdocs\\serbiscrm\\vendor\\laravel\\framework\\src\\Illuminate\\Foundation\\Http\\Middleware\\VerifyCsrfToken.php(78): Illuminate\\Pipeline\\Pipeline->Illuminate\\Pipeline\\{closure}(Object(Illuminate\\Http\\Request))
#25 C:\\xampp\\htdocs\\serbiscrm\\vendor\\laravel\\framework\\src\\Illuminate\\Pipeline\\Pipeline.php(180): Illuminate\\Foundation\\Http\\Middleware\\VerifyCsrfToken->handle(Object(Illuminate\\Http\\Request), Object(Closure))
#26 C:\\xampp\\htdocs\\serbiscrm\\vendor\\laravel\\framework\\src\\Illuminate\\View\\Middleware\\ShareErrorsFromSession.php(49): Illuminate\\Pipeline\\Pipeline->Illuminate\\Pipeline\\{closure}(Object(Illuminate\\Http\\Request))
#27 C:\\xampp\\htdocs\\serbiscrm\\vendor\\laravel\\framework\\src\\Illuminate\\Pipeline\\Pipeline.php(180): Illuminate\\View\\Middleware\\ShareErrorsFromSession->handle(Object(Illuminate\\Http\\Request), Object(Closure))
#28 C:\\xampp\\htdocs\\serbiscrm\\vendor\\laravel\\framework\\src\\Illuminate\\Session\\Middleware\\StartSession.php(121): Illuminate\\Pipeline\\Pipeline->Illuminate\\Pipeline\\{closure}(Object(Illuminate\\Http\\Request))
#29 C:\\xampp\\htdocs\\serbiscrm\\vendor\\laravel\\framework\\src\\Illuminate\\Session\\Middleware\\StartSession.php(64): Illuminate\\Session\\Middleware\\StartSession->handleStatefulRequest(Object(Illuminate\\Http\\Request), Object(Illuminate\\Session\\Store), Object(Closure))
#30 C:\\xampp\\htdocs\\serbiscrm\\vendor\\laravel\\framework\\src\\Illuminate\\Pipeline\\Pipeline.php(180): Illuminate\\Session\\Middleware\\StartSession->handle(Object(Illuminate\\Http\\Request), Object(Closure))
#31 C:\\xampp\\htdocs\\serbiscrm\\vendor\\laravel\\framework\\src\\Illuminate\\Cookie\\Middleware\\AddQueuedCookiesToResponse.php(37): Illuminate\\Pipeline\\Pipeline->Illuminate\\Pipeline\\{closure}(Object(Illuminate\\Http\\Request))
#32 C:\\xampp\\htdocs\\serbiscrm\\vendor\\laravel\\framework\\src\\Illuminate\\Pipeline\\Pipeline.php(180): Illuminate\\Cookie\\Middleware\\AddQueuedCookiesToResponse->handle(Object(Illuminate\\Http\\Request), Object(Closure))
#33 C:\\xampp\\htdocs\\serbiscrm\\vendor\\laravel\\framework\\src\\Illuminate\\Cookie\\Middleware\\EncryptCookies.php(67): Illuminate\\Pipeline\\Pipeline->Illuminate\\Pipeline\\{closure}(Object(Illuminate\\Http\\Request))
#34 C:\\xampp\\htdocs\\serbiscrm\\vendor\\laravel\\framework\\src\\Illuminate\\Pipeline\\Pipeline.php(180): Illuminate\\Cookie\\Middleware\\EncryptCookies->handle(Object(Illuminate\\Http\\Request), Object(Closure))
#35 C:\\xampp\\htdocs\\serbiscrm\\vendor\\laravel\\framework\\src\\Illuminate\\Pipeline\\Pipeline.php(116): Illuminate\\Pipeline\\Pipeline->Illuminate\\Pipeline\\{closure}(Object(Illuminate\\Http\\Request))
#36 C:\\xampp\\htdocs\\serbiscrm\\vendor\\laravel\\framework\\src\\Illuminate\\Routing\\Router.php(798): Illuminate\\Pipeline\\Pipeline->then(Object(Closure))
#37 C:\\xampp\\htdocs\\serbiscrm\\vendor\\laravel\\framework\\src\\Illuminate\\Routing\\Router.php(777): Illuminate\\Routing\\Router->runRouteWithinStack(Object(Illuminate\\Routing\\Route), Object(Illuminate\\Http\\Request))
#38 C:\\xampp\\htdocs\\serbiscrm\\vendor\\laravel\\framework\\src\\Illuminate\\Routing\\Router.php(741): Illuminate\\Routing\\Router->runRoute(Object(Illuminate\\Http\\Request), Object(Illuminate\\Routing\\Route))
#39 C:\\xampp\\htdocs\\serbiscrm\\vendor\\laravel\\framework\\src\\Illuminate\\Routing\\Router.php(730): Illuminate\\Routing\\Router->dispatchToRoute(Object(Illuminate\\Http\\Request))
#40 C:\\xampp\\htdocs\\serbiscrm\\vendor\\laravel\\framework\\src\\Illuminate\\Foundation\\Http\\Kernel.php(200): Illuminate\\Routing\\Router->dispatch(Object(Illuminate\\Http\\Request))
#41 C:\\xampp\\htdocs\\serbiscrm\\vendor\\laravel\\framework\\src\\Illuminate\\Pipeline\\Pipeline.php(141): Illuminate\\Foundation\\Http\\Kernel->Illuminate\\Foundation\\Http\\{closure}(Object(Illuminate\\Http\\Request))
#42 C:\\xampp\\htdocs\\serbiscrm\\app\\Http\\Middleware\\ImpersonationMiddleware.php(51): Illuminate\\Pipeline\\Pipeline->Illuminate\\Pipeline\\{closure}(Object(Illuminate\\Http\\Request))
#43 C:\\xampp\\htdocs\\serbiscrm\\vendor\\laravel\\framework\\src\\Illuminate\\Pipeline\\Pipeline.php(180): App\\Http\\Middleware\\ImpersonationMiddleware->handle(Object(Illuminate\\Http\\Request), Object(Closure))
#44 C:\\xampp\\htdocs\\serbiscrm\\vendor\\laravel\\framework\\src\\Illuminate\\Foundation\\Http\\Middleware\\TransformsRequest.php(21): Illuminate\\Pipeline\\Pipeline->Illuminate\\Pipeline\\{closure}(Object(Illuminate\\Http\\Request))
#45 C:\\xampp\\htdocs\\serbiscrm\\vendor\\laravel\\framework\\src\\Illuminate\\Foundation\\Http\\Middleware\\ConvertEmptyStringsToNull.php(31): Illuminate\\Foundation\\Http\\Middleware\\TransformsRequest->handle(Object(Illuminate\\Http\\Request), Object(Closure))
#46 C:\\xampp\\htdocs\\serbiscrm\\vendor\\laravel\\framework\\src\\Illuminate\\Pipeline\\Pipeline.php(180): Illuminate\\Foundation\\Http\\Middleware\\ConvertEmptyStringsToNull->handle(Object(Illuminate\\Http\\Request), Object(Closure))
#47 C:\\xampp\\htdocs\\serbiscrm\\vendor\\laravel\\framework\\src\\Illuminate\\Foundation\\Http\\Middleware\\TransformsRequest.php(21): Illuminate\\Pipeline\\Pipeline->Illuminate\\Pipeline\\{closure}(Object(Illuminate\\Http\\Request))
#48 C:\\xampp\\htdocs\\serbiscrm\\vendor\\laravel\\framework\\src\\Illuminate\\Foundation\\Http\\Middleware\\TrimStrings.php(40): Illuminate\\Foundation\\Http\\Middleware\\TransformsRequest->handle(Object(Illuminate\\Http\\Request), Object(Closure))
#49 C:\\xampp\\htdocs\\serbiscrm\\vendor\\laravel\\framework\\src\\Illuminate\\Pipeline\\Pipeline.php(180): Illuminate\\Foundation\\Http\\Middleware\\TrimStrings->handle(Object(Illuminate\\Http\\Request), Object(Closure))
#50 C:\\xampp\\htdocs\\serbiscrm\\vendor\\laravel\\framework\\src\\Illuminate\\Foundation\\Http\\Middleware\\ValidatePostSize.php(27): Illuminate\\Pipeline\\Pipeline->Illuminate\\Pipeline\\{closure}(Object(Illuminate\\Http\\Request))
#51 C:\\xampp\\htdocs\\serbiscrm\\vendor\\laravel\\framework\\src\\Illuminate\\Pipeline\\Pipeline.php(180): Illuminate\\Foundation\\Http\\Middleware\\ValidatePostSize->handle(Object(Illuminate\\Http\\Request), Object(Closure))
#52 C:\\xampp\\htdocs\\serbiscrm\\vendor\\laravel\\framework\\src\\Illuminate\\Foundation\\Http\\Middleware\\PreventRequestsDuringMaintenance.php(99): Illuminate\\Pipeline\\Pipeline->Illuminate\\Pipeline\\{closure}(Object(Illuminate\\Http\\Request))
#53 C:\\xampp\\htdocs\\serbiscrm\\vendor\\laravel\\framework\\src\\Illuminate\\Pipeline\\Pipeline.php(180): Illuminate\\Foundation\\Http\\Middleware\\PreventRequestsDuringMaintenance->handle(Object(Illuminate\\Http\\Request), Object(Closure))
#54 C:\\xampp\\htdocs\\serbiscrm\\vendor\\laravel\\framework\\src\\Illuminate\\Http\\Middleware\\HandleCors.php(49): Illuminate\\Pipeline\\Pipeline->Illuminate\\Pipeline\\{closure}(Object(Illuminate\\Http\\Request))
#55 C:\\xampp\\htdocs\\serbiscrm\\vendor\\laravel\\framework\\src\\Illuminate\\Pipeline\\Pipeline.php(180): Illuminate\\Http\\Middleware\\HandleCors->handle(Object(Illuminate\\Http\\Request), Object(Closure))
#56 C:\\xampp\\htdocs\\serbiscrm\\vendor\\laravel\\framework\\src\\Illuminate\\Http\\Middleware\\TrustProxies.php(39): Illuminate\\Pipeline\\Pipeline->Illuminate\\Pipeline\\{closure}(Object(Illuminate\\Http\\Request))
#57 C:\\xampp\\htdocs\\serbiscrm\\vendor\\laravel\\framework\\src\\Illuminate\\Pipeline\\Pipeline.php(180): Illuminate\\Http\\Middleware\\TrustProxies->handle(Object(Illuminate\\Http\\Request), Object(Closure))
#58 C:\\xampp\\htdocs\\serbiscrm\\vendor\\laravel\\framework\\src\\Illuminate\\Pipeline\\Pipeline.php(116): Illuminate\\Pipeline\\Pipeline->Illuminate\\Pipeline\\{closure}(Object(Illuminate\\Http\\Request))
#59 C:\\xampp\\htdocs\\serbiscrm\\vendor\\laravel\\framework\\src\\Illuminate\\Foundation\\Http\\Kernel.php(175): Illuminate\\Pipeline\\Pipeline->then(Object(Closure))
#60 C:\\xampp\\htdocs\\serbiscrm\\vendor\\laravel\\framework\\src\\Illuminate\\Foundation\\Http\\Kernel.php(144): Illuminate\\Foundation\\Http\\Kernel->sendRequestThroughRouter(Object(Illuminate\\Http\\Request))
#61 C:\\xampp\\htdocs\\serbiscrm\\public\\index.php(51): Illuminate\\Foundation\\Http\\Kernel->handle(Object(Illuminate\\Http\\Request))
#62 C:\\xampp\\htdocs\\serbiscrm\\vendor\\laravel\\framework\\src\\Illuminate\\Foundation\\resources\\server.php(16): require_once('C:\\\\xampp\\\\htdocs...')
#63 {main}
"} 
[2025-10-30 15:04:35] local.ERROR: Route [tenant.integrations.paytr.prepare] not defined. {"view":{"view":"C:\\xampp\\htdocs\\serbiscrm\\resources\\views\\frontend\\secure\\integrations\\purchase.blade.php","data":{"errors":"<pre class=sf-dump id=sf-dump-646891268 data-indent-pad=\"  \"><span class=sf-dump-note>Illuminate\\Support\\ViewErrorBag</span> {<a class=sf-dump-ref>#1193</a><samp data-depth=1 class=sf-dump-expanded>
  #<span class=sf-dump-protected title=\"Protected property\">bags</span>: []
</samp>}
</pre><script>Sfdump(\"sf-dump-646891268\", {\"maxDepth\":3,\"maxStringLength\":160})</script>
","tenant":"<pre class=sf-dump id=sf-dump-416946027 data-indent-pad=\"  \"><span class=sf-dump-note>App\\Models\\Tenant</span> {<a class=sf-dump-ref>#2215</a><samp data-depth=1 class=sf-dump-expanded>
  #<span class=sf-dump-protected title=\"Protected property\">connection</span>: \"<span class=sf-dump-str title=\"5 characters\">mysql</span>\"
  #<span class=sf-dump-protected title=\"Protected property\">table</span>: \"<span class=sf-dump-str title=\"7 characters\">tenants</span>\"
  #<span class=sf-dump-protected title=\"Protected property\">primaryKey</span>: \"<span class=sf-dump-str title=\"2 characters\">id</span>\"
  #<span class=sf-dump-protected title=\"Protected property\">keyType</span>: \"<span class=sf-dump-str title=\"3 characters\">int</span>\"
  +<span class=sf-dump-public title=\"Public property\">incrementing</span>: <span class=sf-dump-const>true</span>
  #<span class=sf-dump-protected title=\"Protected property\">with</span>: []
  #<span class=sf-dump-protected title=\"Protected property\">withCount</span>: []
  +<span class=sf-dump-public title=\"Public property\">preventsLazyLoading</span>: <span class=sf-dump-const>false</span>
  #<span class=sf-dump-protected title=\"Protected property\">perPage</span>: <span class=sf-dump-num>15</span>
  +<span class=sf-dump-public title=\"Public property\">exists</span>: <span class=sf-dump-const>true</span>
  +<span class=sf-dump-public title=\"Public property\">wasRecentlyCreated</span>: <span class=sf-dump-const>false</span>
  #<span class=sf-dump-protected title=\"Protected property\">escapeWhenCastingToString</span>: <span class=sf-dump-const>false</span>
  #<span class=sf-dump-protected title=\"Protected property\">attributes</span>: <span class=sf-dump-note>array:36</span> [<samp data-depth=2 class=sf-dump-compact>
    \"<span class=sf-dump-key>id</span>\" => <span class=sf-dump-num>27</span>
    \"<span class=sf-dump-key>name</span>\" => \"<span class=sf-dump-str title=\"11 characters\">G&#246;khan T&#252;rk</span>\"
    \"<span class=sf-dump-key>firma_adi</span>\" => \"<span class=sf-dump-str title=\"10 characters\">CTS Isitma</span>\"
    \"<span class=sf-dump-key>firma_slug</span>\" => \"<span class=sf-dump-str title=\"10 characters\">cts-isitma</span>\"
    \"<span class=sf-dump-key>username</span>\" => \"<span class=sf-dump-str title=\"13 characters\">ctsisitma.com</span>\"
    \"<span class=sf-dump-key>eposta</span>\" => \"<span class=sf-dump-str title=\"19 characters\">fiberdev5@gmail.com</span>\"
    \"<span class=sf-dump-key>tel1</span>\" => \"<span class=sf-dump-str title=\"13 characters\">564 564 56 45</span>\"
    \"<span class=sf-dump-key>tel2</span>\" => <span class=sf-dump-const>null</span>
    \"<span class=sf-dump-key>il</span>\" => \"<span class=sf-dump-str title=\"2 characters\">10</span>\"
    \"<span class=sf-dump-key>ilce</span>\" => \"<span class=sf-dump-str title=\"3 characters\">894</span>\"
    \"<span class=sf-dump-key>adres</span>\" => <span class=sf-dump-const>null</span>
    \"<span class=sf-dump-key>webSitesi</span>\" => <span class=sf-dump-const>null</span>
    \"<span class=sf-dump-key>vergiNo</span>\" => \"<span class=sf-dump-str title=\"10 characters\">4564564564</span>\"
    \"<span class=sf-dump-key>vergiDairesi</span>\" => <span class=sf-dump-const>null</span>
    \"<span class=sf-dump-key>tcNo</span>\" => <span class=sf-dump-const>null</span>
    \"<span class=sf-dump-key>iban</span>\" => <span class=sf-dump-const>null</span>
    \"<span class=sf-dump-key>logo</span>\" => <span class=sf-dump-const>null</span>
    \"<span class=sf-dump-key>personelSayisi</span>\" => <span class=sf-dump-num>10</span>
    \"<span class=sf-dump-key>bayiSayisi</span>\" => <span class=sf-dump-num>5</span>
    \"<span class=sf-dump-key>stokSayisi</span>\" => <span class=sf-dump-num>30</span>
    \"<span class=sf-dump-key>konsinyeSayisi</span>\" => <span class=sf-dump-num>5</span>
    \"<span class=sf-dump-key>kdvOrani</span>\" => <span class=sf-dump-const>null</span>
    \"<span class=sf-dump-key>smsKullanici</span>\" => <span class=sf-dump-const>null</span>
    \"<span class=sf-dump-key>smsSifre</span>\" => <span class=sf-dump-const>null</span>
    \"<span class=sf-dump-key>smsGonderici</span>\" => <span class=sf-dump-const>null</span>
    \"<span class=sf-dump-key>smsKaraliste</span>\" => <span class=sf-dump-const>null</span>
    \"<span class=sf-dump-key>kayitTarihi</span>\" => \"<span class=sf-dump-str title=\"10 characters\">2025-09-03</span>\"
    \"<span class=sf-dump-key>bitisTarihi</span>\" => \"<span class=sf-dump-str title=\"10 characters\">2026-09-03</span>\"
    \"<span class=sf-dump-key>status</span>\" => <span class=sf-dump-num>1</span>
    \"<span class=sf-dump-key>trial_starts_at</span>\" => \"<span class=sf-dump-str title=\"19 characters\">2025-09-03 16:15:02</span>\"
    \"<span class=sf-dump-key>trial_ends_at</span>\" => \"<span class=sf-dump-str title=\"19 characters\">2025-09-01 16:15:02</span>\"
    \"<span class=sf-dump-key>trial_used</span>\" => <span class=sf-dump-num>1</span>
    \"<span class=sf-dump-key>subscription_status</span>\" => \"<span class=sf-dump-str title=\"6 characters\">active</span>\"
    \"<span class=sf-dump-key>subscription_ends_at</span>\" => \"<span class=sf-dump-str title=\"19 characters\">2026-09-03 16:21:57</span>\"
    \"<span class=sf-dump-key>created_at</span>\" => \"<span class=sf-dump-str title=\"19 characters\">2025-09-03 16:15:02</span>\"
    \"<span class=sf-dump-key>updated_at</span>\" => \"<span class=sf-dump-str title=\"19 characters\">2025-09-03 16:21:57</span>\"
  </samp>]
  #<span class=sf-dump-protected title=\"Protected property\">original</span>: <span class=sf-dump-note>array:36</span> [<samp data-depth=2 class=sf-dump-compact>
    \"<span class=sf-dump-key>id</span>\" => <span class=sf-dump-num>27</span>
    \"<span class=sf-dump-key>name</span>\" => \"<span class=sf-dump-str title=\"11 characters\">G&#246;khan T&#252;rk</span>\"
    \"<span class=sf-dump-key>firma_adi</span>\" => \"<span class=sf-dump-str title=\"10 characters\">CTS Isitma</span>\"
    \"<span class=sf-dump-key>firma_slug</span>\" => \"<span class=sf-dump-str title=\"10 characters\">cts-isitma</span>\"
    \"<span class=sf-dump-key>username</span>\" => \"<span class=sf-dump-str title=\"13 characters\">ctsisitma.com</span>\"
    \"<span class=sf-dump-key>eposta</span>\" => \"<span class=sf-dump-str title=\"19 characters\">fiberdev5@gmail.com</span>\"
    \"<span class=sf-dump-key>tel1</span>\" => \"<span class=sf-dump-str title=\"13 characters\">564 564 56 45</span>\"
    \"<span class=sf-dump-key>tel2</span>\" => <span class=sf-dump-const>null</span>
    \"<span class=sf-dump-key>il</span>\" => \"<span class=sf-dump-str title=\"2 characters\">10</span>\"
    \"<span class=sf-dump-key>ilce</span>\" => \"<span class=sf-dump-str title=\"3 characters\">894</span>\"
    \"<span class=sf-dump-key>adres</span>\" => <span class=sf-dump-const>null</span>
    \"<span class=sf-dump-key>webSitesi</span>\" => <span class=sf-dump-const>null</span>
    \"<span class=sf-dump-key>vergiNo</span>\" => \"<span class=sf-dump-str title=\"10 characters\">4564564564</span>\"
    \"<span class=sf-dump-key>vergiDairesi</span>\" => <span class=sf-dump-const>null</span>
    \"<span class=sf-dump-key>tcNo</span>\" => <span class=sf-dump-const>null</span>
    \"<span class=sf-dump-key>iban</span>\" => <span class=sf-dump-const>null</span>
    \"<span class=sf-dump-key>logo</span>\" => <span class=sf-dump-const>null</span>
    \"<span class=sf-dump-key>personelSayisi</span>\" => <span class=sf-dump-num>10</span>
    \"<span class=sf-dump-key>bayiSayisi</span>\" => <span class=sf-dump-num>5</span>
    \"<span class=sf-dump-key>stokSayisi</span>\" => <span class=sf-dump-num>30</span>
    \"<span class=sf-dump-key>konsinyeSayisi</span>\" => <span class=sf-dump-num>5</span>
    \"<span class=sf-dump-key>kdvOrani</span>\" => <span class=sf-dump-const>null</span>
    \"<span class=sf-dump-key>smsKullanici</span>\" => <span class=sf-dump-const>null</span>
    \"<span class=sf-dump-key>smsSifre</span>\" => <span class=sf-dump-const>null</span>
    \"<span class=sf-dump-key>smsGonderici</span>\" => <span class=sf-dump-const>null</span>
    \"<span class=sf-dump-key>smsKaraliste</span>\" => <span class=sf-dump-const>null</span>
    \"<span class=sf-dump-key>kayitTarihi</span>\" => \"<span class=sf-dump-str title=\"10 characters\">2025-09-03</span>\"
    \"<span class=sf-dump-key>bitisTarihi</span>\" => \"<span class=sf-dump-str title=\"10 characters\">2026-09-03</span>\"
    \"<span class=sf-dump-key>status</span>\" => <span class=sf-dump-num>1</span>
    \"<span class=sf-dump-key>trial_starts_at</span>\" => \"<span class=sf-dump-str title=\"19 characters\">2025-09-03 16:15:02</span>\"
    \"<span class=sf-dump-key>trial_ends_at</span>\" => \"<span class=sf-dump-str title=\"19 characters\">2025-09-01 16:15:02</span>\"
    \"<span class=sf-dump-key>trial_used</span>\" => <span class=sf-dump-num>1</span>
    \"<span class=sf-dump-key>subscription_status</span>\" => \"<span class=sf-dump-str title=\"6 characters\">active</span>\"
    \"<span class=sf-dump-key>subscription_ends_at</span>\" => \"<span class=sf-dump-str title=\"19 characters\">2026-09-03 16:21:57</span>\"
    \"<span class=sf-dump-key>created_at</span>\" => \"<span class=sf-dump-str title=\"19 characters\">2025-09-03 16:15:02</span>\"
    \"<span class=sf-dump-key>updated_at</span>\" => \"<span class=sf-dump-str title=\"19 characters\">2025-09-03 16:21:57</span>\"
  </samp>]
  #<span class=sf-dump-protected title=\"Protected property\">changes</span>: []
  #<span class=sf-dump-protected title=\"Protected property\">casts</span>: <span class=sf-dump-note>array:4</span> [<samp data-depth=2 class=sf-dump-compact>
    \"<span class=sf-dump-key>trial_starts_at</span>\" => \"<span class=sf-dump-str title=\"8 characters\">datetime</span>\"
    \"<span class=sf-dump-key>trial_ends_at</span>\" => \"<span class=sf-dump-str title=\"8 characters\">datetime</span>\"
    \"<span class=sf-dump-key>subscription_ends_at</span>\" => \"<span class=sf-dump-str title=\"8 characters\">datetime</span>\"
    \"<span class=sf-dump-key>trial_used</span>\" => \"<span class=sf-dump-str title=\"7 characters\">boolean</span>\"
  </samp>]
  #<span class=sf-dump-protected title=\"Protected property\">classCastCache</span>: []
  #<span class=sf-dump-protected title=\"Protected property\">attributeCastCache</span>: []
  #<span class=sf-dump-protected title=\"Protected property\">dateFormat</span>: <span class=sf-dump-const>null</span>
  #<span class=sf-dump-protected title=\"Protected property\">appends</span>: []
  #<span class=sf-dump-protected title=\"Protected property\">dispatchesEvents</span>: []
  #<span class=sf-dump-protected title=\"Protected property\">observables</span>: []
  #<span class=sf-dump-protected title=\"Protected property\">relations</span>: []
  #<span class=sf-dump-protected title=\"Protected property\">touches</span>: []
  +<span class=sf-dump-public title=\"Public property\">timestamps</span>: <span class=sf-dump-const>true</span>
  +<span class=sf-dump-public title=\"Public property\">usesUniqueIds</span>: <span class=sf-dump-const>false</span>
  #<span class=sf-dump-protected title=\"Protected property\">hidden</span>: []
  #<span class=sf-dump-protected title=\"Protected property\">visible</span>: []
  #<span class=sf-dump-protected title=\"Protected property\">fillable</span>: []
  #<span class=sf-dump-protected title=\"Protected property\">guarded</span>: []
</samp>}
</pre><script>Sfdump(\"sf-dump-416946027\", {\"maxDepth\":3,\"maxStringLength\":160})</script>
","integration":"<pre class=sf-dump id=sf-dump-556864975 data-indent-pad=\"  \"><span class=sf-dump-note>App\\Models\\Integration</span> {<a class=sf-dump-ref>#2296</a><samp data-depth=1 class=sf-dump-expanded>
  #<span class=sf-dump-protected title=\"Protected property\">connection</span>: \"<span class=sf-dump-str title=\"5 characters\">mysql</span>\"
  #<span class=sf-dump-protected title=\"Protected property\">table</span>: \"<span class=sf-dump-str title=\"12 characters\">integrations</span>\"
  #<span class=sf-dump-protected title=\"Protected property\">primaryKey</span>: \"<span class=sf-dump-str title=\"2 characters\">id</span>\"
  #<span class=sf-dump-protected title=\"Protected property\">keyType</span>: \"<span class=sf-dump-str title=\"3 characters\">int</span>\"
  +<span class=sf-dump-public title=\"Public property\">incrementing</span>: <span class=sf-dump-const>true</span>
  #<span class=sf-dump-protected title=\"Protected property\">with</span>: []
  #<span class=sf-dump-protected title=\"Protected property\">withCount</span>: []
  +<span class=sf-dump-public title=\"Public property\">preventsLazyLoading</span>: <span class=sf-dump-const>false</span>
  #<span class=sf-dump-protected title=\"Protected property\">perPage</span>: <span class=sf-dump-num>15</span>
  +<span class=sf-dump-public title=\"Public property\">exists</span>: <span class=sf-dump-const>true</span>
  +<span class=sf-dump-public title=\"Public property\">wasRecentlyCreated</span>: <span class=sf-dump-const>false</span>
  #<span class=sf-dump-protected title=\"Protected property\">escapeWhenCastingToString</span>: <span class=sf-dump-const>false</span>
  #<span class=sf-dump-protected title=\"Protected property\">attributes</span>: <span class=sf-dump-note>array:11</span> [<samp data-depth=2 class=sf-dump-compact>
    \"<span class=sf-dump-key>id</span>\" => <span class=sf-dump-num>2</span>
    \"<span class=sf-dump-key>name</span>\" => \"<span class=sf-dump-str title=\"7 characters\">PARA&#350;&#220;T</span>\"
    \"<span class=sf-dump-key>slug</span>\" => \"<span class=sf-dump-str title=\"7 characters\">parasut</span>\"
    \"<span class=sf-dump-key>description</span>\" => \"<span class=sf-dump-str title=\"9 characters\">sdfsdfsdf</span>\"
    \"<span class=sf-dump-key>explanation</span>\" => \"<span class=sf-dump-str title=\"44 characters\">&lt;p&gt;sdgsdgsdg sgdsgdsdgsdgsd sgsdgsdgsdsg&lt;/p&gt;</span>\"
    \"<span class=sf-dump-key>logo</span>\" => \"<span class=sf-dump-str title=\"42 characters\">upload/integrations/1761659668_parasut.png</span>\"
    \"<span class=sf-dump-key>price</span>\" => \"<span class=sf-dump-str title=\"7 characters\">2850.00</span>\"
    \"<span class=sf-dump-key>category</span>\" => \"<span class=sf-dump-str title=\"7 characters\">invoice</span>\"
    \"<span class=sf-dump-key>is_active</span>\" => <span class=sf-dump-num>1</span>
    \"<span class=sf-dump-key>created_at</span>\" => \"<span class=sf-dump-str title=\"19 characters\">2025-10-28 16:54:28</span>\"
    \"<span class=sf-dump-key>updated_at</span>\" => \"<span class=sf-dump-str title=\"19 characters\">2025-10-28 16:54:28</span>\"
  </samp>]
  #<span class=sf-dump-protected title=\"Protected property\">original</span>: <span class=sf-dump-note>array:11</span> [<samp data-depth=2 class=sf-dump-compact>
    \"<span class=sf-dump-key>id</span>\" => <span class=sf-dump-num>2</span>
    \"<span class=sf-dump-key>name</span>\" => \"<span class=sf-dump-str title=\"7 characters\">PARA&#350;&#220;T</span>\"
    \"<span class=sf-dump-key>slug</span>\" => \"<span class=sf-dump-str title=\"7 characters\">parasut</span>\"
    \"<span class=sf-dump-key>description</span>\" => \"<span class=sf-dump-str title=\"9 characters\">sdfsdfsdf</span>\"
    \"<span class=sf-dump-key>explanation</span>\" => \"<span class=sf-dump-str title=\"44 characters\">&lt;p&gt;sdgsdgsdg sgdsgdsdgsdgsd sgsdgsdgsdsg&lt;/p&gt;</span>\"
    \"<span class=sf-dump-key>logo</span>\" => \"<span class=sf-dump-str title=\"42 characters\">upload/integrations/1761659668_parasut.png</span>\"
    \"<span class=sf-dump-key>price</span>\" => \"<span class=sf-dump-str title=\"7 characters\">2850.00</span>\"
    \"<span class=sf-dump-key>category</span>\" => \"<span class=sf-dump-str title=\"7 characters\">invoice</span>\"
    \"<span class=sf-dump-key>is_active</span>\" => <span class=sf-dump-num>1</span>
    \"<span class=sf-dump-key>created_at</span>\" => \"<span class=sf-dump-str title=\"19 characters\">2025-10-28 16:54:28</span>\"
    \"<span class=sf-dump-key>updated_at</span>\" => \"<span class=sf-dump-str title=\"19 characters\">2025-10-28 16:54:28</span>\"
  </samp>]
  #<span class=sf-dump-protected title=\"Protected property\">changes</span>: []
  #<span class=sf-dump-protected title=\"Protected property\">casts</span>: []
  #<span class=sf-dump-protected title=\"Protected property\">classCastCache</span>: []
  #<span class=sf-dump-protected title=\"Protected property\">attributeCastCache</span>: []
  #<span class=sf-dump-protected title=\"Protected property\">dateFormat</span>: <span class=sf-dump-const>null</span>
  #<span class=sf-dump-protected title=\"Protected property\">appends</span>: []
  #<span class=sf-dump-protected title=\"Protected property\">dispatchesEvents</span>: []
  #<span class=sf-dump-protected title=\"Protected property\">observables</span>: []
  #<span class=sf-dump-protected title=\"Protected property\">relations</span>: []
  #<span class=sf-dump-protected title=\"Protected property\">touches</span>: []
  +<span class=sf-dump-public title=\"Public property\">timestamps</span>: <span class=sf-dump-const>true</span>
  +<span class=sf-dump-public title=\"Public property\">usesUniqueIds</span>: <span class=sf-dump-const>false</span>
  #<span class=sf-dump-protected title=\"Protected property\">hidden</span>: []
  #<span class=sf-dump-protected title=\"Protected property\">visible</span>: []
  #<span class=sf-dump-protected title=\"Protected property\">fillable</span>: []
  #<span class=sf-dump-protected title=\"Protected property\">guarded</span>: []
</samp>}
</pre><script>Sfdump(\"sf-dump-556864975\", {\"maxDepth\":3,\"maxStringLength\":160})</script>
"}},"userId":47,"exception":"[object] (Spatie\\LaravelIgnition\\Exceptions\\ViewException(code: 0): Route [tenant.integrations.paytr.prepare] not defined. at C:\\xampp\\htdocs\\serbiscrm\\vendor\\laravel\\framework\\src\\Illuminate\\Routing\\UrlGenerator.php:479)
[stacktrace]
#0 C:\\xampp\\htdocs\\serbiscrm\\vendor\\laravel\\framework\\src\\Illuminate\\Foundation\\helpers.php(811): Illuminate\\Routing\\UrlGenerator->route('tenant.integrat...', Array, true)
#1 C:\\xampp\\htdocs\\serbiscrm\\resources\\views\\frontend\\secure\\integrations\\purchase.blade.php(344): route('tenant.integrat...', Array)
#2 C:\\xampp\\htdocs\\serbiscrm\\vendor\\laravel\\framework\\src\\Illuminate\\Filesystem\\Filesystem.php(124): require('C:\\\\xampp\\\\htdocs...')
#3 C:\\xampp\\htdocs\\serbiscrm\\vendor\\laravel\\framework\\src\\Illuminate\\Filesystem\\Filesystem.php(125): Illuminate\\Filesystem\\Filesystem::Illuminate\\Filesystem\\{closure}()
#4 C:\\xampp\\htdocs\\serbiscrm\\vendor\\laravel\\framework\\src\\Illuminate\\View\\Engines\\PhpEngine.php(58): Illuminate\\Filesystem\\Filesystem->getRequire('C:\\\\xampp\\\\htdocs...', Array)
#5 C:\\xampp\\htdocs\\serbiscrm\\vendor\\laravel\\framework\\src\\Illuminate\\View\\Engines\\CompilerEngine.php(72): Illuminate\\View\\Engines\\PhpEngine->evaluatePath('C:\\\\xampp\\\\htdocs...', Array)
#6 C:\\xampp\\htdocs\\serbiscrm\\vendor\\laravel\\framework\\src\\Illuminate\\View\\View.php(207): Illuminate\\View\\Engines\\CompilerEngine->get('C:\\\\xampp\\\\htdocs...', Array)
#7 C:\\xampp\\htdocs\\serbiscrm\\vendor\\laravel\\framework\\src\\Illuminate\\View\\View.php(190): Illuminate\\View\\View->getContents()
#8 C:\\xampp\\htdocs\\serbiscrm\\vendor\\laravel\\framework\\src\\Illuminate\\View\\View.php(159): Illuminate\\View\\View->renderContents()
#9 C:\\xampp\\htdocs\\serbiscrm\\vendor\\laravel\\framework\\src\\Illuminate\\Http\\Response.php(69): Illuminate\\View\\View->render()
#10 C:\\xampp\\htdocs\\serbiscrm\\vendor\\laravel\\framework\\src\\Illuminate\\Http\\Response.php(35): Illuminate\\Http\\Response->setContent(Object(Illuminate\\View\\View))
#11 C:\\xampp\\htdocs\\serbiscrm\\vendor\\laravel\\framework\\src\\Illuminate\\Routing\\Router.php(911): Illuminate\\Http\\Response->__construct(Object(Illuminate\\View\\View), 200, Array)
#12 C:\\xampp\\htdocs\\serbiscrm\\vendor\\laravel\\framework\\src\\Illuminate\\Routing\\Router.php(878): Illuminate\\Routing\\Router::toResponse(Object(Illuminate\\Http\\Request), Object(Illuminate\\View\\View))
#13 C:\\xampp\\htdocs\\serbiscrm\\vendor\\laravel\\framework\\src\\Illuminate\\Routing\\Router.php(798): Illuminate\\Routing\\Router->prepareResponse(Object(Illuminate\\Http\\Request), Object(Illuminate\\View\\View))
#14 C:\\xampp\\htdocs\\serbiscrm\\vendor\\laravel\\framework\\src\\Illuminate\\Pipeline\\Pipeline.php(141): Illuminate\\Routing\\Router->Illuminate\\Routing\\{closure}(Object(Illuminate\\Http\\Request))
#15 C:\\xampp\\htdocs\\serbiscrm\\app\\Http\\Middleware\\CheckTenantStatus.php(40): Illuminate\\Pipeline\\Pipeline->Illuminate\\Pipeline\\{closure}(Object(Illuminate\\Http\\Request))
#16 C:\\xampp\\htdocs\\serbiscrm\\vendor\\laravel\\framework\\src\\Illuminate\\Pipeline\\Pipeline.php(180): App\\Http\\Middleware\\CheckTenantStatus->handle(Object(Illuminate\\Http\\Request), Object(Closure))
#17 C:\\xampp\\htdocs\\serbiscrm\\app\\Http\\Middleware\\HandleRedirectAfterLogin.php(28): Illuminate\\Pipeline\\Pipeline->Illuminate\\Pipeline\\{closure}(Object(Illuminate\\Http\\Request))
#18 C:\\xampp\\htdocs\\serbiscrm\\vendor\\laravel\\framework\\src\\Illuminate\\Pipeline\\Pipeline.php(180): App\\Http\\Middleware\\HandleRedirectAfterLogin->handle(Object(Illuminate\\Http\\Request), Object(Closure))
#19 C:\\xampp\\htdocs\\serbiscrm\\app\\Http\\Middleware\\CheckCompanySubscription.php(32): Illuminate\\Pipeline\\Pipeline->Illuminate\\Pipeline\\{closure}(Object(Illuminate\\Http\\Request))
#20 C:\\xampp\\htdocs\\serbiscrm\\vendor\\laravel\\framework\\src\\Illuminate\\Pipeline\\Pipeline.php(180): App\\Http\\Middleware\\CheckCompanySubscription->handle(Object(Illuminate\\Http\\Request), Object(Closure))
#21 C:\\xampp\\htdocs\\serbiscrm\\app\\Http\\Middleware\\CheckTenantId.php(43): Illuminate\\Pipeline\\Pipeline->Illuminate\\Pipeline\\{closure}(Object(Illuminate\\Http\\Request))
#22 C:\\xampp\\htdocs\\serbiscrm\\vendor\\laravel\\framework\\src\\Illuminate\\Pipeline\\Pipeline.php(180): App\\Http\\Middleware\\CheckTenantId->handle(Object(Illuminate\\Http\\Request), Object(Closure))
#23 C:\\xampp\\htdocs\\serbiscrm\\app\\Http\\Middleware\\CheckTrialStatus.php(28): Illuminate\\Pipeline\\Pipeline->Illuminate\\Pipeline\\{closure}(Object(Illuminate\\Http\\Request))
#24 C:\\xampp\\htdocs\\serbiscrm\\vendor\\laravel\\framework\\src\\Illuminate\\Pipeline\\Pipeline.php(180): App\\Http\\Middleware\\CheckTrialStatus->handle(Object(Illuminate\\Http\\Request), Object(Closure))
#25 C:\\xampp\\htdocs\\serbiscrm\\vendor\\laravel\\framework\\src\\Illuminate\\Routing\\Middleware\\SubstituteBindings.php(50): Illuminate\\Pipeline\\Pipeline->Illuminate\\Pipeline\\{closure}(Object(Illuminate\\Http\\Request))
#26 C:\\xampp\\htdocs\\serbiscrm\\vendor\\laravel\\framework\\src\\Illuminate\\Pipeline\\Pipeline.php(180): Illuminate\\Routing\\Middleware\\SubstituteBindings->handle(Object(Illuminate\\Http\\Request), Object(Closure))
#27 C:\\xampp\\htdocs\\serbiscrm\\vendor\\laravel\\framework\\src\\Illuminate\\Auth\\Middleware\\Authenticate.php(57): Illuminate\\Pipeline\\Pipeline->Illuminate\\Pipeline\\{closure}(Object(Illuminate\\Http\\Request))
#28 C:\\xampp\\htdocs\\serbiscrm\\vendor\\laravel\\framework\\src\\Illuminate\\Pipeline\\Pipeline.php(180): Illuminate\\Auth\\Middleware\\Authenticate->handle(Object(Illuminate\\Http\\Request), Object(Closure))
#29 C:\\xampp\\htdocs\\serbiscrm\\vendor\\laravel\\framework\\src\\Illuminate\\Foundation\\Http\\Middleware\\VerifyCsrfToken.php(78): Illuminate\\Pipeline\\Pipeline->Illuminate\\Pipeline\\{closure}(Object(Illuminate\\Http\\Request))
#30 C:\\xampp\\htdocs\\serbiscrm\\vendor\\laravel\\framework\\src\\Illuminate\\Pipeline\\Pipeline.php(180): Illuminate\\Foundation\\Http\\Middleware\\VerifyCsrfToken->handle(Object(Illuminate\\Http\\Request), Object(Closure))
#31 C:\\xampp\\htdocs\\serbiscrm\\vendor\\laravel\\framework\\src\\Illuminate\\View\\Middleware\\ShareErrorsFromSession.php(49): Illuminate\\Pipeline\\Pipeline->Illuminate\\Pipeline\\{closure}(Object(Illuminate\\Http\\Request))
#32 C:\\xampp\\htdocs\\serbiscrm\\vendor\\laravel\\framework\\src\\Illuminate\\Pipeline\\Pipeline.php(180): Illuminate\\View\\Middleware\\ShareErrorsFromSession->handle(Object(Illuminate\\Http\\Request), Object(Closure))
#33 C:\\xampp\\htdocs\\serbiscrm\\vendor\\laravel\\framework\\src\\Illuminate\\Session\\Middleware\\StartSession.php(121): Illuminate\\Pipeline\\Pipeline->Illuminate\\Pipeline\\{closure}(Object(Illuminate\\Http\\Request))
#34 C:\\xampp\\htdocs\\serbiscrm\\vendor\\laravel\\framework\\src\\Illuminate\\Session\\Middleware\\StartSession.php(64): Illuminate\\Session\\Middleware\\StartSession->handleStatefulRequest(Object(Illuminate\\Http\\Request), Object(Illuminate\\Session\\Store), Object(Closure))
#35 C:\\xampp\\htdocs\\serbiscrm\\vendor\\laravel\\framework\\src\\Illuminate\\Pipeline\\Pipeline.php(180): Illuminate\\Session\\Middleware\\StartSession->handle(Object(Illuminate\\Http\\Request), Object(Closure))
#36 C:\\xampp\\htdocs\\serbiscrm\\vendor\\laravel\\framework\\src\\Illuminate\\Cookie\\Middleware\\AddQueuedCookiesToResponse.php(37): Illuminate\\Pipeline\\Pipeline->Illuminate\\Pipeline\\{closure}(Object(Illuminate\\Http\\Request))
#37 C:\\xampp\\htdocs\\serbiscrm\\vendor\\laravel\\framework\\src\\Illuminate\\Pipeline\\Pipeline.php(180): Illuminate\\Cookie\\Middleware\\AddQueuedCookiesToResponse->handle(Object(Illuminate\\Http\\Request), Object(Closure))
#38 C:\\xampp\\htdocs\\serbiscrm\\vendor\\laravel\\framework\\src\\Illuminate\\Cookie\\Middleware\\EncryptCookies.php(67): Illuminate\\Pipeline\\Pipeline->Illuminate\\Pipeline\\{closure}(Object(Illuminate\\Http\\Request))
#39 C:\\xampp\\htdocs\\serbiscrm\\vendor\\laravel\\framework\\src\\Illuminate\\Pipeline\\Pipeline.php(180): Illuminate\\Cookie\\Middleware\\EncryptCookies->handle(Object(Illuminate\\Http\\Request), Object(Closure))
#40 C:\\xampp\\htdocs\\serbiscrm\\vendor\\laravel\\framework\\src\\Illuminate\\Pipeline\\Pipeline.php(116): Illuminate\\Pipeline\\Pipeline->Illuminate\\Pipeline\\{closure}(Object(Illuminate\\Http\\Request))
#41 C:\\xampp\\htdocs\\serbiscrm\\vendor\\laravel\\framework\\src\\Illuminate\\Routing\\Router.php(798): Illuminate\\Pipeline\\Pipeline->then(Object(Closure))
#42 C:\\xampp\\htdocs\\serbiscrm\\vendor\\laravel\\framework\\src\\Illuminate\\Routing\\Router.php(777): Illuminate\\Routing\\Router->runRouteWithinStack(Object(Illuminate\\Routing\\Route), Object(Illuminate\\Http\\Request))
#43 C:\\xampp\\htdocs\\serbiscrm\\vendor\\laravel\\framework\\src\\Illuminate\\Routing\\Router.php(741): Illuminate\\Routing\\Router->runRoute(Object(Illuminate\\Http\\Request), Object(Illuminate\\Routing\\Route))
#44 C:\\xampp\\htdocs\\serbiscrm\\vendor\\laravel\\framework\\src\\Illuminate\\Routing\\Router.php(730): Illuminate\\Routing\\Router->dispatchToRoute(Object(Illuminate\\Http\\Request))
#45 C:\\xampp\\htdocs\\serbiscrm\\vendor\\laravel\\framework\\src\\Illuminate\\Foundation\\Http\\Kernel.php(200): Illuminate\\Routing\\Router->dispatch(Object(Illuminate\\Http\\Request))
#46 C:\\xampp\\htdocs\\serbiscrm\\vendor\\laravel\\framework\\src\\Illuminate\\Pipeline\\Pipeline.php(141): Illuminate\\Foundation\\Http\\Kernel->Illuminate\\Foundation\\Http\\{closure}(Object(Illuminate\\Http\\Request))
#47 C:\\xampp\\htdocs\\serbiscrm\\app\\Http\\Middleware\\ImpersonationMiddleware.php(51): Illuminate\\Pipeline\\Pipeline->Illuminate\\Pipeline\\{closure}(Object(Illuminate\\Http\\Request))
#48 C:\\xampp\\htdocs\\serbiscrm\\vendor\\laravel\\framework\\src\\Illuminate\\Pipeline\\Pipeline.php(180): App\\Http\\Middleware\\ImpersonationMiddleware->handle(Object(Illuminate\\Http\\Request), Object(Closure))
#49 C:\\xampp\\htdocs\\serbiscrm\\vendor\\laravel\\framework\\src\\Illuminate\\Foundation\\Http\\Middleware\\TransformsRequest.php(21): Illuminate\\Pipeline\\Pipeline->Illuminate\\Pipeline\\{closure}(Object(Illuminate\\Http\\Request))
#50 C:\\xampp\\htdocs\\serbiscrm\\vendor\\laravel\\framework\\src\\Illuminate\\Foundation\\Http\\Middleware\\ConvertEmptyStringsToNull.php(31): Illuminate\\Foundation\\Http\\Middleware\\TransformsRequest->handle(Object(Illuminate\\Http\\Request), Object(Closure))
#51 C:\\xampp\\htdocs\\serbiscrm\\vendor\\laravel\\framework\\src\\Illuminate\\Pipeline\\Pipeline.php(180): Illuminate\\Foundation\\Http\\Middleware\\ConvertEmptyStringsToNull->handle(Object(Illuminate\\Http\\Request), Object(Closure))
#52 C:\\xampp\\htdocs\\serbiscrm\\vendor\\laravel\\framework\\src\\Illuminate\\Foundation\\Http\\Middleware\\TransformsRequest.php(21): Illuminate\\Pipeline\\Pipeline->Illuminate\\Pipeline\\{closure}(Object(Illuminate\\Http\\Request))
#53 C:\\xampp\\htdocs\\serbiscrm\\vendor\\laravel\\framework\\src\\Illuminate\\Foundation\\Http\\Middleware\\TrimStrings.php(40): Illuminate\\Foundation\\Http\\Middleware\\TransformsRequest->handle(Object(Illuminate\\Http\\Request), Object(Closure))
#54 C:\\xampp\\htdocs\\serbiscrm\\vendor\\laravel\\framework\\src\\Illuminate\\Pipeline\\Pipeline.php(180): Illuminate\\Foundation\\Http\\Middleware\\TrimStrings->handle(Object(Illuminate\\Http\\Request), Object(Closure))
#55 C:\\xampp\\htdocs\\serbiscrm\\vendor\\laravel\\framework\\src\\Illuminate\\Foundation\\Http\\Middleware\\ValidatePostSize.php(27): Illuminate\\Pipeline\\Pipeline->Illuminate\\Pipeline\\{closure}(Object(Illuminate\\Http\\Request))
#56 C:\\xampp\\htdocs\\serbiscrm\\vendor\\laravel\\framework\\src\\Illuminate\\Pipeline\\Pipeline.php(180): Illuminate\\Foundation\\Http\\Middleware\\ValidatePostSize->handle(Object(Illuminate\\Http\\Request), Object(Closure))
#57 C:\\xampp\\htdocs\\serbiscrm\\vendor\\laravel\\framework\\src\\Illuminate\\Foundation\\Http\\Middleware\\PreventRequestsDuringMaintenance.php(99): Illuminate\\Pipeline\\Pipeline->Illuminate\\Pipeline\\{closure}(Object(Illuminate\\Http\\Request))
#58 C:\\xampp\\htdocs\\serbiscrm\\vendor\\laravel\\framework\\src\\Illuminate\\Pipeline\\Pipeline.php(180): Illuminate\\Foundation\\Http\\Middleware\\PreventRequestsDuringMaintenance->handle(Object(Illuminate\\Http\\Request), Object(Closure))
#59 C:\\xampp\\htdocs\\serbiscrm\\vendor\\laravel\\framework\\src\\Illuminate\\Http\\Middleware\\HandleCors.php(49): Illuminate\\Pipeline\\Pipeline->Illuminate\\Pipeline\\{closure}(Object(Illuminate\\Http\\Request))
#60 C:\\xampp\\htdocs\\serbiscrm\\vendor\\laravel\\framework\\src\\Illuminate\\Pipeline\\Pipeline.php(180): Illuminate\\Http\\Middleware\\HandleCors->handle(Object(Illuminate\\Http\\Request), Object(Closure))
#61 C:\\xampp\\htdocs\\serbiscrm\\vendor\\laravel\\framework\\src\\Illuminate\\Http\\Middleware\\TrustProxies.php(39): Illuminate\\Pipeline\\Pipeline->Illuminate\\Pipeline\\{closure}(Object(Illuminate\\Http\\Request))
#62 C:\\xampp\\htdocs\\serbiscrm\\vendor\\laravel\\framework\\src\\Illuminate\\Pipeline\\Pipeline.php(180): Illuminate\\Http\\Middleware\\TrustProxies->handle(Object(Illuminate\\Http\\Request), Object(Closure))
#63 C:\\xampp\\htdocs\\serbiscrm\\vendor\\laravel\\framework\\src\\Illuminate\\Pipeline\\Pipeline.php(116): Illuminate\\Pipeline\\Pipeline->Illuminate\\Pipeline\\{closure}(Object(Illuminate\\Http\\Request))
#64 C:\\xampp\\htdocs\\serbiscrm\\vendor\\laravel\\framework\\src\\Illuminate\\Foundation\\Http\\Kernel.php(175): Illuminate\\Pipeline\\Pipeline->then(Object(Closure))
#65 C:\\xampp\\htdocs\\serbiscrm\\vendor\\laravel\\framework\\src\\Illuminate\\Foundation\\Http\\Kernel.php(144): Illuminate\\Foundation\\Http\\Kernel->sendRequestThroughRouter(Object(Illuminate\\Http\\Request))
#66 C:\\xampp\\htdocs\\serbiscrm\\public\\index.php(51): Illuminate\\Foundation\\Http\\Kernel->handle(Object(Illuminate\\Http\\Request))
#67 C:\\xampp\\htdocs\\serbiscrm\\vendor\\laravel\\framework\\src\\Illuminate\\Foundation\\resources\\server.php(16): require_once('C:\\\\xampp\\\\htdocs...')
#68 {main}

[previous exception] [object] (Symfony\\Component\\Routing\\Exception\\RouteNotFoundException(code: 0): Route [tenant.integrations.paytr.prepare] not defined. at C:\\xampp\\htdocs\\serbiscrm\\vendor\\laravel\\framework\\src\\Illuminate\\Routing\\UrlGenerator.php:479)
[stacktrace]
#0 C:\\xampp\\htdocs\\serbiscrm\\vendor\\laravel\\framework\\src\\Illuminate\\Foundation\\helpers.php(811): Illuminate\\Routing\\UrlGenerator->route('tenant.integrat...', Array, true)
#1 C:\\xampp\\htdocs\\serbiscrm\\storage\\framework\\views\\73788e03c9ebe4d6b4fda4e252bcf8c8.php(344): route('tenant.integrat...', Array)
#2 C:\\xampp\\htdocs\\serbiscrm\\vendor\\laravel\\framework\\src\\Illuminate\\Filesystem\\Filesystem.php(124): require('C:\\\\xampp\\\\htdocs...')
#3 C:\\xampp\\htdocs\\serbiscrm\\vendor\\laravel\\framework\\src\\Illuminate\\Filesystem\\Filesystem.php(125): Illuminate\\Filesystem\\Filesystem::Illuminate\\Filesystem\\{closure}()
#4 C:\\xampp\\htdocs\\serbiscrm\\vendor\\laravel\\framework\\src\\Illuminate\\View\\Engines\\PhpEngine.php(58): Illuminate\\Filesystem\\Filesystem->getRequire('C:\\\\xampp\\\\htdocs...', Array)
#5 C:\\xampp\\htdocs\\serbiscrm\\vendor\\laravel\\framework\\src\\Illuminate\\View\\Engines\\CompilerEngine.php(72): Illuminate\\View\\Engines\\PhpEngine->evaluatePath('C:\\\\xampp\\\\htdocs...', Array)
#6 C:\\xampp\\htdocs\\serbiscrm\\vendor\\laravel\\framework\\src\\Illuminate\\View\\View.php(207): Illuminate\\View\\Engines\\CompilerEngine->get('C:\\\\xampp\\\\htdocs...', Array)
#7 C:\\xampp\\htdocs\\serbiscrm\\vendor\\laravel\\framework\\src\\Illuminate\\View\\View.php(190): Illuminate\\View\\View->getContents()
#8 C:\\xampp\\htdocs\\serbiscrm\\vendor\\laravel\\framework\\src\\Illuminate\\View\\View.php(159): Illuminate\\View\\View->renderContents()
#9 C:\\xampp\\htdocs\\serbiscrm\\vendor\\laravel\\framework\\src\\Illuminate\\Http\\Response.php(69): Illuminate\\View\\View->render()
#10 C:\\xampp\\htdocs\\serbiscrm\\vendor\\laravel\\framework\\src\\Illuminate\\Http\\Response.php(35): Illuminate\\Http\\Response->setContent(Object(Illuminate\\View\\View))
#11 C:\\xampp\\htdocs\\serbiscrm\\vendor\\laravel\\framework\\src\\Illuminate\\Routing\\Router.php(911): Illuminate\\Http\\Response->__construct(Object(Illuminate\\View\\View), 200, Array)
#12 C:\\xampp\\htdocs\\serbiscrm\\vendor\\laravel\\framework\\src\\Illuminate\\Routing\\Router.php(878): Illuminate\\Routing\\Router::toResponse(Object(Illuminate\\Http\\Request), Object(Illuminate\\View\\View))
#13 C:\\xampp\\htdocs\\serbiscrm\\vendor\\laravel\\framework\\src\\Illuminate\\Routing\\Router.php(798): Illuminate\\Routing\\Router->prepareResponse(Object(Illuminate\\Http\\Request), Object(Illuminate\\View\\View))
#14 C:\\xampp\\htdocs\\serbiscrm\\vendor\\laravel\\framework\\src\\Illuminate\\Pipeline\\Pipeline.php(141): Illuminate\\Routing\\Router->Illuminate\\Routing\\{closure}(Object(Illuminate\\Http\\Request))
#15 C:\\xampp\\htdocs\\serbiscrm\\app\\Http\\Middleware\\CheckTenantStatus.php(40): Illuminate\\Pipeline\\Pipeline->Illuminate\\Pipeline\\{closure}(Object(Illuminate\\Http\\Request))
#16 C:\\xampp\\htdocs\\serbiscrm\\vendor\\laravel\\framework\\src\\Illuminate\\Pipeline\\Pipeline.php(180): App\\Http\\Middleware\\CheckTenantStatus->handle(Object(Illuminate\\Http\\Request), Object(Closure))
#17 C:\\xampp\\htdocs\\serbiscrm\\app\\Http\\Middleware\\HandleRedirectAfterLogin.php(28): Illuminate\\Pipeline\\Pipeline->Illuminate\\Pipeline\\{closure}(Object(Illuminate\\Http\\Request))
#18 C:\\xampp\\htdocs\\serbiscrm\\vendor\\laravel\\framework\\src\\Illuminate\\Pipeline\\Pipeline.php(180): App\\Http\\Middleware\\HandleRedirectAfterLogin->handle(Object(Illuminate\\Http\\Request), Object(Closure))
#19 C:\\xampp\\htdocs\\serbiscrm\\app\\Http\\Middleware\\CheckCompanySubscription.php(32): Illuminate\\Pipeline\\Pipeline->Illuminate\\Pipeline\\{closure}(Object(Illuminate\\Http\\Request))
#20 C:\\xampp\\htdocs\\serbiscrm\\vendor\\laravel\\framework\\src\\Illuminate\\Pipeline\\Pipeline.php(180): App\\Http\\Middleware\\CheckCompanySubscription->handle(Object(Illuminate\\Http\\Request), Object(Closure))
#21 C:\\xampp\\htdocs\\serbiscrm\\app\\Http\\Middleware\\CheckTenantId.php(43): Illuminate\\Pipeline\\Pipeline->Illuminate\\Pipeline\\{closure}(Object(Illuminate\\Http\\Request))
#22 C:\\xampp\\htdocs\\serbiscrm\\vendor\\laravel\\framework\\src\\Illuminate\\Pipeline\\Pipeline.php(180): App\\Http\\Middleware\\CheckTenantId->handle(Object(Illuminate\\Http\\Request), Object(Closure))
#23 C:\\xampp\\htdocs\\serbiscrm\\app\\Http\\Middleware\\CheckTrialStatus.php(28): Illuminate\\Pipeline\\Pipeline->Illuminate\\Pipeline\\{closure}(Object(Illuminate\\Http\\Request))
#24 C:\\xampp\\htdocs\\serbiscrm\\vendor\\laravel\\framework\\src\\Illuminate\\Pipeline\\Pipeline.php(180): App\\Http\\Middleware\\CheckTrialStatus->handle(Object(Illuminate\\Http\\Request), Object(Closure))
#25 C:\\xampp\\htdocs\\serbiscrm\\vendor\\laravel\\framework\\src\\Illuminate\\Routing\\Middleware\\SubstituteBindings.php(50): Illuminate\\Pipeline\\Pipeline->Illuminate\\Pipeline\\{closure}(Object(Illuminate\\Http\\Request))
#26 C:\\xampp\\htdocs\\serbiscrm\\vendor\\laravel\\framework\\src\\Illuminate\\Pipeline\\Pipeline.php(180): Illuminate\\Routing\\Middleware\\SubstituteBindings->handle(Object(Illuminate\\Http\\Request), Object(Closure))
#27 C:\\xampp\\htdocs\\serbiscrm\\vendor\\laravel\\framework\\src\\Illuminate\\Auth\\Middleware\\Authenticate.php(57): Illuminate\\Pipeline\\Pipeline->Illuminate\\Pipeline\\{closure}(Object(Illuminate\\Http\\Request))
#28 C:\\xampp\\htdocs\\serbiscrm\\vendor\\laravel\\framework\\src\\Illuminate\\Pipeline\\Pipeline.php(180): Illuminate\\Auth\\Middleware\\Authenticate->handle(Object(Illuminate\\Http\\Request), Object(Closure))
#29 C:\\xampp\\htdocs\\serbiscrm\\vendor\\laravel\\framework\\src\\Illuminate\\Foundation\\Http\\Middleware\\VerifyCsrfToken.php(78): Illuminate\\Pipeline\\Pipeline->Illuminate\\Pipeline\\{closure}(Object(Illuminate\\Http\\Request))
#30 C:\\xampp\\htdocs\\serbiscrm\\vendor\\laravel\\framework\\src\\Illuminate\\Pipeline\\Pipeline.php(180): Illuminate\\Foundation\\Http\\Middleware\\VerifyCsrfToken->handle(Object(Illuminate\\Http\\Request), Object(Closure))
#31 C:\\xampp\\htdocs\\serbiscrm\\vendor\\laravel\\framework\\src\\Illuminate\\View\\Middleware\\ShareErrorsFromSession.php(49): Illuminate\\Pipeline\\Pipeline->Illuminate\\Pipeline\\{closure}(Object(Illuminate\\Http\\Request))
#32 C:\\xampp\\htdocs\\serbiscrm\\vendor\\laravel\\framework\\src\\Illuminate\\Pipeline\\Pipeline.php(180): Illuminate\\View\\Middleware\\ShareErrorsFromSession->handle(Object(Illuminate\\Http\\Request), Object(Closure))
#33 C:\\xampp\\htdocs\\serbiscrm\\vendor\\laravel\\framework\\src\\Illuminate\\Session\\Middleware\\StartSession.php(121): Illuminate\\Pipeline\\Pipeline->Illuminate\\Pipeline\\{closure}(Object(Illuminate\\Http\\Request))
#34 C:\\xampp\\htdocs\\serbiscrm\\vendor\\laravel\\framework\\src\\Illuminate\\Session\\Middleware\\StartSession.php(64): Illuminate\\Session\\Middleware\\StartSession->handleStatefulRequest(Object(Illuminate\\Http\\Request), Object(Illuminate\\Session\\Store), Object(Closure))
#35 C:\\xampp\\htdocs\\serbiscrm\\vendor\\laravel\\framework\\src\\Illuminate\\Pipeline\\Pipeline.php(180): Illuminate\\Session\\Middleware\\StartSession->handle(Object(Illuminate\\Http\\Request), Object(Closure))
#36 C:\\xampp\\htdocs\\serbiscrm\\vendor\\laravel\\framework\\src\\Illuminate\\Cookie\\Middleware\\AddQueuedCookiesToResponse.php(37): Illuminate\\Pipeline\\Pipeline->Illuminate\\Pipeline\\{closure}(Object(Illuminate\\Http\\Request))
#37 C:\\xampp\\htdocs\\serbiscrm\\vendor\\laravel\\framework\\src\\Illuminate\\Pipeline\\Pipeline.php(180): Illuminate\\Cookie\\Middleware\\AddQueuedCookiesToResponse->handle(Object(Illuminate\\Http\\Request), Object(Closure))
#38 C:\\xampp\\htdocs\\serbiscrm\\vendor\\laravel\\framework\\src\\Illuminate\\Cookie\\Middleware\\EncryptCookies.php(67): Illuminate\\Pipeline\\Pipeline->Illuminate\\Pipeline\\{closure}(Object(Illuminate\\Http\\Request))
#39 C:\\xampp\\htdocs\\serbiscrm\\vendor\\laravel\\framework\\src\\Illuminate\\Pipeline\\Pipeline.php(180): Illuminate\\Cookie\\Middleware\\EncryptCookies->handle(Object(Illuminate\\Http\\Request), Object(Closure))
#40 C:\\xampp\\htdocs\\serbiscrm\\vendor\\laravel\\framework\\src\\Illuminate\\Pipeline\\Pipeline.php(116): Illuminate\\Pipeline\\Pipeline->Illuminate\\Pipeline\\{closure}(Object(Illuminate\\Http\\Request))
#41 C:\\xampp\\htdocs\\serbiscrm\\vendor\\laravel\\framework\\src\\Illuminate\\Routing\\Router.php(798): Illuminate\\Pipeline\\Pipeline->then(Object(Closure))
#42 C:\\xampp\\htdocs\\serbiscrm\\vendor\\laravel\\framework\\src\\Illuminate\\Routing\\Router.php(777): Illuminate\\Routing\\Router->runRouteWithinStack(Object(Illuminate\\Routing\\Route), Object(Illuminate\\Http\\Request))
#43 C:\\xampp\\htdocs\\serbiscrm\\vendor\\laravel\\framework\\src\\Illuminate\\Routing\\Router.php(741): Illuminate\\Routing\\Router->runRoute(Object(Illuminate\\Http\\Request), Object(Illuminate\\Routing\\Route))
#44 C:\\xampp\\htdocs\\serbiscrm\\vendor\\laravel\\framework\\src\\Illuminate\\Routing\\Router.php(730): Illuminate\\Routing\\Router->dispatchToRoute(Object(Illuminate\\Http\\Request))
#45 C:\\xampp\\htdocs\\serbiscrm\\vendor\\laravel\\framework\\src\\Illuminate\\Foundation\\Http\\Kernel.php(200): Illuminate\\Routing\\Router->dispatch(Object(Illuminate\\Http\\Request))
#46 C:\\xampp\\htdocs\\serbiscrm\\vendor\\laravel\\framework\\src\\Illuminate\\Pipeline\\Pipeline.php(141): Illuminate\\Foundation\\Http\\Kernel->Illuminate\\Foundation\\Http\\{closure}(Object(Illuminate\\Http\\Request))
#47 C:\\xampp\\htdocs\\serbiscrm\\app\\Http\\Middleware\\ImpersonationMiddleware.php(51): Illuminate\\Pipeline\\Pipeline->Illuminate\\Pipeline\\{closure}(Object(Illuminate\\Http\\Request))
#48 C:\\xampp\\htdocs\\serbiscrm\\vendor\\laravel\\framework\\src\\Illuminate\\Pipeline\\Pipeline.php(180): App\\Http\\Middleware\\ImpersonationMiddleware->handle(Object(Illuminate\\Http\\Request), Object(Closure))
#49 C:\\xampp\\htdocs\\serbiscrm\\vendor\\laravel\\framework\\src\\Illuminate\\Foundation\\Http\\Middleware\\TransformsRequest.php(21): Illuminate\\Pipeline\\Pipeline->Illuminate\\Pipeline\\{closure}(Object(Illuminate\\Http\\Request))
#50 C:\\xampp\\htdocs\\serbiscrm\\vendor\\laravel\\framework\\src\\Illuminate\\Foundation\\Http\\Middleware\\ConvertEmptyStringsToNull.php(31): Illuminate\\Foundation\\Http\\Middleware\\TransformsRequest->handle(Object(Illuminate\\Http\\Request), Object(Closure))
#51 C:\\xampp\\htdocs\\serbiscrm\\vendor\\laravel\\framework\\src\\Illuminate\\Pipeline\\Pipeline.php(180): Illuminate\\Foundation\\Http\\Middleware\\ConvertEmptyStringsToNull->handle(Object(Illuminate\\Http\\Request), Object(Closure))
#52 C:\\xampp\\htdocs\\serbiscrm\\vendor\\laravel\\framework\\src\\Illuminate\\Foundation\\Http\\Middleware\\TransformsRequest.php(21): Illuminate\\Pipeline\\Pipeline->Illuminate\\Pipeline\\{closure}(Object(Illuminate\\Http\\Request))
#53 C:\\xampp\\htdocs\\serbiscrm\\vendor\\laravel\\framework\\src\\Illuminate\\Foundation\\Http\\Middleware\\TrimStrings.php(40): Illuminate\\Foundation\\Http\\Middleware\\TransformsRequest->handle(Object(Illuminate\\Http\\Request), Object(Closure))
#54 C:\\xampp\\htdocs\\serbiscrm\\vendor\\laravel\\framework\\src\\Illuminate\\Pipeline\\Pipeline.php(180): Illuminate\\Foundation\\Http\\Middleware\\TrimStrings->handle(Object(Illuminate\\Http\\Request), Object(Closure))
#55 C:\\xampp\\htdocs\\serbiscrm\\vendor\\laravel\\framework\\src\\Illuminate\\Foundation\\Http\\Middleware\\ValidatePostSize.php(27): Illuminate\\Pipeline\\Pipeline->Illuminate\\Pipeline\\{closure}(Object(Illuminate\\Http\\Request))
#56 C:\\xampp\\htdocs\\serbiscrm\\vendor\\laravel\\framework\\src\\Illuminate\\Pipeline\\Pipeline.php(180): Illuminate\\Foundation\\Http\\Middleware\\ValidatePostSize->handle(Object(Illuminate\\Http\\Request), Object(Closure))
#57 C:\\xampp\\htdocs\\serbiscrm\\vendor\\laravel\\framework\\src\\Illuminate\\Foundation\\Http\\Middleware\\PreventRequestsDuringMaintenance.php(99): Illuminate\\Pipeline\\Pipeline->Illuminate\\Pipeline\\{closure}(Object(Illuminate\\Http\\Request))
#58 C:\\xampp\\htdocs\\serbiscrm\\vendor\\laravel\\framework\\src\\Illuminate\\Pipeline\\Pipeline.php(180): Illuminate\\Foundation\\Http\\Middleware\\PreventRequestsDuringMaintenance->handle(Object(Illuminate\\Http\\Request), Object(Closure))
#59 C:\\xampp\\htdocs\\serbiscrm\\vendor\\laravel\\framework\\src\\Illuminate\\Http\\Middleware\\HandleCors.php(49): Illuminate\\Pipeline\\Pipeline->Illuminate\\Pipeline\\{closure}(Object(Illuminate\\Http\\Request))
#60 C:\\xampp\\htdocs\\serbiscrm\\vendor\\laravel\\framework\\src\\Illuminate\\Pipeline\\Pipeline.php(180): Illuminate\\Http\\Middleware\\HandleCors->handle(Object(Illuminate\\Http\\Request), Object(Closure))
#61 C:\\xampp\\htdocs\\serbiscrm\\vendor\\laravel\\framework\\src\\Illuminate\\Http\\Middleware\\TrustProxies.php(39): Illuminate\\Pipeline\\Pipeline->Illuminate\\Pipeline\\{closure}(Object(Illuminate\\Http\\Request))
#62 C:\\xampp\\htdocs\\serbiscrm\\vendor\\laravel\\framework\\src\\Illuminate\\Pipeline\\Pipeline.php(180): Illuminate\\Http\\Middleware\\TrustProxies->handle(Object(Illuminate\\Http\\Request), Object(Closure))
#63 C:\\xampp\\htdocs\\serbiscrm\\vendor\\laravel\\framework\\src\\Illuminate\\Pipeline\\Pipeline.php(116): Illuminate\\Pipeline\\Pipeline->Illuminate\\Pipeline\\{closure}(Object(Illuminate\\Http\\Request))
#64 C:\\xampp\\htdocs\\serbiscrm\\vendor\\laravel\\framework\\src\\Illuminate\\Foundation\\Http\\Kernel.php(175): Illuminate\\Pipeline\\Pipeline->then(Object(Closure))
#65 C:\\xampp\\htdocs\\serbiscrm\\vendor\\laravel\\framework\\src\\Illuminate\\Foundation\\Http\\Kernel.php(144): Illuminate\\Foundation\\Http\\Kernel->sendRequestThroughRouter(Object(Illuminate\\Http\\Request))
#66 C:\\xampp\\htdocs\\serbiscrm\\public\\index.php(51): Illuminate\\Foundation\\Http\\Kernel->handle(Object(Illuminate\\Http\\Request))
#67 C:\\xampp\\htdocs\\serbiscrm\\vendor\\laravel\\framework\\src\\Illuminate\\Foundation\\resources\\server.php(16): require_once('C:\\\\xampp\\\\htdocs...')
#68 {main}
"} 
[2025-10-30 15:16:17] local.ERROR: Invalid route action: [paymentSuccess]. {"exception":"[object] (UnexpectedValueException(code: 0): Invalid route action: [paymentSuccess]. at C:\\xampp\\htdocs\\serbiscrm\\vendor\\laravel\\framework\\src\\Illuminate\\Routing\\RouteAction.php:92)
[stacktrace]
#0 C:\\xampp\\htdocs\\serbiscrm\\vendor\\laravel\\framework\\src\\Illuminate\\Routing\\RouteAction.php(47): Illuminate\\Routing\\RouteAction::makeInvokable('paymentSuccess')
#1 C:\\xampp\\htdocs\\serbiscrm\\vendor\\laravel\\framework\\src\\Illuminate\\Routing\\Route.php(191): Illuminate\\Routing\\RouteAction::parse('entegrasyon/ode...', Array)
#2 C:\\xampp\\htdocs\\serbiscrm\\vendor\\laravel\\framework\\src\\Illuminate\\Routing\\Route.php(172): Illuminate\\Routing\\Route->parseAction(Array)
#3 C:\\xampp\\htdocs\\serbiscrm\\vendor\\laravel\\framework\\src\\Illuminate\\Routing\\Router.php(662): Illuminate\\Routing\\Route->__construct(Array, 'entegrasyon/ode...', Array)
#4 C:\\xampp\\htdocs\\serbiscrm\\vendor\\laravel\\framework\\src\\Illuminate\\Routing\\Router.php(554): Illuminate\\Routing\\Router->newRoute(Array, 'entegrasyon/ode...', Array)
#5 C:\\xampp\\htdocs\\serbiscrm\\vendor\\laravel\\framework\\src\\Illuminate\\Routing\\Router.php(534): Illuminate\\Routing\\Router->createRoute(Array, '/entegrasyon/od...', Array)
#6 C:\\xampp\\htdocs\\serbiscrm\\vendor\\laravel\\framework\\src\\Illuminate\\Routing\\Router.php(152): Illuminate\\Routing\\Router->addRoute(Array, '/entegrasyon/od...', 'paymentSuccess')
#7 C:\\xampp\\htdocs\\serbiscrm\\vendor\\laravel\\framework\\src\\Illuminate\\Support\\Facades\\Facade.php(353): Illuminate\\Routing\\Router->get('/entegrasyon/od...', 'paymentSuccess')
#8 C:\\xampp\\htdocs\\serbiscrm\\routes\\web.php(1064): Illuminate\\Support\\Facades\\Facade::__callStatic('get', Array)
#9 C:\\xampp\\htdocs\\serbiscrm\\vendor\\laravel\\framework\\src\\Illuminate\\Routing\\RouteFileRegistrar.php(35): require('C:\\\\xampp\\\\htdocs...')
#10 C:\\xampp\\htdocs\\serbiscrm\\vendor\\laravel\\framework\\src\\Illuminate\\Routing\\Router.php(504): Illuminate\\Routing\\RouteFileRegistrar->register('C:\\\\xampp\\\\htdocs...')
#11 C:\\xampp\\htdocs\\serbiscrm\\vendor\\laravel\\framework\\src\\Illuminate\\Routing\\Router.php(458): Illuminate\\Routing\\Router->loadRoutes('C:\\\\xampp\\\\htdocs...')
#12 C:\\xampp\\htdocs\\serbiscrm\\vendor\\laravel\\framework\\src\\Illuminate\\Routing\\RouteRegistrar.php(192): Illuminate\\Routing\\Router->group(Array, 'C:\\\\xampp\\\\htdocs...')
#13 C:\\xampp\\htdocs\\serbiscrm\\app\\Providers\\RouteServiceProvider.php(37): Illuminate\\Routing\\RouteRegistrar->group('C:\\\\xampp\\\\htdocs...')
#14 C:\\xampp\\htdocs\\serbiscrm\\vendor\\laravel\\framework\\src\\Illuminate\\Container\\BoundMethod.php(36): App\\Providers\\RouteServiceProvider->App\\Providers\\{closure}()
#15 C:\\xampp\\htdocs\\serbiscrm\\vendor\\laravel\\framework\\src\\Illuminate\\Container\\Util.php(41): Illuminate\\Container\\BoundMethod::Illuminate\\Container\\{closure}()
#16 C:\\xampp\\htdocs\\serbiscrm\\vendor\\laravel\\framework\\src\\Illuminate\\Container\\BoundMethod.php(81): Illuminate\\Container\\Util::unwrapIfClosure(Object(Closure))
#17 C:\\xampp\\htdocs\\serbiscrm\\vendor\\laravel\\framework\\src\\Illuminate\\Container\\BoundMethod.php(35): Illuminate\\Container\\BoundMethod::callBoundMethod(Object(Illuminate\\Foundation\\Application), Object(Closure), Object(Closure))
#18 C:\\xampp\\htdocs\\serbiscrm\\vendor\\laravel\\framework\\src\\Illuminate\\Container\\Container.php(662): Illuminate\\Container\\BoundMethod::call(Object(Illuminate\\Foundation\\Application), Object(Closure), Array, NULL)
#19 C:\\xampp\\htdocs\\serbiscrm\\vendor\\laravel\\framework\\src\\Illuminate\\Foundation\\Support\\Providers\\RouteServiceProvider.php(120): Illuminate\\Container\\Container->call(Object(Closure))
#20 C:\\xampp\\htdocs\\serbiscrm\\vendor\\laravel\\framework\\src\\Illuminate\\Foundation\\Support\\Providers\\RouteServiceProvider.php(45): Illuminate\\Foundation\\Support\\Providers\\RouteServiceProvider->loadRoutes()
#21 C:\\xampp\\htdocs\\serbiscrm\\vendor\\laravel\\framework\\src\\Illuminate\\Container\\BoundMethod.php(36): Illuminate\\Foundation\\Support\\Providers\\RouteServiceProvider->Illuminate\\Foundation\\Support\\Providers\\{closure}()
#22 C:\\xampp\\htdocs\\serbiscrm\\vendor\\laravel\\framework\\src\\Illuminate\\Container\\Util.php(41): Illuminate\\Container\\BoundMethod::Illuminate\\Container\\{closure}()
#23 C:\\xampp\\htdocs\\serbiscrm\\vendor\\laravel\\framework\\src\\Illuminate\\Container\\BoundMethod.php(81): Illuminate\\Container\\Util::unwrapIfClosure(Object(Closure))
#24 C:\\xampp\\htdocs\\serbiscrm\\vendor\\laravel\\framework\\src\\Illuminate\\Container\\BoundMethod.php(35): Illuminate\\Container\\BoundMethod::callBoundMethod(Object(Illuminate\\Foundation\\Application), Object(Closure), Object(Closure))
#25 C:\\xampp\\htdocs\\serbiscrm\\vendor\\laravel\\framework\\src\\Illuminate\\Container\\Container.php(662): Illuminate\\Container\\BoundMethod::call(Object(Illuminate\\Foundation\\Application), Object(Closure), Array, NULL)
#26 C:\\xampp\\htdocs\\serbiscrm\\vendor\\laravel\\framework\\src\\Illuminate\\Support\\ServiceProvider.php(119): Illuminate\\Container\\Container->call(Object(Closure))
#27 C:\\xampp\\htdocs\\serbiscrm\\vendor\\laravel\\framework\\src\\Illuminate\\Foundation\\Application.php(1031): Illuminate\\Support\\ServiceProvider->callBootedCallbacks()
#28 C:\\xampp\\htdocs\\serbiscrm\\vendor\\laravel\\framework\\src\\Illuminate\\Foundation\\Application.php(1009): Illuminate\\Foundation\\Application->bootProvider(Object(App\\Providers\\RouteServiceProvider))
#29 [internal function]: Illuminate\\Foundation\\Application->Illuminate\\Foundation\\{closure}(Object(App\\Providers\\RouteServiceProvider), 29)
#30 C:\\xampp\\htdocs\\serbiscrm\\vendor\\laravel\\framework\\src\\Illuminate\\Foundation\\Application.php(1008): array_walk(Array, Object(Closure))
#31 C:\\xampp\\htdocs\\serbiscrm\\vendor\\laravel\\framework\\src\\Illuminate\\Foundation\\Bootstrap\\BootProviders.php(17): Illuminate\\Foundation\\Application->boot()
#32 C:\\xampp\\htdocs\\serbiscrm\\vendor\\laravel\\framework\\src\\Illuminate\\Foundation\\Application.php(261): Illuminate\\Foundation\\Bootstrap\\BootProviders->bootstrap(Object(Illuminate\\Foundation\\Application))
#33 C:\\xampp\\htdocs\\serbiscrm\\vendor\\laravel\\framework\\src\\Illuminate\\Foundation\\Http\\Kernel.php(186): Illuminate\\Foundation\\Application->bootstrapWith(Array)
#34 C:\\xampp\\htdocs\\serbiscrm\\vendor\\laravel\\framework\\src\\Illuminate\\Foundation\\Http\\Kernel.php(170): Illuminate\\Foundation\\Http\\Kernel->bootstrap()
#35 C:\\xampp\\htdocs\\serbiscrm\\vendor\\laravel\\framework\\src\\Illuminate\\Foundation\\Http\\Kernel.php(144): Illuminate\\Foundation\\Http\\Kernel->sendRequestThroughRouter(Object(Illuminate\\Http\\Request))
#36 C:\\xampp\\htdocs\\serbiscrm\\public\\index.php(51): Illuminate\\Foundation\\Http\\Kernel->handle(Object(Illuminate\\Http\\Request))
#37 C:\\xampp\\htdocs\\serbiscrm\\vendor\\laravel\\framework\\src\\Illuminate\\Foundation\\resources\\server.php(16): require_once('C:\\\\xampp\\\\htdocs...')
#38 {main}
"} 
[2025-10-30 15:16:20] local.ERROR: Invalid route action: [paymentSuccess]. {"exception":"[object] (UnexpectedValueException(code: 0): Invalid route action: [paymentSuccess]. at C:\\xampp\\htdocs\\serbiscrm\\vendor\\laravel\\framework\\src\\Illuminate\\Routing\\RouteAction.php:92)
[stacktrace]
#0 C:\\xampp\\htdocs\\serbiscrm\\vendor\\laravel\\framework\\src\\Illuminate\\Routing\\RouteAction.php(47): Illuminate\\Routing\\RouteAction::makeInvokable('paymentSuccess')
#1 C:\\xampp\\htdocs\\serbiscrm\\vendor\\laravel\\framework\\src\\Illuminate\\Routing\\Route.php(191): Illuminate\\Routing\\RouteAction::parse('entegrasyon/ode...', Array)
#2 C:\\xampp\\htdocs\\serbiscrm\\vendor\\laravel\\framework\\src\\Illuminate\\Routing\\Route.php(172): Illuminate\\Routing\\Route->parseAction(Array)
#3 C:\\xampp\\htdocs\\serbiscrm\\vendor\\laravel\\framework\\src\\Illuminate\\Routing\\Router.php(662): Illuminate\\Routing\\Route->__construct(Array, 'entegrasyon/ode...', Array)
#4 C:\\xampp\\htdocs\\serbiscrm\\vendor\\laravel\\framework\\src\\Illuminate\\Routing\\Router.php(554): Illuminate\\Routing\\Router->newRoute(Array, 'entegrasyon/ode...', Array)
#5 C:\\xampp\\htdocs\\serbiscrm\\vendor\\laravel\\framework\\src\\Illuminate\\Routing\\Router.php(534): Illuminate\\Routing\\Router->createRoute(Array, '/entegrasyon/od...', Array)
#6 C:\\xampp\\htdocs\\serbiscrm\\vendor\\laravel\\framework\\src\\Illuminate\\Routing\\Router.php(152): Illuminate\\Routing\\Router->addRoute(Array, '/entegrasyon/od...', 'paymentSuccess')
#7 C:\\xampp\\htdocs\\serbiscrm\\vendor\\laravel\\framework\\src\\Illuminate\\Support\\Facades\\Facade.php(353): Illuminate\\Routing\\Router->get('/entegrasyon/od...', 'paymentSuccess')
#8 C:\\xampp\\htdocs\\serbiscrm\\routes\\web.php(1064): Illuminate\\Support\\Facades\\Facade::__callStatic('get', Array)
#9 C:\\xampp\\htdocs\\serbiscrm\\vendor\\laravel\\framework\\src\\Illuminate\\Routing\\RouteFileRegistrar.php(35): require('C:\\\\xampp\\\\htdocs...')
#10 C:\\xampp\\htdocs\\serbiscrm\\vendor\\laravel\\framework\\src\\Illuminate\\Routing\\Router.php(504): Illuminate\\Routing\\RouteFileRegistrar->register('C:\\\\xampp\\\\htdocs...')
#11 C:\\xampp\\htdocs\\serbiscrm\\vendor\\laravel\\framework\\src\\Illuminate\\Routing\\Router.php(458): Illuminate\\Routing\\Router->loadRoutes('C:\\\\xampp\\\\htdocs...')
#12 C:\\xampp\\htdocs\\serbiscrm\\vendor\\laravel\\framework\\src\\Illuminate\\Routing\\RouteRegistrar.php(192): Illuminate\\Routing\\Router->group(Array, 'C:\\\\xampp\\\\htdocs...')
#13 C:\\xampp\\htdocs\\serbiscrm\\app\\Providers\\RouteServiceProvider.php(37): Illuminate\\Routing\\RouteRegistrar->group('C:\\\\xampp\\\\htdocs...')
#14 C:\\xampp\\htdocs\\serbiscrm\\vendor\\laravel\\framework\\src\\Illuminate\\Container\\BoundMethod.php(36): App\\Providers\\RouteServiceProvider->App\\Providers\\{closure}()
#15 C:\\xampp\\htdocs\\serbiscrm\\vendor\\laravel\\framework\\src\\Illuminate\\Container\\Util.php(41): Illuminate\\Container\\BoundMethod::Illuminate\\Container\\{closure}()
#16 C:\\xampp\\htdocs\\serbiscrm\\vendor\\laravel\\framework\\src\\Illuminate\\Container\\BoundMethod.php(81): Illuminate\\Container\\Util::unwrapIfClosure(Object(Closure))
#17 C:\\xampp\\htdocs\\serbiscrm\\vendor\\laravel\\framework\\src\\Illuminate\\Container\\BoundMethod.php(35): Illuminate\\Container\\BoundMethod::callBoundMethod(Object(Illuminate\\Foundation\\Application), Object(Closure), Object(Closure))
#18 C:\\xampp\\htdocs\\serbiscrm\\vendor\\laravel\\framework\\src\\Illuminate\\Container\\Container.php(662): Illuminate\\Container\\BoundMethod::call(Object(Illuminate\\Foundation\\Application), Object(Closure), Array, NULL)
#19 C:\\xampp\\htdocs\\serbiscrm\\vendor\\laravel\\framework\\src\\Illuminate\\Foundation\\Support\\Providers\\RouteServiceProvider.php(120): Illuminate\\Container\\Container->call(Object(Closure))
#20 C:\\xampp\\htdocs\\serbiscrm\\vendor\\laravel\\framework\\src\\Illuminate\\Foundation\\Support\\Providers\\RouteServiceProvider.php(45): Illuminate\\Foundation\\Support\\Providers\\RouteServiceProvider->loadRoutes()
#21 C:\\xampp\\htdocs\\serbiscrm\\vendor\\laravel\\framework\\src\\Illuminate\\Container\\BoundMethod.php(36): Illuminate\\Foundation\\Support\\Providers\\RouteServiceProvider->Illuminate\\Foundation\\Support\\Providers\\{closure}()
#22 C:\\xampp\\htdocs\\serbiscrm\\vendor\\laravel\\framework\\src\\Illuminate\\Container\\Util.php(41): Illuminate\\Container\\BoundMethod::Illuminate\\Container\\{closure}()
#23 C:\\xampp\\htdocs\\serbiscrm\\vendor\\laravel\\framework\\src\\Illuminate\\Container\\BoundMethod.php(81): Illuminate\\Container\\Util::unwrapIfClosure(Object(Closure))
#24 C:\\xampp\\htdocs\\serbiscrm\\vendor\\laravel\\framework\\src\\Illuminate\\Container\\BoundMethod.php(35): Illuminate\\Container\\BoundMethod::callBoundMethod(Object(Illuminate\\Foundation\\Application), Object(Closure), Object(Closure))
#25 C:\\xampp\\htdocs\\serbiscrm\\vendor\\laravel\\framework\\src\\Illuminate\\Container\\Container.php(662): Illuminate\\Container\\BoundMethod::call(Object(Illuminate\\Foundation\\Application), Object(Closure), Array, NULL)
#26 C:\\xampp\\htdocs\\serbiscrm\\vendor\\laravel\\framework\\src\\Illuminate\\Support\\ServiceProvider.php(119): Illuminate\\Container\\Container->call(Object(Closure))
#27 C:\\xampp\\htdocs\\serbiscrm\\vendor\\laravel\\framework\\src\\Illuminate\\Foundation\\Application.php(1031): Illuminate\\Support\\ServiceProvider->callBootedCallbacks()
#28 C:\\xampp\\htdocs\\serbiscrm\\vendor\\laravel\\framework\\src\\Illuminate\\Foundation\\Application.php(1009): Illuminate\\Foundation\\Application->bootProvider(Object(App\\Providers\\RouteServiceProvider))
#29 [internal function]: Illuminate\\Foundation\\Application->Illuminate\\Foundation\\{closure}(Object(App\\Providers\\RouteServiceProvider), 29)
#30 C:\\xampp\\htdocs\\serbiscrm\\vendor\\laravel\\framework\\src\\Illuminate\\Foundation\\Application.php(1008): array_walk(Array, Object(Closure))
#31 C:\\xampp\\htdocs\\serbiscrm\\vendor\\laravel\\framework\\src\\Illuminate\\Foundation\\Bootstrap\\BootProviders.php(17): Illuminate\\Foundation\\Application->boot()
#32 C:\\xampp\\htdocs\\serbiscrm\\vendor\\laravel\\framework\\src\\Illuminate\\Foundation\\Application.php(261): Illuminate\\Foundation\\Bootstrap\\BootProviders->bootstrap(Object(Illuminate\\Foundation\\Application))
#33 C:\\xampp\\htdocs\\serbiscrm\\vendor\\laravel\\framework\\src\\Illuminate\\Foundation\\Http\\Kernel.php(186): Illuminate\\Foundation\\Application->bootstrapWith(Array)
#34 C:\\xampp\\htdocs\\serbiscrm\\vendor\\laravel\\framework\\src\\Illuminate\\Foundation\\Http\\Kernel.php(170): Illuminate\\Foundation\\Http\\Kernel->bootstrap()
#35 C:\\xampp\\htdocs\\serbiscrm\\vendor\\laravel\\framework\\src\\Illuminate\\Foundation\\Http\\Kernel.php(144): Illuminate\\Foundation\\Http\\Kernel->sendRequestThroughRouter(Object(Illuminate\\Http\\Request))
#36 C:\\xampp\\htdocs\\serbiscrm\\public\\index.php(51): Illuminate\\Foundation\\Http\\Kernel->handle(Object(Illuminate\\Http\\Request))
#37 C:\\xampp\\htdocs\\serbiscrm\\vendor\\laravel\\framework\\src\\Illuminate\\Foundation\\resources\\server.php(16): require_once('C:\\\\xampp\\\\htdocs...')
#38 {main}
"} 
[2025-10-30 15:16:22] local.ERROR: Invalid route action: [paymentSuccess]. {"exception":"[object] (UnexpectedValueException(code: 0): Invalid route action: [paymentSuccess]. at C:\\xampp\\htdocs\\serbiscrm\\vendor\\laravel\\framework\\src\\Illuminate\\Routing\\RouteAction.php:92)
[stacktrace]
#0 C:\\xampp\\htdocs\\serbiscrm\\vendor\\laravel\\framework\\src\\Illuminate\\Routing\\RouteAction.php(47): Illuminate\\Routing\\RouteAction::makeInvokable('paymentSuccess')
#1 C:\\xampp\\htdocs\\serbiscrm\\vendor\\laravel\\framework\\src\\Illuminate\\Routing\\Route.php(191): Illuminate\\Routing\\RouteAction::parse('entegrasyon/ode...', Array)
#2 C:\\xampp\\htdocs\\serbiscrm\\vendor\\laravel\\framework\\src\\Illuminate\\Routing\\Route.php(172): Illuminate\\Routing\\Route->parseAction(Array)
#3 C:\\xampp\\htdocs\\serbiscrm\\vendor\\laravel\\framework\\src\\Illuminate\\Routing\\Router.php(662): Illuminate\\Routing\\Route->__construct(Array, 'entegrasyon/ode...', Array)
#4 C:\\xampp\\htdocs\\serbiscrm\\vendor\\laravel\\framework\\src\\Illuminate\\Routing\\Router.php(554): Illuminate\\Routing\\Router->newRoute(Array, 'entegrasyon/ode...', Array)
#5 C:\\xampp\\htdocs\\serbiscrm\\vendor\\laravel\\framework\\src\\Illuminate\\Routing\\Router.php(534): Illuminate\\Routing\\Router->createRoute(Array, '/entegrasyon/od...', Array)
#6 C:\\xampp\\htdocs\\serbiscrm\\vendor\\laravel\\framework\\src\\Illuminate\\Routing\\Router.php(152): Illuminate\\Routing\\Router->addRoute(Array, '/entegrasyon/od...', 'paymentSuccess')
#7 C:\\xampp\\htdocs\\serbiscrm\\vendor\\laravel\\framework\\src\\Illuminate\\Support\\Facades\\Facade.php(353): Illuminate\\Routing\\Router->get('/entegrasyon/od...', 'paymentSuccess')
#8 C:\\xampp\\htdocs\\serbiscrm\\routes\\web.php(1064): Illuminate\\Support\\Facades\\Facade::__callStatic('get', Array)
#9 C:\\xampp\\htdocs\\serbiscrm\\vendor\\laravel\\framework\\src\\Illuminate\\Routing\\RouteFileRegistrar.php(35): require('C:\\\\xampp\\\\htdocs...')
#10 C:\\xampp\\htdocs\\serbiscrm\\vendor\\laravel\\framework\\src\\Illuminate\\Routing\\Router.php(504): Illuminate\\Routing\\RouteFileRegistrar->register('C:\\\\xampp\\\\htdocs...')
#11 C:\\xampp\\htdocs\\serbiscrm\\vendor\\laravel\\framework\\src\\Illuminate\\Routing\\Router.php(458): Illuminate\\Routing\\Router->loadRoutes('C:\\\\xampp\\\\htdocs...')
#12 C:\\xampp\\htdocs\\serbiscrm\\vendor\\laravel\\framework\\src\\Illuminate\\Routing\\RouteRegistrar.php(192): Illuminate\\Routing\\Router->group(Array, 'C:\\\\xampp\\\\htdocs...')
#13 C:\\xampp\\htdocs\\serbiscrm\\app\\Providers\\RouteServiceProvider.php(37): Illuminate\\Routing\\RouteRegistrar->group('C:\\\\xampp\\\\htdocs...')
#14 C:\\xampp\\htdocs\\serbiscrm\\vendor\\laravel\\framework\\src\\Illuminate\\Container\\BoundMethod.php(36): App\\Providers\\RouteServiceProvider->App\\Providers\\{closure}()
#15 C:\\xampp\\htdocs\\serbiscrm\\vendor\\laravel\\framework\\src\\Illuminate\\Container\\Util.php(41): Illuminate\\Container\\BoundMethod::Illuminate\\Container\\{closure}()
#16 C:\\xampp\\htdocs\\serbiscrm\\vendor\\laravel\\framework\\src\\Illuminate\\Container\\BoundMethod.php(81): Illuminate\\Container\\Util::unwrapIfClosure(Object(Closure))
#17 C:\\xampp\\htdocs\\serbiscrm\\vendor\\laravel\\framework\\src\\Illuminate\\Container\\BoundMethod.php(35): Illuminate\\Container\\BoundMethod::callBoundMethod(Object(Illuminate\\Foundation\\Application), Object(Closure), Object(Closure))
#18 C:\\xampp\\htdocs\\serbiscrm\\vendor\\laravel\\framework\\src\\Illuminate\\Container\\Container.php(662): Illuminate\\Container\\BoundMethod::call(Object(Illuminate\\Foundation\\Application), Object(Closure), Array, NULL)
#19 C:\\xampp\\htdocs\\serbiscrm\\vendor\\laravel\\framework\\src\\Illuminate\\Foundation\\Support\\Providers\\RouteServiceProvider.php(120): Illuminate\\Container\\Container->call(Object(Closure))
#20 C:\\xampp\\htdocs\\serbiscrm\\vendor\\laravel\\framework\\src\\Illuminate\\Foundation\\Support\\Providers\\RouteServiceProvider.php(45): Illuminate\\Foundation\\Support\\Providers\\RouteServiceProvider->loadRoutes()
#21 C:\\xampp\\htdocs\\serbiscrm\\vendor\\laravel\\framework\\src\\Illuminate\\Container\\BoundMethod.php(36): Illuminate\\Foundation\\Support\\Providers\\RouteServiceProvider->Illuminate\\Foundation\\Support\\Providers\\{closure}()
#22 C:\\xampp\\htdocs\\serbiscrm\\vendor\\laravel\\framework\\src\\Illuminate\\Container\\Util.php(41): Illuminate\\Container\\BoundMethod::Illuminate\\Container\\{closure}()
#23 C:\\xampp\\htdocs\\serbiscrm\\vendor\\laravel\\framework\\src\\Illuminate\\Container\\BoundMethod.php(81): Illuminate\\Container\\Util::unwrapIfClosure(Object(Closure))
#24 C:\\xampp\\htdocs\\serbiscrm\\vendor\\laravel\\framework\\src\\Illuminate\\Container\\BoundMethod.php(35): Illuminate\\Container\\BoundMethod::callBoundMethod(Object(Illuminate\\Foundation\\Application), Object(Closure), Object(Closure))
#25 C:\\xampp\\htdocs\\serbiscrm\\vendor\\laravel\\framework\\src\\Illuminate\\Container\\Container.php(662): Illuminate\\Container\\BoundMethod::call(Object(Illuminate\\Foundation\\Application), Object(Closure), Array, NULL)
#26 C:\\xampp\\htdocs\\serbiscrm\\vendor\\laravel\\framework\\src\\Illuminate\\Support\\ServiceProvider.php(119): Illuminate\\Container\\Container->call(Object(Closure))
#27 C:\\xampp\\htdocs\\serbiscrm\\vendor\\laravel\\framework\\src\\Illuminate\\Foundation\\Application.php(1031): Illuminate\\Support\\ServiceProvider->callBootedCallbacks()
#28 C:\\xampp\\htdocs\\serbiscrm\\vendor\\laravel\\framework\\src\\Illuminate\\Foundation\\Application.php(1009): Illuminate\\Foundation\\Application->bootProvider(Object(App\\Providers\\RouteServiceProvider))
#29 [internal function]: Illuminate\\Foundation\\Application->Illuminate\\Foundation\\{closure}(Object(App\\Providers\\RouteServiceProvider), 29)
#30 C:\\xampp\\htdocs\\serbiscrm\\vendor\\laravel\\framework\\src\\Illuminate\\Foundation\\Application.php(1008): array_walk(Array, Object(Closure))
#31 C:\\xampp\\htdocs\\serbiscrm\\vendor\\laravel\\framework\\src\\Illuminate\\Foundation\\Bootstrap\\BootProviders.php(17): Illuminate\\Foundation\\Application->boot()
#32 C:\\xampp\\htdocs\\serbiscrm\\vendor\\laravel\\framework\\src\\Illuminate\\Foundation\\Application.php(261): Illuminate\\Foundation\\Bootstrap\\BootProviders->bootstrap(Object(Illuminate\\Foundation\\Application))
#33 C:\\xampp\\htdocs\\serbiscrm\\vendor\\laravel\\framework\\src\\Illuminate\\Foundation\\Http\\Kernel.php(186): Illuminate\\Foundation\\Application->bootstrapWith(Array)
#34 C:\\xampp\\htdocs\\serbiscrm\\vendor\\laravel\\framework\\src\\Illuminate\\Foundation\\Http\\Kernel.php(170): Illuminate\\Foundation\\Http\\Kernel->bootstrap()
#35 C:\\xampp\\htdocs\\serbiscrm\\vendor\\laravel\\framework\\src\\Illuminate\\Foundation\\Http\\Kernel.php(144): Illuminate\\Foundation\\Http\\Kernel->sendRequestThroughRouter(Object(Illuminate\\Http\\Request))
#36 C:\\xampp\\htdocs\\serbiscrm\\public\\index.php(51): Illuminate\\Foundation\\Http\\Kernel->handle(Object(Illuminate\\Http\\Request))
#37 C:\\xampp\\htdocs\\serbiscrm\\vendor\\laravel\\framework\\src\\Illuminate\\Foundation\\resources\\server.php(16): require_once('C:\\\\xampp\\\\htdocs...')
#38 {main}
"} 
[2025-10-30 15:18:22] local.ERROR: Invalid route action: [paymentSuccess]. {"exception":"[object] (UnexpectedValueException(code: 0): Invalid route action: [paymentSuccess]. at C:\\xampp\\htdocs\\serbiscrm\\vendor\\laravel\\framework\\src\\Illuminate\\Routing\\RouteAction.php:92)
[stacktrace]
#0 C:\\xampp\\htdocs\\serbiscrm\\vendor\\laravel\\framework\\src\\Illuminate\\Routing\\RouteAction.php(47): Illuminate\\Routing\\RouteAction::makeInvokable('paymentSuccess')
#1 C:\\xampp\\htdocs\\serbiscrm\\vendor\\laravel\\framework\\src\\Illuminate\\Routing\\Route.php(191): Illuminate\\Routing\\RouteAction::parse('entegrasyon/ode...', Array)
#2 C:\\xampp\\htdocs\\serbiscrm\\vendor\\laravel\\framework\\src\\Illuminate\\Routing\\Route.php(172): Illuminate\\Routing\\Route->parseAction(Array)
#3 C:\\xampp\\htdocs\\serbiscrm\\vendor\\laravel\\framework\\src\\Illuminate\\Routing\\Router.php(662): Illuminate\\Routing\\Route->__construct(Array, 'entegrasyon/ode...', Array)
#4 C:\\xampp\\htdocs\\serbiscrm\\vendor\\laravel\\framework\\src\\Illuminate\\Routing\\Router.php(554): Illuminate\\Routing\\Router->newRoute(Array, 'entegrasyon/ode...', Array)
#5 C:\\xampp\\htdocs\\serbiscrm\\vendor\\laravel\\framework\\src\\Illuminate\\Routing\\Router.php(534): Illuminate\\Routing\\Router->createRoute(Array, '/entegrasyon/od...', Array)
#6 C:\\xampp\\htdocs\\serbiscrm\\vendor\\laravel\\framework\\src\\Illuminate\\Routing\\Router.php(152): Illuminate\\Routing\\Router->addRoute(Array, '/entegrasyon/od...', 'paymentSuccess')
#7 C:\\xampp\\htdocs\\serbiscrm\\vendor\\laravel\\framework\\src\\Illuminate\\Support\\Facades\\Facade.php(353): Illuminate\\Routing\\Router->get('/entegrasyon/od...', 'paymentSuccess')
#8 C:\\xampp\\htdocs\\serbiscrm\\routes\\web.php(1064): Illuminate\\Support\\Facades\\Facade::__callStatic('get', Array)
#9 C:\\xampp\\htdocs\\serbiscrm\\vendor\\laravel\\framework\\src\\Illuminate\\Routing\\RouteFileRegistrar.php(35): require('C:\\\\xampp\\\\htdocs...')
#10 C:\\xampp\\htdocs\\serbiscrm\\vendor\\laravel\\framework\\src\\Illuminate\\Routing\\Router.php(504): Illuminate\\Routing\\RouteFileRegistrar->register('C:\\\\xampp\\\\htdocs...')
#11 C:\\xampp\\htdocs\\serbiscrm\\vendor\\laravel\\framework\\src\\Illuminate\\Routing\\Router.php(458): Illuminate\\Routing\\Router->loadRoutes('C:\\\\xampp\\\\htdocs...')
#12 C:\\xampp\\htdocs\\serbiscrm\\vendor\\laravel\\framework\\src\\Illuminate\\Routing\\RouteRegistrar.php(192): Illuminate\\Routing\\Router->group(Array, 'C:\\\\xampp\\\\htdocs...')
#13 C:\\xampp\\htdocs\\serbiscrm\\app\\Providers\\RouteServiceProvider.php(37): Illuminate\\Routing\\RouteRegistrar->group('C:\\\\xampp\\\\htdocs...')
#14 C:\\xampp\\htdocs\\serbiscrm\\vendor\\laravel\\framework\\src\\Illuminate\\Container\\BoundMethod.php(36): App\\Providers\\RouteServiceProvider->App\\Providers\\{closure}()
#15 C:\\xampp\\htdocs\\serbiscrm\\vendor\\laravel\\framework\\src\\Illuminate\\Container\\Util.php(41): Illuminate\\Container\\BoundMethod::Illuminate\\Container\\{closure}()
#16 C:\\xampp\\htdocs\\serbiscrm\\vendor\\laravel\\framework\\src\\Illuminate\\Container\\BoundMethod.php(81): Illuminate\\Container\\Util::unwrapIfClosure(Object(Closure))
#17 C:\\xampp\\htdocs\\serbiscrm\\vendor\\laravel\\framework\\src\\Illuminate\\Container\\BoundMethod.php(35): Illuminate\\Container\\BoundMethod::callBoundMethod(Object(Illuminate\\Foundation\\Application), Object(Closure), Object(Closure))
#18 C:\\xampp\\htdocs\\serbiscrm\\vendor\\laravel\\framework\\src\\Illuminate\\Container\\Container.php(662): Illuminate\\Container\\BoundMethod::call(Object(Illuminate\\Foundation\\Application), Object(Closure), Array, NULL)
#19 C:\\xampp\\htdocs\\serbiscrm\\vendor\\laravel\\framework\\src\\Illuminate\\Foundation\\Support\\Providers\\RouteServiceProvider.php(120): Illuminate\\Container\\Container->call(Object(Closure))
#20 C:\\xampp\\htdocs\\serbiscrm\\vendor\\laravel\\framework\\src\\Illuminate\\Foundation\\Support\\Providers\\RouteServiceProvider.php(45): Illuminate\\Foundation\\Support\\Providers\\RouteServiceProvider->loadRoutes()
#21 C:\\xampp\\htdocs\\serbiscrm\\vendor\\laravel\\framework\\src\\Illuminate\\Container\\BoundMethod.php(36): Illuminate\\Foundation\\Support\\Providers\\RouteServiceProvider->Illuminate\\Foundation\\Support\\Providers\\{closure}()
#22 C:\\xampp\\htdocs\\serbiscrm\\vendor\\laravel\\framework\\src\\Illuminate\\Container\\Util.php(41): Illuminate\\Container\\BoundMethod::Illuminate\\Container\\{closure}()
#23 C:\\xampp\\htdocs\\serbiscrm\\vendor\\laravel\\framework\\src\\Illuminate\\Container\\BoundMethod.php(81): Illuminate\\Container\\Util::unwrapIfClosure(Object(Closure))
#24 C:\\xampp\\htdocs\\serbiscrm\\vendor\\laravel\\framework\\src\\Illuminate\\Container\\BoundMethod.php(35): Illuminate\\Container\\BoundMethod::callBoundMethod(Object(Illuminate\\Foundation\\Application), Object(Closure), Object(Closure))
#25 C:\\xampp\\htdocs\\serbiscrm\\vendor\\laravel\\framework\\src\\Illuminate\\Container\\Container.php(662): Illuminate\\Container\\BoundMethod::call(Object(Illuminate\\Foundation\\Application), Object(Closure), Array, NULL)
#26 C:\\xampp\\htdocs\\serbiscrm\\vendor\\laravel\\framework\\src\\Illuminate\\Support\\ServiceProvider.php(119): Illuminate\\Container\\Container->call(Object(Closure))
#27 C:\\xampp\\htdocs\\serbiscrm\\vendor\\laravel\\framework\\src\\Illuminate\\Foundation\\Application.php(1031): Illuminate\\Support\\ServiceProvider->callBootedCallbacks()
#28 C:\\xampp\\htdocs\\serbiscrm\\vendor\\laravel\\framework\\src\\Illuminate\\Foundation\\Application.php(1009): Illuminate\\Foundation\\Application->bootProvider(Object(App\\Providers\\RouteServiceProvider))
#29 [internal function]: Illuminate\\Foundation\\Application->Illuminate\\Foundation\\{closure}(Object(App\\Providers\\RouteServiceProvider), 29)
#30 C:\\xampp\\htdocs\\serbiscrm\\vendor\\laravel\\framework\\src\\Illuminate\\Foundation\\Application.php(1008): array_walk(Array, Object(Closure))
#31 C:\\xampp\\htdocs\\serbiscrm\\vendor\\laravel\\framework\\src\\Illuminate\\Foundation\\Bootstrap\\BootProviders.php(17): Illuminate\\Foundation\\Application->boot()
#32 C:\\xampp\\htdocs\\serbiscrm\\vendor\\laravel\\framework\\src\\Illuminate\\Foundation\\Application.php(261): Illuminate\\Foundation\\Bootstrap\\BootProviders->bootstrap(Object(Illuminate\\Foundation\\Application))
#33 C:\\xampp\\htdocs\\serbiscrm\\vendor\\laravel\\framework\\src\\Illuminate\\Foundation\\Console\\Kernel.php(447): Illuminate\\Foundation\\Application->bootstrapWith(Array)
#34 C:\\xampp\\htdocs\\serbiscrm\\vendor\\laravel\\framework\\src\\Illuminate\\Foundation\\Console\\Kernel.php(199): Illuminate\\Foundation\\Console\\Kernel->bootstrap()
#35 C:\\xampp\\htdocs\\serbiscrm\\artisan(35): Illuminate\\Foundation\\Console\\Kernel->handle(Object(Symfony\\Component\\Console\\Input\\ArgvInput), Object(Symfony\\Component\\Console\\Output\\ConsoleOutput))
#36 {main}
"} 
[2025-10-30 15:19:08] local.ERROR: Invalid route action: [paymentSuccess]. {"exception":"[object] (UnexpectedValueException(code: 0): Invalid route action: [paymentSuccess]. at C:\\xampp\\htdocs\\serbiscrm\\vendor\\laravel\\framework\\src\\Illuminate\\Routing\\RouteAction.php:92)
[stacktrace]
#0 C:\\xampp\\htdocs\\serbiscrm\\vendor\\laravel\\framework\\src\\Illuminate\\Routing\\RouteAction.php(47): Illuminate\\Routing\\RouteAction::makeInvokable('paymentSuccess')
#1 C:\\xampp\\htdocs\\serbiscrm\\vendor\\laravel\\framework\\src\\Illuminate\\Routing\\Route.php(191): Illuminate\\Routing\\RouteAction::parse('entegrasyon/ode...', Array)
#2 C:\\xampp\\htdocs\\serbiscrm\\vendor\\laravel\\framework\\src\\Illuminate\\Routing\\Route.php(172): Illuminate\\Routing\\Route->parseAction(Array)
#3 C:\\xampp\\htdocs\\serbiscrm\\vendor\\laravel\\framework\\src\\Illuminate\\Routing\\Router.php(662): Illuminate\\Routing\\Route->__construct(Array, 'entegrasyon/ode...', Array)
#4 C:\\xampp\\htdocs\\serbiscrm\\vendor\\laravel\\framework\\src\\Illuminate\\Routing\\Router.php(554): Illuminate\\Routing\\Router->newRoute(Array, 'entegrasyon/ode...', Array)
#5 C:\\xampp\\htdocs\\serbiscrm\\vendor\\laravel\\framework\\src\\Illuminate\\Routing\\Router.php(534): Illuminate\\Routing\\Router->createRoute(Array, 'entegrasyon/ode...', Array)
#6 C:\\xampp\\htdocs\\serbiscrm\\vendor\\laravel\\framework\\src\\Illuminate\\Routing\\Router.php(152): Illuminate\\Routing\\Router->addRoute(Array, 'entegrasyon/ode...', 'paymentSuccess')
#7 C:\\xampp\\htdocs\\serbiscrm\\vendor\\laravel\\framework\\src\\Illuminate\\Support\\Facades\\Facade.php(353): Illuminate\\Routing\\Router->get('entegrasyon/ode...', 'paymentSuccess')
#8 C:\\xampp\\htdocs\\serbiscrm\\routes\\web.php(1064): Illuminate\\Support\\Facades\\Facade::__callStatic('get', Array)
#9 C:\\xampp\\htdocs\\serbiscrm\\vendor\\laravel\\framework\\src\\Illuminate\\Routing\\RouteFileRegistrar.php(35): require('C:\\\\xampp\\\\htdocs...')
#10 C:\\xampp\\htdocs\\serbiscrm\\vendor\\laravel\\framework\\src\\Illuminate\\Routing\\Router.php(504): Illuminate\\Routing\\RouteFileRegistrar->register('C:\\\\xampp\\\\htdocs...')
#11 C:\\xampp\\htdocs\\serbiscrm\\vendor\\laravel\\framework\\src\\Illuminate\\Routing\\Router.php(458): Illuminate\\Routing\\Router->loadRoutes('C:\\\\xampp\\\\htdocs...')
#12 C:\\xampp\\htdocs\\serbiscrm\\vendor\\laravel\\framework\\src\\Illuminate\\Routing\\RouteRegistrar.php(192): Illuminate\\Routing\\Router->group(Array, 'C:\\\\xampp\\\\htdocs...')
#13 C:\\xampp\\htdocs\\serbiscrm\\app\\Providers\\RouteServiceProvider.php(37): Illuminate\\Routing\\RouteRegistrar->group('C:\\\\xampp\\\\htdocs...')
#14 C:\\xampp\\htdocs\\serbiscrm\\vendor\\laravel\\framework\\src\\Illuminate\\Container\\BoundMethod.php(36): App\\Providers\\RouteServiceProvider->App\\Providers\\{closure}()
#15 C:\\xampp\\htdocs\\serbiscrm\\vendor\\laravel\\framework\\src\\Illuminate\\Container\\Util.php(41): Illuminate\\Container\\BoundMethod::Illuminate\\Container\\{closure}()
#16 C:\\xampp\\htdocs\\serbiscrm\\vendor\\laravel\\framework\\src\\Illuminate\\Container\\BoundMethod.php(81): Illuminate\\Container\\Util::unwrapIfClosure(Object(Closure))
#17 C:\\xampp\\htdocs\\serbiscrm\\vendor\\laravel\\framework\\src\\Illuminate\\Container\\BoundMethod.php(35): Illuminate\\Container\\BoundMethod::callBoundMethod(Object(Illuminate\\Foundation\\Application), Object(Closure), Object(Closure))
#18 C:\\xampp\\htdocs\\serbiscrm\\vendor\\laravel\\framework\\src\\Illuminate\\Container\\Container.php(662): Illuminate\\Container\\BoundMethod::call(Object(Illuminate\\Foundation\\Application), Object(Closure), Array, NULL)
#19 C:\\xampp\\htdocs\\serbiscrm\\vendor\\laravel\\framework\\src\\Illuminate\\Foundation\\Support\\Providers\\RouteServiceProvider.php(120): Illuminate\\Container\\Container->call(Object(Closure))
#20 C:\\xampp\\htdocs\\serbiscrm\\vendor\\laravel\\framework\\src\\Illuminate\\Foundation\\Support\\Providers\\RouteServiceProvider.php(45): Illuminate\\Foundation\\Support\\Providers\\RouteServiceProvider->loadRoutes()
#21 C:\\xampp\\htdocs\\serbiscrm\\vendor\\laravel\\framework\\src\\Illuminate\\Container\\BoundMethod.php(36): Illuminate\\Foundation\\Support\\Providers\\RouteServiceProvider->Illuminate\\Foundation\\Support\\Providers\\{closure}()
#22 C:\\xampp\\htdocs\\serbiscrm\\vendor\\laravel\\framework\\src\\Illuminate\\Container\\Util.php(41): Illuminate\\Container\\BoundMethod::Illuminate\\Container\\{closure}()
#23 C:\\xampp\\htdocs\\serbiscrm\\vendor\\laravel\\framework\\src\\Illuminate\\Container\\BoundMethod.php(81): Illuminate\\Container\\Util::unwrapIfClosure(Object(Closure))
#24 C:\\xampp\\htdocs\\serbiscrm\\vendor\\laravel\\framework\\src\\Illuminate\\Container\\BoundMethod.php(35): Illuminate\\Container\\BoundMethod::callBoundMethod(Object(Illuminate\\Foundation\\Application), Object(Closure), Object(Closure))
#25 C:\\xampp\\htdocs\\serbiscrm\\vendor\\laravel\\framework\\src\\Illuminate\\Container\\Container.php(662): Illuminate\\Container\\BoundMethod::call(Object(Illuminate\\Foundation\\Application), Object(Closure), Array, NULL)
#26 C:\\xampp\\htdocs\\serbiscrm\\vendor\\laravel\\framework\\src\\Illuminate\\Support\\ServiceProvider.php(119): Illuminate\\Container\\Container->call(Object(Closure))
#27 C:\\xampp\\htdocs\\serbiscrm\\vendor\\laravel\\framework\\src\\Illuminate\\Foundation\\Application.php(1031): Illuminate\\Support\\ServiceProvider->callBootedCallbacks()
#28 C:\\xampp\\htdocs\\serbiscrm\\vendor\\laravel\\framework\\src\\Illuminate\\Foundation\\Application.php(1009): Illuminate\\Foundation\\Application->bootProvider(Object(App\\Providers\\RouteServiceProvider))
#29 [internal function]: Illuminate\\Foundation\\Application->Illuminate\\Foundation\\{closure}(Object(App\\Providers\\RouteServiceProvider), 29)
#30 C:\\xampp\\htdocs\\serbiscrm\\vendor\\laravel\\framework\\src\\Illuminate\\Foundation\\Application.php(1008): array_walk(Array, Object(Closure))
#31 C:\\xampp\\htdocs\\serbiscrm\\vendor\\laravel\\framework\\src\\Illuminate\\Foundation\\Bootstrap\\BootProviders.php(17): Illuminate\\Foundation\\Application->boot()
#32 C:\\xampp\\htdocs\\serbiscrm\\vendor\\laravel\\framework\\src\\Illuminate\\Foundation\\Application.php(261): Illuminate\\Foundation\\Bootstrap\\BootProviders->bootstrap(Object(Illuminate\\Foundation\\Application))
#33 C:\\xampp\\htdocs\\serbiscrm\\vendor\\laravel\\framework\\src\\Illuminate\\Foundation\\Console\\Kernel.php(447): Illuminate\\Foundation\\Application->bootstrapWith(Array)
#34 C:\\xampp\\htdocs\\serbiscrm\\vendor\\laravel\\framework\\src\\Illuminate\\Foundation\\Console\\Kernel.php(199): Illuminate\\Foundation\\Console\\Kernel->bootstrap()
#35 C:\\xampp\\htdocs\\serbiscrm\\artisan(35): Illuminate\\Foundation\\Console\\Kernel->handle(Object(Symfony\\Component\\Console\\Input\\ArgvInput), Object(Symfony\\Component\\Console\\Output\\ConsoleOutput))
#36 {main}
"} 
[2025-10-30 15:30:11] local.ERROR: Missing required parameter for [Route: tenant.integrations.purchase] [URI: {tenant_id}/{tenant_id}/entegrasyon/{integration_id}/satin-al] [Missing parameter: integration_id]. {"view":{"view":"C:\\xampp\\htdocs\\serbiscrm\\resources\\views\\frontend\\secure\\integrations\\detail.blade.php","data":{"errors":"<pre class=sf-dump id=sf-dump-1408911436 data-indent-pad=\"  \"><span class=sf-dump-note>Illuminate\\Support\\ViewErrorBag</span> {<a class=sf-dump-ref>#1193</a><samp data-depth=1 class=sf-dump-expanded>
  #<span class=sf-dump-protected title=\"Protected property\">bags</span>: []
</samp>}
</pre><script>Sfdump(\"sf-dump-1408911436\", {\"maxDepth\":3,\"maxStringLength\":160})</script>
","integration":"<pre class=sf-dump id=sf-dump-1293271803 data-indent-pad=\"  \"><span class=sf-dump-note>App\\Models\\Integration</span> {<a class=sf-dump-ref>#2296</a><samp data-depth=1 class=sf-dump-expanded>
  #<span class=sf-dump-protected title=\"Protected property\">connection</span>: \"<span class=sf-dump-str title=\"5 characters\">mysql</span>\"
  #<span class=sf-dump-protected title=\"Protected property\">table</span>: \"<span class=sf-dump-str title=\"12 characters\">integrations</span>\"
  #<span class=sf-dump-protected title=\"Protected property\">primaryKey</span>: \"<span class=sf-dump-str title=\"2 characters\">id</span>\"
  #<span class=sf-dump-protected title=\"Protected property\">keyType</span>: \"<span class=sf-dump-str title=\"3 characters\">int</span>\"
  +<span class=sf-dump-public title=\"Public property\">incrementing</span>: <span class=sf-dump-const>true</span>
  #<span class=sf-dump-protected title=\"Protected property\">with</span>: []
  #<span class=sf-dump-protected title=\"Protected property\">withCount</span>: []
  +<span class=sf-dump-public title=\"Public property\">preventsLazyLoading</span>: <span class=sf-dump-const>false</span>
  #<span class=sf-dump-protected title=\"Protected property\">perPage</span>: <span class=sf-dump-num>15</span>
  +<span class=sf-dump-public title=\"Public property\">exists</span>: <span class=sf-dump-const>true</span>
  +<span class=sf-dump-public title=\"Public property\">wasRecentlyCreated</span>: <span class=sf-dump-const>false</span>
  #<span class=sf-dump-protected title=\"Protected property\">escapeWhenCastingToString</span>: <span class=sf-dump-const>false</span>
  #<span class=sf-dump-protected title=\"Protected property\">attributes</span>: <span class=sf-dump-note>array:11</span> [<samp data-depth=2 class=sf-dump-compact>
    \"<span class=sf-dump-key>id</span>\" => <span class=sf-dump-num>2</span>
    \"<span class=sf-dump-key>name</span>\" => \"<span class=sf-dump-str title=\"7 characters\">PARA&#350;&#220;T</span>\"
    \"<span class=sf-dump-key>slug</span>\" => \"<span class=sf-dump-str title=\"7 characters\">parasut</span>\"
    \"<span class=sf-dump-key>description</span>\" => \"<span class=sf-dump-str title=\"9 characters\">sdfsdfsdf</span>\"
    \"<span class=sf-dump-key>explanation</span>\" => \"<span class=sf-dump-str title=\"44 characters\">&lt;p&gt;sdgsdgsdg sgdsgdsdgsdgsd sgsdgsdgsdsg&lt;/p&gt;</span>\"
    \"<span class=sf-dump-key>logo</span>\" => \"<span class=sf-dump-str title=\"42 characters\">upload/integrations/1761659668_parasut.png</span>\"
    \"<span class=sf-dump-key>price</span>\" => \"<span class=sf-dump-str title=\"7 characters\">2850.00</span>\"
    \"<span class=sf-dump-key>category</span>\" => \"<span class=sf-dump-str title=\"7 characters\">invoice</span>\"
    \"<span class=sf-dump-key>is_active</span>\" => <span class=sf-dump-num>1</span>
    \"<span class=sf-dump-key>created_at</span>\" => \"<span class=sf-dump-str title=\"19 characters\">2025-10-28 16:54:28</span>\"
    \"<span class=sf-dump-key>updated_at</span>\" => \"<span class=sf-dump-str title=\"19 characters\">2025-10-28 16:54:28</span>\"
  </samp>]
  #<span class=sf-dump-protected title=\"Protected property\">original</span>: <span class=sf-dump-note>array:11</span> [<samp data-depth=2 class=sf-dump-compact>
    \"<span class=sf-dump-key>id</span>\" => <span class=sf-dump-num>2</span>
    \"<span class=sf-dump-key>name</span>\" => \"<span class=sf-dump-str title=\"7 characters\">PARA&#350;&#220;T</span>\"
    \"<span class=sf-dump-key>slug</span>\" => \"<span class=sf-dump-str title=\"7 characters\">parasut</span>\"
    \"<span class=sf-dump-key>description</span>\" => \"<span class=sf-dump-str title=\"9 characters\">sdfsdfsdf</span>\"
    \"<span class=sf-dump-key>explanation</span>\" => \"<span class=sf-dump-str title=\"44 characters\">&lt;p&gt;sdgsdgsdg sgdsgdsdgsdgsd sgsdgsdgsdsg&lt;/p&gt;</span>\"
    \"<span class=sf-dump-key>logo</span>\" => \"<span class=sf-dump-str title=\"42 characters\">upload/integrations/1761659668_parasut.png</span>\"
    \"<span class=sf-dump-key>price</span>\" => \"<span class=sf-dump-str title=\"7 characters\">2850.00</span>\"
    \"<span class=sf-dump-key>category</span>\" => \"<span class=sf-dump-str title=\"7 characters\">invoice</span>\"
    \"<span class=sf-dump-key>is_active</span>\" => <span class=sf-dump-num>1</span>
    \"<span class=sf-dump-key>created_at</span>\" => \"<span class=sf-dump-str title=\"19 characters\">2025-10-28 16:54:28</span>\"
    \"<span class=sf-dump-key>updated_at</span>\" => \"<span class=sf-dump-str title=\"19 characters\">2025-10-28 16:54:28</span>\"
  </samp>]
  #<span class=sf-dump-protected title=\"Protected property\">changes</span>: []
  #<span class=sf-dump-protected title=\"Protected property\">casts</span>: []
  #<span class=sf-dump-protected title=\"Protected property\">classCastCache</span>: []
  #<span class=sf-dump-protected title=\"Protected property\">attributeCastCache</span>: []
  #<span class=sf-dump-protected title=\"Protected property\">dateFormat</span>: <span class=sf-dump-const>null</span>
  #<span class=sf-dump-protected title=\"Protected property\">appends</span>: []
  #<span class=sf-dump-protected title=\"Protected property\">dispatchesEvents</span>: []
  #<span class=sf-dump-protected title=\"Protected property\">observables</span>: []
  #<span class=sf-dump-protected title=\"Protected property\">relations</span>: []
  #<span class=sf-dump-protected title=\"Protected property\">touches</span>: []
  +<span class=sf-dump-public title=\"Public property\">timestamps</span>: <span class=sf-dump-const>true</span>
  +<span class=sf-dump-public title=\"Public property\">usesUniqueIds</span>: <span class=sf-dump-const>false</span>
  #<span class=sf-dump-protected title=\"Protected property\">hidden</span>: []
  #<span class=sf-dump-protected title=\"Protected property\">visible</span>: []
  #<span class=sf-dump-protected title=\"Protected property\">fillable</span>: []
  #<span class=sf-dump-protected title=\"Protected property\">guarded</span>: []
</samp>}
</pre><script>Sfdump(\"sf-dump-1293271803\", {\"maxDepth\":3,\"maxStringLength\":160})</script>
","tenant":"<pre class=sf-dump id=sf-dump-1066807920 data-indent-pad=\"  \"><span class=sf-dump-note>App\\Models\\Tenant</span> {<a class=sf-dump-ref>#2215</a><samp data-depth=1 class=sf-dump-expanded>
  #<span class=sf-dump-protected title=\"Protected property\">connection</span>: \"<span class=sf-dump-str title=\"5 characters\">mysql</span>\"
  #<span class=sf-dump-protected title=\"Protected property\">table</span>: \"<span class=sf-dump-str title=\"7 characters\">tenants</span>\"
  #<span class=sf-dump-protected title=\"Protected property\">primaryKey</span>: \"<span class=sf-dump-str title=\"2 characters\">id</span>\"
  #<span class=sf-dump-protected title=\"Protected property\">keyType</span>: \"<span class=sf-dump-str title=\"3 characters\">int</span>\"
  +<span class=sf-dump-public title=\"Public property\">incrementing</span>: <span class=sf-dump-const>true</span>
  #<span class=sf-dump-protected title=\"Protected property\">with</span>: []
  #<span class=sf-dump-protected title=\"Protected property\">withCount</span>: []
  +<span class=sf-dump-public title=\"Public property\">preventsLazyLoading</span>: <span class=sf-dump-const>false</span>
  #<span class=sf-dump-protected title=\"Protected property\">perPage</span>: <span class=sf-dump-num>15</span>
  +<span class=sf-dump-public title=\"Public property\">exists</span>: <span class=sf-dump-const>true</span>
  +<span class=sf-dump-public title=\"Public property\">wasRecentlyCreated</span>: <span class=sf-dump-const>false</span>
  #<span class=sf-dump-protected title=\"Protected property\">escapeWhenCastingToString</span>: <span class=sf-dump-const>false</span>
  #<span class=sf-dump-protected title=\"Protected property\">attributes</span>: <span class=sf-dump-note>array:36</span> [<samp data-depth=2 class=sf-dump-compact>
    \"<span class=sf-dump-key>id</span>\" => <span class=sf-dump-num>27</span>
    \"<span class=sf-dump-key>name</span>\" => \"<span class=sf-dump-str title=\"11 characters\">G&#246;khan T&#252;rk</span>\"
    \"<span class=sf-dump-key>firma_adi</span>\" => \"<span class=sf-dump-str title=\"10 characters\">CTS Isitma</span>\"
    \"<span class=sf-dump-key>firma_slug</span>\" => \"<span class=sf-dump-str title=\"10 characters\">cts-isitma</span>\"
    \"<span class=sf-dump-key>username</span>\" => \"<span class=sf-dump-str title=\"13 characters\">ctsisitma.com</span>\"
    \"<span class=sf-dump-key>eposta</span>\" => \"<span class=sf-dump-str title=\"19 characters\">fiberdev5@gmail.com</span>\"
    \"<span class=sf-dump-key>tel1</span>\" => \"<span class=sf-dump-str title=\"13 characters\">564 564 56 45</span>\"
    \"<span class=sf-dump-key>tel2</span>\" => <span class=sf-dump-const>null</span>
    \"<span class=sf-dump-key>il</span>\" => \"<span class=sf-dump-str title=\"2 characters\">10</span>\"
    \"<span class=sf-dump-key>ilce</span>\" => \"<span class=sf-dump-str title=\"3 characters\">894</span>\"
    \"<span class=sf-dump-key>adres</span>\" => <span class=sf-dump-const>null</span>
    \"<span class=sf-dump-key>webSitesi</span>\" => <span class=sf-dump-const>null</span>
    \"<span class=sf-dump-key>vergiNo</span>\" => \"<span class=sf-dump-str title=\"10 characters\">4564564564</span>\"
    \"<span class=sf-dump-key>vergiDairesi</span>\" => <span class=sf-dump-const>null</span>
    \"<span class=sf-dump-key>tcNo</span>\" => <span class=sf-dump-const>null</span>
    \"<span class=sf-dump-key>iban</span>\" => <span class=sf-dump-const>null</span>
    \"<span class=sf-dump-key>logo</span>\" => <span class=sf-dump-const>null</span>
    \"<span class=sf-dump-key>personelSayisi</span>\" => <span class=sf-dump-num>10</span>
    \"<span class=sf-dump-key>bayiSayisi</span>\" => <span class=sf-dump-num>5</span>
    \"<span class=sf-dump-key>stokSayisi</span>\" => <span class=sf-dump-num>30</span>
    \"<span class=sf-dump-key>konsinyeSayisi</span>\" => <span class=sf-dump-num>5</span>
    \"<span class=sf-dump-key>kdvOrani</span>\" => <span class=sf-dump-const>null</span>
    \"<span class=sf-dump-key>smsKullanici</span>\" => <span class=sf-dump-const>null</span>
    \"<span class=sf-dump-key>smsSifre</span>\" => <span class=sf-dump-const>null</span>
    \"<span class=sf-dump-key>smsGonderici</span>\" => <span class=sf-dump-const>null</span>
    \"<span class=sf-dump-key>smsKaraliste</span>\" => <span class=sf-dump-const>null</span>
    \"<span class=sf-dump-key>kayitTarihi</span>\" => \"<span class=sf-dump-str title=\"10 characters\">2025-09-03</span>\"
    \"<span class=sf-dump-key>bitisTarihi</span>\" => \"<span class=sf-dump-str title=\"10 characters\">2026-09-03</span>\"
    \"<span class=sf-dump-key>status</span>\" => <span class=sf-dump-num>1</span>
    \"<span class=sf-dump-key>trial_starts_at</span>\" => \"<span class=sf-dump-str title=\"19 characters\">2025-09-03 16:15:02</span>\"
    \"<span class=sf-dump-key>trial_ends_at</span>\" => \"<span class=sf-dump-str title=\"19 characters\">2025-09-01 16:15:02</span>\"
    \"<span class=sf-dump-key>trial_used</span>\" => <span class=sf-dump-num>1</span>
    \"<span class=sf-dump-key>subscription_status</span>\" => \"<span class=sf-dump-str title=\"6 characters\">active</span>\"
    \"<span class=sf-dump-key>subscription_ends_at</span>\" => \"<span class=sf-dump-str title=\"19 characters\">2026-09-03 16:21:57</span>\"
    \"<span class=sf-dump-key>created_at</span>\" => \"<span class=sf-dump-str title=\"19 characters\">2025-09-03 16:15:02</span>\"
    \"<span class=sf-dump-key>updated_at</span>\" => \"<span class=sf-dump-str title=\"19 characters\">2025-09-03 16:21:57</span>\"
  </samp>]
  #<span class=sf-dump-protected title=\"Protected property\">original</span>: <span class=sf-dump-note>array:36</span> [<samp data-depth=2 class=sf-dump-compact>
    \"<span class=sf-dump-key>id</span>\" => <span class=sf-dump-num>27</span>
    \"<span class=sf-dump-key>name</span>\" => \"<span class=sf-dump-str title=\"11 characters\">G&#246;khan T&#252;rk</span>\"
    \"<span class=sf-dump-key>firma_adi</span>\" => \"<span class=sf-dump-str title=\"10 characters\">CTS Isitma</span>\"
    \"<span class=sf-dump-key>firma_slug</span>\" => \"<span class=sf-dump-str title=\"10 characters\">cts-isitma</span>\"
    \"<span class=sf-dump-key>username</span>\" => \"<span class=sf-dump-str title=\"13 characters\">ctsisitma.com</span>\"
    \"<span class=sf-dump-key>eposta</span>\" => \"<span class=sf-dump-str title=\"19 characters\">fiberdev5@gmail.com</span>\"
    \"<span class=sf-dump-key>tel1</span>\" => \"<span class=sf-dump-str title=\"13 characters\">564 564 56 45</span>\"
    \"<span class=sf-dump-key>tel2</span>\" => <span class=sf-dump-const>null</span>
    \"<span class=sf-dump-key>il</span>\" => \"<span class=sf-dump-str title=\"2 characters\">10</span>\"
    \"<span class=sf-dump-key>ilce</span>\" => \"<span class=sf-dump-str title=\"3 characters\">894</span>\"
    \"<span class=sf-dump-key>adres</span>\" => <span class=sf-dump-const>null</span>
    \"<span class=sf-dump-key>webSitesi</span>\" => <span class=sf-dump-const>null</span>
    \"<span class=sf-dump-key>vergiNo</span>\" => \"<span class=sf-dump-str title=\"10 characters\">4564564564</span>\"
    \"<span class=sf-dump-key>vergiDairesi</span>\" => <span class=sf-dump-const>null</span>
    \"<span class=sf-dump-key>tcNo</span>\" => <span class=sf-dump-const>null</span>
    \"<span class=sf-dump-key>iban</span>\" => <span class=sf-dump-const>null</span>
    \"<span class=sf-dump-key>logo</span>\" => <span class=sf-dump-const>null</span>
    \"<span class=sf-dump-key>personelSayisi</span>\" => <span class=sf-dump-num>10</span>
    \"<span class=sf-dump-key>bayiSayisi</span>\" => <span class=sf-dump-num>5</span>
    \"<span class=sf-dump-key>stokSayisi</span>\" => <span class=sf-dump-num>30</span>
    \"<span class=sf-dump-key>konsinyeSayisi</span>\" => <span class=sf-dump-num>5</span>
    \"<span class=sf-dump-key>kdvOrani</span>\" => <span class=sf-dump-const>null</span>
    \"<span class=sf-dump-key>smsKullanici</span>\" => <span class=sf-dump-const>null</span>
    \"<span class=sf-dump-key>smsSifre</span>\" => <span class=sf-dump-const>null</span>
    \"<span class=sf-dump-key>smsGonderici</span>\" => <span class=sf-dump-const>null</span>
    \"<span class=sf-dump-key>smsKaraliste</span>\" => <span class=sf-dump-const>null</span>
    \"<span class=sf-dump-key>kayitTarihi</span>\" => \"<span class=sf-dump-str title=\"10 characters\">2025-09-03</span>\"
    \"<span class=sf-dump-key>bitisTarihi</span>\" => \"<span class=sf-dump-str title=\"10 characters\">2026-09-03</span>\"
    \"<span class=sf-dump-key>status</span>\" => <span class=sf-dump-num>1</span>
    \"<span class=sf-dump-key>trial_starts_at</span>\" => \"<span class=sf-dump-str title=\"19 characters\">2025-09-03 16:15:02</span>\"
    \"<span class=sf-dump-key>trial_ends_at</span>\" => \"<span class=sf-dump-str title=\"19 characters\">2025-09-01 16:15:02</span>\"
    \"<span class=sf-dump-key>trial_used</span>\" => <span class=sf-dump-num>1</span>
    \"<span class=sf-dump-key>subscription_status</span>\" => \"<span class=sf-dump-str title=\"6 characters\">active</span>\"
    \"<span class=sf-dump-key>subscription_ends_at</span>\" => \"<span class=sf-dump-str title=\"19 characters\">2026-09-03 16:21:57</span>\"
    \"<span class=sf-dump-key>created_at</span>\" => \"<span class=sf-dump-str title=\"19 characters\">2025-09-03 16:15:02</span>\"
    \"<span class=sf-dump-key>updated_at</span>\" => \"<span class=sf-dump-str title=\"19 characters\">2025-09-03 16:21:57</span>\"
  </samp>]
  #<span class=sf-dump-protected title=\"Protected property\">changes</span>: []
  #<span class=sf-dump-protected title=\"Protected property\">casts</span>: <span class=sf-dump-note>array:4</span> [<samp data-depth=2 class=sf-dump-compact>
    \"<span class=sf-dump-key>trial_starts_at</span>\" => \"<span class=sf-dump-str title=\"8 characters\">datetime</span>\"
    \"<span class=sf-dump-key>trial_ends_at</span>\" => \"<span class=sf-dump-str title=\"8 characters\">datetime</span>\"
    \"<span class=sf-dump-key>subscription_ends_at</span>\" => \"<span class=sf-dump-str title=\"8 characters\">datetime</span>\"
    \"<span class=sf-dump-key>trial_used</span>\" => \"<span class=sf-dump-str title=\"7 characters\">boolean</span>\"
  </samp>]
  #<span class=sf-dump-protected title=\"Protected property\">classCastCache</span>: []
  #<span class=sf-dump-protected title=\"Protected property\">attributeCastCache</span>: []
  #<span class=sf-dump-protected title=\"Protected property\">dateFormat</span>: <span class=sf-dump-const>null</span>
  #<span class=sf-dump-protected title=\"Protected property\">appends</span>: []
  #<span class=sf-dump-protected title=\"Protected property\">dispatchesEvents</span>: []
  #<span class=sf-dump-protected title=\"Protected property\">observables</span>: []
  #<span class=sf-dump-protected title=\"Protected property\">relations</span>: []
  #<span class=sf-dump-protected title=\"Protected property\">touches</span>: []
  +<span class=sf-dump-public title=\"Public property\">timestamps</span>: <span class=sf-dump-const>true</span>
  +<span class=sf-dump-public title=\"Public property\">usesUniqueIds</span>: <span class=sf-dump-const>false</span>
  #<span class=sf-dump-protected title=\"Protected property\">hidden</span>: []
  #<span class=sf-dump-protected title=\"Protected property\">visible</span>: []
  #<span class=sf-dump-protected title=\"Protected property\">fillable</span>: []
  #<span class=sf-dump-protected title=\"Protected property\">guarded</span>: []
</samp>}
</pre><script>Sfdump(\"sf-dump-1066807920\", {\"maxDepth\":3,\"maxStringLength\":160})</script>
","isPurchased":"<pre class=sf-dump id=sf-dump-94941122 data-indent-pad=\"  \"><span class=sf-dump-const>false</span>
</pre><script>Sfdump(\"sf-dump-94941122\", {\"maxDepth\":3,\"maxStringLength\":160})</script>
","isActive":"<pre class=sf-dump id=sf-dump-1791181042 data-indent-pad=\"  \"><span class=sf-dump-const>false</span>
</pre><script>Sfdump(\"sf-dump-1791181042\", {\"maxDepth\":3,\"maxStringLength\":160})</script>
","purchase":"<pre class=sf-dump id=sf-dump-1530928538 data-indent-pad=\"  \"><span class=sf-dump-const>null</span>
</pre><script>Sfdump(\"sf-dump-1530928538\", {\"maxDepth\":3,\"maxStringLength\":160})</script>
"}},"userId":47,"exception":"[object] (Spatie\\LaravelIgnition\\Exceptions\\ViewException(code: 0): Missing required parameter for [Route: tenant.integrations.purchase] [URI: {tenant_id}/{tenant_id}/entegrasyon/{integration_id}/satin-al] [Missing parameter: integration_id]. at C:\\xampp\\htdocs\\serbiscrm\\vendor\\laravel\\framework\\src\\Illuminate\\Routing\\Exceptions\\UrlGenerationException.php:35)
[stacktrace]
#0 C:\\xampp\\htdocs\\serbiscrm\\vendor\\laravel\\framework\\src\\Illuminate\\Routing\\RouteUrlGenerator.php(90): Illuminate\\Routing\\Exceptions\\UrlGenerationException::forMissingParameters(Object(Illuminate\\Routing\\Route), Array)
#1 C:\\xampp\\htdocs\\serbiscrm\\vendor\\laravel\\framework\\src\\Illuminate\\Routing\\UrlGenerator.php(502): Illuminate\\Routing\\RouteUrlGenerator->to(Object(Illuminate\\Routing\\Route), Array, true)
#2 C:\\xampp\\htdocs\\serbiscrm\\vendor\\laravel\\framework\\src\\Illuminate\\Routing\\UrlGenerator.php(471): Illuminate\\Routing\\UrlGenerator->toRoute(Object(Illuminate\\Routing\\Route), Array, true)
#3 C:\\xampp\\htdocs\\serbiscrm\\vendor\\laravel\\framework\\src\\Illuminate\\Foundation\\helpers.php(811): Illuminate\\Routing\\UrlGenerator->route('tenant.integrat...', Array, true)
#4 C:\\xampp\\htdocs\\serbiscrm\\resources\\views\\frontend\\secure\\integrations\\detail.blade.php(97): route('tenant.integrat...', Array)
#5 C:\\xampp\\htdocs\\serbiscrm\\vendor\\laravel\\framework\\src\\Illuminate\\Filesystem\\Filesystem.php(124): require('C:\\\\xampp\\\\htdocs...')
#6 C:\\xampp\\htdocs\\serbiscrm\\vendor\\laravel\\framework\\src\\Illuminate\\Filesystem\\Filesystem.php(125): Illuminate\\Filesystem\\Filesystem::Illuminate\\Filesystem\\{closure}()
#7 C:\\xampp\\htdocs\\serbiscrm\\vendor\\laravel\\framework\\src\\Illuminate\\View\\Engines\\PhpEngine.php(58): Illuminate\\Filesystem\\Filesystem->getRequire('C:\\\\xampp\\\\htdocs...', Array)
#8 C:\\xampp\\htdocs\\serbiscrm\\vendor\\laravel\\framework\\src\\Illuminate\\View\\Engines\\CompilerEngine.php(72): Illuminate\\View\\Engines\\PhpEngine->evaluatePath('C:\\\\xampp\\\\htdocs...', Array)
#9 C:\\xampp\\htdocs\\serbiscrm\\vendor\\laravel\\framework\\src\\Illuminate\\View\\View.php(207): Illuminate\\View\\Engines\\CompilerEngine->get('C:\\\\xampp\\\\htdocs...', Array)
#10 C:\\xampp\\htdocs\\serbiscrm\\vendor\\laravel\\framework\\src\\Illuminate\\View\\View.php(190): Illuminate\\View\\View->getContents()
#11 C:\\xampp\\htdocs\\serbiscrm\\vendor\\laravel\\framework\\src\\Illuminate\\View\\View.php(159): Illuminate\\View\\View->renderContents()
#12 C:\\xampp\\htdocs\\serbiscrm\\vendor\\laravel\\framework\\src\\Illuminate\\Http\\Response.php(69): Illuminate\\View\\View->render()
#13 C:\\xampp\\htdocs\\serbiscrm\\vendor\\laravel\\framework\\src\\Illuminate\\Http\\Response.php(35): Illuminate\\Http\\Response->setContent(Object(Illuminate\\View\\View))
#14 C:\\xampp\\htdocs\\serbiscrm\\vendor\\laravel\\framework\\src\\Illuminate\\Routing\\Router.php(911): Illuminate\\Http\\Response->__construct(Object(Illuminate\\View\\View), 200, Array)
#15 C:\\xampp\\htdocs\\serbiscrm\\vendor\\laravel\\framework\\src\\Illuminate\\Routing\\Router.php(878): Illuminate\\Routing\\Router::toResponse(Object(Illuminate\\Http\\Request), Object(Illuminate\\View\\View))
#16 C:\\xampp\\htdocs\\serbiscrm\\vendor\\laravel\\framework\\src\\Illuminate\\Routing\\Router.php(798): Illuminate\\Routing\\Router->prepareResponse(Object(Illuminate\\Http\\Request), Object(Illuminate\\View\\View))
#17 C:\\xampp\\htdocs\\serbiscrm\\vendor\\laravel\\framework\\src\\Illuminate\\Pipeline\\Pipeline.php(141): Illuminate\\Routing\\Router->Illuminate\\Routing\\{closure}(Object(Illuminate\\Http\\Request))
#18 C:\\xampp\\htdocs\\serbiscrm\\app\\Http\\Middleware\\CheckTenantStatus.php(40): Illuminate\\Pipeline\\Pipeline->Illuminate\\Pipeline\\{closure}(Object(Illuminate\\Http\\Request))
#19 C:\\xampp\\htdocs\\serbiscrm\\vendor\\laravel\\framework\\src\\Illuminate\\Pipeline\\Pipeline.php(180): App\\Http\\Middleware\\CheckTenantStatus->handle(Object(Illuminate\\Http\\Request), Object(Closure))
#20 C:\\xampp\\htdocs\\serbiscrm\\app\\Http\\Middleware\\HandleRedirectAfterLogin.php(28): Illuminate\\Pipeline\\Pipeline->Illuminate\\Pipeline\\{closure}(Object(Illuminate\\Http\\Request))
#21 C:\\xampp\\htdocs\\serbiscrm\\vendor\\laravel\\framework\\src\\Illuminate\\Pipeline\\Pipeline.php(180): App\\Http\\Middleware\\HandleRedirectAfterLogin->handle(Object(Illuminate\\Http\\Request), Object(Closure))
#22 C:\\xampp\\htdocs\\serbiscrm\\app\\Http\\Middleware\\CheckCompanySubscription.php(32): Illuminate\\Pipeline\\Pipeline->Illuminate\\Pipeline\\{closure}(Object(Illuminate\\Http\\Request))
#23 C:\\xampp\\htdocs\\serbiscrm\\vendor\\laravel\\framework\\src\\Illuminate\\Pipeline\\Pipeline.php(180): App\\Http\\Middleware\\CheckCompanySubscription->handle(Object(Illuminate\\Http\\Request), Object(Closure))
#24 C:\\xampp\\htdocs\\serbiscrm\\app\\Http\\Middleware\\CheckTenantId.php(43): Illuminate\\Pipeline\\Pipeline->Illuminate\\Pipeline\\{closure}(Object(Illuminate\\Http\\Request))
#25 C:\\xampp\\htdocs\\serbiscrm\\vendor\\laravel\\framework\\src\\Illuminate\\Pipeline\\Pipeline.php(180): App\\Http\\Middleware\\CheckTenantId->handle(Object(Illuminate\\Http\\Request), Object(Closure))
#26 C:\\xampp\\htdocs\\serbiscrm\\app\\Http\\Middleware\\CheckTrialStatus.php(28): Illuminate\\Pipeline\\Pipeline->Illuminate\\Pipeline\\{closure}(Object(Illuminate\\Http\\Request))
#27 C:\\xampp\\htdocs\\serbiscrm\\vendor\\laravel\\framework\\src\\Illuminate\\Pipeline\\Pipeline.php(180): App\\Http\\Middleware\\CheckTrialStatus->handle(Object(Illuminate\\Http\\Request), Object(Closure))
#28 C:\\xampp\\htdocs\\serbiscrm\\vendor\\laravel\\framework\\src\\Illuminate\\Routing\\Middleware\\SubstituteBindings.php(50): Illuminate\\Pipeline\\Pipeline->Illuminate\\Pipeline\\{closure}(Object(Illuminate\\Http\\Request))
#29 C:\\xampp\\htdocs\\serbiscrm\\vendor\\laravel\\framework\\src\\Illuminate\\Pipeline\\Pipeline.php(180): Illuminate\\Routing\\Middleware\\SubstituteBindings->handle(Object(Illuminate\\Http\\Request), Object(Closure))
#30 C:\\xampp\\htdocs\\serbiscrm\\vendor\\laravel\\framework\\src\\Illuminate\\Auth\\Middleware\\Authenticate.php(57): Illuminate\\Pipeline\\Pipeline->Illuminate\\Pipeline\\{closure}(Object(Illuminate\\Http\\Request))
#31 C:\\xampp\\htdocs\\serbiscrm\\vendor\\laravel\\framework\\src\\Illuminate\\Pipeline\\Pipeline.php(180): Illuminate\\Auth\\Middleware\\Authenticate->handle(Object(Illuminate\\Http\\Request), Object(Closure))
#32 C:\\xampp\\htdocs\\serbiscrm\\vendor\\laravel\\framework\\src\\Illuminate\\Foundation\\Http\\Middleware\\VerifyCsrfToken.php(78): Illuminate\\Pipeline\\Pipeline->Illuminate\\Pipeline\\{closure}(Object(Illuminate\\Http\\Request))
#33 C:\\xampp\\htdocs\\serbiscrm\\vendor\\laravel\\framework\\src\\Illuminate\\Pipeline\\Pipeline.php(180): Illuminate\\Foundation\\Http\\Middleware\\VerifyCsrfToken->handle(Object(Illuminate\\Http\\Request), Object(Closure))
#34 C:\\xampp\\htdocs\\serbiscrm\\vendor\\laravel\\framework\\src\\Illuminate\\View\\Middleware\\ShareErrorsFromSession.php(49): Illuminate\\Pipeline\\Pipeline->Illuminate\\Pipeline\\{closure}(Object(Illuminate\\Http\\Request))
#35 C:\\xampp\\htdocs\\serbiscrm\\vendor\\laravel\\framework\\src\\Illuminate\\Pipeline\\Pipeline.php(180): Illuminate\\View\\Middleware\\ShareErrorsFromSession->handle(Object(Illuminate\\Http\\Request), Object(Closure))
#36 C:\\xampp\\htdocs\\serbiscrm\\vendor\\laravel\\framework\\src\\Illuminate\\Session\\Middleware\\StartSession.php(121): Illuminate\\Pipeline\\Pipeline->Illuminate\\Pipeline\\{closure}(Object(Illuminate\\Http\\Request))
#37 C:\\xampp\\htdocs\\serbiscrm\\vendor\\laravel\\framework\\src\\Illuminate\\Session\\Middleware\\StartSession.php(64): Illuminate\\Session\\Middleware\\StartSession->handleStatefulRequest(Object(Illuminate\\Http\\Request), Object(Illuminate\\Session\\Store), Object(Closure))
#38 C:\\xampp\\htdocs\\serbiscrm\\vendor\\laravel\\framework\\src\\Illuminate\\Pipeline\\Pipeline.php(180): Illuminate\\Session\\Middleware\\StartSession->handle(Object(Illuminate\\Http\\Request), Object(Closure))
#39 C:\\xampp\\htdocs\\serbiscrm\\vendor\\laravel\\framework\\src\\Illuminate\\Cookie\\Middleware\\AddQueuedCookiesToResponse.php(37): Illuminate\\Pipeline\\Pipeline->Illuminate\\Pipeline\\{closure}(Object(Illuminate\\Http\\Request))
#40 C:\\xampp\\htdocs\\serbiscrm\\vendor\\laravel\\framework\\src\\Illuminate\\Pipeline\\Pipeline.php(180): Illuminate\\Cookie\\Middleware\\AddQueuedCookiesToResponse->handle(Object(Illuminate\\Http\\Request), Object(Closure))
#41 C:\\xampp\\htdocs\\serbiscrm\\vendor\\laravel\\framework\\src\\Illuminate\\Cookie\\Middleware\\EncryptCookies.php(67): Illuminate\\Pipeline\\Pipeline->Illuminate\\Pipeline\\{closure}(Object(Illuminate\\Http\\Request))
#42 C:\\xampp\\htdocs\\serbiscrm\\vendor\\laravel\\framework\\src\\Illuminate\\Pipeline\\Pipeline.php(180): Illuminate\\Cookie\\Middleware\\EncryptCookies->handle(Object(Illuminate\\Http\\Request), Object(Closure))
#43 C:\\xampp\\htdocs\\serbiscrm\\vendor\\laravel\\framework\\src\\Illuminate\\Pipeline\\Pipeline.php(116): Illuminate\\Pipeline\\Pipeline->Illuminate\\Pipeline\\{closure}(Object(Illuminate\\Http\\Request))
#44 C:\\xampp\\htdocs\\serbiscrm\\vendor\\laravel\\framework\\src\\Illuminate\\Routing\\Router.php(798): Illuminate\\Pipeline\\Pipeline->then(Object(Closure))
#45 C:\\xampp\\htdocs\\serbiscrm\\vendor\\laravel\\framework\\src\\Illuminate\\Routing\\Router.php(777): Illuminate\\Routing\\Router->runRouteWithinStack(Object(Illuminate\\Routing\\Route), Object(Illuminate\\Http\\Request))
#46 C:\\xampp\\htdocs\\serbiscrm\\vendor\\laravel\\framework\\src\\Illuminate\\Routing\\Router.php(741): Illuminate\\Routing\\Router->runRoute(Object(Illuminate\\Http\\Request), Object(Illuminate\\Routing\\Route))
#47 C:\\xampp\\htdocs\\serbiscrm\\vendor\\laravel\\framework\\src\\Illuminate\\Routing\\Router.php(730): Illuminate\\Routing\\Router->dispatchToRoute(Object(Illuminate\\Http\\Request))
#48 C:\\xampp\\htdocs\\serbiscrm\\vendor\\laravel\\framework\\src\\Illuminate\\Foundation\\Http\\Kernel.php(200): Illuminate\\Routing\\Router->dispatch(Object(Illuminate\\Http\\Request))
#49 C:\\xampp\\htdocs\\serbiscrm\\vendor\\laravel\\framework\\src\\Illuminate\\Pipeline\\Pipeline.php(141): Illuminate\\Foundation\\Http\\Kernel->Illuminate\\Foundation\\Http\\{closure}(Object(Illuminate\\Http\\Request))
#50 C:\\xampp\\htdocs\\serbiscrm\\app\\Http\\Middleware\\ImpersonationMiddleware.php(51): Illuminate\\Pipeline\\Pipeline->Illuminate\\Pipeline\\{closure}(Object(Illuminate\\Http\\Request))
#51 C:\\xampp\\htdocs\\serbiscrm\\vendor\\laravel\\framework\\src\\Illuminate\\Pipeline\\Pipeline.php(180): App\\Http\\Middleware\\ImpersonationMiddleware->handle(Object(Illuminate\\Http\\Request), Object(Closure))
#52 C:\\xampp\\htdocs\\serbiscrm\\vendor\\laravel\\framework\\src\\Illuminate\\Foundation\\Http\\Middleware\\TransformsRequest.php(21): Illuminate\\Pipeline\\Pipeline->Illuminate\\Pipeline\\{closure}(Object(Illuminate\\Http\\Request))
#53 C:\\xampp\\htdocs\\serbiscrm\\vendor\\laravel\\framework\\src\\Illuminate\\Foundation\\Http\\Middleware\\ConvertEmptyStringsToNull.php(31): Illuminate\\Foundation\\Http\\Middleware\\TransformsRequest->handle(Object(Illuminate\\Http\\Request), Object(Closure))
#54 C:\\xampp\\htdocs\\serbiscrm\\vendor\\laravel\\framework\\src\\Illuminate\\Pipeline\\Pipeline.php(180): Illuminate\\Foundation\\Http\\Middleware\\ConvertEmptyStringsToNull->handle(Object(Illuminate\\Http\\Request), Object(Closure))
#55 C:\\xampp\\htdocs\\serbiscrm\\vendor\\laravel\\framework\\src\\Illuminate\\Foundation\\Http\\Middleware\\TransformsRequest.php(21): Illuminate\\Pipeline\\Pipeline->Illuminate\\Pipeline\\{closure}(Object(Illuminate\\Http\\Request))
#56 C:\\xampp\\htdocs\\serbiscrm\\vendor\\laravel\\framework\\src\\Illuminate\\Foundation\\Http\\Middleware\\TrimStrings.php(40): Illuminate\\Foundation\\Http\\Middleware\\TransformsRequest->handle(Object(Illuminate\\Http\\Request), Object(Closure))
#57 C:\\xampp\\htdocs\\serbiscrm\\vendor\\laravel\\framework\\src\\Illuminate\\Pipeline\\Pipeline.php(180): Illuminate\\Foundation\\Http\\Middleware\\TrimStrings->handle(Object(Illuminate\\Http\\Request), Object(Closure))
#58 C:\\xampp\\htdocs\\serbiscrm\\vendor\\laravel\\framework\\src\\Illuminate\\Foundation\\Http\\Middleware\\ValidatePostSize.php(27): Illuminate\\Pipeline\\Pipeline->Illuminate\\Pipeline\\{closure}(Object(Illuminate\\Http\\Request))
#59 C:\\xampp\\htdocs\\serbiscrm\\vendor\\laravel\\framework\\src\\Illuminate\\Pipeline\\Pipeline.php(180): Illuminate\\Foundation\\Http\\Middleware\\ValidatePostSize->handle(Object(Illuminate\\Http\\Request), Object(Closure))
#60 C:\\xampp\\htdocs\\serbiscrm\\vendor\\laravel\\framework\\src\\Illuminate\\Foundation\\Http\\Middleware\\PreventRequestsDuringMaintenance.php(99): Illuminate\\Pipeline\\Pipeline->Illuminate\\Pipeline\\{closure}(Object(Illuminate\\Http\\Request))
#61 C:\\xampp\\htdocs\\serbiscrm\\vendor\\laravel\\framework\\src\\Illuminate\\Pipeline\\Pipeline.php(180): Illuminate\\Foundation\\Http\\Middleware\\PreventRequestsDuringMaintenance->handle(Object(Illuminate\\Http\\Request), Object(Closure))
#62 C:\\xampp\\htdocs\\serbiscrm\\vendor\\laravel\\framework\\src\\Illuminate\\Http\\Middleware\\HandleCors.php(49): Illuminate\\Pipeline\\Pipeline->Illuminate\\Pipeline\\{closure}(Object(Illuminate\\Http\\Request))
#63 C:\\xampp\\htdocs\\serbiscrm\\vendor\\laravel\\framework\\src\\Illuminate\\Pipeline\\Pipeline.php(180): Illuminate\\Http\\Middleware\\HandleCors->handle(Object(Illuminate\\Http\\Request), Object(Closure))
#64 C:\\xampp\\htdocs\\serbiscrm\\vendor\\laravel\\framework\\src\\Illuminate\\Http\\Middleware\\TrustProxies.php(39): Illuminate\\Pipeline\\Pipeline->Illuminate\\Pipeline\\{closure}(Object(Illuminate\\Http\\Request))
#65 C:\\xampp\\htdocs\\serbiscrm\\vendor\\laravel\\framework\\src\\Illuminate\\Pipeline\\Pipeline.php(180): Illuminate\\Http\\Middleware\\TrustProxies->handle(Object(Illuminate\\Http\\Request), Object(Closure))
#66 C:\\xampp\\htdocs\\serbiscrm\\vendor\\laravel\\framework\\src\\Illuminate\\Pipeline\\Pipeline.php(116): Illuminate\\Pipeline\\Pipeline->Illuminate\\Pipeline\\{closure}(Object(Illuminate\\Http\\Request))
#67 C:\\xampp\\htdocs\\serbiscrm\\vendor\\laravel\\framework\\src\\Illuminate\\Foundation\\Http\\Kernel.php(175): Illuminate\\Pipeline\\Pipeline->then(Object(Closure))
#68 C:\\xampp\\htdocs\\serbiscrm\\vendor\\laravel\\framework\\src\\Illuminate\\Foundation\\Http\\Kernel.php(144): Illuminate\\Foundation\\Http\\Kernel->sendRequestThroughRouter(Object(Illuminate\\Http\\Request))
#69 C:\\xampp\\htdocs\\serbiscrm\\public\\index.php(51): Illuminate\\Foundation\\Http\\Kernel->handle(Object(Illuminate\\Http\\Request))
#70 C:\\xampp\\htdocs\\serbiscrm\\vendor\\laravel\\framework\\src\\Illuminate\\Foundation\\resources\\server.php(16): require_once('C:\\\\xampp\\\\htdocs...')
#71 {main}

[previous exception] [object] (Illuminate\\Routing\\Exceptions\\UrlGenerationException(code: 0): Missing required parameter for [Route: tenant.integrations.purchase] [URI: {tenant_id}/{tenant_id}/entegrasyon/{integration_id}/satin-al] [Missing parameter: integration_id]. at C:\\xampp\\htdocs\\serbiscrm\\vendor\\laravel\\framework\\src\\Illuminate\\Routing\\Exceptions\\UrlGenerationException.php:35)
[stacktrace]
#0 C:\\xampp\\htdocs\\serbiscrm\\vendor\\laravel\\framework\\src\\Illuminate\\Routing\\RouteUrlGenerator.php(90): Illuminate\\Routing\\Exceptions\\UrlGenerationException::forMissingParameters(Object(Illuminate\\Routing\\Route), Array)
#1 C:\\xampp\\htdocs\\serbiscrm\\vendor\\laravel\\framework\\src\\Illuminate\\Routing\\UrlGenerator.php(502): Illuminate\\Routing\\RouteUrlGenerator->to(Object(Illuminate\\Routing\\Route), Array, true)
#2 C:\\xampp\\htdocs\\serbiscrm\\vendor\\laravel\\framework\\src\\Illuminate\\Routing\\UrlGenerator.php(471): Illuminate\\Routing\\UrlGenerator->toRoute(Object(Illuminate\\Routing\\Route), Array, true)
#3 C:\\xampp\\htdocs\\serbiscrm\\vendor\\laravel\\framework\\src\\Illuminate\\Foundation\\helpers.php(811): Illuminate\\Routing\\UrlGenerator->route('tenant.integrat...', Array, true)
#4 C:\\xampp\\htdocs\\serbiscrm\\storage\\framework\\views\\098e79e6c68d494e67a6ee1047968136.php(98): route('tenant.integrat...', Array)
#5 C:\\xampp\\htdocs\\serbiscrm\\vendor\\laravel\\framework\\src\\Illuminate\\Filesystem\\Filesystem.php(124): require('C:\\\\xampp\\\\htdocs...')
#6 C:\\xampp\\htdocs\\serbiscrm\\vendor\\laravel\\framework\\src\\Illuminate\\Filesystem\\Filesystem.php(125): Illuminate\\Filesystem\\Filesystem::Illuminate\\Filesystem\\{closure}()
#7 C:\\xampp\\htdocs\\serbiscrm\\vendor\\laravel\\framework\\src\\Illuminate\\View\\Engines\\PhpEngine.php(58): Illuminate\\Filesystem\\Filesystem->getRequire('C:\\\\xampp\\\\htdocs...', Array)
#8 C:\\xampp\\htdocs\\serbiscrm\\vendor\\laravel\\framework\\src\\Illuminate\\View\\Engines\\CompilerEngine.php(72): Illuminate\\View\\Engines\\PhpEngine->evaluatePath('C:\\\\xampp\\\\htdocs...', Array)
#9 C:\\xampp\\htdocs\\serbiscrm\\vendor\\laravel\\framework\\src\\Illuminate\\View\\View.php(207): Illuminate\\View\\Engines\\CompilerEngine->get('C:\\\\xampp\\\\htdocs...', Array)
#10 C:\\xampp\\htdocs\\serbiscrm\\vendor\\laravel\\framework\\src\\Illuminate\\View\\View.php(190): Illuminate\\View\\View->getContents()
#11 C:\\xampp\\htdocs\\serbiscrm\\vendor\\laravel\\framework\\src\\Illuminate\\View\\View.php(159): Illuminate\\View\\View->renderContents()
#12 C:\\xampp\\htdocs\\serbiscrm\\vendor\\laravel\\framework\\src\\Illuminate\\Http\\Response.php(69): Illuminate\\View\\View->render()
#13 C:\\xampp\\htdocs\\serbiscrm\\vendor\\laravel\\framework\\src\\Illuminate\\Http\\Response.php(35): Illuminate\\Http\\Response->setContent(Object(Illuminate\\View\\View))
#14 C:\\xampp\\htdocs\\serbiscrm\\vendor\\laravel\\framework\\src\\Illuminate\\Routing\\Router.php(911): Illuminate\\Http\\Response->__construct(Object(Illuminate\\View\\View), 200, Array)
#15 C:\\xampp\\htdocs\\serbiscrm\\vendor\\laravel\\framework\\src\\Illuminate\\Routing\\Router.php(878): Illuminate\\Routing\\Router::toResponse(Object(Illuminate\\Http\\Request), Object(Illuminate\\View\\View))
#16 C:\\xampp\\htdocs\\serbiscrm\\vendor\\laravel\\framework\\src\\Illuminate\\Routing\\Router.php(798): Illuminate\\Routing\\Router->prepareResponse(Object(Illuminate\\Http\\Request), Object(Illuminate\\View\\View))
#17 C:\\xampp\\htdocs\\serbiscrm\\vendor\\laravel\\framework\\src\\Illuminate\\Pipeline\\Pipeline.php(141): Illuminate\\Routing\\Router->Illuminate\\Routing\\{closure}(Object(Illuminate\\Http\\Request))
#18 C:\\xampp\\htdocs\\serbiscrm\\app\\Http\\Middleware\\CheckTenantStatus.php(40): Illuminate\\Pipeline\\Pipeline->Illuminate\\Pipeline\\{closure}(Object(Illuminate\\Http\\Request))
#19 C:\\xampp\\htdocs\\serbiscrm\\vendor\\laravel\\framework\\src\\Illuminate\\Pipeline\\Pipeline.php(180): App\\Http\\Middleware\\CheckTenantStatus->handle(Object(Illuminate\\Http\\Request), Object(Closure))
#20 C:\\xampp\\htdocs\\serbiscrm\\app\\Http\\Middleware\\HandleRedirectAfterLogin.php(28): Illuminate\\Pipeline\\Pipeline->Illuminate\\Pipeline\\{closure}(Object(Illuminate\\Http\\Request))
#21 C:\\xampp\\htdocs\\serbiscrm\\vendor\\laravel\\framework\\src\\Illuminate\\Pipeline\\Pipeline.php(180): App\\Http\\Middleware\\HandleRedirectAfterLogin->handle(Object(Illuminate\\Http\\Request), Object(Closure))
#22 C:\\xampp\\htdocs\\serbiscrm\\app\\Http\\Middleware\\CheckCompanySubscription.php(32): Illuminate\\Pipeline\\Pipeline->Illuminate\\Pipeline\\{closure}(Object(Illuminate\\Http\\Request))
#23 C:\\xampp\\htdocs\\serbiscrm\\vendor\\laravel\\framework\\src\\Illuminate\\Pipeline\\Pipeline.php(180): App\\Http\\Middleware\\CheckCompanySubscription->handle(Object(Illuminate\\Http\\Request), Object(Closure))
#24 C:\\xampp\\htdocs\\serbiscrm\\app\\Http\\Middleware\\CheckTenantId.php(43): Illuminate\\Pipeline\\Pipeline->Illuminate\\Pipeline\\{closure}(Object(Illuminate\\Http\\Request))
#25 C:\\xampp\\htdocs\\serbiscrm\\vendor\\laravel\\framework\\src\\Illuminate\\Pipeline\\Pipeline.php(180): App\\Http\\Middleware\\CheckTenantId->handle(Object(Illuminate\\Http\\Request), Object(Closure))
#26 C:\\xampp\\htdocs\\serbiscrm\\app\\Http\\Middleware\\CheckTrialStatus.php(28): Illuminate\\Pipeline\\Pipeline->Illuminate\\Pipeline\\{closure}(Object(Illuminate\\Http\\Request))
#27 C:\\xampp\\htdocs\\serbiscrm\\vendor\\laravel\\framework\\src\\Illuminate\\Pipeline\\Pipeline.php(180): App\\Http\\Middleware\\CheckTrialStatus->handle(Object(Illuminate\\Http\\Request), Object(Closure))
#28 C:\\xampp\\htdocs\\serbiscrm\\vendor\\laravel\\framework\\src\\Illuminate\\Routing\\Middleware\\SubstituteBindings.php(50): Illuminate\\Pipeline\\Pipeline->Illuminate\\Pipeline\\{closure}(Object(Illuminate\\Http\\Request))
#29 C:\\xampp\\htdocs\\serbiscrm\\vendor\\laravel\\framework\\src\\Illuminate\\Pipeline\\Pipeline.php(180): Illuminate\\Routing\\Middleware\\SubstituteBindings->handle(Object(Illuminate\\Http\\Request), Object(Closure))
#30 C:\\xampp\\htdocs\\serbiscrm\\vendor\\laravel\\framework\\src\\Illuminate\\Auth\\Middleware\\Authenticate.php(57): Illuminate\\Pipeline\\Pipeline->Illuminate\\Pipeline\\{closure}(Object(Illuminate\\Http\\Request))
#31 C:\\xampp\\htdocs\\serbiscrm\\vendor\\laravel\\framework\\src\\Illuminate\\Pipeline\\Pipeline.php(180): Illuminate\\Auth\\Middleware\\Authenticate->handle(Object(Illuminate\\Http\\Request), Object(Closure))
#32 C:\\xampp\\htdocs\\serbiscrm\\vendor\\laravel\\framework\\src\\Illuminate\\Foundation\\Http\\Middleware\\VerifyCsrfToken.php(78): Illuminate\\Pipeline\\Pipeline->Illuminate\\Pipeline\\{closure}(Object(Illuminate\\Http\\Request))
#33 C:\\xampp\\htdocs\\serbiscrm\\vendor\\laravel\\framework\\src\\Illuminate\\Pipeline\\Pipeline.php(180): Illuminate\\Foundation\\Http\\Middleware\\VerifyCsrfToken->handle(Object(Illuminate\\Http\\Request), Object(Closure))
#34 C:\\xampp\\htdocs\\serbiscrm\\vendor\\laravel\\framework\\src\\Illuminate\\View\\Middleware\\ShareErrorsFromSession.php(49): Illuminate\\Pipeline\\Pipeline->Illuminate\\Pipeline\\{closure}(Object(Illuminate\\Http\\Request))
#35 C:\\xampp\\htdocs\\serbiscrm\\vendor\\laravel\\framework\\src\\Illuminate\\Pipeline\\Pipeline.php(180): Illuminate\\View\\Middleware\\ShareErrorsFromSession->handle(Object(Illuminate\\Http\\Request), Object(Closure))
#36 C:\\xampp\\htdocs\\serbiscrm\\vendor\\laravel\\framework\\src\\Illuminate\\Session\\Middleware\\StartSession.php(121): Illuminate\\Pipeline\\Pipeline->Illuminate\\Pipeline\\{closure}(Object(Illuminate\\Http\\Request))
#37 C:\\xampp\\htdocs\\serbiscrm\\vendor\\laravel\\framework\\src\\Illuminate\\Session\\Middleware\\StartSession.php(64): Illuminate\\Session\\Middleware\\StartSession->handleStatefulRequest(Object(Illuminate\\Http\\Request), Object(Illuminate\\Session\\Store), Object(Closure))
#38 C:\\xampp\\htdocs\\serbiscrm\\vendor\\laravel\\framework\\src\\Illuminate\\Pipeline\\Pipeline.php(180): Illuminate\\Session\\Middleware\\StartSession->handle(Object(Illuminate\\Http\\Request), Object(Closure))
#39 C:\\xampp\\htdocs\\serbiscrm\\vendor\\laravel\\framework\\src\\Illuminate\\Cookie\\Middleware\\AddQueuedCookiesToResponse.php(37): Illuminate\\Pipeline\\Pipeline->Illuminate\\Pipeline\\{closure}(Object(Illuminate\\Http\\Request))
#40 C:\\xampp\\htdocs\\serbiscrm\\vendor\\laravel\\framework\\src\\Illuminate\\Pipeline\\Pipeline.php(180): Illuminate\\Cookie\\Middleware\\AddQueuedCookiesToResponse->handle(Object(Illuminate\\Http\\Request), Object(Closure))
#41 C:\\xampp\\htdocs\\serbiscrm\\vendor\\laravel\\framework\\src\\Illuminate\\Cookie\\Middleware\\EncryptCookies.php(67): Illuminate\\Pipeline\\Pipeline->Illuminate\\Pipeline\\{closure}(Object(Illuminate\\Http\\Request))
#42 C:\\xampp\\htdocs\\serbiscrm\\vendor\\laravel\\framework\\src\\Illuminate\\Pipeline\\Pipeline.php(180): Illuminate\\Cookie\\Middleware\\EncryptCookies->handle(Object(Illuminate\\Http\\Request), Object(Closure))
#43 C:\\xampp\\htdocs\\serbiscrm\\vendor\\laravel\\framework\\src\\Illuminate\\Pipeline\\Pipeline.php(116): Illuminate\\Pipeline\\Pipeline->Illuminate\\Pipeline\\{closure}(Object(Illuminate\\Http\\Request))
#44 C:\\xampp\\htdocs\\serbiscrm\\vendor\\laravel\\framework\\src\\Illuminate\\Routing\\Router.php(798): Illuminate\\Pipeline\\Pipeline->then(Object(Closure))
#45 C:\\xampp\\htdocs\\serbiscrm\\vendor\\laravel\\framework\\src\\Illuminate\\Routing\\Router.php(777): Illuminate\\Routing\\Router->runRouteWithinStack(Object(Illuminate\\Routing\\Route), Object(Illuminate\\Http\\Request))
#46 C:\\xampp\\htdocs\\serbiscrm\\vendor\\laravel\\framework\\src\\Illuminate\\Routing\\Router.php(741): Illuminate\\Routing\\Router->runRoute(Object(Illuminate\\Http\\Request), Object(Illuminate\\Routing\\Route))
#47 C:\\xampp\\htdocs\\serbiscrm\\vendor\\laravel\\framework\\src\\Illuminate\\Routing\\Router.php(730): Illuminate\\Routing\\Router->dispatchToRoute(Object(Illuminate\\Http\\Request))
#48 C:\\xampp\\htdocs\\serbiscrm\\vendor\\laravel\\framework\\src\\Illuminate\\Foundation\\Http\\Kernel.php(200): Illuminate\\Routing\\Router->dispatch(Object(Illuminate\\Http\\Request))
#49 C:\\xampp\\htdocs\\serbiscrm\\vendor\\laravel\\framework\\src\\Illuminate\\Pipeline\\Pipeline.php(141): Illuminate\\Foundation\\Http\\Kernel->Illuminate\\Foundation\\Http\\{closure}(Object(Illuminate\\Http\\Request))
#50 C:\\xampp\\htdocs\\serbiscrm\\app\\Http\\Middleware\\ImpersonationMiddleware.php(51): Illuminate\\Pipeline\\Pipeline->Illuminate\\Pipeline\\{closure}(Object(Illuminate\\Http\\Request))
#51 C:\\xampp\\htdocs\\serbiscrm\\vendor\\laravel\\framework\\src\\Illuminate\\Pipeline\\Pipeline.php(180): App\\Http\\Middleware\\ImpersonationMiddleware->handle(Object(Illuminate\\Http\\Request), Object(Closure))
#52 C:\\xampp\\htdocs\\serbiscrm\\vendor\\laravel\\framework\\src\\Illuminate\\Foundation\\Http\\Middleware\\TransformsRequest.php(21): Illuminate\\Pipeline\\Pipeline->Illuminate\\Pipeline\\{closure}(Object(Illuminate\\Http\\Request))
#53 C:\\xampp\\htdocs\\serbiscrm\\vendor\\laravel\\framework\\src\\Illuminate\\Foundation\\Http\\Middleware\\ConvertEmptyStringsToNull.php(31): Illuminate\\Foundation\\Http\\Middleware\\TransformsRequest->handle(Object(Illuminate\\Http\\Request), Object(Closure))
#54 C:\\xampp\\htdocs\\serbiscrm\\vendor\\laravel\\framework\\src\\Illuminate\\Pipeline\\Pipeline.php(180): Illuminate\\Foundation\\Http\\Middleware\\ConvertEmptyStringsToNull->handle(Object(Illuminate\\Http\\Request), Object(Closure))
#55 C:\\xampp\\htdocs\\serbiscrm\\vendor\\laravel\\framework\\src\\Illuminate\\Foundation\\Http\\Middleware\\TransformsRequest.php(21): Illuminate\\Pipeline\\Pipeline->Illuminate\\Pipeline\\{closure}(Object(Illuminate\\Http\\Request))
#56 C:\\xampp\\htdocs\\serbiscrm\\vendor\\laravel\\framework\\src\\Illuminate\\Foundation\\Http\\Middleware\\TrimStrings.php(40): Illuminate\\Foundation\\Http\\Middleware\\TransformsRequest->handle(Object(Illuminate\\Http\\Request), Object(Closure))
#57 C:\\xampp\\htdocs\\serbiscrm\\vendor\\laravel\\framework\\src\\Illuminate\\Pipeline\\Pipeline.php(180): Illuminate\\Foundation\\Http\\Middleware\\TrimStrings->handle(Object(Illuminate\\Http\\Request), Object(Closure))
#58 C:\\xampp\\htdocs\\serbiscrm\\vendor\\laravel\\framework\\src\\Illuminate\\Foundation\\Http\\Middleware\\ValidatePostSize.php(27): Illuminate\\Pipeline\\Pipeline->Illuminate\\Pipeline\\{closure}(Object(Illuminate\\Http\\Request))
#59 C:\\xampp\\htdocs\\serbiscrm\\vendor\\laravel\\framework\\src\\Illuminate\\Pipeline\\Pipeline.php(180): Illuminate\\Foundation\\Http\\Middleware\\ValidatePostSize->handle(Object(Illuminate\\Http\\Request), Object(Closure))
#60 C:\\xampp\\htdocs\\serbiscrm\\vendor\\laravel\\framework\\src\\Illuminate\\Foundation\\Http\\Middleware\\PreventRequestsDuringMaintenance.php(99): Illuminate\\Pipeline\\Pipeline->Illuminate\\Pipeline\\{closure}(Object(Illuminate\\Http\\Request))
#61 C:\\xampp\\htdocs\\serbiscrm\\vendor\\laravel\\framework\\src\\Illuminate\\Pipeline\\Pipeline.php(180): Illuminate\\Foundation\\Http\\Middleware\\PreventRequestsDuringMaintenance->handle(Object(Illuminate\\Http\\Request), Object(Closure))
#62 C:\\xampp\\htdocs\\serbiscrm\\vendor\\laravel\\framework\\src\\Illuminate\\Http\\Middleware\\HandleCors.php(49): Illuminate\\Pipeline\\Pipeline->Illuminate\\Pipeline\\{closure}(Object(Illuminate\\Http\\Request))
#63 C:\\xampp\\htdocs\\serbiscrm\\vendor\\laravel\\framework\\src\\Illuminate\\Pipeline\\Pipeline.php(180): Illuminate\\Http\\Middleware\\HandleCors->handle(Object(Illuminate\\Http\\Request), Object(Closure))
#64 C:\\xampp\\htdocs\\serbiscrm\\vendor\\laravel\\framework\\src\\Illuminate\\Http\\Middleware\\TrustProxies.php(39): Illuminate\\Pipeline\\Pipeline->Illuminate\\Pipeline\\{closure}(Object(Illuminate\\Http\\Request))
#65 C:\\xampp\\htdocs\\serbiscrm\\vendor\\laravel\\framework\\src\\Illuminate\\Pipeline\\Pipeline.php(180): Illuminate\\Http\\Middleware\\TrustProxies->handle(Object(Illuminate\\Http\\Request), Object(Closure))
#66 C:\\xampp\\htdocs\\serbiscrm\\vendor\\laravel\\framework\\src\\Illuminate\\Pipeline\\Pipeline.php(116): Illuminate\\Pipeline\\Pipeline->Illuminate\\Pipeline\\{closure}(Object(Illuminate\\Http\\Request))
#67 C:\\xampp\\htdocs\\serbiscrm\\vendor\\laravel\\framework\\src\\Illuminate\\Foundation\\Http\\Kernel.php(175): Illuminate\\Pipeline\\Pipeline->then(Object(Closure))
#68 C:\\xampp\\htdocs\\serbiscrm\\vendor\\laravel\\framework\\src\\Illuminate\\Foundation\\Http\\Kernel.php(144): Illuminate\\Foundation\\Http\\Kernel->sendRequestThroughRouter(Object(Illuminate\\Http\\Request))
#69 C:\\xampp\\htdocs\\serbiscrm\\public\\index.php(51): Illuminate\\Foundation\\Http\\Kernel->handle(Object(Illuminate\\Http\\Request))
#70 C:\\xampp\\htdocs\\serbiscrm\\vendor\\laravel\\framework\\src\\Illuminate\\Foundation\\resources\\server.php(16): require_once('C:\\\\xampp\\\\htdocs...')
#71 {main}
"} 
[2025-10-30 15:30:37] local.INFO: PayTR Request Data: {"merchant_id":"614136","order_id":"INT271761827437","amount":285000,"user_ip":"78.190.145.61","hash_string":"61413678.190.145.61INT271761827437fiberdev5@gmail.com285000W1siUEFSQVx1MDE1ZVx1MDBkY1QiLCIyODUwLjAwIiwxXV0=10TL1","token":"r7oQNC45XmsVn6//Ua7gtn793LkE3ODgmz1sjPoS7Ls="} 
[2025-10-30 15:30:38] local.INFO: PayTR API Response: {"status":"success","token":"9d5040fbb115488aa0ea2848bdb207225fd8505eb974bb8063d673d9eee76ef0-692499429"} 
[2025-10-30 15:49:18] local.INFO: PayTR Request Data: {"merchant_id":"614136","order_id":"INT271761828558","amount":180000,"user_ip":"78.190.145.61","hash_string":"61413678.190.145.61INT271761828558fiberdev5@gmail.com180000W1siTkVUR1NNIiwiMTgwMC4wMCIsMV1d10TL1","token":"TPjB80HpQ+ZAVlPcQdakAr14+Eiarjb4XbADwtG+cQk="} 
[2025-10-30 15:49:19] local.INFO: PayTR API Response: {"status":"success","token":"d3c5190d326dd433eccb622b5a2c9bc9c06ea93cea517bfae9baa9c66bb002c1-692507259"} 
[2025-10-30 15:49:30] local.INFO: Paytr Callback Received: {"hash":"R9iTdYEeVzVqm64Ik4Q3Qzc3qe7PfpKhIk1RUvDag5s=","merchant_oid":"INT271761828558","status":"success","total_amount":"180000","payment_type":"card","payment_amount":"180000","currency":"TL","installment_count":"1","merchant_id":"614136","test_mode":"1"} 
[2025-10-30 15:49:30] local.INFO: Callback Hash Verification: {"calculated_hash":"R9iTdYEeVzVqm64Ik4Q3Qzc3qe7PfpKhIk1RUvDag5s=","received_hash":"R9iTdYEeVzVqm64Ik4Q3Qzc3qe7PfpKhIk1RUvDag5s=","merchant_oid":"INT271761828558","status":"success","total_amount":"180000"} 
[2025-10-30 15:49:30] local.INFO: Callback verification successful  
[2025-10-30 15:49:30] local.ERROR: Payment not found for order ID: INT271761828558  
[2025-10-30 15:49:34] local.INFO: PayTR Request Data: {"merchant_id":"614136","order_id":"INT271761828574","amount":180000,"user_ip":"78.190.145.61","hash_string":"61413678.190.145.61INT271761828574fiberdev5@gmail.com180000W1siTkVUR1NNIiwiMTgwMC4wMCIsMV1d10TL1","token":"F87c/w4rNICH1x83289+2xT3wpth5xZm1ZtsAdlzjY8="} 
[2025-10-30 15:49:34] local.INFO: PayTR API Response: {"status":"success","token":"49c98e9526f1c7e30192bf114cf6feece2ce0f371dda765e5c97cceec80c379e-692507379"} 
[2025-10-30 15:50:11] local.INFO: Paytr Callback Received: {"hash":"muaOcVanfBEsDaODG0AK/IYyqwKMFwaAYfCUOznOx2k=","merchant_oid":"ST271761812993","status":"failed","total_amount":"0","failed_reason_code":"6","failed_reason_msg":"Müşteri ödeme yapmaktan vazgeçti ve ödeme sayfasından ayrıldı.","payment_type":"card","merchant_id":"614136","test_mode":"1"} 
[2025-10-30 15:50:11] local.INFO: Callback Hash Verification: {"calculated_hash":"muaOcVanfBEsDaODG0AK/IYyqwKMFwaAYfCUOznOx2k=","received_hash":"muaOcVanfBEsDaODG0AK/IYyqwKMFwaAYfCUOznOx2k=","merchant_oid":"ST271761812993","status":"failed","total_amount":"0"} 
[2025-10-30 15:50:11] local.INFO: Callback verification successful  
[2025-10-30 15:50:11] local.ERROR: Payment callback error {"message":"Attempt to read property \"status\" on null","file":"C:\\xampp\\htdocs\\serbiscrm\\app\\Http\\Controllers\\Frontend\\SubscriptionController.php","line":320,"post_data":{"hash":"muaOcVanfBEsDaODG0AK/IYyqwKMFwaAYfCUOznOx2k=","merchant_oid":"ST271761812993","status":"failed","total_amount":"0","failed_reason_code":"6","failed_reason_msg":"Müşteri ödeme yapmaktan vazgeçti ve ödeme sayfasından ayrıldı.","payment_type":"card","merchant_id":"614136","test_mode":"1"}} 
[2025-10-30 15:51:10] local.INFO: Paytr Callback Received: {"hash":"muaOcVanfBEsDaODG0AK/IYyqwKMFwaAYfCUOznOx2k=","merchant_oid":"ST271761812993","status":"failed","total_amount":"0","failed_reason_code":"6","failed_reason_msg":"Müşteri ödeme yapmaktan vazgeçti ve ödeme sayfasından ayrıldı.","payment_type":"card","merchant_id":"614136","test_mode":"1"} 
[2025-10-30 15:51:10] local.INFO: Callback Hash Verification: {"calculated_hash":"muaOcVanfBEsDaODG0AK/IYyqwKMFwaAYfCUOznOx2k=","received_hash":"muaOcVanfBEsDaODG0AK/IYyqwKMFwaAYfCUOznOx2k=","merchant_oid":"ST271761812993","status":"failed","total_amount":"0"} 
[2025-10-30 15:51:10] local.INFO: Callback verification successful  
[2025-10-30 15:51:10] local.ERROR: Payment callback error {"message":"Attempt to read property \"status\" on null","file":"C:\\xampp\\htdocs\\serbiscrm\\app\\Http\\Controllers\\Frontend\\SubscriptionController.php","line":320,"post_data":{"hash":"muaOcVanfBEsDaODG0AK/IYyqwKMFwaAYfCUOznOx2k=","merchant_oid":"ST271761812993","status":"failed","total_amount":"0","failed_reason_code":"6","failed_reason_msg":"Müşteri ödeme yapmaktan vazgeçti ve ödeme sayfasından ayrıldı.","payment_type":"card","merchant_id":"614136","test_mode":"1"}} 
[2025-10-30 15:52:08] local.INFO: Paytr Callback Received: {"hash":"muaOcVanfBEsDaODG0AK/IYyqwKMFwaAYfCUOznOx2k=","merchant_oid":"ST271761812993","status":"failed","total_amount":"0","failed_reason_code":"6","failed_reason_msg":"Müşteri ödeme yapmaktan vazgeçti ve ödeme sayfasından ayrıldı.","payment_type":"card","merchant_id":"614136","test_mode":"1"} 
[2025-10-30 15:52:08] local.INFO: Callback Hash Verification: {"calculated_hash":"muaOcVanfBEsDaODG0AK/IYyqwKMFwaAYfCUOznOx2k=","received_hash":"muaOcVanfBEsDaODG0AK/IYyqwKMFwaAYfCUOznOx2k=","merchant_oid":"ST271761812993","status":"failed","total_amount":"0"} 
[2025-10-30 15:52:08] local.INFO: Callback verification successful  
[2025-10-30 15:52:08] local.ERROR: Payment callback error {"message":"Attempt to read property \"status\" on null","file":"C:\\xampp\\htdocs\\serbiscrm\\app\\Http\\Controllers\\Frontend\\SubscriptionController.php","line":320,"post_data":{"hash":"muaOcVanfBEsDaODG0AK/IYyqwKMFwaAYfCUOznOx2k=","merchant_oid":"ST271761812993","status":"failed","total_amount":"0","failed_reason_code":"6","failed_reason_msg":"Müşteri ödeme yapmaktan vazgeçti ve ödeme sayfasından ayrıldı.","payment_type":"card","merchant_id":"614136","test_mode":"1"}} 
[2025-10-30 15:53:08] local.INFO: Paytr Callback Received: {"hash":"muaOcVanfBEsDaODG0AK/IYyqwKMFwaAYfCUOznOx2k=","merchant_oid":"ST271761812993","status":"failed","total_amount":"0","failed_reason_code":"6","failed_reason_msg":"Müşteri ödeme yapmaktan vazgeçti ve ödeme sayfasından ayrıldı.","payment_type":"card","merchant_id":"614136","test_mode":"1"} 
[2025-10-30 15:53:08] local.INFO: Callback Hash Verification: {"calculated_hash":"muaOcVanfBEsDaODG0AK/IYyqwKMFwaAYfCUOznOx2k=","received_hash":"muaOcVanfBEsDaODG0AK/IYyqwKMFwaAYfCUOznOx2k=","merchant_oid":"ST271761812993","status":"failed","total_amount":"0"} 
[2025-10-30 15:53:08] local.INFO: Callback verification successful  
[2025-10-30 15:53:08] local.ERROR: Payment callback error {"message":"Attempt to read property \"status\" on null","file":"C:\\xampp\\htdocs\\serbiscrm\\app\\Http\\Controllers\\Frontend\\SubscriptionController.php","line":320,"post_data":{"hash":"muaOcVanfBEsDaODG0AK/IYyqwKMFwaAYfCUOznOx2k=","merchant_oid":"ST271761812993","status":"failed","total_amount":"0","failed_reason_code":"6","failed_reason_msg":"Müşteri ödeme yapmaktan vazgeçti ve ödeme sayfasından ayrıldı.","payment_type":"card","merchant_id":"614136","test_mode":"1"}} 
[2025-10-30 15:54:12] local.INFO: Paytr Callback Received: {"hash":"muaOcVanfBEsDaODG0AK/IYyqwKMFwaAYfCUOznOx2k=","merchant_oid":"ST271761812993","status":"failed","total_amount":"0","failed_reason_code":"6","failed_reason_msg":"Müşteri ödeme yapmaktan vazgeçti ve ödeme sayfasından ayrıldı.","payment_type":"card","merchant_id":"614136","test_mode":"1"} 
[2025-10-30 15:54:12] local.INFO: Callback Hash Verification: {"calculated_hash":"muaOcVanfBEsDaODG0AK/IYyqwKMFwaAYfCUOznOx2k=","received_hash":"muaOcVanfBEsDaODG0AK/IYyqwKMFwaAYfCUOznOx2k=","merchant_oid":"ST271761812993","status":"failed","total_amount":"0"} 
[2025-10-30 15:54:12] local.INFO: Callback verification successful  
[2025-10-30 15:54:12] local.ERROR: Payment callback error {"message":"Attempt to read property \"status\" on null","file":"C:\\xampp\\htdocs\\serbiscrm\\app\\Http\\Controllers\\Frontend\\SubscriptionController.php","line":320,"post_data":{"hash":"muaOcVanfBEsDaODG0AK/IYyqwKMFwaAYfCUOznOx2k=","merchant_oid":"ST271761812993","status":"failed","total_amount":"0","failed_reason_code":"6","failed_reason_msg":"Müşteri ödeme yapmaktan vazgeçti ve ödeme sayfasından ayrıldı.","payment_type":"card","merchant_id":"614136","test_mode":"1"}} 
[2025-10-30 15:55:12] local.INFO: Paytr Callback Received: {"hash":"muaOcVanfBEsDaODG0AK/IYyqwKMFwaAYfCUOznOx2k=","merchant_oid":"ST271761812993","status":"failed","total_amount":"0","failed_reason_code":"6","failed_reason_msg":"Müşteri ödeme yapmaktan vazgeçti ve ödeme sayfasından ayrıldı.","payment_type":"card","merchant_id":"614136","test_mode":"1"} 
[2025-10-30 15:55:12] local.INFO: Callback Hash Verification: {"calculated_hash":"muaOcVanfBEsDaODG0AK/IYyqwKMFwaAYfCUOznOx2k=","received_hash":"muaOcVanfBEsDaODG0AK/IYyqwKMFwaAYfCUOznOx2k=","merchant_oid":"ST271761812993","status":"failed","total_amount":"0"} 
[2025-10-30 15:55:12] local.INFO: Callback verification successful  
[2025-10-30 15:55:12] local.ERROR: Payment callback error {"message":"Attempt to read property \"status\" on null","file":"C:\\xampp\\htdocs\\serbiscrm\\app\\Http\\Controllers\\Frontend\\SubscriptionController.php","line":320,"post_data":{"hash":"muaOcVanfBEsDaODG0AK/IYyqwKMFwaAYfCUOznOx2k=","merchant_oid":"ST271761812993","status":"failed","total_amount":"0","failed_reason_code":"6","failed_reason_msg":"Müşteri ödeme yapmaktan vazgeçti ve ödeme sayfasından ayrıldı.","payment_type":"card","merchant_id":"614136","test_mode":"1"}} 
[2025-10-30 15:55:56] local.INFO: PayTR Request Data: {"merchant_id":"614136","order_id":"INT271761828956","amount":180000,"user_ip":"78.190.145.61","hash_string":"61413678.190.145.61INT271761828956fiberdev5@gmail.com180000W1siTkVUR1NNIiwiMTgwMC4wMCIsMV1d10TL1","token":"d6VhYrUlFM04CAFi0YZKXBUrRsbRfjeghsNwrXA7sdE="} 
[2025-10-30 15:55:57] local.INFO: PayTR API Response: {"status":"success","token":"69d7e41c49de72fb9a116d957c26754fca3818307a3bb275218bf0c7c15f7337-692510007"} 
[2025-10-30 15:56:03] local.INFO: Paytr Callback Received: {"hash":"/vyyJ9HCD8GPZEy7MxTU6EcXOi6A14vhKibU7YwqtU8=","merchant_oid":"INT271761828956","status":"success","total_amount":"180000","payment_type":"card","payment_amount":"180000","currency":"TL","installment_count":"1","merchant_id":"614136","test_mode":"1"} 
[2025-10-30 15:56:03] local.INFO: Callback Hash Verification: {"calculated_hash":"/vyyJ9HCD8GPZEy7MxTU6EcXOi6A14vhKibU7YwqtU8=","received_hash":"/vyyJ9HCD8GPZEy7MxTU6EcXOi6A14vhKibU7YwqtU8=","merchant_oid":"INT271761828956","status":"success","total_amount":"180000"} 
[2025-10-30 15:56:03] local.INFO: Callback verification successful  
[2025-10-30 15:56:03] local.ERROR: Integration purchase not found: INT271761828956  
[2025-10-30 15:56:07] local.INFO: PayTR Request Data: {"merchant_id":"614136","order_id":"INT271761828967","amount":180000,"user_ip":"78.190.145.61","hash_string":"61413678.190.145.61INT271761828967fiberdev5@gmail.com180000W1siTkVUR1NNIiwiMTgwMC4wMCIsMV1d10TL1","token":"k9iLO3fasrbi1guTal0DbXTe5eP3xwo97cYgFxMzwi0="} 
[2025-10-30 15:56:08] local.INFO: PayTR API Response: {"status":"success","token":"59407fa1de24a143fd34fe76420a9d047be00ec5c8465541987211f1e292c4da-692510073"} 
[2025-10-30 15:56:10] local.INFO: Paytr Callback Received: {"hash":"muaOcVanfBEsDaODG0AK/IYyqwKMFwaAYfCUOznOx2k=","merchant_oid":"ST271761812993","status":"failed","total_amount":"0","failed_reason_code":"6","failed_reason_msg":"Müşteri ödeme yapmaktan vazgeçti ve ödeme sayfasından ayrıldı.","payment_type":"card","merchant_id":"614136","test_mode":"1"} 
[2025-10-30 15:56:10] local.INFO: Callback Hash Verification: {"calculated_hash":"muaOcVanfBEsDaODG0AK/IYyqwKMFwaAYfCUOznOx2k=","received_hash":"muaOcVanfBEsDaODG0AK/IYyqwKMFwaAYfCUOznOx2k=","merchant_oid":"ST271761812993","status":"failed","total_amount":"0"} 
[2025-10-30 15:56:10] local.INFO: Callback verification successful  
[2025-10-30 15:56:10] local.ERROR: Payment callback error {"message":"Attempt to read property \"status\" on null","file":"C:\\xampp\\htdocs\\serbiscrm\\app\\Http\\Controllers\\Frontend\\SubscriptionController.php","line":324,"post_data":{"hash":"muaOcVanfBEsDaODG0AK/IYyqwKMFwaAYfCUOznOx2k=","merchant_oid":"ST271761812993","status":"failed","total_amount":"0","failed_reason_code":"6","failed_reason_msg":"Müşteri ödeme yapmaktan vazgeçti ve ödeme sayfasından ayrıldı.","payment_type":"card","merchant_id":"614136","test_mode":"1"}} 
[2025-10-30 15:56:10] local.INFO: Paytr Callback Received: {"hash":"/vyyJ9HCD8GPZEy7MxTU6EcXOi6A14vhKibU7YwqtU8=","merchant_oid":"INT271761828956","status":"success","total_amount":"180000","payment_type":"card","payment_amount":"180000","currency":"TL","installment_count":"1","merchant_id":"614136","test_mode":"1"} 
[2025-10-30 15:56:10] local.INFO: Callback Hash Verification: {"calculated_hash":"/vyyJ9HCD8GPZEy7MxTU6EcXOi6A14vhKibU7YwqtU8=","received_hash":"/vyyJ9HCD8GPZEy7MxTU6EcXOi6A14vhKibU7YwqtU8=","merchant_oid":"INT271761828956","status":"success","total_amount":"180000"} 
[2025-10-30 15:56:10] local.INFO: Callback verification successful  
[2025-10-30 15:56:10] local.ERROR: Integration purchase not found: INT271761828956  
[2025-10-30 15:57:12] local.INFO: Paytr Callback Received: {"hash":"muaOcVanfBEsDaODG0AK/IYyqwKMFwaAYfCUOznOx2k=","merchant_oid":"ST271761812993","status":"failed","total_amount":"0","failed_reason_code":"6","failed_reason_msg":"Müşteri ödeme yapmaktan vazgeçti ve ödeme sayfasından ayrıldı.","payment_type":"card","merchant_id":"614136","test_mode":"1"} 
[2025-10-30 15:57:12] local.INFO: Callback Hash Verification: {"calculated_hash":"muaOcVanfBEsDaODG0AK/IYyqwKMFwaAYfCUOznOx2k=","received_hash":"muaOcVanfBEsDaODG0AK/IYyqwKMFwaAYfCUOznOx2k=","merchant_oid":"ST271761812993","status":"failed","total_amount":"0"} 
[2025-10-30 15:57:12] local.INFO: Callback verification successful  
[2025-10-30 15:57:12] local.ERROR: Payment callback error {"message":"Attempt to read property \"status\" on null","file":"C:\\xampp\\htdocs\\serbiscrm\\app\\Http\\Controllers\\Frontend\\SubscriptionController.php","line":324,"post_data":{"hash":"muaOcVanfBEsDaODG0AK/IYyqwKMFwaAYfCUOznOx2k=","merchant_oid":"ST271761812993","status":"failed","total_amount":"0","failed_reason_code":"6","failed_reason_msg":"Müşteri ödeme yapmaktan vazgeçti ve ödeme sayfasından ayrıldı.","payment_type":"card","merchant_id":"614136","test_mode":"1"}} 
[2025-10-30 15:57:13] local.INFO: Paytr Callback Received: {"hash":"/vyyJ9HCD8GPZEy7MxTU6EcXOi6A14vhKibU7YwqtU8=","merchant_oid":"INT271761828956","status":"success","total_amount":"180000","payment_type":"card","payment_amount":"180000","currency":"TL","installment_count":"1","merchant_id":"614136","test_mode":"1"} 
[2025-10-30 15:57:13] local.INFO: Callback Hash Verification: {"calculated_hash":"/vyyJ9HCD8GPZEy7MxTU6EcXOi6A14vhKibU7YwqtU8=","received_hash":"/vyyJ9HCD8GPZEy7MxTU6EcXOi6A14vhKibU7YwqtU8=","merchant_oid":"INT271761828956","status":"success","total_amount":"180000"} 
[2025-10-30 15:57:13] local.INFO: Callback verification successful  
[2025-10-30 15:57:13] local.ERROR: Integration purchase not found: INT271761828956  
[2025-10-30 15:57:56] local.INFO: PayTR Request Data: {"merchant_id":"614136","order_id":"INT271761829076","amount":285000,"user_ip":"78.190.145.61","hash_string":"61413678.190.145.61INT271761829076fiberdev5@gmail.com285000W1siUEFSQVx1MDE1ZVx1MDBkY1QiLCIyODUwLjAwIiwxXV0=10TL1","token":"p1zBr7VLgC/qDHKsYbxZZSKZImPv95/U3GSkrWZBfc4="} 
[2025-10-30 15:57:57] local.INFO: PayTR API Response: {"status":"success","token":"adf27e17718beef32547be4d8b72081b9af7620fd173571c253797a371d91734-692510913"} 
[2025-10-30 15:58:04] local.INFO: Paytr Callback Received: {"hash":"N0rhd7FEGVpBHvbYJfEPplou8xLYQETpkTRNu/GgArk=","merchant_oid":"INT271761829076","status":"success","total_amount":"285000","payment_type":"card","payment_amount":"285000","currency":"TL","installment_count":"1","merchant_id":"614136","test_mode":"1"} 
[2025-10-30 15:58:04] local.INFO: Callback Hash Verification: {"calculated_hash":"N0rhd7FEGVpBHvbYJfEPplou8xLYQETpkTRNu/GgArk=","received_hash":"N0rhd7FEGVpBHvbYJfEPplou8xLYQETpkTRNu/GgArk=","merchant_oid":"INT271761829076","status":"success","total_amount":"285000"} 
[2025-10-30 15:58:04] local.INFO: Callback verification successful  
[2025-10-30 15:58:04] local.ERROR: Integration purchase not found: INT271761829076  
[2025-10-30 15:58:08] local.INFO: PayTR Request Data: {"merchant_id":"614136","order_id":"INT271761829088","amount":285000,"user_ip":"78.190.145.61","hash_string":"61413678.190.145.61INT271761829088fiberdev5@gmail.com285000W1siUEFSQVx1MDE1ZVx1MDBkY1QiLCIyODUwLjAwIiwxXV0=10TL1","token":"As/RNR1Tq6lGytwkFKGFnGktxt9romuj/5djQF/ERVQ="} 
[2025-10-30 15:58:09] local.INFO: PayTR API Response: {"status":"success","token":"18cc5b8870cb7f853e3da2f412a230a5893a641bc073569381aaf52bdb68fc9e-692510991"} 
[2025-10-30 15:58:14] local.INFO: Paytr Callback Received: {"hash":"muaOcVanfBEsDaODG0AK/IYyqwKMFwaAYfCUOznOx2k=","merchant_oid":"ST271761812993","status":"failed","total_amount":"0","failed_reason_code":"6","failed_reason_msg":"Müşteri ödeme yapmaktan vazgeçti ve ödeme sayfasından ayrıldı.","payment_type":"card","merchant_id":"614136","test_mode":"1"} 
[2025-10-30 15:58:14] local.INFO: Callback Hash Verification: {"calculated_hash":"muaOcVanfBEsDaODG0AK/IYyqwKMFwaAYfCUOznOx2k=","received_hash":"muaOcVanfBEsDaODG0AK/IYyqwKMFwaAYfCUOznOx2k=","merchant_oid":"ST271761812993","status":"failed","total_amount":"0"} 
[2025-10-30 15:58:14] local.INFO: Callback verification successful  
[2025-10-30 15:58:14] local.ERROR: Payment callback error {"message":"Attempt to read property \"status\" on null","file":"C:\\xampp\\htdocs\\serbiscrm\\app\\Http\\Controllers\\Frontend\\SubscriptionController.php","line":324,"post_data":{"hash":"muaOcVanfBEsDaODG0AK/IYyqwKMFwaAYfCUOznOx2k=","merchant_oid":"ST271761812993","status":"failed","total_amount":"0","failed_reason_code":"6","failed_reason_msg":"Müşteri ödeme yapmaktan vazgeçti ve ödeme sayfasından ayrıldı.","payment_type":"card","merchant_id":"614136","test_mode":"1"}} 
[2025-10-30 15:58:15] local.INFO: Paytr Callback Received: {"hash":"/vyyJ9HCD8GPZEy7MxTU6EcXOi6A14vhKibU7YwqtU8=","merchant_oid":"INT271761828956","status":"success","total_amount":"180000","payment_type":"card","payment_amount":"180000","currency":"TL","installment_count":"1","merchant_id":"614136","test_mode":"1"} 
[2025-10-30 15:58:15] local.INFO: Callback Hash Verification: {"calculated_hash":"/vyyJ9HCD8GPZEy7MxTU6EcXOi6A14vhKibU7YwqtU8=","received_hash":"/vyyJ9HCD8GPZEy7MxTU6EcXOi6A14vhKibU7YwqtU8=","merchant_oid":"INT271761828956","status":"success","total_amount":"180000"} 
[2025-10-30 15:58:15] local.INFO: Callback verification successful  
[2025-10-30 15:58:15] local.ERROR: Integration purchase not found: INT271761828956  
[2025-10-30 15:58:15] local.INFO: Paytr Callback Received: {"hash":"N0rhd7FEGVpBHvbYJfEPplou8xLYQETpkTRNu/GgArk=","merchant_oid":"INT271761829076","status":"success","total_amount":"285000","payment_type":"card","payment_amount":"285000","currency":"TL","installment_count":"1","merchant_id":"614136","test_mode":"1"} 
[2025-10-30 15:58:15] local.INFO: Callback Hash Verification: {"calculated_hash":"N0rhd7FEGVpBHvbYJfEPplou8xLYQETpkTRNu/GgArk=","received_hash":"N0rhd7FEGVpBHvbYJfEPplou8xLYQETpkTRNu/GgArk=","merchant_oid":"INT271761829076","status":"success","total_amount":"285000"} 
[2025-10-30 15:58:15] local.INFO: Callback verification successful  
[2025-10-30 15:58:15] local.ERROR: Integration purchase not found: INT271761829076  
[2025-10-30 15:59:13] local.INFO: Paytr Callback Received: {"hash":"muaOcVanfBEsDaODG0AK/IYyqwKMFwaAYfCUOznOx2k=","merchant_oid":"ST271761812993","status":"failed","total_amount":"0","failed_reason_code":"6","failed_reason_msg":"Müşteri ödeme yapmaktan vazgeçti ve ödeme sayfasından ayrıldı.","payment_type":"card","merchant_id":"614136","test_mode":"1"} 
[2025-10-30 15:59:13] local.INFO: Callback Hash Verification: {"calculated_hash":"muaOcVanfBEsDaODG0AK/IYyqwKMFwaAYfCUOznOx2k=","received_hash":"muaOcVanfBEsDaODG0AK/IYyqwKMFwaAYfCUOznOx2k=","merchant_oid":"ST271761812993","status":"failed","total_amount":"0"} 
[2025-10-30 15:59:13] local.INFO: Callback verification successful  
[2025-10-30 15:59:13] local.ERROR: Payment callback error {"message":"Attempt to read property \"status\" on null","file":"C:\\xampp\\htdocs\\serbiscrm\\app\\Http\\Controllers\\Frontend\\SubscriptionController.php","line":324,"post_data":{"hash":"muaOcVanfBEsDaODG0AK/IYyqwKMFwaAYfCUOznOx2k=","merchant_oid":"ST271761812993","status":"failed","total_amount":"0","failed_reason_code":"6","failed_reason_msg":"Müşteri ödeme yapmaktan vazgeçti ve ödeme sayfasından ayrıldı.","payment_type":"card","merchant_id":"614136","test_mode":"1"}} 
[2025-10-30 15:59:14] local.INFO: Paytr Callback Received: {"hash":"/vyyJ9HCD8GPZEy7MxTU6EcXOi6A14vhKibU7YwqtU8=","merchant_oid":"INT271761828956","status":"success","total_amount":"180000","payment_type":"card","payment_amount":"180000","currency":"TL","installment_count":"1","merchant_id":"614136","test_mode":"1"} 
[2025-10-30 15:59:14] local.INFO: Callback Hash Verification: {"calculated_hash":"/vyyJ9HCD8GPZEy7MxTU6EcXOi6A14vhKibU7YwqtU8=","received_hash":"/vyyJ9HCD8GPZEy7MxTU6EcXOi6A14vhKibU7YwqtU8=","merchant_oid":"INT271761828956","status":"success","total_amount":"180000"} 
[2025-10-30 15:59:14] local.INFO: Callback verification successful  
[2025-10-30 15:59:14] local.ERROR: Integration purchase not found: INT271761828956  
[2025-10-30 15:59:14] local.INFO: Paytr Callback Received: {"hash":"N0rhd7FEGVpBHvbYJfEPplou8xLYQETpkTRNu/GgArk=","merchant_oid":"INT271761829076","status":"success","total_amount":"285000","payment_type":"card","payment_amount":"285000","currency":"TL","installment_count":"1","merchant_id":"614136","test_mode":"1"} 
[2025-10-30 15:59:14] local.INFO: Callback Hash Verification: {"calculated_hash":"N0rhd7FEGVpBHvbYJfEPplou8xLYQETpkTRNu/GgArk=","received_hash":"N0rhd7FEGVpBHvbYJfEPplou8xLYQETpkTRNu/GgArk=","merchant_oid":"INT271761829076","status":"success","total_amount":"285000"} 
[2025-10-30 15:59:14] local.INFO: Callback verification successful  
[2025-10-30 15:59:14] local.ERROR: Integration purchase not found: INT271761829076  
[2025-10-30 16:00:01] local.INFO: PayTR Request Data: {"merchant_id":"614136","order_id":"INT271761829201","amount":180000,"user_ip":"78.190.145.61","hash_string":"61413678.190.145.61INT271761829201fiberdev5@gmail.com180000W1siTkVUR1NNIiwiMTgwMC4wMCIsMV1d10TL1","token":"L8ELmgUdCDTjmqyFtFlX+bTQN8lWgTrgpaoz0Gmsdn4="} 
[2025-10-30 16:00:02] local.INFO: PayTR API Response: {"status":"success","token":"c5ce4af33dc96bb3298e37a27c10a20ffb6b65795f3e67b90e537a77ad37f5c5-692511693"} 
[2025-10-30 16:00:08] local.INFO: Paytr Callback Received: {"hash":"E46PF12dMiC+C9A5R9woQNvuK/EknHrYtb+Awaaocf8=","merchant_oid":"INT271761829201","status":"success","total_amount":"180000","payment_type":"card","payment_amount":"180000","currency":"TL","installment_count":"1","merchant_id":"614136","test_mode":"1"} 
[2025-10-30 16:00:08] local.INFO: Callback Hash Verification: {"calculated_hash":"E46PF12dMiC+C9A5R9woQNvuK/EknHrYtb+Awaaocf8=","received_hash":"E46PF12dMiC+C9A5R9woQNvuK/EknHrYtb+Awaaocf8=","merchant_oid":"INT271761829201","status":"success","total_amount":"180000"} 
[2025-10-30 16:00:08] local.INFO: Callback verification successful  
[2025-10-30 16:00:08] local.ERROR: Integration purchase not found: INT271761829201  
[2025-10-30 16:00:13] local.INFO: PayTR Request Data: {"merchant_id":"614136","order_id":"INT271761829213","amount":180000,"user_ip":"78.190.145.61","hash_string":"61413678.190.145.61INT271761829213fiberdev5@gmail.com180000W1siTkVUR1NNIiwiMTgwMC4wMCIsMV1d10TL1","token":"m4AENls7d59GleAjDp3929NmWWR5UVqX9NfaOAdF4Xo="} 
[2025-10-30 16:00:13] local.INFO: PayTR API Response: {"status":"success","token":"65ea560c68bbf411a76b37c523d91a12802f78d8fc269393101aea5462af176a-692511774"} 
[2025-10-30 16:00:16] local.INFO: Paytr Callback Received: {"hash":"muaOcVanfBEsDaODG0AK/IYyqwKMFwaAYfCUOznOx2k=","merchant_oid":"ST271761812993","status":"failed","total_amount":"0","failed_reason_code":"6","failed_reason_msg":"Müşteri ödeme yapmaktan vazgeçti ve ödeme sayfasından ayrıldı.","payment_type":"card","merchant_id":"614136","test_mode":"1"} 
[2025-10-30 16:00:16] local.INFO: Callback Hash Verification: {"calculated_hash":"muaOcVanfBEsDaODG0AK/IYyqwKMFwaAYfCUOznOx2k=","received_hash":"muaOcVanfBEsDaODG0AK/IYyqwKMFwaAYfCUOznOx2k=","merchant_oid":"ST271761812993","status":"failed","total_amount":"0"} 
[2025-10-30 16:00:16] local.INFO: Callback verification successful  
[2025-10-30 16:00:16] local.ERROR: Payment callback error {"message":"Attempt to read property \"status\" on null","file":"C:\\xampp\\htdocs\\serbiscrm\\app\\Http\\Controllers\\Frontend\\SubscriptionController.php","line":324,"post_data":{"hash":"muaOcVanfBEsDaODG0AK/IYyqwKMFwaAYfCUOznOx2k=","merchant_oid":"ST271761812993","status":"failed","total_amount":"0","failed_reason_code":"6","failed_reason_msg":"Müşteri ödeme yapmaktan vazgeçti ve ödeme sayfasından ayrıldı.","payment_type":"card","merchant_id":"614136","test_mode":"1"}} 
[2025-10-30 16:00:16] local.INFO: Paytr Callback Received: {"hash":"/vyyJ9HCD8GPZEy7MxTU6EcXOi6A14vhKibU7YwqtU8=","merchant_oid":"INT271761828956","status":"success","total_amount":"180000","payment_type":"card","payment_amount":"180000","currency":"TL","installment_count":"1","merchant_id":"614136","test_mode":"1"} 
[2025-10-30 16:00:16] local.INFO: Callback Hash Verification: {"calculated_hash":"/vyyJ9HCD8GPZEy7MxTU6EcXOi6A14vhKibU7YwqtU8=","received_hash":"/vyyJ9HCD8GPZEy7MxTU6EcXOi6A14vhKibU7YwqtU8=","merchant_oid":"INT271761828956","status":"success","total_amount":"180000"} 
[2025-10-30 16:00:16] local.INFO: Callback verification successful  
[2025-10-30 16:00:16] local.ERROR: Integration purchase not found: INT271761828956  
[2025-10-30 16:00:17] local.INFO: Paytr Callback Received: {"hash":"N0rhd7FEGVpBHvbYJfEPplou8xLYQETpkTRNu/GgArk=","merchant_oid":"INT271761829076","status":"success","total_amount":"285000","payment_type":"card","payment_amount":"285000","currency":"TL","installment_count":"1","merchant_id":"614136","test_mode":"1"} 
[2025-10-30 16:00:17] local.INFO: Callback Hash Verification: {"calculated_hash":"N0rhd7FEGVpBHvbYJfEPplou8xLYQETpkTRNu/GgArk=","received_hash":"N0rhd7FEGVpBHvbYJfEPplou8xLYQETpkTRNu/GgArk=","merchant_oid":"INT271761829076","status":"success","total_amount":"285000"} 
[2025-10-30 16:00:17] local.INFO: Callback verification successful  
[2025-10-30 16:00:17] local.ERROR: Integration purchase not found: INT271761829076  
[2025-10-30 16:00:18] local.INFO: Paytr Callback Received: {"hash":"E46PF12dMiC+C9A5R9woQNvuK/EknHrYtb+Awaaocf8=","merchant_oid":"INT271761829201","status":"success","total_amount":"180000","payment_type":"card","payment_amount":"180000","currency":"TL","installment_count":"1","merchant_id":"614136","test_mode":"1"} 
[2025-10-30 16:00:18] local.INFO: Callback Hash Verification: {"calculated_hash":"E46PF12dMiC+C9A5R9woQNvuK/EknHrYtb+Awaaocf8=","received_hash":"E46PF12dMiC+C9A5R9woQNvuK/EknHrYtb+Awaaocf8=","merchant_oid":"INT271761829201","status":"success","total_amount":"180000"} 
[2025-10-30 16:00:18] local.INFO: Callback verification successful  
[2025-10-30 16:00:18] local.ERROR: Integration purchase not found: INT271761829201  
[2025-10-30 16:01:13] local.INFO: Paytr Callback Received: {"hash":"muaOcVanfBEsDaODG0AK/IYyqwKMFwaAYfCUOznOx2k=","merchant_oid":"ST271761812993","status":"failed","total_amount":"0","failed_reason_code":"6","failed_reason_msg":"Müşteri ödeme yapmaktan vazgeçti ve ödeme sayfasından ayrıldı.","payment_type":"card","merchant_id":"614136","test_mode":"1"} 
[2025-10-30 16:01:13] local.INFO: Callback Hash Verification: {"calculated_hash":"muaOcVanfBEsDaODG0AK/IYyqwKMFwaAYfCUOznOx2k=","received_hash":"muaOcVanfBEsDaODG0AK/IYyqwKMFwaAYfCUOznOx2k=","merchant_oid":"ST271761812993","status":"failed","total_amount":"0"} 
[2025-10-30 16:01:13] local.INFO: Callback verification successful  
[2025-10-30 16:01:13] local.ERROR: Payment callback error {"message":"Attempt to read property \"status\" on null","file":"C:\\xampp\\htdocs\\serbiscrm\\app\\Http\\Controllers\\Frontend\\SubscriptionController.php","line":324,"post_data":{"hash":"muaOcVanfBEsDaODG0AK/IYyqwKMFwaAYfCUOznOx2k=","merchant_oid":"ST271761812993","status":"failed","total_amount":"0","failed_reason_code":"6","failed_reason_msg":"Müşteri ödeme yapmaktan vazgeçti ve ödeme sayfasından ayrıldı.","payment_type":"card","merchant_id":"614136","test_mode":"1"}} 
[2025-10-30 16:01:13] local.INFO: Paytr Callback Received: {"hash":"/vyyJ9HCD8GPZEy7MxTU6EcXOi6A14vhKibU7YwqtU8=","merchant_oid":"INT271761828956","status":"success","total_amount":"180000","payment_type":"card","payment_amount":"180000","currency":"TL","installment_count":"1","merchant_id":"614136","test_mode":"1"} 
[2025-10-30 16:01:13] local.INFO: Callback Hash Verification: {"calculated_hash":"/vyyJ9HCD8GPZEy7MxTU6EcXOi6A14vhKibU7YwqtU8=","received_hash":"/vyyJ9HCD8GPZEy7MxTU6EcXOi6A14vhKibU7YwqtU8=","merchant_oid":"INT271761828956","status":"success","total_amount":"180000"} 
[2025-10-30 16:01:13] local.INFO: Callback verification successful  
[2025-10-30 16:01:13] local.ERROR: Integration purchase not found: INT271761828956  
[2025-10-30 16:01:14] local.INFO: Paytr Callback Received: {"hash":"N0rhd7FEGVpBHvbYJfEPplou8xLYQETpkTRNu/GgArk=","merchant_oid":"INT271761829076","status":"success","total_amount":"285000","payment_type":"card","payment_amount":"285000","currency":"TL","installment_count":"1","merchant_id":"614136","test_mode":"1"} 
[2025-10-30 16:01:14] local.INFO: Callback Hash Verification: {"calculated_hash":"N0rhd7FEGVpBHvbYJfEPplou8xLYQETpkTRNu/GgArk=","received_hash":"N0rhd7FEGVpBHvbYJfEPplou8xLYQETpkTRNu/GgArk=","merchant_oid":"INT271761829076","status":"success","total_amount":"285000"} 
[2025-10-30 16:01:14] local.INFO: Callback verification successful  
[2025-10-30 16:01:14] local.ERROR: Integration purchase not found: INT271761829076  
[2025-10-30 16:01:14] local.INFO: Paytr Callback Received: {"hash":"E46PF12dMiC+C9A5R9woQNvuK/EknHrYtb+Awaaocf8=","merchant_oid":"INT271761829201","status":"success","total_amount":"180000","payment_type":"card","payment_amount":"180000","currency":"TL","installment_count":"1","merchant_id":"614136","test_mode":"1"} 
[2025-10-30 16:01:14] local.INFO: Callback Hash Verification: {"calculated_hash":"E46PF12dMiC+C9A5R9woQNvuK/EknHrYtb+Awaaocf8=","received_hash":"E46PF12dMiC+C9A5R9woQNvuK/EknHrYtb+Awaaocf8=","merchant_oid":"INT271761829201","status":"success","total_amount":"180000"} 
[2025-10-30 16:01:14] local.INFO: Callback verification successful  
[2025-10-30 16:01:14] local.ERROR: Integration purchase not found: INT271761829201  
[2025-10-30 16:02:15] local.INFO: Paytr Callback Received: {"hash":"muaOcVanfBEsDaODG0AK/IYyqwKMFwaAYfCUOznOx2k=","merchant_oid":"ST271761812993","status":"failed","total_amount":"0","failed_reason_code":"6","failed_reason_msg":"Müşteri ödeme yapmaktan vazgeçti ve ödeme sayfasından ayrıldı.","payment_type":"card","merchant_id":"614136","test_mode":"1"} 
[2025-10-30 16:02:15] local.INFO: Callback Hash Verification: {"calculated_hash":"muaOcVanfBEsDaODG0AK/IYyqwKMFwaAYfCUOznOx2k=","received_hash":"muaOcVanfBEsDaODG0AK/IYyqwKMFwaAYfCUOznOx2k=","merchant_oid":"ST271761812993","status":"failed","total_amount":"0"} 
[2025-10-30 16:02:15] local.INFO: Callback verification successful  
[2025-10-30 16:02:15] local.ERROR: Payment callback error {"message":"Attempt to read property \"status\" on null","file":"C:\\xampp\\htdocs\\serbiscrm\\app\\Http\\Controllers\\Frontend\\SubscriptionController.php","line":324,"post_data":{"hash":"muaOcVanfBEsDaODG0AK/IYyqwKMFwaAYfCUOznOx2k=","merchant_oid":"ST271761812993","status":"failed","total_amount":"0","failed_reason_code":"6","failed_reason_msg":"Müşteri ödeme yapmaktan vazgeçti ve ödeme sayfasından ayrıldı.","payment_type":"card","merchant_id":"614136","test_mode":"1"}} 
[2025-10-30 16:02:15] local.INFO: Paytr Callback Received: {"hash":"/vyyJ9HCD8GPZEy7MxTU6EcXOi6A14vhKibU7YwqtU8=","merchant_oid":"INT271761828956","status":"success","total_amount":"180000","payment_type":"card","payment_amount":"180000","currency":"TL","installment_count":"1","merchant_id":"614136","test_mode":"1"} 
[2025-10-30 16:02:15] local.INFO: Callback Hash Verification: {"calculated_hash":"/vyyJ9HCD8GPZEy7MxTU6EcXOi6A14vhKibU7YwqtU8=","received_hash":"/vyyJ9HCD8GPZEy7MxTU6EcXOi6A14vhKibU7YwqtU8=","merchant_oid":"INT271761828956","status":"success","total_amount":"180000"} 
[2025-10-30 16:02:15] local.INFO: Callback verification successful  
[2025-10-30 16:02:15] local.ERROR: Integration purchase not found: INT271761828956  
[2025-10-30 16:02:16] local.INFO: Paytr Callback Received: {"hash":"N0rhd7FEGVpBHvbYJfEPplou8xLYQETpkTRNu/GgArk=","merchant_oid":"INT271761829076","status":"success","total_amount":"285000","payment_type":"card","payment_amount":"285000","currency":"TL","installment_count":"1","merchant_id":"614136","test_mode":"1"} 
[2025-10-30 16:02:16] local.INFO: Callback Hash Verification: {"calculated_hash":"N0rhd7FEGVpBHvbYJfEPplou8xLYQETpkTRNu/GgArk=","received_hash":"N0rhd7FEGVpBHvbYJfEPplou8xLYQETpkTRNu/GgArk=","merchant_oid":"INT271761829076","status":"success","total_amount":"285000"} 
[2025-10-30 16:02:16] local.INFO: Callback verification successful  
[2025-10-30 16:02:16] local.ERROR: Integration purchase not found: INT271761829076  
[2025-10-30 16:02:16] local.INFO: Paytr Callback Received: {"hash":"E46PF12dMiC+C9A5R9woQNvuK/EknHrYtb+Awaaocf8=","merchant_oid":"INT271761829201","status":"success","total_amount":"180000","payment_type":"card","payment_amount":"180000","currency":"TL","installment_count":"1","merchant_id":"614136","test_mode":"1"} 
[2025-10-30 16:02:16] local.INFO: Callback Hash Verification: {"calculated_hash":"E46PF12dMiC+C9A5R9woQNvuK/EknHrYtb+Awaaocf8=","received_hash":"E46PF12dMiC+C9A5R9woQNvuK/EknHrYtb+Awaaocf8=","merchant_oid":"INT271761829201","status":"success","total_amount":"180000"} 
[2025-10-30 16:02:16] local.INFO: Callback verification successful  
[2025-10-30 16:02:16] local.ERROR: Integration purchase not found: INT271761829201  
[2025-10-30 16:02:17] local.INFO: Paytr Callback Received: {"hash":"FraceZRstvS3hDhxkjHGUKXCR56lHdxHWboxsKShiJQ=","merchant_oid":"INT271761827437","status":"failed","total_amount":"0","failed_reason_code":"6","failed_reason_msg":"Müşteri ödeme yapmaktan vazgeçti ve ödeme sayfasından ayrıldı.","payment_type":"card","merchant_id":"614136","test_mode":"1"} 
[2025-10-30 16:02:17] local.INFO: Callback Hash Verification: {"calculated_hash":"FraceZRstvS3hDhxkjHGUKXCR56lHdxHWboxsKShiJQ=","received_hash":"FraceZRstvS3hDhxkjHGUKXCR56lHdxHWboxsKShiJQ=","merchant_oid":"INT271761827437","status":"failed","total_amount":"0"} 
[2025-10-30 16:02:17] local.INFO: Callback verification successful  
[2025-10-30 16:02:17] local.ERROR: Integration purchase not found: INT271761827437  
[2025-10-30 16:03:13] local.INFO: Paytr Callback Received: {"hash":"muaOcVanfBEsDaODG0AK/IYyqwKMFwaAYfCUOznOx2k=","merchant_oid":"ST271761812993","status":"failed","total_amount":"0","failed_reason_code":"6","failed_reason_msg":"Müşteri ödeme yapmaktan vazgeçti ve ödeme sayfasından ayrıldı.","payment_type":"card","merchant_id":"614136","test_mode":"1"} 
[2025-10-30 16:03:13] local.INFO: Callback Hash Verification: {"calculated_hash":"muaOcVanfBEsDaODG0AK/IYyqwKMFwaAYfCUOznOx2k=","received_hash":"muaOcVanfBEsDaODG0AK/IYyqwKMFwaAYfCUOznOx2k=","merchant_oid":"ST271761812993","status":"failed","total_amount":"0"} 
[2025-10-30 16:03:13] local.INFO: Callback verification successful  
[2025-10-30 16:03:13] local.ERROR: Payment callback error {"message":"Attempt to read property \"status\" on null","file":"C:\\xampp\\htdocs\\serbiscrm\\app\\Http\\Controllers\\Frontend\\SubscriptionController.php","line":324,"post_data":{"hash":"muaOcVanfBEsDaODG0AK/IYyqwKMFwaAYfCUOznOx2k=","merchant_oid":"ST271761812993","status":"failed","total_amount":"0","failed_reason_code":"6","failed_reason_msg":"Müşteri ödeme yapmaktan vazgeçti ve ödeme sayfasından ayrıldı.","payment_type":"card","merchant_id":"614136","test_mode":"1"}} 
[2025-10-30 16:03:13] local.INFO: Paytr Callback Received: {"hash":"/vyyJ9HCD8GPZEy7MxTU6EcXOi6A14vhKibU7YwqtU8=","merchant_oid":"INT271761828956","status":"success","total_amount":"180000","payment_type":"card","payment_amount":"180000","currency":"TL","installment_count":"1","merchant_id":"614136","test_mode":"1"} 
[2025-10-30 16:03:13] local.INFO: Callback Hash Verification: {"calculated_hash":"/vyyJ9HCD8GPZEy7MxTU6EcXOi6A14vhKibU7YwqtU8=","received_hash":"/vyyJ9HCD8GPZEy7MxTU6EcXOi6A14vhKibU7YwqtU8=","merchant_oid":"INT271761828956","status":"success","total_amount":"180000"} 
[2025-10-30 16:03:13] local.INFO: Callback verification successful  
[2025-10-30 16:03:13] local.ERROR: Integration purchase not found: INT271761828956  
[2025-10-30 16:03:14] local.INFO: Paytr Callback Received: {"hash":"N0rhd7FEGVpBHvbYJfEPplou8xLYQETpkTRNu/GgArk=","merchant_oid":"INT271761829076","status":"success","total_amount":"285000","payment_type":"card","payment_amount":"285000","currency":"TL","installment_count":"1","merchant_id":"614136","test_mode":"1"} 
[2025-10-30 16:03:14] local.INFO: Callback Hash Verification: {"calculated_hash":"N0rhd7FEGVpBHvbYJfEPplou8xLYQETpkTRNu/GgArk=","received_hash":"N0rhd7FEGVpBHvbYJfEPplou8xLYQETpkTRNu/GgArk=","merchant_oid":"INT271761829076","status":"success","total_amount":"285000"} 
[2025-10-30 16:03:14] local.INFO: Callback verification successful  
[2025-10-30 16:03:14] local.ERROR: Integration purchase not found: INT271761829076  
[2025-10-30 16:03:14] local.INFO: Paytr Callback Received: {"hash":"E46PF12dMiC+C9A5R9woQNvuK/EknHrYtb+Awaaocf8=","merchant_oid":"INT271761829201","status":"success","total_amount":"180000","payment_type":"card","payment_amount":"180000","currency":"TL","installment_count":"1","merchant_id":"614136","test_mode":"1"} 
[2025-10-30 16:03:14] local.INFO: Callback Hash Verification: {"calculated_hash":"E46PF12dMiC+C9A5R9woQNvuK/EknHrYtb+Awaaocf8=","received_hash":"E46PF12dMiC+C9A5R9woQNvuK/EknHrYtb+Awaaocf8=","merchant_oid":"INT271761829201","status":"success","total_amount":"180000"} 
[2025-10-30 16:03:14] local.INFO: Callback verification successful  
[2025-10-30 16:03:14] local.ERROR: Integration purchase not found: INT271761829201  
[2025-10-30 16:03:15] local.INFO: Paytr Callback Received: {"hash":"FraceZRstvS3hDhxkjHGUKXCR56lHdxHWboxsKShiJQ=","merchant_oid":"INT271761827437","status":"failed","total_amount":"0","failed_reason_code":"6","failed_reason_msg":"Müşteri ödeme yapmaktan vazgeçti ve ödeme sayfasından ayrıldı.","payment_type":"card","merchant_id":"614136","test_mode":"1"} 
[2025-10-30 16:03:15] local.INFO: Callback Hash Verification: {"calculated_hash":"FraceZRstvS3hDhxkjHGUKXCR56lHdxHWboxsKShiJQ=","received_hash":"FraceZRstvS3hDhxkjHGUKXCR56lHdxHWboxsKShiJQ=","merchant_oid":"INT271761827437","status":"failed","total_amount":"0"} 
[2025-10-30 16:03:15] local.INFO: Callback verification successful  
[2025-10-30 16:03:15] local.ERROR: Integration purchase not found: INT271761827437  
[2025-10-30 16:04:13] local.INFO: Paytr Callback Received: {"hash":"muaOcVanfBEsDaODG0AK/IYyqwKMFwaAYfCUOznOx2k=","merchant_oid":"ST271761812993","status":"failed","total_amount":"0","failed_reason_code":"6","failed_reason_msg":"Müşteri ödeme yapmaktan vazgeçti ve ödeme sayfasından ayrıldı.","payment_type":"card","merchant_id":"614136","test_mode":"1"} 
[2025-10-30 16:04:13] local.INFO: Callback Hash Verification: {"calculated_hash":"muaOcVanfBEsDaODG0AK/IYyqwKMFwaAYfCUOznOx2k=","received_hash":"muaOcVanfBEsDaODG0AK/IYyqwKMFwaAYfCUOznOx2k=","merchant_oid":"ST271761812993","status":"failed","total_amount":"0"} 
[2025-10-30 16:04:13] local.INFO: Callback verification successful  
[2025-10-30 16:04:13] local.ERROR: Payment callback error {"message":"Attempt to read property \"status\" on null","file":"C:\\xampp\\htdocs\\serbiscrm\\app\\Http\\Controllers\\Frontend\\SubscriptionController.php","line":324,"post_data":{"hash":"muaOcVanfBEsDaODG0AK/IYyqwKMFwaAYfCUOznOx2k=","merchant_oid":"ST271761812993","status":"failed","total_amount":"0","failed_reason_code":"6","failed_reason_msg":"Müşteri ödeme yapmaktan vazgeçti ve ödeme sayfasından ayrıldı.","payment_type":"card","merchant_id":"614136","test_mode":"1"}} 
[2025-10-30 16:04:13] local.INFO: All active products count: 3  
[2025-10-30 16:04:13] local.INFO: Product ID 5 (Deneme Ürün): Current stock = 4  
[2025-10-30 16:04:13] local.INFO: Added to low: Deneme Ürün (Stock: 4)  
[2025-10-30 16:04:13] local.INFO: Product ID 10 (stok112): Current stock = 11  
[2025-10-30 16:04:13] local.INFO: Product ID 11 (Dolap vidası): Current stock = 10  
[2025-10-30 16:04:13] local.INFO: Final Alerts Result: {"critical_count":0,"low_count":1,"total_products_checked":3} 
[2025-10-30 16:04:14] local.INFO: Paytr Callback Received: {"hash":"/vyyJ9HCD8GPZEy7MxTU6EcXOi6A14vhKibU7YwqtU8=","merchant_oid":"INT271761828956","status":"success","total_amount":"180000","payment_type":"card","payment_amount":"180000","currency":"TL","installment_count":"1","merchant_id":"614136","test_mode":"1"} 
[2025-10-30 16:04:14] local.INFO: Callback Hash Verification: {"calculated_hash":"/vyyJ9HCD8GPZEy7MxTU6EcXOi6A14vhKibU7YwqtU8=","received_hash":"/vyyJ9HCD8GPZEy7MxTU6EcXOi6A14vhKibU7YwqtU8=","merchant_oid":"INT271761828956","status":"success","total_amount":"180000"} 
[2025-10-30 16:04:14] local.INFO: Callback verification successful  
[2025-10-30 16:04:14] local.ERROR: Integration purchase not found: INT271761828956  
[2025-10-30 16:04:15] local.INFO: Paytr Callback Received: {"hash":"N0rhd7FEGVpBHvbYJfEPplou8xLYQETpkTRNu/GgArk=","merchant_oid":"INT271761829076","status":"success","total_amount":"285000","payment_type":"card","payment_amount":"285000","currency":"TL","installment_count":"1","merchant_id":"614136","test_mode":"1"} 
[2025-10-30 16:04:15] local.INFO: Callback Hash Verification: {"calculated_hash":"N0rhd7FEGVpBHvbYJfEPplou8xLYQETpkTRNu/GgArk=","received_hash":"N0rhd7FEGVpBHvbYJfEPplou8xLYQETpkTRNu/GgArk=","merchant_oid":"INT271761829076","status":"success","total_amount":"285000"} 
[2025-10-30 16:04:15] local.INFO: Callback verification successful  
[2025-10-30 16:04:15] local.ERROR: Integration purchase not found: INT271761829076  
[2025-10-30 16:04:16] local.INFO: Paytr Callback Received: {"hash":"E46PF12dMiC+C9A5R9woQNvuK/EknHrYtb+Awaaocf8=","merchant_oid":"INT271761829201","status":"success","total_amount":"180000","payment_type":"card","payment_amount":"180000","currency":"TL","installment_count":"1","merchant_id":"614136","test_mode":"1"} 
[2025-10-30 16:04:16] local.INFO: Callback Hash Verification: {"calculated_hash":"E46PF12dMiC+C9A5R9woQNvuK/EknHrYtb+Awaaocf8=","received_hash":"E46PF12dMiC+C9A5R9woQNvuK/EknHrYtb+Awaaocf8=","merchant_oid":"INT271761829201","status":"success","total_amount":"180000"} 
[2025-10-30 16:04:16] local.INFO: Callback verification successful  
[2025-10-30 16:04:17] local.ERROR: Integration purchase not found: INT271761829201  
[2025-10-30 16:04:17] local.INFO: Paytr Callback Received: {"hash":"FraceZRstvS3hDhxkjHGUKXCR56lHdxHWboxsKShiJQ=","merchant_oid":"INT271761827437","status":"failed","total_amount":"0","failed_reason_code":"6","failed_reason_msg":"Müşteri ödeme yapmaktan vazgeçti ve ödeme sayfasından ayrıldı.","payment_type":"card","merchant_id":"614136","test_mode":"1"} 
[2025-10-30 16:04:17] local.INFO: Callback Hash Verification: {"calculated_hash":"FraceZRstvS3hDhxkjHGUKXCR56lHdxHWboxsKShiJQ=","received_hash":"FraceZRstvS3hDhxkjHGUKXCR56lHdxHWboxsKShiJQ=","merchant_oid":"INT271761827437","status":"failed","total_amount":"0"} 
[2025-10-30 16:04:17] local.INFO: Callback verification successful  
[2025-10-30 16:04:17] local.ERROR: Integration purchase not found: INT271761827437  
[2025-10-30 16:04:35] local.ERROR: A role `deneme` already exists for guard `web`. {"userId":6,"exception":"[object] (Spatie\\Permission\\Exceptions\\RoleAlreadyExists(code: 0): A role `deneme` already exists for guard `web`. at C:\\xampp\\htdocs\\serbiscrm\\vendor\\spatie\\laravel-permission\\src\\Exceptions\\RoleAlreadyExists.php:11)
[stacktrace]
#0 C:\\xampp\\htdocs\\serbiscrm\\vendor\\spatie\\laravel-permission\\src\\Models\\Role.php(58): Spatie\\Permission\\Exceptions\\RoleAlreadyExists::create('deneme', 'web')
#1 C:\\xampp\\htdocs\\serbiscrm\\app\\Http\\Controllers\\Frontend\\RoleController.php(144): Spatie\\Permission\\Models\\Role::create(Array)
#2 C:\\xampp\\htdocs\\serbiscrm\\vendor\\laravel\\framework\\src\\Illuminate\\Routing\\Controller.php(54): App\\Http\\Controllers\\Frontend\\RoleController->StoreRoles(Object(Illuminate\\Http\\Request), '3')
#3 C:\\xampp\\htdocs\\serbiscrm\\vendor\\laravel\\framework\\src\\Illuminate\\Routing\\ControllerDispatcher.php(43): Illuminate\\Routing\\Controller->callAction('StoreRoles', Array)
#4 C:\\xampp\\htdocs\\serbiscrm\\vendor\\laravel\\framework\\src\\Illuminate\\Routing\\Route.php(259): Illuminate\\Routing\\ControllerDispatcher->dispatch(Object(Illuminate\\Routing\\Route), Object(App\\Http\\Controllers\\Frontend\\RoleController), 'StoreRoles')
#5 C:\\xampp\\htdocs\\serbiscrm\\vendor\\laravel\\framework\\src\\Illuminate\\Routing\\Route.php(205): Illuminate\\Routing\\Route->runController()
#6 C:\\xampp\\htdocs\\serbiscrm\\vendor\\laravel\\framework\\src\\Illuminate\\Routing\\Router.php(799): Illuminate\\Routing\\Route->run()
#7 C:\\xampp\\htdocs\\serbiscrm\\vendor\\laravel\\framework\\src\\Illuminate\\Pipeline\\Pipeline.php(141): Illuminate\\Routing\\Router->Illuminate\\Routing\\{closure}(Object(Illuminate\\Http\\Request))
#8 C:\\xampp\\htdocs\\serbiscrm\\app\\Http\\Middleware\\CheckTenantStatus.php(40): Illuminate\\Pipeline\\Pipeline->Illuminate\\Pipeline\\{closure}(Object(Illuminate\\Http\\Request))
#9 C:\\xampp\\htdocs\\serbiscrm\\vendor\\laravel\\framework\\src\\Illuminate\\Pipeline\\Pipeline.php(180): App\\Http\\Middleware\\CheckTenantStatus->handle(Object(Illuminate\\Http\\Request), Object(Closure))
#10 C:\\xampp\\htdocs\\serbiscrm\\app\\Http\\Middleware\\HandleRedirectAfterLogin.php(28): Illuminate\\Pipeline\\Pipeline->Illuminate\\Pipeline\\{closure}(Object(Illuminate\\Http\\Request))
#11 C:\\xampp\\htdocs\\serbiscrm\\vendor\\laravel\\framework\\src\\Illuminate\\Pipeline\\Pipeline.php(180): App\\Http\\Middleware\\HandleRedirectAfterLogin->handle(Object(Illuminate\\Http\\Request), Object(Closure))
#12 C:\\xampp\\htdocs\\serbiscrm\\app\\Http\\Middleware\\CheckCompanySubscription.php(32): Illuminate\\Pipeline\\Pipeline->Illuminate\\Pipeline\\{closure}(Object(Illuminate\\Http\\Request))
#13 C:\\xampp\\htdocs\\serbiscrm\\vendor\\laravel\\framework\\src\\Illuminate\\Pipeline\\Pipeline.php(180): App\\Http\\Middleware\\CheckCompanySubscription->handle(Object(Illuminate\\Http\\Request), Object(Closure))
#14 C:\\xampp\\htdocs\\serbiscrm\\app\\Http\\Middleware\\CheckTenantId.php(43): Illuminate\\Pipeline\\Pipeline->Illuminate\\Pipeline\\{closure}(Object(Illuminate\\Http\\Request))
#15 C:\\xampp\\htdocs\\serbiscrm\\vendor\\laravel\\framework\\src\\Illuminate\\Pipeline\\Pipeline.php(180): App\\Http\\Middleware\\CheckTenantId->handle(Object(Illuminate\\Http\\Request), Object(Closure))
#16 C:\\xampp\\htdocs\\serbiscrm\\app\\Http\\Middleware\\CheckTrialStatus.php(28): Illuminate\\Pipeline\\Pipeline->Illuminate\\Pipeline\\{closure}(Object(Illuminate\\Http\\Request))
#17 C:\\xampp\\htdocs\\serbiscrm\\vendor\\laravel\\framework\\src\\Illuminate\\Pipeline\\Pipeline.php(180): App\\Http\\Middleware\\CheckTrialStatus->handle(Object(Illuminate\\Http\\Request), Object(Closure))
#18 C:\\xampp\\htdocs\\serbiscrm\\vendor\\laravel\\framework\\src\\Illuminate\\Routing\\Middleware\\SubstituteBindings.php(50): Illuminate\\Pipeline\\Pipeline->Illuminate\\Pipeline\\{closure}(Object(Illuminate\\Http\\Request))
#19 C:\\xampp\\htdocs\\serbiscrm\\vendor\\laravel\\framework\\src\\Illuminate\\Pipeline\\Pipeline.php(180): Illuminate\\Routing\\Middleware\\SubstituteBindings->handle(Object(Illuminate\\Http\\Request), Object(Closure))
#20 C:\\xampp\\htdocs\\serbiscrm\\vendor\\laravel\\framework\\src\\Illuminate\\Auth\\Middleware\\Authenticate.php(57): Illuminate\\Pipeline\\Pipeline->Illuminate\\Pipeline\\{closure}(Object(Illuminate\\Http\\Request))
#21 C:\\xampp\\htdocs\\serbiscrm\\vendor\\laravel\\framework\\src\\Illuminate\\Pipeline\\Pipeline.php(180): Illuminate\\Auth\\Middleware\\Authenticate->handle(Object(Illuminate\\Http\\Request), Object(Closure))
#22 C:\\xampp\\htdocs\\serbiscrm\\vendor\\laravel\\framework\\src\\Illuminate\\Foundation\\Http\\Middleware\\VerifyCsrfToken.php(78): Illuminate\\Pipeline\\Pipeline->Illuminate\\Pipeline\\{closure}(Object(Illuminate\\Http\\Request))
#23 C:\\xampp\\htdocs\\serbiscrm\\vendor\\laravel\\framework\\src\\Illuminate\\Pipeline\\Pipeline.php(180): Illuminate\\Foundation\\Http\\Middleware\\VerifyCsrfToken->handle(Object(Illuminate\\Http\\Request), Object(Closure))
#24 C:\\xampp\\htdocs\\serbiscrm\\vendor\\laravel\\framework\\src\\Illuminate\\View\\Middleware\\ShareErrorsFromSession.php(49): Illuminate\\Pipeline\\Pipeline->Illuminate\\Pipeline\\{closure}(Object(Illuminate\\Http\\Request))
#25 C:\\xampp\\htdocs\\serbiscrm\\vendor\\laravel\\framework\\src\\Illuminate\\Pipeline\\Pipeline.php(180): Illuminate\\View\\Middleware\\ShareErrorsFromSession->handle(Object(Illuminate\\Http\\Request), Object(Closure))
#26 C:\\xampp\\htdocs\\serbiscrm\\vendor\\laravel\\framework\\src\\Illuminate\\Session\\Middleware\\StartSession.php(121): Illuminate\\Pipeline\\Pipeline->Illuminate\\Pipeline\\{closure}(Object(Illuminate\\Http\\Request))
#27 C:\\xampp\\htdocs\\serbiscrm\\vendor\\laravel\\framework\\src\\Illuminate\\Session\\Middleware\\StartSession.php(64): Illuminate\\Session\\Middleware\\StartSession->handleStatefulRequest(Object(Illuminate\\Http\\Request), Object(Illuminate\\Session\\Store), Object(Closure))
#28 C:\\xampp\\htdocs\\serbiscrm\\vendor\\laravel\\framework\\src\\Illuminate\\Pipeline\\Pipeline.php(180): Illuminate\\Session\\Middleware\\StartSession->handle(Object(Illuminate\\Http\\Request), Object(Closure))
#29 C:\\xampp\\htdocs\\serbiscrm\\vendor\\laravel\\framework\\src\\Illuminate\\Cookie\\Middleware\\AddQueuedCookiesToResponse.php(37): Illuminate\\Pipeline\\Pipeline->Illuminate\\Pipeline\\{closure}(Object(Illuminate\\Http\\Request))
#30 C:\\xampp\\htdocs\\serbiscrm\\vendor\\laravel\\framework\\src\\Illuminate\\Pipeline\\Pipeline.php(180): Illuminate\\Cookie\\Middleware\\AddQueuedCookiesToResponse->handle(Object(Illuminate\\Http\\Request), Object(Closure))
#31 C:\\xampp\\htdocs\\serbiscrm\\vendor\\laravel\\framework\\src\\Illuminate\\Cookie\\Middleware\\EncryptCookies.php(67): Illuminate\\Pipeline\\Pipeline->Illuminate\\Pipeline\\{closure}(Object(Illuminate\\Http\\Request))
#32 C:\\xampp\\htdocs\\serbiscrm\\vendor\\laravel\\framework\\src\\Illuminate\\Pipeline\\Pipeline.php(180): Illuminate\\Cookie\\Middleware\\EncryptCookies->handle(Object(Illuminate\\Http\\Request), Object(Closure))
#33 C:\\xampp\\htdocs\\serbiscrm\\vendor\\laravel\\framework\\src\\Illuminate\\Pipeline\\Pipeline.php(116): Illuminate\\Pipeline\\Pipeline->Illuminate\\Pipeline\\{closure}(Object(Illuminate\\Http\\Request))
#34 C:\\xampp\\htdocs\\serbiscrm\\vendor\\laravel\\framework\\src\\Illuminate\\Routing\\Router.php(798): Illuminate\\Pipeline\\Pipeline->then(Object(Closure))
#35 C:\\xampp\\htdocs\\serbiscrm\\vendor\\laravel\\framework\\src\\Illuminate\\Routing\\Router.php(777): Illuminate\\Routing\\Router->runRouteWithinStack(Object(Illuminate\\Routing\\Route), Object(Illuminate\\Http\\Request))
#36 C:\\xampp\\htdocs\\serbiscrm\\vendor\\laravel\\framework\\src\\Illuminate\\Routing\\Router.php(741): Illuminate\\Routing\\Router->runRoute(Object(Illuminate\\Http\\Request), Object(Illuminate\\Routing\\Route))
#37 C:\\xampp\\htdocs\\serbiscrm\\vendor\\laravel\\framework\\src\\Illuminate\\Routing\\Router.php(730): Illuminate\\Routing\\Router->dispatchToRoute(Object(Illuminate\\Http\\Request))
#38 C:\\xampp\\htdocs\\serbiscrm\\vendor\\laravel\\framework\\src\\Illuminate\\Foundation\\Http\\Kernel.php(200): Illuminate\\Routing\\Router->dispatch(Object(Illuminate\\Http\\Request))
#39 C:\\xampp\\htdocs\\serbiscrm\\vendor\\laravel\\framework\\src\\Illuminate\\Pipeline\\Pipeline.php(141): Illuminate\\Foundation\\Http\\Kernel->Illuminate\\Foundation\\Http\\{closure}(Object(Illuminate\\Http\\Request))
#40 C:\\xampp\\htdocs\\serbiscrm\\app\\Http\\Middleware\\ImpersonationMiddleware.php(51): Illuminate\\Pipeline\\Pipeline->Illuminate\\Pipeline\\{closure}(Object(Illuminate\\Http\\Request))
#41 C:\\xampp\\htdocs\\serbiscrm\\vendor\\laravel\\framework\\src\\Illuminate\\Pipeline\\Pipeline.php(180): App\\Http\\Middleware\\ImpersonationMiddleware->handle(Object(Illuminate\\Http\\Request), Object(Closure))
#42 C:\\xampp\\htdocs\\serbiscrm\\vendor\\laravel\\framework\\src\\Illuminate\\Foundation\\Http\\Middleware\\TransformsRequest.php(21): Illuminate\\Pipeline\\Pipeline->Illuminate\\Pipeline\\{closure}(Object(Illuminate\\Http\\Request))
#43 C:\\xampp\\htdocs\\serbiscrm\\vendor\\laravel\\framework\\src\\Illuminate\\Foundation\\Http\\Middleware\\ConvertEmptyStringsToNull.php(31): Illuminate\\Foundation\\Http\\Middleware\\TransformsRequest->handle(Object(Illuminate\\Http\\Request), Object(Closure))
#44 C:\\xampp\\htdocs\\serbiscrm\\vendor\\laravel\\framework\\src\\Illuminate\\Pipeline\\Pipeline.php(180): Illuminate\\Foundation\\Http\\Middleware\\ConvertEmptyStringsToNull->handle(Object(Illuminate\\Http\\Request), Object(Closure))
#45 C:\\xampp\\htdocs\\serbiscrm\\vendor\\laravel\\framework\\src\\Illuminate\\Foundation\\Http\\Middleware\\TransformsRequest.php(21): Illuminate\\Pipeline\\Pipeline->Illuminate\\Pipeline\\{closure}(Object(Illuminate\\Http\\Request))
#46 C:\\xampp\\htdocs\\serbiscrm\\vendor\\laravel\\framework\\src\\Illuminate\\Foundation\\Http\\Middleware\\TrimStrings.php(40): Illuminate\\Foundation\\Http\\Middleware\\TransformsRequest->handle(Object(Illuminate\\Http\\Request), Object(Closure))
#47 C:\\xampp\\htdocs\\serbiscrm\\vendor\\laravel\\framework\\src\\Illuminate\\Pipeline\\Pipeline.php(180): Illuminate\\Foundation\\Http\\Middleware\\TrimStrings->handle(Object(Illuminate\\Http\\Request), Object(Closure))
#48 C:\\xampp\\htdocs\\serbiscrm\\vendor\\laravel\\framework\\src\\Illuminate\\Foundation\\Http\\Middleware\\ValidatePostSize.php(27): Illuminate\\Pipeline\\Pipeline->Illuminate\\Pipeline\\{closure}(Object(Illuminate\\Http\\Request))
#49 C:\\xampp\\htdocs\\serbiscrm\\vendor\\laravel\\framework\\src\\Illuminate\\Pipeline\\Pipeline.php(180): Illuminate\\Foundation\\Http\\Middleware\\ValidatePostSize->handle(Object(Illuminate\\Http\\Request), Object(Closure))
#50 C:\\xampp\\htdocs\\serbiscrm\\vendor\\laravel\\framework\\src\\Illuminate\\Foundation\\Http\\Middleware\\PreventRequestsDuringMaintenance.php(99): Illuminate\\Pipeline\\Pipeline->Illuminate\\Pipeline\\{closure}(Object(Illuminate\\Http\\Request))
#51 C:\\xampp\\htdocs\\serbiscrm\\vendor\\laravel\\framework\\src\\Illuminate\\Pipeline\\Pipeline.php(180): Illuminate\\Foundation\\Http\\Middleware\\PreventRequestsDuringMaintenance->handle(Object(Illuminate\\Http\\Request), Object(Closure))
#52 C:\\xampp\\htdocs\\serbiscrm\\vendor\\laravel\\framework\\src\\Illuminate\\Http\\Middleware\\HandleCors.php(49): Illuminate\\Pipeline\\Pipeline->Illuminate\\Pipeline\\{closure}(Object(Illuminate\\Http\\Request))
#53 C:\\xampp\\htdocs\\serbiscrm\\vendor\\laravel\\framework\\src\\Illuminate\\Pipeline\\Pipeline.php(180): Illuminate\\Http\\Middleware\\HandleCors->handle(Object(Illuminate\\Http\\Request), Object(Closure))
#54 C:\\xampp\\htdocs\\serbiscrm\\vendor\\laravel\\framework\\src\\Illuminate\\Http\\Middleware\\TrustProxies.php(39): Illuminate\\Pipeline\\Pipeline->Illuminate\\Pipeline\\{closure}(Object(Illuminate\\Http\\Request))
#55 C:\\xampp\\htdocs\\serbiscrm\\vendor\\laravel\\framework\\src\\Illuminate\\Pipeline\\Pipeline.php(180): Illuminate\\Http\\Middleware\\TrustProxies->handle(Object(Illuminate\\Http\\Request), Object(Closure))
#56 C:\\xampp\\htdocs\\serbiscrm\\vendor\\laravel\\framework\\src\\Illuminate\\Pipeline\\Pipeline.php(116): Illuminate\\Pipeline\\Pipeline->Illuminate\\Pipeline\\{closure}(Object(Illuminate\\Http\\Request))
#57 C:\\xampp\\htdocs\\serbiscrm\\vendor\\laravel\\framework\\src\\Illuminate\\Foundation\\Http\\Kernel.php(175): Illuminate\\Pipeline\\Pipeline->then(Object(Closure))
#58 C:\\xampp\\htdocs\\serbiscrm\\vendor\\laravel\\framework\\src\\Illuminate\\Foundation\\Http\\Kernel.php(144): Illuminate\\Foundation\\Http\\Kernel->sendRequestThroughRouter(Object(Illuminate\\Http\\Request))
#59 C:\\xampp\\htdocs\\serbiscrm\\public\\index.php(51): Illuminate\\Foundation\\Http\\Kernel->handle(Object(Illuminate\\Http\\Request))
#60 C:\\xampp\\htdocs\\serbiscrm\\vendor\\laravel\\framework\\src\\Illuminate\\Foundation\\resources\\server.php(16): require_once('C:\\\\xampp\\\\htdocs...')
#61 {main}
"} 
[2025-10-30 16:04:35] local.ERROR: A role `deneme` already exists for guard `web`. {"userId":6,"exception":"[object] (Spatie\\Permission\\Exceptions\\RoleAlreadyExists(code: 0): A role `deneme` already exists for guard `web`. at C:\\xampp\\htdocs\\serbiscrm\\vendor\\spatie\\laravel-permission\\src\\Exceptions\\RoleAlreadyExists.php:11)
[stacktrace]
#0 C:\\xampp\\htdocs\\serbiscrm\\vendor\\spatie\\laravel-permission\\src\\Models\\Role.php(58): Spatie\\Permission\\Exceptions\\RoleAlreadyExists::create('deneme', 'web')
#1 C:\\xampp\\htdocs\\serbiscrm\\app\\Http\\Controllers\\Frontend\\RoleController.php(144): Spatie\\Permission\\Models\\Role::create(Array)
#2 C:\\xampp\\htdocs\\serbiscrm\\vendor\\laravel\\framework\\src\\Illuminate\\Routing\\Controller.php(54): App\\Http\\Controllers\\Frontend\\RoleController->StoreRoles(Object(Illuminate\\Http\\Request), '3')
#3 C:\\xampp\\htdocs\\serbiscrm\\vendor\\laravel\\framework\\src\\Illuminate\\Routing\\ControllerDispatcher.php(43): Illuminate\\Routing\\Controller->callAction('StoreRoles', Array)
#4 C:\\xampp\\htdocs\\serbiscrm\\vendor\\laravel\\framework\\src\\Illuminate\\Routing\\Route.php(259): Illuminate\\Routing\\ControllerDispatcher->dispatch(Object(Illuminate\\Routing\\Route), Object(App\\Http\\Controllers\\Frontend\\RoleController), 'StoreRoles')
#5 C:\\xampp\\htdocs\\serbiscrm\\vendor\\laravel\\framework\\src\\Illuminate\\Routing\\Route.php(205): Illuminate\\Routing\\Route->runController()
#6 C:\\xampp\\htdocs\\serbiscrm\\vendor\\laravel\\framework\\src\\Illuminate\\Routing\\Router.php(799): Illuminate\\Routing\\Route->run()
#7 C:\\xampp\\htdocs\\serbiscrm\\vendor\\laravel\\framework\\src\\Illuminate\\Pipeline\\Pipeline.php(141): Illuminate\\Routing\\Router->Illuminate\\Routing\\{closure}(Object(Illuminate\\Http\\Request))
#8 C:\\xampp\\htdocs\\serbiscrm\\app\\Http\\Middleware\\CheckTenantStatus.php(40): Illuminate\\Pipeline\\Pipeline->Illuminate\\Pipeline\\{closure}(Object(Illuminate\\Http\\Request))
#9 C:\\xampp\\htdocs\\serbiscrm\\vendor\\laravel\\framework\\src\\Illuminate\\Pipeline\\Pipeline.php(180): App\\Http\\Middleware\\CheckTenantStatus->handle(Object(Illuminate\\Http\\Request), Object(Closure))
#10 C:\\xampp\\htdocs\\serbiscrm\\app\\Http\\Middleware\\HandleRedirectAfterLogin.php(28): Illuminate\\Pipeline\\Pipeline->Illuminate\\Pipeline\\{closure}(Object(Illuminate\\Http\\Request))
#11 C:\\xampp\\htdocs\\serbiscrm\\vendor\\laravel\\framework\\src\\Illuminate\\Pipeline\\Pipeline.php(180): App\\Http\\Middleware\\HandleRedirectAfterLogin->handle(Object(Illuminate\\Http\\Request), Object(Closure))
#12 C:\\xampp\\htdocs\\serbiscrm\\app\\Http\\Middleware\\CheckCompanySubscription.php(32): Illuminate\\Pipeline\\Pipeline->Illuminate\\Pipeline\\{closure}(Object(Illuminate\\Http\\Request))
#13 C:\\xampp\\htdocs\\serbiscrm\\vendor\\laravel\\framework\\src\\Illuminate\\Pipeline\\Pipeline.php(180): App\\Http\\Middleware\\CheckCompanySubscription->handle(Object(Illuminate\\Http\\Request), Object(Closure))
#14 C:\\xampp\\htdocs\\serbiscrm\\app\\Http\\Middleware\\CheckTenantId.php(43): Illuminate\\Pipeline\\Pipeline->Illuminate\\Pipeline\\{closure}(Object(Illuminate\\Http\\Request))
#15 C:\\xampp\\htdocs\\serbiscrm\\vendor\\laravel\\framework\\src\\Illuminate\\Pipeline\\Pipeline.php(180): App\\Http\\Middleware\\CheckTenantId->handle(Object(Illuminate\\Http\\Request), Object(Closure))
#16 C:\\xampp\\htdocs\\serbiscrm\\app\\Http\\Middleware\\CheckTrialStatus.php(28): Illuminate\\Pipeline\\Pipeline->Illuminate\\Pipeline\\{closure}(Object(Illuminate\\Http\\Request))
#17 C:\\xampp\\htdocs\\serbiscrm\\vendor\\laravel\\framework\\src\\Illuminate\\Pipeline\\Pipeline.php(180): App\\Http\\Middleware\\CheckTrialStatus->handle(Object(Illuminate\\Http\\Request), Object(Closure))
#18 C:\\xampp\\htdocs\\serbiscrm\\vendor\\laravel\\framework\\src\\Illuminate\\Routing\\Middleware\\SubstituteBindings.php(50): Illuminate\\Pipeline\\Pipeline->Illuminate\\Pipeline\\{closure}(Object(Illuminate\\Http\\Request))
#19 C:\\xampp\\htdocs\\serbiscrm\\vendor\\laravel\\framework\\src\\Illuminate\\Pipeline\\Pipeline.php(180): Illuminate\\Routing\\Middleware\\SubstituteBindings->handle(Object(Illuminate\\Http\\Request), Object(Closure))
#20 C:\\xampp\\htdocs\\serbiscrm\\vendor\\laravel\\framework\\src\\Illuminate\\Auth\\Middleware\\Authenticate.php(57): Illuminate\\Pipeline\\Pipeline->Illuminate\\Pipeline\\{closure}(Object(Illuminate\\Http\\Request))
#21 C:\\xampp\\htdocs\\serbiscrm\\vendor\\laravel\\framework\\src\\Illuminate\\Pipeline\\Pipeline.php(180): Illuminate\\Auth\\Middleware\\Authenticate->handle(Object(Illuminate\\Http\\Request), Object(Closure))
#22 C:\\xampp\\htdocs\\serbiscrm\\vendor\\laravel\\framework\\src\\Illuminate\\Foundation\\Http\\Middleware\\VerifyCsrfToken.php(78): Illuminate\\Pipeline\\Pipeline->Illuminate\\Pipeline\\{closure}(Object(Illuminate\\Http\\Request))
#23 C:\\xampp\\htdocs\\serbiscrm\\vendor\\laravel\\framework\\src\\Illuminate\\Pipeline\\Pipeline.php(180): Illuminate\\Foundation\\Http\\Middleware\\VerifyCsrfToken->handle(Object(Illuminate\\Http\\Request), Object(Closure))
#24 C:\\xampp\\htdocs\\serbiscrm\\vendor\\laravel\\framework\\src\\Illuminate\\View\\Middleware\\ShareErrorsFromSession.php(49): Illuminate\\Pipeline\\Pipeline->Illuminate\\Pipeline\\{closure}(Object(Illuminate\\Http\\Request))
#25 C:\\xampp\\htdocs\\serbiscrm\\vendor\\laravel\\framework\\src\\Illuminate\\Pipeline\\Pipeline.php(180): Illuminate\\View\\Middleware\\ShareErrorsFromSession->handle(Object(Illuminate\\Http\\Request), Object(Closure))
#26 C:\\xampp\\htdocs\\serbiscrm\\vendor\\laravel\\framework\\src\\Illuminate\\Session\\Middleware\\StartSession.php(121): Illuminate\\Pipeline\\Pipeline->Illuminate\\Pipeline\\{closure}(Object(Illuminate\\Http\\Request))
#27 C:\\xampp\\htdocs\\serbiscrm\\vendor\\laravel\\framework\\src\\Illuminate\\Session\\Middleware\\StartSession.php(64): Illuminate\\Session\\Middleware\\StartSession->handleStatefulRequest(Object(Illuminate\\Http\\Request), Object(Illuminate\\Session\\Store), Object(Closure))
#28 C:\\xampp\\htdocs\\serbiscrm\\vendor\\laravel\\framework\\src\\Illuminate\\Pipeline\\Pipeline.php(180): Illuminate\\Session\\Middleware\\StartSession->handle(Object(Illuminate\\Http\\Request), Object(Closure))
#29 C:\\xampp\\htdocs\\serbiscrm\\vendor\\laravel\\framework\\src\\Illuminate\\Cookie\\Middleware\\AddQueuedCookiesToResponse.php(37): Illuminate\\Pipeline\\Pipeline->Illuminate\\Pipeline\\{closure}(Object(Illuminate\\Http\\Request))
#30 C:\\xampp\\htdocs\\serbiscrm\\vendor\\laravel\\framework\\src\\Illuminate\\Pipeline\\Pipeline.php(180): Illuminate\\Cookie\\Middleware\\AddQueuedCookiesToResponse->handle(Object(Illuminate\\Http\\Request), Object(Closure))
#31 C:\\xampp\\htdocs\\serbiscrm\\vendor\\laravel\\framework\\src\\Illuminate\\Cookie\\Middleware\\EncryptCookies.php(67): Illuminate\\Pipeline\\Pipeline->Illuminate\\Pipeline\\{closure}(Object(Illuminate\\Http\\Request))
#32 C:\\xampp\\htdocs\\serbiscrm\\vendor\\laravel\\framework\\src\\Illuminate\\Pipeline\\Pipeline.php(180): Illuminate\\Cookie\\Middleware\\EncryptCookies->handle(Object(Illuminate\\Http\\Request), Object(Closure))
#33 C:\\xampp\\htdocs\\serbiscrm\\vendor\\laravel\\framework\\src\\Illuminate\\Pipeline\\Pipeline.php(116): Illuminate\\Pipeline\\Pipeline->Illuminate\\Pipeline\\{closure}(Object(Illuminate\\Http\\Request))
#34 C:\\xampp\\htdocs\\serbiscrm\\vendor\\laravel\\framework\\src\\Illuminate\\Routing\\Router.php(798): Illuminate\\Pipeline\\Pipeline->then(Object(Closure))
#35 C:\\xampp\\htdocs\\serbiscrm\\vendor\\laravel\\framework\\src\\Illuminate\\Routing\\Router.php(777): Illuminate\\Routing\\Router->runRouteWithinStack(Object(Illuminate\\Routing\\Route), Object(Illuminate\\Http\\Request))
#36 C:\\xampp\\htdocs\\serbiscrm\\vendor\\laravel\\framework\\src\\Illuminate\\Routing\\Router.php(741): Illuminate\\Routing\\Router->runRoute(Object(Illuminate\\Http\\Request), Object(Illuminate\\Routing\\Route))
#37 C:\\xampp\\htdocs\\serbiscrm\\vendor\\laravel\\framework\\src\\Illuminate\\Routing\\Router.php(730): Illuminate\\Routing\\Router->dispatchToRoute(Object(Illuminate\\Http\\Request))
#38 C:\\xampp\\htdocs\\serbiscrm\\vendor\\laravel\\framework\\src\\Illuminate\\Foundation\\Http\\Kernel.php(200): Illuminate\\Routing\\Router->dispatch(Object(Illuminate\\Http\\Request))
#39 C:\\xampp\\htdocs\\serbiscrm\\vendor\\laravel\\framework\\src\\Illuminate\\Pipeline\\Pipeline.php(141): Illuminate\\Foundation\\Http\\Kernel->Illuminate\\Foundation\\Http\\{closure}(Object(Illuminate\\Http\\Request))
#40 C:\\xampp\\htdocs\\serbiscrm\\app\\Http\\Middleware\\ImpersonationMiddleware.php(51): Illuminate\\Pipeline\\Pipeline->Illuminate\\Pipeline\\{closure}(Object(Illuminate\\Http\\Request))
#41 C:\\xampp\\htdocs\\serbiscrm\\vendor\\laravel\\framework\\src\\Illuminate\\Pipeline\\Pipeline.php(180): App\\Http\\Middleware\\ImpersonationMiddleware->handle(Object(Illuminate\\Http\\Request), Object(Closure))
#42 C:\\xampp\\htdocs\\serbiscrm\\vendor\\laravel\\framework\\src\\Illuminate\\Foundation\\Http\\Middleware\\TransformsRequest.php(21): Illuminate\\Pipeline\\Pipeline->Illuminate\\Pipeline\\{closure}(Object(Illuminate\\Http\\Request))
#43 C:\\xampp\\htdocs\\serbiscrm\\vendor\\laravel\\framework\\src\\Illuminate\\Foundation\\Http\\Middleware\\ConvertEmptyStringsToNull.php(31): Illuminate\\Foundation\\Http\\Middleware\\TransformsRequest->handle(Object(Illuminate\\Http\\Request), Object(Closure))
#44 C:\\xampp\\htdocs\\serbiscrm\\vendor\\laravel\\framework\\src\\Illuminate\\Pipeline\\Pipeline.php(180): Illuminate\\Foundation\\Http\\Middleware\\ConvertEmptyStringsToNull->handle(Object(Illuminate\\Http\\Request), Object(Closure))
#45 C:\\xampp\\htdocs\\serbiscrm\\vendor\\laravel\\framework\\src\\Illuminate\\Foundation\\Http\\Middleware\\TransformsRequest.php(21): Illuminate\\Pipeline\\Pipeline->Illuminate\\Pipeline\\{closure}(Object(Illuminate\\Http\\Request))
#46 C:\\xampp\\htdocs\\serbiscrm\\vendor\\laravel\\framework\\src\\Illuminate\\Foundation\\Http\\Middleware\\TrimStrings.php(40): Illuminate\\Foundation\\Http\\Middleware\\TransformsRequest->handle(Object(Illuminate\\Http\\Request), Object(Closure))
#47 C:\\xampp\\htdocs\\serbiscrm\\vendor\\laravel\\framework\\src\\Illuminate\\Pipeline\\Pipeline.php(180): Illuminate\\Foundation\\Http\\Middleware\\TrimStrings->handle(Object(Illuminate\\Http\\Request), Object(Closure))
#48 C:\\xampp\\htdocs\\serbiscrm\\vendor\\laravel\\framework\\src\\Illuminate\\Foundation\\Http\\Middleware\\ValidatePostSize.php(27): Illuminate\\Pipeline\\Pipeline->Illuminate\\Pipeline\\{closure}(Object(Illuminate\\Http\\Request))
#49 C:\\xampp\\htdocs\\serbiscrm\\vendor\\laravel\\framework\\src\\Illuminate\\Pipeline\\Pipeline.php(180): Illuminate\\Foundation\\Http\\Middleware\\ValidatePostSize->handle(Object(Illuminate\\Http\\Request), Object(Closure))
#50 C:\\xampp\\htdocs\\serbiscrm\\vendor\\laravel\\framework\\src\\Illuminate\\Foundation\\Http\\Middleware\\PreventRequestsDuringMaintenance.php(99): Illuminate\\Pipeline\\Pipeline->Illuminate\\Pipeline\\{closure}(Object(Illuminate\\Http\\Request))
#51 C:\\xampp\\htdocs\\serbiscrm\\vendor\\laravel\\framework\\src\\Illuminate\\Pipeline\\Pipeline.php(180): Illuminate\\Foundation\\Http\\Middleware\\PreventRequestsDuringMaintenance->handle(Object(Illuminate\\Http\\Request), Object(Closure))
#52 C:\\xampp\\htdocs\\serbiscrm\\vendor\\laravel\\framework\\src\\Illuminate\\Http\\Middleware\\HandleCors.php(49): Illuminate\\Pipeline\\Pipeline->Illuminate\\Pipeline\\{closure}(Object(Illuminate\\Http\\Request))
#53 C:\\xampp\\htdocs\\serbiscrm\\vendor\\laravel\\framework\\src\\Illuminate\\Pipeline\\Pipeline.php(180): Illuminate\\Http\\Middleware\\HandleCors->handle(Object(Illuminate\\Http\\Request), Object(Closure))
#54 C:\\xampp\\htdocs\\serbiscrm\\vendor\\laravel\\framework\\src\\Illuminate\\Http\\Middleware\\TrustProxies.php(39): Illuminate\\Pipeline\\Pipeline->Illuminate\\Pipeline\\{closure}(Object(Illuminate\\Http\\Request))
#55 C:\\xampp\\htdocs\\serbiscrm\\vendor\\laravel\\framework\\src\\Illuminate\\Pipeline\\Pipeline.php(180): Illuminate\\Http\\Middleware\\TrustProxies->handle(Object(Illuminate\\Http\\Request), Object(Closure))
#56 C:\\xampp\\htdocs\\serbiscrm\\vendor\\laravel\\framework\\src\\Illuminate\\Pipeline\\Pipeline.php(116): Illuminate\\Pipeline\\Pipeline->Illuminate\\Pipeline\\{closure}(Object(Illuminate\\Http\\Request))
#57 C:\\xampp\\htdocs\\serbiscrm\\vendor\\laravel\\framework\\src\\Illuminate\\Foundation\\Http\\Kernel.php(175): Illuminate\\Pipeline\\Pipeline->then(Object(Closure))
#58 C:\\xampp\\htdocs\\serbiscrm\\vendor\\laravel\\framework\\src\\Illuminate\\Foundation\\Http\\Kernel.php(144): Illuminate\\Foundation\\Http\\Kernel->sendRequestThroughRouter(Object(Illuminate\\Http\\Request))
#59 C:\\xampp\\htdocs\\serbiscrm\\public\\index.php(51): Illuminate\\Foundation\\Http\\Kernel->handle(Object(Illuminate\\Http\\Request))
#60 C:\\xampp\\htdocs\\serbiscrm\\vendor\\laravel\\framework\\src\\Illuminate\\Foundation\\resources\\server.php(16): require_once('C:\\\\xampp\\\\htdocs...')
#61 {main}
"} 
[2025-10-30 16:05:08] local.INFO: Paytr Callback Received: {"hash":"muaOcVanfBEsDaODG0AK/IYyqwKMFwaAYfCUOznOx2k=","merchant_oid":"ST271761812993","status":"failed","total_amount":"0","failed_reason_code":"6","failed_reason_msg":"Müşteri ödeme yapmaktan vazgeçti ve ödeme sayfasından ayrıldı.","payment_type":"card","merchant_id":"614136","test_mode":"1"} 
[2025-10-30 16:05:08] local.INFO: Callback Hash Verification: {"calculated_hash":"muaOcVanfBEsDaODG0AK/IYyqwKMFwaAYfCUOznOx2k=","received_hash":"muaOcVanfBEsDaODG0AK/IYyqwKMFwaAYfCUOznOx2k=","merchant_oid":"ST271761812993","status":"failed","total_amount":"0"} 
[2025-10-30 16:05:08] local.INFO: Callback verification successful  
[2025-10-30 16:05:08] local.ERROR: Payment callback error {"message":"Attempt to read property \"status\" on null","file":"C:\\xampp\\htdocs\\serbiscrm\\app\\Http\\Controllers\\Frontend\\SubscriptionController.php","line":324,"post_data":{"hash":"muaOcVanfBEsDaODG0AK/IYyqwKMFwaAYfCUOznOx2k=","merchant_oid":"ST271761812993","status":"failed","total_amount":"0","failed_reason_code":"6","failed_reason_msg":"Müşteri ödeme yapmaktan vazgeçti ve ödeme sayfasından ayrıldı.","payment_type":"card","merchant_id":"614136","test_mode":"1"}} 
[2025-10-30 16:05:09] local.INFO: Paytr Callback Received: {"hash":"/vyyJ9HCD8GPZEy7MxTU6EcXOi6A14vhKibU7YwqtU8=","merchant_oid":"INT271761828956","status":"success","total_amount":"180000","payment_type":"card","payment_amount":"180000","currency":"TL","installment_count":"1","merchant_id":"614136","test_mode":"1"} 
[2025-10-30 16:05:09] local.INFO: Callback Hash Verification: {"calculated_hash":"/vyyJ9HCD8GPZEy7MxTU6EcXOi6A14vhKibU7YwqtU8=","received_hash":"/vyyJ9HCD8GPZEy7MxTU6EcXOi6A14vhKibU7YwqtU8=","merchant_oid":"INT271761828956","status":"success","total_amount":"180000"} 
[2025-10-30 16:05:09] local.INFO: Callback verification successful  
[2025-10-30 16:05:09] local.ERROR: Integration purchase not found: INT271761828956  
[2025-10-30 16:05:09] local.INFO: Paytr Callback Received: {"hash":"N0rhd7FEGVpBHvbYJfEPplou8xLYQETpkTRNu/GgArk=","merchant_oid":"INT271761829076","status":"success","total_amount":"285000","payment_type":"card","payment_amount":"285000","currency":"TL","installment_count":"1","merchant_id":"614136","test_mode":"1"} 
[2025-10-30 16:05:09] local.INFO: Callback Hash Verification: {"calculated_hash":"N0rhd7FEGVpBHvbYJfEPplou8xLYQETpkTRNu/GgArk=","received_hash":"N0rhd7FEGVpBHvbYJfEPplou8xLYQETpkTRNu/GgArk=","merchant_oid":"INT271761829076","status":"success","total_amount":"285000"} 
[2025-10-30 16:05:09] local.INFO: Callback verification successful  
[2025-10-30 16:05:09] local.ERROR: Integration purchase not found: INT271761829076  
[2025-10-30 16:05:10] local.INFO: Paytr Callback Received: {"hash":"E46PF12dMiC+C9A5R9woQNvuK/EknHrYtb+Awaaocf8=","merchant_oid":"INT271761829201","status":"success","total_amount":"180000","payment_type":"card","payment_amount":"180000","currency":"TL","installment_count":"1","merchant_id":"614136","test_mode":"1"} 
[2025-10-30 16:05:10] local.INFO: Callback Hash Verification: {"calculated_hash":"E46PF12dMiC+C9A5R9woQNvuK/EknHrYtb+Awaaocf8=","received_hash":"E46PF12dMiC+C9A5R9woQNvuK/EknHrYtb+Awaaocf8=","merchant_oid":"INT271761829201","status":"success","total_amount":"180000"} 
[2025-10-30 16:05:10] local.INFO: Callback verification successful  
[2025-10-30 16:05:10] local.ERROR: Integration purchase not found: INT271761829201  
[2025-10-30 16:05:10] local.INFO: Paytr Callback Received: {"hash":"FraceZRstvS3hDhxkjHGUKXCR56lHdxHWboxsKShiJQ=","merchant_oid":"INT271761827437","status":"failed","total_amount":"0","failed_reason_code":"6","failed_reason_msg":"Müşteri ödeme yapmaktan vazgeçti ve ödeme sayfasından ayrıldı.","payment_type":"card","merchant_id":"614136","test_mode":"1"} 
[2025-10-30 16:05:10] local.INFO: Callback Hash Verification: {"calculated_hash":"FraceZRstvS3hDhxkjHGUKXCR56lHdxHWboxsKShiJQ=","received_hash":"FraceZRstvS3hDhxkjHGUKXCR56lHdxHWboxsKShiJQ=","merchant_oid":"INT271761827437","status":"failed","total_amount":"0"} 
[2025-10-30 16:05:10] local.INFO: Callback verification successful  
[2025-10-30 16:05:10] local.ERROR: Integration purchase not found: INT271761827437  
[2025-10-30 16:06:13] local.INFO: Paytr Callback Received: {"hash":"muaOcVanfBEsDaODG0AK/IYyqwKMFwaAYfCUOznOx2k=","merchant_oid":"ST271761812993","status":"failed","total_amount":"0","failed_reason_code":"6","failed_reason_msg":"Müşteri ödeme yapmaktan vazgeçti ve ödeme sayfasından ayrıldı.","payment_type":"card","merchant_id":"614136","test_mode":"1"} 
[2025-10-30 16:06:13] local.INFO: Callback Hash Verification: {"calculated_hash":"muaOcVanfBEsDaODG0AK/IYyqwKMFwaAYfCUOznOx2k=","received_hash":"muaOcVanfBEsDaODG0AK/IYyqwKMFwaAYfCUOznOx2k=","merchant_oid":"ST271761812993","status":"failed","total_amount":"0"} 
[2025-10-30 16:06:13] local.INFO: Callback verification successful  
[2025-10-30 16:06:13] local.ERROR: Payment callback error {"message":"Attempt to read property \"status\" on null","file":"C:\\xampp\\htdocs\\serbiscrm\\app\\Http\\Controllers\\Frontend\\SubscriptionController.php","line":324,"post_data":{"hash":"muaOcVanfBEsDaODG0AK/IYyqwKMFwaAYfCUOznOx2k=","merchant_oid":"ST271761812993","status":"failed","total_amount":"0","failed_reason_code":"6","failed_reason_msg":"Müşteri ödeme yapmaktan vazgeçti ve ödeme sayfasından ayrıldı.","payment_type":"card","merchant_id":"614136","test_mode":"1"}} 
[2025-10-30 16:06:13] local.INFO: Paytr Callback Received: {"hash":"/vyyJ9HCD8GPZEy7MxTU6EcXOi6A14vhKibU7YwqtU8=","merchant_oid":"INT271761828956","status":"success","total_amount":"180000","payment_type":"card","payment_amount":"180000","currency":"TL","installment_count":"1","merchant_id":"614136","test_mode":"1"} 
[2025-10-30 16:06:13] local.INFO: Callback Hash Verification: {"calculated_hash":"/vyyJ9HCD8GPZEy7MxTU6EcXOi6A14vhKibU7YwqtU8=","received_hash":"/vyyJ9HCD8GPZEy7MxTU6EcXOi6A14vhKibU7YwqtU8=","merchant_oid":"INT271761828956","status":"success","total_amount":"180000"} 
[2025-10-30 16:06:13] local.INFO: Callback verification successful  
[2025-10-30 16:06:13] local.ERROR: Integration purchase not found: INT271761828956  
[2025-10-30 16:06:14] local.INFO: Paytr Callback Received: {"hash":"N0rhd7FEGVpBHvbYJfEPplou8xLYQETpkTRNu/GgArk=","merchant_oid":"INT271761829076","status":"success","total_amount":"285000","payment_type":"card","payment_amount":"285000","currency":"TL","installment_count":"1","merchant_id":"614136","test_mode":"1"} 
[2025-10-30 16:06:14] local.INFO: Callback Hash Verification: {"calculated_hash":"N0rhd7FEGVpBHvbYJfEPplou8xLYQETpkTRNu/GgArk=","received_hash":"N0rhd7FEGVpBHvbYJfEPplou8xLYQETpkTRNu/GgArk=","merchant_oid":"INT271761829076","status":"success","total_amount":"285000"} 
[2025-10-30 16:06:14] local.INFO: Callback verification successful  
[2025-10-30 16:06:14] local.ERROR: Integration purchase not found: INT271761829076  
[2025-10-30 16:06:14] local.INFO: Paytr Callback Received: {"hash":"E46PF12dMiC+C9A5R9woQNvuK/EknHrYtb+Awaaocf8=","merchant_oid":"INT271761829201","status":"success","total_amount":"180000","payment_type":"card","payment_amount":"180000","currency":"TL","installment_count":"1","merchant_id":"614136","test_mode":"1"} 
[2025-10-30 16:06:14] local.INFO: Callback Hash Verification: {"calculated_hash":"E46PF12dMiC+C9A5R9woQNvuK/EknHrYtb+Awaaocf8=","received_hash":"E46PF12dMiC+C9A5R9woQNvuK/EknHrYtb+Awaaocf8=","merchant_oid":"INT271761829201","status":"success","total_amount":"180000"} 
[2025-10-30 16:06:14] local.INFO: Callback verification successful  
[2025-10-30 16:06:14] local.ERROR: Integration purchase not found: INT271761829201  
[2025-10-30 16:06:15] local.INFO: Paytr Callback Received: {"hash":"FraceZRstvS3hDhxkjHGUKXCR56lHdxHWboxsKShiJQ=","merchant_oid":"INT271761827437","status":"failed","total_amount":"0","failed_reason_code":"6","failed_reason_msg":"Müşteri ödeme yapmaktan vazgeçti ve ödeme sayfasından ayrıldı.","payment_type":"card","merchant_id":"614136","test_mode":"1"} 
[2025-10-30 16:06:15] local.INFO: Callback Hash Verification: {"calculated_hash":"FraceZRstvS3hDhxkjHGUKXCR56lHdxHWboxsKShiJQ=","received_hash":"FraceZRstvS3hDhxkjHGUKXCR56lHdxHWboxsKShiJQ=","merchant_oid":"INT271761827437","status":"failed","total_amount":"0"} 
[2025-10-30 16:06:15] local.INFO: Callback verification successful  
[2025-10-30 16:06:15] local.ERROR: Integration purchase not found: INT271761827437  
[2025-10-30 16:07:05] local.INFO: Paytr Callback Received: {"hash":"VSluNlQT/xy2o+aD2onHyb58hpwEbxCE3M/rNKQE2ok=","merchant_oid":"INT271761829213","status":"success","total_amount":"180000","payment_type":"card","payment_amount":"180000","currency":"TL","installment_count":"1","merchant_id":"614136","test_mode":"1"} 
[2025-10-30 16:07:05] local.INFO: Callback Hash Verification: {"calculated_hash":"VSluNlQT/xy2o+aD2onHyb58hpwEbxCE3M/rNKQE2ok=","received_hash":"VSluNlQT/xy2o+aD2onHyb58hpwEbxCE3M/rNKQE2ok=","merchant_oid":"INT271761829213","status":"success","total_amount":"180000"} 
[2025-10-30 16:07:05] local.INFO: Callback verification successful  
[2025-10-30 16:07:05] local.ERROR: Integration purchase not found: INT271761829213  
[2025-10-30 16:07:10] local.INFO: PayTR Request Data: {"merchant_id":"614136","order_id":"INT271761829630","amount":180000,"user_ip":"78.190.145.61","hash_string":"61413678.190.145.61INT271761829630fiberdev5@gmail.com180000W1siTkVUR1NNIiwiMTgwMC4wMCIsMV1d10TL1","token":"hVDY3t1CxqOEn7C0guc/vBvXJnPQKDEArCQzFVNA/1g="} 
[2025-10-30 16:07:10] local.INFO: PayTR API Response: {"status":"success","token":"c40e8d0228ccfab2ef40e464f44dee3ba382bfa6890bc22ea09b0dba6280af91-692514627"} 
[2025-10-30 16:07:13] local.INFO: Paytr Callback Received: {"hash":"muaOcVanfBEsDaODG0AK/IYyqwKMFwaAYfCUOznOx2k=","merchant_oid":"ST271761812993","status":"failed","total_amount":"0","failed_reason_code":"6","failed_reason_msg":"Müşteri ödeme yapmaktan vazgeçti ve ödeme sayfasından ayrıldı.","payment_type":"card","merchant_id":"614136","test_mode":"1"} 
[2025-10-30 16:07:13] local.INFO: Callback Hash Verification: {"calculated_hash":"muaOcVanfBEsDaODG0AK/IYyqwKMFwaAYfCUOznOx2k=","received_hash":"muaOcVanfBEsDaODG0AK/IYyqwKMFwaAYfCUOznOx2k=","merchant_oid":"ST271761812993","status":"failed","total_amount":"0"} 
[2025-10-30 16:07:13] local.INFO: Callback verification successful  
[2025-10-30 16:07:13] local.ERROR: Payment callback error {"message":"Attempt to read property \"status\" on null","file":"C:\\xampp\\htdocs\\serbiscrm\\app\\Http\\Controllers\\Frontend\\SubscriptionController.php","line":324,"post_data":{"hash":"muaOcVanfBEsDaODG0AK/IYyqwKMFwaAYfCUOznOx2k=","merchant_oid":"ST271761812993","status":"failed","total_amount":"0","failed_reason_code":"6","failed_reason_msg":"Müşteri ödeme yapmaktan vazgeçti ve ödeme sayfasından ayrıldı.","payment_type":"card","merchant_id":"614136","test_mode":"1"}} 
[2025-10-30 16:07:13] local.INFO: Paytr Callback Received: {"hash":"/vyyJ9HCD8GPZEy7MxTU6EcXOi6A14vhKibU7YwqtU8=","merchant_oid":"INT271761828956","status":"success","total_amount":"180000","payment_type":"card","payment_amount":"180000","currency":"TL","installment_count":"1","merchant_id":"614136","test_mode":"1"} 
[2025-10-30 16:07:13] local.INFO: Callback Hash Verification: {"calculated_hash":"/vyyJ9HCD8GPZEy7MxTU6EcXOi6A14vhKibU7YwqtU8=","received_hash":"/vyyJ9HCD8GPZEy7MxTU6EcXOi6A14vhKibU7YwqtU8=","merchant_oid":"INT271761828956","status":"success","total_amount":"180000"} 
[2025-10-30 16:07:13] local.INFO: Callback verification successful  
[2025-10-30 16:07:13] local.ERROR: Integration purchase not found: INT271761828956  
[2025-10-30 16:07:14] local.INFO: Paytr Callback Received: {"hash":"N0rhd7FEGVpBHvbYJfEPplou8xLYQETpkTRNu/GgArk=","merchant_oid":"INT271761829076","status":"success","total_amount":"285000","payment_type":"card","payment_amount":"285000","currency":"TL","installment_count":"1","merchant_id":"614136","test_mode":"1"} 
[2025-10-30 16:07:14] local.INFO: Callback Hash Verification: {"calculated_hash":"N0rhd7FEGVpBHvbYJfEPplou8xLYQETpkTRNu/GgArk=","received_hash":"N0rhd7FEGVpBHvbYJfEPplou8xLYQETpkTRNu/GgArk=","merchant_oid":"INT271761829076","status":"success","total_amount":"285000"} 
[2025-10-30 16:07:14] local.INFO: Callback verification successful  
[2025-10-30 16:07:14] local.ERROR: Integration purchase not found: INT271761829076  
[2025-10-30 16:07:15] local.INFO: Paytr Callback Received: {"hash":"E46PF12dMiC+C9A5R9woQNvuK/EknHrYtb+Awaaocf8=","merchant_oid":"INT271761829201","status":"success","total_amount":"180000","payment_type":"card","payment_amount":"180000","currency":"TL","installment_count":"1","merchant_id":"614136","test_mode":"1"} 
[2025-10-30 16:07:15] local.INFO: Callback Hash Verification: {"calculated_hash":"E46PF12dMiC+C9A5R9woQNvuK/EknHrYtb+Awaaocf8=","received_hash":"E46PF12dMiC+C9A5R9woQNvuK/EknHrYtb+Awaaocf8=","merchant_oid":"INT271761829201","status":"success","total_amount":"180000"} 
[2025-10-30 16:07:15] local.INFO: Callback verification successful  
[2025-10-30 16:07:15] local.ERROR: Integration purchase not found: INT271761829201  
[2025-10-30 16:07:15] local.INFO: Paytr Callback Received: {"hash":"FraceZRstvS3hDhxkjHGUKXCR56lHdxHWboxsKShiJQ=","merchant_oid":"INT271761827437","status":"failed","total_amount":"0","failed_reason_code":"6","failed_reason_msg":"Müşteri ödeme yapmaktan vazgeçti ve ödeme sayfasından ayrıldı.","payment_type":"card","merchant_id":"614136","test_mode":"1"} 
[2025-10-30 16:07:15] local.INFO: Callback Hash Verification: {"calculated_hash":"FraceZRstvS3hDhxkjHGUKXCR56lHdxHWboxsKShiJQ=","received_hash":"FraceZRstvS3hDhxkjHGUKXCR56lHdxHWboxsKShiJQ=","merchant_oid":"INT271761827437","status":"failed","total_amount":"0"} 
[2025-10-30 16:07:15] local.INFO: Callback verification successful  
[2025-10-30 16:07:15] local.ERROR: Integration purchase not found: INT271761827437  
[2025-10-30 16:07:16] local.INFO: Paytr Callback Received: {"hash":"VSluNlQT/xy2o+aD2onHyb58hpwEbxCE3M/rNKQE2ok=","merchant_oid":"INT271761829213","status":"success","total_amount":"180000","payment_type":"card","payment_amount":"180000","currency":"TL","installment_count":"1","merchant_id":"614136","test_mode":"1"} 
[2025-10-30 16:07:16] local.INFO: Callback Hash Verification: {"calculated_hash":"VSluNlQT/xy2o+aD2onHyb58hpwEbxCE3M/rNKQE2ok=","received_hash":"VSluNlQT/xy2o+aD2onHyb58hpwEbxCE3M/rNKQE2ok=","merchant_oid":"INT271761829213","status":"success","total_amount":"180000"} 
[2025-10-30 16:07:16] local.INFO: Callback verification successful  
[2025-10-30 16:07:16] local.ERROR: Integration purchase not found: INT271761829213  
[2025-10-30 16:08:13] local.INFO: Paytr Callback Received: {"hash":"muaOcVanfBEsDaODG0AK/IYyqwKMFwaAYfCUOznOx2k=","merchant_oid":"ST271761812993","status":"failed","total_amount":"0","failed_reason_code":"6","failed_reason_msg":"Müşteri ödeme yapmaktan vazgeçti ve ödeme sayfasından ayrıldı.","payment_type":"card","merchant_id":"614136","test_mode":"1"} 
[2025-10-30 16:08:13] local.INFO: Callback Hash Verification: {"calculated_hash":"muaOcVanfBEsDaODG0AK/IYyqwKMFwaAYfCUOznOx2k=","received_hash":"muaOcVanfBEsDaODG0AK/IYyqwKMFwaAYfCUOznOx2k=","merchant_oid":"ST271761812993","status":"failed","total_amount":"0"} 
[2025-10-30 16:08:13] local.INFO: Callback verification successful  
[2025-10-30 16:08:13] local.ERROR: Payment callback error {"message":"Attempt to read property \"status\" on null","file":"C:\\xampp\\htdocs\\serbiscrm\\app\\Http\\Controllers\\Frontend\\SubscriptionController.php","line":324,"post_data":{"hash":"muaOcVanfBEsDaODG0AK/IYyqwKMFwaAYfCUOznOx2k=","merchant_oid":"ST271761812993","status":"failed","total_amount":"0","failed_reason_code":"6","failed_reason_msg":"Müşteri ödeme yapmaktan vazgeçti ve ödeme sayfasından ayrıldı.","payment_type":"card","merchant_id":"614136","test_mode":"1"}} 
[2025-10-30 16:08:14] local.INFO: Paytr Callback Received: {"hash":"/vyyJ9HCD8GPZEy7MxTU6EcXOi6A14vhKibU7YwqtU8=","merchant_oid":"INT271761828956","status":"success","total_amount":"180000","payment_type":"card","payment_amount":"180000","currency":"TL","installment_count":"1","merchant_id":"614136","test_mode":"1"} 
[2025-10-30 16:08:14] local.INFO: Callback Hash Verification: {"calculated_hash":"/vyyJ9HCD8GPZEy7MxTU6EcXOi6A14vhKibU7YwqtU8=","received_hash":"/vyyJ9HCD8GPZEy7MxTU6EcXOi6A14vhKibU7YwqtU8=","merchant_oid":"INT271761828956","status":"success","total_amount":"180000"} 
[2025-10-30 16:08:14] local.INFO: Callback verification successful  
[2025-10-30 16:08:14] local.ERROR: Integration purchase not found: INT271761828956  
[2025-10-30 16:08:14] local.INFO: Paytr Callback Received: {"hash":"N0rhd7FEGVpBHvbYJfEPplou8xLYQETpkTRNu/GgArk=","merchant_oid":"INT271761829076","status":"success","total_amount":"285000","payment_type":"card","payment_amount":"285000","currency":"TL","installment_count":"1","merchant_id":"614136","test_mode":"1"} 
[2025-10-30 16:08:14] local.INFO: Callback Hash Verification: {"calculated_hash":"N0rhd7FEGVpBHvbYJfEPplou8xLYQETpkTRNu/GgArk=","received_hash":"N0rhd7FEGVpBHvbYJfEPplou8xLYQETpkTRNu/GgArk=","merchant_oid":"INT271761829076","status":"success","total_amount":"285000"} 
[2025-10-30 16:08:14] local.INFO: Callback verification successful  
[2025-10-30 16:08:14] local.ERROR: Integration purchase not found: INT271761829076  
[2025-10-30 16:08:15] local.INFO: Paytr Callback Received: {"hash":"E46PF12dMiC+C9A5R9woQNvuK/EknHrYtb+Awaaocf8=","merchant_oid":"INT271761829201","status":"success","total_amount":"180000","payment_type":"card","payment_amount":"180000","currency":"TL","installment_count":"1","merchant_id":"614136","test_mode":"1"} 
[2025-10-30 16:08:15] local.INFO: Callback Hash Verification: {"calculated_hash":"E46PF12dMiC+C9A5R9woQNvuK/EknHrYtb+Awaaocf8=","received_hash":"E46PF12dMiC+C9A5R9woQNvuK/EknHrYtb+Awaaocf8=","merchant_oid":"INT271761829201","status":"success","total_amount":"180000"} 
[2025-10-30 16:08:15] local.INFO: Callback verification successful  
[2025-10-30 16:08:15] local.ERROR: Integration purchase not found: INT271761829201  
[2025-10-30 16:08:15] local.INFO: Paytr Callback Received: {"hash":"FraceZRstvS3hDhxkjHGUKXCR56lHdxHWboxsKShiJQ=","merchant_oid":"INT271761827437","status":"failed","total_amount":"0","failed_reason_code":"6","failed_reason_msg":"Müşteri ödeme yapmaktan vazgeçti ve ödeme sayfasından ayrıldı.","payment_type":"card","merchant_id":"614136","test_mode":"1"} 
[2025-10-30 16:08:15] local.INFO: Callback Hash Verification: {"calculated_hash":"FraceZRstvS3hDhxkjHGUKXCR56lHdxHWboxsKShiJQ=","received_hash":"FraceZRstvS3hDhxkjHGUKXCR56lHdxHWboxsKShiJQ=","merchant_oid":"INT271761827437","status":"failed","total_amount":"0"} 
[2025-10-30 16:08:15] local.INFO: Callback verification successful  
[2025-10-30 16:08:15] local.ERROR: Integration purchase not found: INT271761827437  
[2025-10-30 16:08:16] local.INFO: Paytr Callback Received: {"hash":"VSluNlQT/xy2o+aD2onHyb58hpwEbxCE3M/rNKQE2ok=","merchant_oid":"INT271761829213","status":"success","total_amount":"180000","payment_type":"card","payment_amount":"180000","currency":"TL","installment_count":"1","merchant_id":"614136","test_mode":"1"} 
[2025-10-30 16:08:16] local.INFO: Callback Hash Verification: {"calculated_hash":"VSluNlQT/xy2o+aD2onHyb58hpwEbxCE3M/rNKQE2ok=","received_hash":"VSluNlQT/xy2o+aD2onHyb58hpwEbxCE3M/rNKQE2ok=","merchant_oid":"INT271761829213","status":"success","total_amount":"180000"} 
[2025-10-30 16:08:16] local.INFO: Callback verification successful  
[2025-10-30 16:08:16] local.ERROR: Integration purchase not found: INT271761829213  
[2025-10-30 16:09:07] local.INFO: Paytr Callback Received: {"hash":"muaOcVanfBEsDaODG0AK/IYyqwKMFwaAYfCUOznOx2k=","merchant_oid":"ST271761812993","status":"failed","total_amount":"0","failed_reason_code":"6","failed_reason_msg":"Müşteri ödeme yapmaktan vazgeçti ve ödeme sayfasından ayrıldı.","payment_type":"card","merchant_id":"614136","test_mode":"1"} 
[2025-10-30 16:09:07] local.INFO: Callback Hash Verification: {"calculated_hash":"muaOcVanfBEsDaODG0AK/IYyqwKMFwaAYfCUOznOx2k=","received_hash":"muaOcVanfBEsDaODG0AK/IYyqwKMFwaAYfCUOznOx2k=","merchant_oid":"ST271761812993","status":"failed","total_amount":"0"} 
[2025-10-30 16:09:07] local.INFO: Callback verification successful  
[2025-10-30 16:09:07] local.ERROR: Payment callback error {"message":"Attempt to read property \"status\" on null","file":"C:\\xampp\\htdocs\\serbiscrm\\app\\Http\\Controllers\\Frontend\\SubscriptionController.php","line":324,"post_data":{"hash":"muaOcVanfBEsDaODG0AK/IYyqwKMFwaAYfCUOznOx2k=","merchant_oid":"ST271761812993","status":"failed","total_amount":"0","failed_reason_code":"6","failed_reason_msg":"Müşteri ödeme yapmaktan vazgeçti ve ödeme sayfasından ayrıldı.","payment_type":"card","merchant_id":"614136","test_mode":"1"}} 
[2025-10-30 16:09:08] local.INFO: Paytr Callback Received: {"hash":"/vyyJ9HCD8GPZEy7MxTU6EcXOi6A14vhKibU7YwqtU8=","merchant_oid":"INT271761828956","status":"success","total_amount":"180000","payment_type":"card","payment_amount":"180000","currency":"TL","installment_count":"1","merchant_id":"614136","test_mode":"1"} 
[2025-10-30 16:09:08] local.INFO: Callback Hash Verification: {"calculated_hash":"/vyyJ9HCD8GPZEy7MxTU6EcXOi6A14vhKibU7YwqtU8=","received_hash":"/vyyJ9HCD8GPZEy7MxTU6EcXOi6A14vhKibU7YwqtU8=","merchant_oid":"INT271761828956","status":"success","total_amount":"180000"} 
[2025-10-30 16:09:08] local.INFO: Callback verification successful  
[2025-10-30 16:09:08] local.ERROR: Integration purchase not found: INT271761828956  
[2025-10-30 16:09:09] local.INFO: Paytr Callback Received: {"hash":"N0rhd7FEGVpBHvbYJfEPplou8xLYQETpkTRNu/GgArk=","merchant_oid":"INT271761829076","status":"success","total_amount":"285000","payment_type":"card","payment_amount":"285000","currency":"TL","installment_count":"1","merchant_id":"614136","test_mode":"1"} 
[2025-10-30 16:09:09] local.INFO: Callback Hash Verification: {"calculated_hash":"N0rhd7FEGVpBHvbYJfEPplou8xLYQETpkTRNu/GgArk=","received_hash":"N0rhd7FEGVpBHvbYJfEPplou8xLYQETpkTRNu/GgArk=","merchant_oid":"INT271761829076","status":"success","total_amount":"285000"} 
[2025-10-30 16:09:09] local.INFO: Callback verification successful  
[2025-10-30 16:09:09] local.ERROR: Integration purchase not found: INT271761829076  
[2025-10-30 16:09:09] local.INFO: Paytr Callback Received: {"hash":"E46PF12dMiC+C9A5R9woQNvuK/EknHrYtb+Awaaocf8=","merchant_oid":"INT271761829201","status":"success","total_amount":"180000","payment_type":"card","payment_amount":"180000","currency":"TL","installment_count":"1","merchant_id":"614136","test_mode":"1"} 
[2025-10-30 16:09:09] local.INFO: Callback Hash Verification: {"calculated_hash":"E46PF12dMiC+C9A5R9woQNvuK/EknHrYtb+Awaaocf8=","received_hash":"E46PF12dMiC+C9A5R9woQNvuK/EknHrYtb+Awaaocf8=","merchant_oid":"INT271761829201","status":"success","total_amount":"180000"} 
[2025-10-30 16:09:09] local.INFO: Callback verification successful  
[2025-10-30 16:09:09] local.ERROR: Integration purchase not found: INT271761829201  
[2025-10-30 16:09:10] local.INFO: Paytr Callback Received: {"hash":"FraceZRstvS3hDhxkjHGUKXCR56lHdxHWboxsKShiJQ=","merchant_oid":"INT271761827437","status":"failed","total_amount":"0","failed_reason_code":"6","failed_reason_msg":"Müşteri ödeme yapmaktan vazgeçti ve ödeme sayfasından ayrıldı.","payment_type":"card","merchant_id":"614136","test_mode":"1"} 
[2025-10-30 16:09:10] local.INFO: Callback Hash Verification: {"calculated_hash":"FraceZRstvS3hDhxkjHGUKXCR56lHdxHWboxsKShiJQ=","received_hash":"FraceZRstvS3hDhxkjHGUKXCR56lHdxHWboxsKShiJQ=","merchant_oid":"INT271761827437","status":"failed","total_amount":"0"} 
[2025-10-30 16:09:10] local.INFO: Callback verification successful  
[2025-10-30 16:09:10] local.ERROR: Integration purchase not found: INT271761827437  
[2025-10-30 16:09:10] local.INFO: Paytr Callback Received: {"hash":"VSluNlQT/xy2o+aD2onHyb58hpwEbxCE3M/rNKQE2ok=","merchant_oid":"INT271761829213","status":"success","total_amount":"180000","payment_type":"card","payment_amount":"180000","currency":"TL","installment_count":"1","merchant_id":"614136","test_mode":"1"} 
[2025-10-30 16:09:10] local.INFO: Callback Hash Verification: {"calculated_hash":"VSluNlQT/xy2o+aD2onHyb58hpwEbxCE3M/rNKQE2ok=","received_hash":"VSluNlQT/xy2o+aD2onHyb58hpwEbxCE3M/rNKQE2ok=","merchant_oid":"INT271761829213","status":"success","total_amount":"180000"} 
[2025-10-30 16:09:10] local.INFO: Callback verification successful  
[2025-10-30 16:09:10] local.ERROR: Integration purchase not found: INT271761829213  
[2025-10-30 16:09:50] local.INFO: PayTR Request Data: {"merchant_id":"614136","order_id":"INT271761829790","amount":180000,"user_ip":"78.190.145.61","hash_string":"61413678.190.145.61INT271761829790fiberdev5@gmail.com180000W1siTkVUR1NNIiwiMTgwMC4wMCIsMV1d10TL1","token":"qEAY9X+VWOE4MlqyNml/aSlU+LYCLMxKtnsEhiRFzqU="} 
[2025-10-30 16:09:51] local.INFO: PayTR API Response: {"status":"success","token":"a14cca100d83b9b6215e4512246907f84fdd44b53d57b9c7e560c657b7bbb468-692515665"} 
[2025-10-30 16:09:57] local.INFO: Paytr Callback Received: {"hash":"hWQVA1jI/csaLLUBLVq8LAkF60YrYNA9PHYUTW1jMcE=","merchant_oid":"INT271761829790","status":"success","total_amount":"180000","payment_type":"card","payment_amount":"180000","currency":"TL","installment_count":"1","merchant_id":"614136","test_mode":"1"} 
[2025-10-30 16:09:57] local.INFO: Callback Hash Verification: {"calculated_hash":"hWQVA1jI/csaLLUBLVq8LAkF60YrYNA9PHYUTW1jMcE=","received_hash":"hWQVA1jI/csaLLUBLVq8LAkF60YrYNA9PHYUTW1jMcE=","merchant_oid":"INT271761829790","status":"success","total_amount":"180000"} 
[2025-10-30 16:09:57] local.INFO: Callback verification successful  
[2025-10-30 16:09:57] local.ERROR: Integration purchase not found: INT271761829790  
[2025-10-30 16:10:01] local.INFO: PayTR Request Data: {"merchant_id":"614136","order_id":"INT271761829801","amount":180000,"user_ip":"78.190.145.61","hash_string":"61413678.190.145.61INT271761829801fiberdev5@gmail.com180000W1siTkVUR1NNIiwiMTgwMC4wMCIsMV1d10TL1","token":"6vKC5UzG2SN0rl6Ase7k8dZs4ZpcIdSq1zTv0hLjRzM="} 
[2025-10-30 16:10:02] local.INFO: PayTR API Response: {"status":"success","token":"9a572d2242c92f754972af4de52986fe8817141422346fc9cd7ec30270743855-692515716"} 
[2025-10-30 16:10:13] local.INFO: Paytr Callback Received: {"hash":"muaOcVanfBEsDaODG0AK/IYyqwKMFwaAYfCUOznOx2k=","merchant_oid":"ST271761812993","status":"failed","total_amount":"0","failed_reason_code":"6","failed_reason_msg":"Müşteri ödeme yapmaktan vazgeçti ve ödeme sayfasından ayrıldı.","payment_type":"card","merchant_id":"614136","test_mode":"1"} 
[2025-10-30 16:10:13] local.INFO: Callback Hash Verification: {"calculated_hash":"muaOcVanfBEsDaODG0AK/IYyqwKMFwaAYfCUOznOx2k=","received_hash":"muaOcVanfBEsDaODG0AK/IYyqwKMFwaAYfCUOznOx2k=","merchant_oid":"ST271761812993","status":"failed","total_amount":"0"} 
[2025-10-30 16:10:13] local.INFO: Callback verification successful  
[2025-10-30 16:10:13] local.ERROR: Payment callback error {"message":"Attempt to read property \"status\" on null","file":"C:\\xampp\\htdocs\\serbiscrm\\app\\Http\\Controllers\\Frontend\\SubscriptionController.php","line":324,"post_data":{"hash":"muaOcVanfBEsDaODG0AK/IYyqwKMFwaAYfCUOznOx2k=","merchant_oid":"ST271761812993","status":"failed","total_amount":"0","failed_reason_code":"6","failed_reason_msg":"Müşteri ödeme yapmaktan vazgeçti ve ödeme sayfasından ayrıldı.","payment_type":"card","merchant_id":"614136","test_mode":"1"}} 
[2025-10-30 16:10:13] local.INFO: Paytr Callback Received: {"hash":"/vyyJ9HCD8GPZEy7MxTU6EcXOi6A14vhKibU7YwqtU8=","merchant_oid":"INT271761828956","status":"success","total_amount":"180000","payment_type":"card","payment_amount":"180000","currency":"TL","installment_count":"1","merchant_id":"614136","test_mode":"1"} 
[2025-10-30 16:10:13] local.INFO: Callback Hash Verification: {"calculated_hash":"/vyyJ9HCD8GPZEy7MxTU6EcXOi6A14vhKibU7YwqtU8=","received_hash":"/vyyJ9HCD8GPZEy7MxTU6EcXOi6A14vhKibU7YwqtU8=","merchant_oid":"INT271761828956","status":"success","total_amount":"180000"} 
[2025-10-30 16:10:13] local.INFO: Callback verification successful  
[2025-10-30 16:10:13] local.ERROR: Integration purchase not found: INT271761828956  
[2025-10-30 16:10:14] local.INFO: Paytr Callback Received: {"hash":"N0rhd7FEGVpBHvbYJfEPplou8xLYQETpkTRNu/GgArk=","merchant_oid":"INT271761829076","status":"success","total_amount":"285000","payment_type":"card","payment_amount":"285000","currency":"TL","installment_count":"1","merchant_id":"614136","test_mode":"1"} 
[2025-10-30 16:10:14] local.INFO: Callback Hash Verification: {"calculated_hash":"N0rhd7FEGVpBHvbYJfEPplou8xLYQETpkTRNu/GgArk=","received_hash":"N0rhd7FEGVpBHvbYJfEPplou8xLYQETpkTRNu/GgArk=","merchant_oid":"INT271761829076","status":"success","total_amount":"285000"} 
[2025-10-30 16:10:14] local.INFO: Callback verification successful  
[2025-10-30 16:10:14] local.ERROR: Integration purchase not found: INT271761829076  
[2025-10-30 16:10:15] local.INFO: Paytr Callback Received: {"hash":"E46PF12dMiC+C9A5R9woQNvuK/EknHrYtb+Awaaocf8=","merchant_oid":"INT271761829201","status":"success","total_amount":"180000","payment_type":"card","payment_amount":"180000","currency":"TL","installment_count":"1","merchant_id":"614136","test_mode":"1"} 
[2025-10-30 16:10:15] local.INFO: Callback Hash Verification: {"calculated_hash":"E46PF12dMiC+C9A5R9woQNvuK/EknHrYtb+Awaaocf8=","received_hash":"E46PF12dMiC+C9A5R9woQNvuK/EknHrYtb+Awaaocf8=","merchant_oid":"INT271761829201","status":"success","total_amount":"180000"} 
[2025-10-30 16:10:15] local.INFO: Callback verification successful  
[2025-10-30 16:10:15] local.ERROR: Integration purchase not found: INT271761829201  
[2025-10-30 16:10:15] local.INFO: Paytr Callback Received: {"hash":"FraceZRstvS3hDhxkjHGUKXCR56lHdxHWboxsKShiJQ=","merchant_oid":"INT271761827437","status":"failed","total_amount":"0","failed_reason_code":"6","failed_reason_msg":"Müşteri ödeme yapmaktan vazgeçti ve ödeme sayfasından ayrıldı.","payment_type":"card","merchant_id":"614136","test_mode":"1"} 
[2025-10-30 16:10:15] local.INFO: Callback Hash Verification: {"calculated_hash":"FraceZRstvS3hDhxkjHGUKXCR56lHdxHWboxsKShiJQ=","received_hash":"FraceZRstvS3hDhxkjHGUKXCR56lHdxHWboxsKShiJQ=","merchant_oid":"INT271761827437","status":"failed","total_amount":"0"} 
[2025-10-30 16:10:15] local.INFO: Callback verification successful  
[2025-10-30 16:10:15] local.ERROR: Integration purchase not found: INT271761827437  
[2025-10-30 16:10:16] local.INFO: Paytr Callback Received: {"hash":"VSluNlQT/xy2o+aD2onHyb58hpwEbxCE3M/rNKQE2ok=","merchant_oid":"INT271761829213","status":"success","total_amount":"180000","payment_type":"card","payment_amount":"180000","currency":"TL","installment_count":"1","merchant_id":"614136","test_mode":"1"} 
[2025-10-30 16:10:16] local.INFO: Callback Hash Verification: {"calculated_hash":"VSluNlQT/xy2o+aD2onHyb58hpwEbxCE3M/rNKQE2ok=","received_hash":"VSluNlQT/xy2o+aD2onHyb58hpwEbxCE3M/rNKQE2ok=","merchant_oid":"INT271761829213","status":"success","total_amount":"180000"} 
[2025-10-30 16:10:16] local.INFO: Callback verification successful  
[2025-10-30 16:10:16] local.ERROR: Integration purchase not found: INT271761829213  
[2025-10-30 16:10:16] local.INFO: Paytr Callback Received: {"hash":"hWQVA1jI/csaLLUBLVq8LAkF60YrYNA9PHYUTW1jMcE=","merchant_oid":"INT271761829790","status":"success","total_amount":"180000","payment_type":"card","payment_amount":"180000","currency":"TL","installment_count":"1","merchant_id":"614136","test_mode":"1"} 
[2025-10-30 16:10:16] local.INFO: Callback Hash Verification: {"calculated_hash":"hWQVA1jI/csaLLUBLVq8LAkF60YrYNA9PHYUTW1jMcE=","received_hash":"hWQVA1jI/csaLLUBLVq8LAkF60YrYNA9PHYUTW1jMcE=","merchant_oid":"INT271761829790","status":"success","total_amount":"180000"} 
[2025-10-30 16:10:16] local.INFO: Callback verification successful  
[2025-10-30 16:10:16] local.ERROR: Integration purchase not found: INT271761829790  
[2025-10-30 16:11:08] local.INFO: Paytr Callback Received: {"hash":"muaOcVanfBEsDaODG0AK/IYyqwKMFwaAYfCUOznOx2k=","merchant_oid":"ST271761812993","status":"failed","total_amount":"0","failed_reason_code":"6","failed_reason_msg":"Müşteri ödeme yapmaktan vazgeçti ve ödeme sayfasından ayrıldı.","payment_type":"card","merchant_id":"614136","test_mode":"1"} 
[2025-10-30 16:11:08] local.INFO: Callback Hash Verification: {"calculated_hash":"muaOcVanfBEsDaODG0AK/IYyqwKMFwaAYfCUOznOx2k=","received_hash":"muaOcVanfBEsDaODG0AK/IYyqwKMFwaAYfCUOznOx2k=","merchant_oid":"ST271761812993","status":"failed","total_amount":"0"} 
[2025-10-30 16:11:08] local.INFO: Callback verification successful  
[2025-10-30 16:11:08] local.ERROR: Payment callback error {"message":"Attempt to read property \"status\" on null","file":"C:\\xampp\\htdocs\\serbiscrm\\app\\Http\\Controllers\\Frontend\\SubscriptionController.php","line":324,"post_data":{"hash":"muaOcVanfBEsDaODG0AK/IYyqwKMFwaAYfCUOznOx2k=","merchant_oid":"ST271761812993","status":"failed","total_amount":"0","failed_reason_code":"6","failed_reason_msg":"Müşteri ödeme yapmaktan vazgeçti ve ödeme sayfasından ayrıldı.","payment_type":"card","merchant_id":"614136","test_mode":"1"}} 
[2025-10-30 16:11:09] local.INFO: Paytr Callback Received: {"hash":"/vyyJ9HCD8GPZEy7MxTU6EcXOi6A14vhKibU7YwqtU8=","merchant_oid":"INT271761828956","status":"success","total_amount":"180000","payment_type":"card","payment_amount":"180000","currency":"TL","installment_count":"1","merchant_id":"614136","test_mode":"1"} 
[2025-10-30 16:11:09] local.INFO: Callback Hash Verification: {"calculated_hash":"/vyyJ9HCD8GPZEy7MxTU6EcXOi6A14vhKibU7YwqtU8=","received_hash":"/vyyJ9HCD8GPZEy7MxTU6EcXOi6A14vhKibU7YwqtU8=","merchant_oid":"INT271761828956","status":"success","total_amount":"180000"} 
[2025-10-30 16:11:09] local.INFO: Callback verification successful  
[2025-10-30 16:11:09] local.ERROR: Integration purchase not found: INT271761828956  
[2025-10-30 16:11:09] local.INFO: Paytr Callback Received: {"hash":"N0rhd7FEGVpBHvbYJfEPplou8xLYQETpkTRNu/GgArk=","merchant_oid":"INT271761829076","status":"success","total_amount":"285000","payment_type":"card","payment_amount":"285000","currency":"TL","installment_count":"1","merchant_id":"614136","test_mode":"1"} 
[2025-10-30 16:11:09] local.INFO: Callback Hash Verification: {"calculated_hash":"N0rhd7FEGVpBHvbYJfEPplou8xLYQETpkTRNu/GgArk=","received_hash":"N0rhd7FEGVpBHvbYJfEPplou8xLYQETpkTRNu/GgArk=","merchant_oid":"INT271761829076","status":"success","total_amount":"285000"} 
[2025-10-30 16:11:09] local.INFO: Callback verification successful  
[2025-10-30 16:11:09] local.ERROR: Integration purchase not found: INT271761829076  
[2025-10-30 16:11:10] local.INFO: Paytr Callback Received: {"hash":"E46PF12dMiC+C9A5R9woQNvuK/EknHrYtb+Awaaocf8=","merchant_oid":"INT271761829201","status":"success","total_amount":"180000","payment_type":"card","payment_amount":"180000","currency":"TL","installment_count":"1","merchant_id":"614136","test_mode":"1"} 
[2025-10-30 16:11:10] local.INFO: Callback Hash Verification: {"calculated_hash":"E46PF12dMiC+C9A5R9woQNvuK/EknHrYtb+Awaaocf8=","received_hash":"E46PF12dMiC+C9A5R9woQNvuK/EknHrYtb+Awaaocf8=","merchant_oid":"INT271761829201","status":"success","total_amount":"180000"} 
[2025-10-30 16:11:10] local.INFO: Callback verification successful  
[2025-10-30 16:11:10] local.ERROR: Integration purchase not found: INT271761829201  
[2025-10-30 16:11:10] local.INFO: Paytr Callback Received: {"hash":"FraceZRstvS3hDhxkjHGUKXCR56lHdxHWboxsKShiJQ=","merchant_oid":"INT271761827437","status":"failed","total_amount":"0","failed_reason_code":"6","failed_reason_msg":"Müşteri ödeme yapmaktan vazgeçti ve ödeme sayfasından ayrıldı.","payment_type":"card","merchant_id":"614136","test_mode":"1"} 
[2025-10-30 16:11:10] local.INFO: Callback Hash Verification: {"calculated_hash":"FraceZRstvS3hDhxkjHGUKXCR56lHdxHWboxsKShiJQ=","received_hash":"FraceZRstvS3hDhxkjHGUKXCR56lHdxHWboxsKShiJQ=","merchant_oid":"INT271761827437","status":"failed","total_amount":"0"} 
[2025-10-30 16:11:10] local.INFO: Callback verification successful  
[2025-10-30 16:11:10] local.ERROR: Integration purchase not found: INT271761827437  
[2025-10-30 16:11:11] local.INFO: Paytr Callback Received: {"hash":"VSluNlQT/xy2o+aD2onHyb58hpwEbxCE3M/rNKQE2ok=","merchant_oid":"INT271761829213","status":"success","total_amount":"180000","payment_type":"card","payment_amount":"180000","currency":"TL","installment_count":"1","merchant_id":"614136","test_mode":"1"} 
[2025-10-30 16:11:11] local.INFO: Callback Hash Verification: {"calculated_hash":"VSluNlQT/xy2o+aD2onHyb58hpwEbxCE3M/rNKQE2ok=","received_hash":"VSluNlQT/xy2o+aD2onHyb58hpwEbxCE3M/rNKQE2ok=","merchant_oid":"INT271761829213","status":"success","total_amount":"180000"} 
[2025-10-30 16:11:11] local.INFO: Callback verification successful  
[2025-10-30 16:11:11] local.ERROR: Integration purchase not found: INT271761829213  
[2025-10-30 16:11:11] local.INFO: Paytr Callback Received: {"hash":"hWQVA1jI/csaLLUBLVq8LAkF60YrYNA9PHYUTW1jMcE=","merchant_oid":"INT271761829790","status":"success","total_amount":"180000","payment_type":"card","payment_amount":"180000","currency":"TL","installment_count":"1","merchant_id":"614136","test_mode":"1"} 
[2025-10-30 16:11:11] local.INFO: Callback Hash Verification: {"calculated_hash":"hWQVA1jI/csaLLUBLVq8LAkF60YrYNA9PHYUTW1jMcE=","received_hash":"hWQVA1jI/csaLLUBLVq8LAkF60YrYNA9PHYUTW1jMcE=","merchant_oid":"INT271761829790","status":"success","total_amount":"180000"} 
[2025-10-30 16:11:11] local.INFO: Callback verification successful  
[2025-10-30 16:11:11] local.ERROR: Integration purchase not found: INT271761829790  
[2025-10-30 16:12:12] local.INFO: Paytr Callback Received: {"hash":"muaOcVanfBEsDaODG0AK/IYyqwKMFwaAYfCUOznOx2k=","merchant_oid":"ST271761812993","status":"failed","total_amount":"0","failed_reason_code":"6","failed_reason_msg":"Müşteri ödeme yapmaktan vazgeçti ve ödeme sayfasından ayrıldı.","payment_type":"card","merchant_id":"614136","test_mode":"1"} 
[2025-10-30 16:12:12] local.INFO: Callback Hash Verification: {"calculated_hash":"muaOcVanfBEsDaODG0AK/IYyqwKMFwaAYfCUOznOx2k=","received_hash":"muaOcVanfBEsDaODG0AK/IYyqwKMFwaAYfCUOznOx2k=","merchant_oid":"ST271761812993","status":"failed","total_amount":"0"} 
[2025-10-30 16:12:12] local.INFO: Callback verification successful  
[2025-10-30 16:12:12] local.ERROR: Payment callback error {"message":"Attempt to read property \"status\" on null","file":"C:\\xampp\\htdocs\\serbiscrm\\app\\Http\\Controllers\\Frontend\\SubscriptionController.php","line":324,"post_data":{"hash":"muaOcVanfBEsDaODG0AK/IYyqwKMFwaAYfCUOznOx2k=","merchant_oid":"ST271761812993","status":"failed","total_amount":"0","failed_reason_code":"6","failed_reason_msg":"Müşteri ödeme yapmaktan vazgeçti ve ödeme sayfasından ayrıldı.","payment_type":"card","merchant_id":"614136","test_mode":"1"}} 
[2025-10-30 16:12:12] local.INFO: Paytr Callback Received: {"hash":"/vyyJ9HCD8GPZEy7MxTU6EcXOi6A14vhKibU7YwqtU8=","merchant_oid":"INT271761828956","status":"success","total_amount":"180000","payment_type":"card","payment_amount":"180000","currency":"TL","installment_count":"1","merchant_id":"614136","test_mode":"1"} 
[2025-10-30 16:12:12] local.INFO: Callback Hash Verification: {"calculated_hash":"/vyyJ9HCD8GPZEy7MxTU6EcXOi6A14vhKibU7YwqtU8=","received_hash":"/vyyJ9HCD8GPZEy7MxTU6EcXOi6A14vhKibU7YwqtU8=","merchant_oid":"INT271761828956","status":"success","total_amount":"180000"} 
[2025-10-30 16:12:12] local.INFO: Callback verification successful  
[2025-10-30 16:12:12] local.ERROR: Integration purchase not found: INT271761828956  
[2025-10-30 16:12:13] local.INFO: Paytr Callback Received: {"hash":"N0rhd7FEGVpBHvbYJfEPplou8xLYQETpkTRNu/GgArk=","merchant_oid":"INT271761829076","status":"success","total_amount":"285000","payment_type":"card","payment_amount":"285000","currency":"TL","installment_count":"1","merchant_id":"614136","test_mode":"1"} 
[2025-10-30 16:12:13] local.INFO: Callback Hash Verification: {"calculated_hash":"N0rhd7FEGVpBHvbYJfEPplou8xLYQETpkTRNu/GgArk=","received_hash":"N0rhd7FEGVpBHvbYJfEPplou8xLYQETpkTRNu/GgArk=","merchant_oid":"INT271761829076","status":"success","total_amount":"285000"} 
[2025-10-30 16:12:13] local.INFO: Callback verification successful  
[2025-10-30 16:12:13] local.ERROR: Integration purchase not found: INT271761829076  
[2025-10-30 16:12:13] local.INFO: Paytr Callback Received: {"hash":"E46PF12dMiC+C9A5R9woQNvuK/EknHrYtb+Awaaocf8=","merchant_oid":"INT271761829201","status":"success","total_amount":"180000","payment_type":"card","payment_amount":"180000","currency":"TL","installment_count":"1","merchant_id":"614136","test_mode":"1"} 
[2025-10-30 16:12:13] local.INFO: Callback Hash Verification: {"calculated_hash":"E46PF12dMiC+C9A5R9woQNvuK/EknHrYtb+Awaaocf8=","received_hash":"E46PF12dMiC+C9A5R9woQNvuK/EknHrYtb+Awaaocf8=","merchant_oid":"INT271761829201","status":"success","total_amount":"180000"} 
[2025-10-30 16:12:13] local.INFO: Callback verification successful  
[2025-10-30 16:12:13] local.ERROR: Integration purchase not found: INT271761829201  
[2025-10-30 16:12:14] local.INFO: Paytr Callback Received: {"hash":"FraceZRstvS3hDhxkjHGUKXCR56lHdxHWboxsKShiJQ=","merchant_oid":"INT271761827437","status":"failed","total_amount":"0","failed_reason_code":"6","failed_reason_msg":"Müşteri ödeme yapmaktan vazgeçti ve ödeme sayfasından ayrıldı.","payment_type":"card","merchant_id":"614136","test_mode":"1"} 
[2025-10-30 16:12:14] local.INFO: Callback Hash Verification: {"calculated_hash":"FraceZRstvS3hDhxkjHGUKXCR56lHdxHWboxsKShiJQ=","received_hash":"FraceZRstvS3hDhxkjHGUKXCR56lHdxHWboxsKShiJQ=","merchant_oid":"INT271761827437","status":"failed","total_amount":"0"} 
[2025-10-30 16:12:14] local.INFO: Callback verification successful  
[2025-10-30 16:12:14] local.ERROR: Integration purchase not found: INT271761827437  
[2025-10-30 16:12:15] local.INFO: Paytr Callback Received: {"hash":"VSluNlQT/xy2o+aD2onHyb58hpwEbxCE3M/rNKQE2ok=","merchant_oid":"INT271761829213","status":"success","total_amount":"180000","payment_type":"card","payment_amount":"180000","currency":"TL","installment_count":"1","merchant_id":"614136","test_mode":"1"} 
[2025-10-30 16:12:15] local.INFO: Callback Hash Verification: {"calculated_hash":"VSluNlQT/xy2o+aD2onHyb58hpwEbxCE3M/rNKQE2ok=","received_hash":"VSluNlQT/xy2o+aD2onHyb58hpwEbxCE3M/rNKQE2ok=","merchant_oid":"INT271761829213","status":"success","total_amount":"180000"} 
[2025-10-30 16:12:15] local.INFO: Callback verification successful  
[2025-10-30 16:12:15] local.ERROR: Integration purchase not found: INT271761829213  
[2025-10-30 16:12:15] local.INFO: Paytr Callback Received: {"hash":"hWQVA1jI/csaLLUBLVq8LAkF60YrYNA9PHYUTW1jMcE=","merchant_oid":"INT271761829790","status":"success","total_amount":"180000","payment_type":"card","payment_amount":"180000","currency":"TL","installment_count":"1","merchant_id":"614136","test_mode":"1"} 
[2025-10-30 16:12:15] local.INFO: Callback Hash Verification: {"calculated_hash":"hWQVA1jI/csaLLUBLVq8LAkF60YrYNA9PHYUTW1jMcE=","received_hash":"hWQVA1jI/csaLLUBLVq8LAkF60YrYNA9PHYUTW1jMcE=","merchant_oid":"INT271761829790","status":"success","total_amount":"180000"} 
[2025-10-30 16:12:15] local.INFO: Callback verification successful  
[2025-10-30 16:12:15] local.ERROR: Integration purchase not found: INT271761829790  
[2025-10-30 16:12:53] local.INFO: PayTR Request Data: {"merchant_id":"614136","order_id":"INT271761829973","amount":180000,"user_ip":"78.190.145.61","hash_string":"61413678.190.145.61INT271761829973fiberdev5@gmail.com180000W1siTkVUR1NNIiwiMTgwMC4wMCIsMV1d10TL1","token":"5yA4WhpUG3j8OY7igg4Ei6ThWAzIOXbyFJ1SYKKYnHI="} 
[2025-10-30 16:12:54] local.INFO: PayTR API Response: {"status":"success","token":"32b4159de7c913e8c0be47954275713a8bac7acefdfaa694e1a2f0edb9a19ae2-692516859"} 
[2025-10-30 16:13:00] local.INFO: Paytr Callback Received: {"hash":"+FJrrpEPT+TnkCwQiVrfb2ogeZYYtNy6yXpbQrq+92g=","merchant_oid":"INT271761829973","status":"success","total_amount":"180000","payment_type":"card","payment_amount":"180000","currency":"TL","installment_count":"1","merchant_id":"614136","test_mode":"1"} 
[2025-10-30 16:13:00] local.INFO: Callback Hash Verification: {"calculated_hash":"+FJrrpEPT+TnkCwQiVrfb2ogeZYYtNy6yXpbQrq+92g=","received_hash":"+FJrrpEPT+TnkCwQiVrfb2ogeZYYtNy6yXpbQrq+92g=","merchant_oid":"INT271761829973","status":"success","total_amount":"180000"} 
[2025-10-30 16:13:00] local.INFO: Callback verification successful  
[2025-10-30 16:13:00] local.ERROR: Payment callback error {"message":"Attempt to read property \"status\" on null","file":"C:\\xampp\\htdocs\\serbiscrm\\app\\Http\\Controllers\\Frontend\\SubscriptionController.php","line":380,"post_data":{"hash":"+FJrrpEPT+TnkCwQiVrfb2ogeZYYtNy6yXpbQrq+92g=","merchant_oid":"INT271761829973","status":"success","total_amount":"180000","payment_type":"card","payment_amount":"180000","currency":"TL","installment_count":"1","merchant_id":"614136","test_mode":"1"}} 
[2025-10-30 16:13:04] local.INFO: PayTR Request Data: {"merchant_id":"614136","order_id":"INT271761829984","amount":180000,"user_ip":"78.190.145.61","hash_string":"61413678.190.145.61INT271761829984fiberdev5@gmail.com180000W1siTkVUR1NNIiwiMTgwMC4wMCIsMV1d10TL1","token":"WTk2tiqI8XpR91YR+ds5Kf3o7zM8aqLfv1QXoTIHF98="} 
[2025-10-30 16:13:05] local.INFO: PayTR API Response: {"status":"success","token":"18967740f1af902fc7d7e80a0ec22b114f882f80d9fa046042cf496e42f71b0e-692516922"} 
[2025-10-30 16:13:08] local.INFO: Paytr Callback Received: {"hash":"muaOcVanfBEsDaODG0AK/IYyqwKMFwaAYfCUOznOx2k=","merchant_oid":"ST271761812993","status":"failed","total_amount":"0","failed_reason_code":"6","failed_reason_msg":"Müşteri ödeme yapmaktan vazgeçti ve ödeme sayfasından ayrıldı.","payment_type":"card","merchant_id":"614136","test_mode":"1"} 
[2025-10-30 16:13:08] local.INFO: Callback Hash Verification: {"calculated_hash":"muaOcVanfBEsDaODG0AK/IYyqwKMFwaAYfCUOznOx2k=","received_hash":"muaOcVanfBEsDaODG0AK/IYyqwKMFwaAYfCUOznOx2k=","merchant_oid":"ST271761812993","status":"failed","total_amount":"0"} 
[2025-10-30 16:13:08] local.INFO: Callback verification successful  
[2025-10-30 16:13:08] local.ERROR: Payment callback error {"message":"Attempt to read property \"status\" on null","file":"C:\\xampp\\htdocs\\serbiscrm\\app\\Http\\Controllers\\Frontend\\SubscriptionController.php","line":325,"post_data":{"hash":"muaOcVanfBEsDaODG0AK/IYyqwKMFwaAYfCUOznOx2k=","merchant_oid":"ST271761812993","status":"failed","total_amount":"0","failed_reason_code":"6","failed_reason_msg":"Müşteri ödeme yapmaktan vazgeçti ve ödeme sayfasından ayrıldı.","payment_type":"card","merchant_id":"614136","test_mode":"1"}} 
[2025-10-30 16:13:08] local.INFO: Paytr Callback Received: {"hash":"/vyyJ9HCD8GPZEy7MxTU6EcXOi6A14vhKibU7YwqtU8=","merchant_oid":"INT271761828956","status":"success","total_amount":"180000","payment_type":"card","payment_amount":"180000","currency":"TL","installment_count":"1","merchant_id":"614136","test_mode":"1"} 
[2025-10-30 16:13:08] local.INFO: Callback Hash Verification: {"calculated_hash":"/vyyJ9HCD8GPZEy7MxTU6EcXOi6A14vhKibU7YwqtU8=","received_hash":"/vyyJ9HCD8GPZEy7MxTU6EcXOi6A14vhKibU7YwqtU8=","merchant_oid":"INT271761828956","status":"success","total_amount":"180000"} 
[2025-10-30 16:13:08] local.INFO: Callback verification successful  
[2025-10-30 16:13:08] local.ERROR: Payment callback error {"message":"Attempt to read property \"status\" on null","file":"C:\\xampp\\htdocs\\serbiscrm\\app\\Http\\Controllers\\Frontend\\SubscriptionController.php","line":380,"post_data":{"hash":"/vyyJ9HCD8GPZEy7MxTU6EcXOi6A14vhKibU7YwqtU8=","merchant_oid":"INT271761828956","status":"success","total_amount":"180000","payment_type":"card","payment_amount":"180000","currency":"TL","installment_count":"1","merchant_id":"614136","test_mode":"1"}} 
[2025-10-30 16:13:09] local.INFO: Paytr Callback Received: {"hash":"N0rhd7FEGVpBHvbYJfEPplou8xLYQETpkTRNu/GgArk=","merchant_oid":"INT271761829076","status":"success","total_amount":"285000","payment_type":"card","payment_amount":"285000","currency":"TL","installment_count":"1","merchant_id":"614136","test_mode":"1"} 
[2025-10-30 16:13:09] local.INFO: Callback Hash Verification: {"calculated_hash":"N0rhd7FEGVpBHvbYJfEPplou8xLYQETpkTRNu/GgArk=","received_hash":"N0rhd7FEGVpBHvbYJfEPplou8xLYQETpkTRNu/GgArk=","merchant_oid":"INT271761829076","status":"success","total_amount":"285000"} 
[2025-10-30 16:13:09] local.INFO: Callback verification successful  
[2025-10-30 16:13:09] local.ERROR: Payment callback error {"message":"Attempt to read property \"status\" on null","file":"C:\\xampp\\htdocs\\serbiscrm\\app\\Http\\Controllers\\Frontend\\SubscriptionController.php","line":380,"post_data":{"hash":"N0rhd7FEGVpBHvbYJfEPplou8xLYQETpkTRNu/GgArk=","merchant_oid":"INT271761829076","status":"success","total_amount":"285000","payment_type":"card","payment_amount":"285000","currency":"TL","installment_count":"1","merchant_id":"614136","test_mode":"1"}} 
[2025-10-30 16:13:10] local.INFO: Paytr Callback Received: {"hash":"E46PF12dMiC+C9A5R9woQNvuK/EknHrYtb+Awaaocf8=","merchant_oid":"INT271761829201","status":"success","total_amount":"180000","payment_type":"card","payment_amount":"180000","currency":"TL","installment_count":"1","merchant_id":"614136","test_mode":"1"} 
[2025-10-30 16:13:10] local.INFO: Callback Hash Verification: {"calculated_hash":"E46PF12dMiC+C9A5R9woQNvuK/EknHrYtb+Awaaocf8=","received_hash":"E46PF12dMiC+C9A5R9woQNvuK/EknHrYtb+Awaaocf8=","merchant_oid":"INT271761829201","status":"success","total_amount":"180000"} 
[2025-10-30 16:13:10] local.INFO: Callback verification successful  
[2025-10-30 16:13:10] local.ERROR: Payment callback error {"message":"Attempt to read property \"status\" on null","file":"C:\\xampp\\htdocs\\serbiscrm\\app\\Http\\Controllers\\Frontend\\SubscriptionController.php","line":380,"post_data":{"hash":"E46PF12dMiC+C9A5R9woQNvuK/EknHrYtb+Awaaocf8=","merchant_oid":"INT271761829201","status":"success","total_amount":"180000","payment_type":"card","payment_amount":"180000","currency":"TL","installment_count":"1","merchant_id":"614136","test_mode":"1"}} 
[2025-10-30 16:13:10] local.INFO: Paytr Callback Received: {"hash":"FraceZRstvS3hDhxkjHGUKXCR56lHdxHWboxsKShiJQ=","merchant_oid":"INT271761827437","status":"failed","total_amount":"0","failed_reason_code":"6","failed_reason_msg":"Müşteri ödeme yapmaktan vazgeçti ve ödeme sayfasından ayrıldı.","payment_type":"card","merchant_id":"614136","test_mode":"1"} 
[2025-10-30 16:13:10] local.INFO: Callback Hash Verification: {"calculated_hash":"FraceZRstvS3hDhxkjHGUKXCR56lHdxHWboxsKShiJQ=","received_hash":"FraceZRstvS3hDhxkjHGUKXCR56lHdxHWboxsKShiJQ=","merchant_oid":"INT271761827437","status":"failed","total_amount":"0"} 
[2025-10-30 16:13:10] local.INFO: Callback verification successful  
[2025-10-30 16:13:10] local.ERROR: Payment callback error {"message":"Attempt to read property \"status\" on null","file":"C:\\xampp\\htdocs\\serbiscrm\\app\\Http\\Controllers\\Frontend\\SubscriptionController.php","line":380,"post_data":{"hash":"FraceZRstvS3hDhxkjHGUKXCR56lHdxHWboxsKShiJQ=","merchant_oid":"INT271761827437","status":"failed","total_amount":"0","failed_reason_code":"6","failed_reason_msg":"Müşteri ödeme yapmaktan vazgeçti ve ödeme sayfasından ayrıldı.","payment_type":"card","merchant_id":"614136","test_mode":"1"}} 
[2025-10-30 16:13:11] local.INFO: Paytr Callback Received: {"hash":"VSluNlQT/xy2o+aD2onHyb58hpwEbxCE3M/rNKQE2ok=","merchant_oid":"INT271761829213","status":"success","total_amount":"180000","payment_type":"card","payment_amount":"180000","currency":"TL","installment_count":"1","merchant_id":"614136","test_mode":"1"} 
[2025-10-30 16:13:11] local.INFO: Callback Hash Verification: {"calculated_hash":"VSluNlQT/xy2o+aD2onHyb58hpwEbxCE3M/rNKQE2ok=","received_hash":"VSluNlQT/xy2o+aD2onHyb58hpwEbxCE3M/rNKQE2ok=","merchant_oid":"INT271761829213","status":"success","total_amount":"180000"} 
[2025-10-30 16:13:11] local.INFO: Callback verification successful  
[2025-10-30 16:13:11] local.ERROR: Payment callback error {"message":"Attempt to read property \"status\" on null","file":"C:\\xampp\\htdocs\\serbiscrm\\app\\Http\\Controllers\\Frontend\\SubscriptionController.php","line":380,"post_data":{"hash":"VSluNlQT/xy2o+aD2onHyb58hpwEbxCE3M/rNKQE2ok=","merchant_oid":"INT271761829213","status":"success","total_amount":"180000","payment_type":"card","payment_amount":"180000","currency":"TL","installment_count":"1","merchant_id":"614136","test_mode":"1"}} 
[2025-10-30 16:13:11] local.INFO: Paytr Callback Received: {"hash":"hWQVA1jI/csaLLUBLVq8LAkF60YrYNA9PHYUTW1jMcE=","merchant_oid":"INT271761829790","status":"success","total_amount":"180000","payment_type":"card","payment_amount":"180000","currency":"TL","installment_count":"1","merchant_id":"614136","test_mode":"1"} 
[2025-10-30 16:13:11] local.INFO: Callback Hash Verification: {"calculated_hash":"hWQVA1jI/csaLLUBLVq8LAkF60YrYNA9PHYUTW1jMcE=","received_hash":"hWQVA1jI/csaLLUBLVq8LAkF60YrYNA9PHYUTW1jMcE=","merchant_oid":"INT271761829790","status":"success","total_amount":"180000"} 
[2025-10-30 16:13:11] local.INFO: Callback verification successful  
[2025-10-30 16:13:11] local.ERROR: Payment callback error {"message":"Attempt to read property \"status\" on null","file":"C:\\xampp\\htdocs\\serbiscrm\\app\\Http\\Controllers\\Frontend\\SubscriptionController.php","line":380,"post_data":{"hash":"hWQVA1jI/csaLLUBLVq8LAkF60YrYNA9PHYUTW1jMcE=","merchant_oid":"INT271761829790","status":"success","total_amount":"180000","payment_type":"card","payment_amount":"180000","currency":"TL","installment_count":"1","merchant_id":"614136","test_mode":"1"}} 
[2025-10-30 16:13:12] local.INFO: Paytr Callback Received: {"hash":"+FJrrpEPT+TnkCwQiVrfb2ogeZYYtNy6yXpbQrq+92g=","merchant_oid":"INT271761829973","status":"success","total_amount":"180000","payment_type":"card","payment_amount":"180000","currency":"TL","installment_count":"1","merchant_id":"614136","test_mode":"1"} 
[2025-10-30 16:13:12] local.INFO: Callback Hash Verification: {"calculated_hash":"+FJrrpEPT+TnkCwQiVrfb2ogeZYYtNy6yXpbQrq+92g=","received_hash":"+FJrrpEPT+TnkCwQiVrfb2ogeZYYtNy6yXpbQrq+92g=","merchant_oid":"INT271761829973","status":"success","total_amount":"180000"} 
[2025-10-30 16:13:12] local.INFO: Callback verification successful  
[2025-10-30 16:13:12] local.ERROR: Payment callback error {"message":"Attempt to read property \"status\" on null","file":"C:\\xampp\\htdocs\\serbiscrm\\app\\Http\\Controllers\\Frontend\\SubscriptionController.php","line":380,"post_data":{"hash":"+FJrrpEPT+TnkCwQiVrfb2ogeZYYtNy6yXpbQrq+92g=","merchant_oid":"INT271761829973","status":"success","total_amount":"180000","payment_type":"card","payment_amount":"180000","currency":"TL","installment_count":"1","merchant_id":"614136","test_mode":"1"}} 
[2025-10-30 16:14:12] local.INFO: Paytr Callback Received: {"hash":"muaOcVanfBEsDaODG0AK/IYyqwKMFwaAYfCUOznOx2k=","merchant_oid":"ST271761812993","status":"failed","total_amount":"0","failed_reason_code":"6","failed_reason_msg":"Müşteri ödeme yapmaktan vazgeçti ve ödeme sayfasından ayrıldı.","payment_type":"card","merchant_id":"614136","test_mode":"1"} 
[2025-10-30 16:14:12] local.INFO: Callback Hash Verification: {"calculated_hash":"muaOcVanfBEsDaODG0AK/IYyqwKMFwaAYfCUOznOx2k=","received_hash":"muaOcVanfBEsDaODG0AK/IYyqwKMFwaAYfCUOznOx2k=","merchant_oid":"ST271761812993","status":"failed","total_amount":"0"} 
[2025-10-30 16:14:12] local.INFO: Callback verification successful  
[2025-10-30 16:14:13] local.ERROR: Payment callback error {"message":"Attempt to read property \"status\" on null","file":"C:\\xampp\\htdocs\\serbiscrm\\app\\Http\\Controllers\\Frontend\\SubscriptionController.php","line":325,"post_data":{"hash":"muaOcVanfBEsDaODG0AK/IYyqwKMFwaAYfCUOznOx2k=","merchant_oid":"ST271761812993","status":"failed","total_amount":"0","failed_reason_code":"6","failed_reason_msg":"Müşteri ödeme yapmaktan vazgeçti ve ödeme sayfasından ayrıldı.","payment_type":"card","merchant_id":"614136","test_mode":"1"}} 
[2025-10-30 16:14:13] local.INFO: Paytr Callback Received: {"hash":"/vyyJ9HCD8GPZEy7MxTU6EcXOi6A14vhKibU7YwqtU8=","merchant_oid":"INT271761828956","status":"success","total_amount":"180000","payment_type":"card","payment_amount":"180000","currency":"TL","installment_count":"1","merchant_id":"614136","test_mode":"1"} 
[2025-10-30 16:14:13] local.INFO: Callback Hash Verification: {"calculated_hash":"/vyyJ9HCD8GPZEy7MxTU6EcXOi6A14vhKibU7YwqtU8=","received_hash":"/vyyJ9HCD8GPZEy7MxTU6EcXOi6A14vhKibU7YwqtU8=","merchant_oid":"INT271761828956","status":"success","total_amount":"180000"} 
[2025-10-30 16:14:13] local.INFO: Callback verification successful  
[2025-10-30 16:14:13] local.ERROR: Payment callback error {"message":"Attempt to read property \"status\" on null","file":"C:\\xampp\\htdocs\\serbiscrm\\app\\Http\\Controllers\\Frontend\\SubscriptionController.php","line":380,"post_data":{"hash":"/vyyJ9HCD8GPZEy7MxTU6EcXOi6A14vhKibU7YwqtU8=","merchant_oid":"INT271761828956","status":"success","total_amount":"180000","payment_type":"card","payment_amount":"180000","currency":"TL","installment_count":"1","merchant_id":"614136","test_mode":"1"}} 
[2025-10-30 16:14:14] local.INFO: Paytr Callback Received: {"hash":"N0rhd7FEGVpBHvbYJfEPplou8xLYQETpkTRNu/GgArk=","merchant_oid":"INT271761829076","status":"success","total_amount":"285000","payment_type":"card","payment_amount":"285000","currency":"TL","installment_count":"1","merchant_id":"614136","test_mode":"1"} 
[2025-10-30 16:14:14] local.INFO: Callback Hash Verification: {"calculated_hash":"N0rhd7FEGVpBHvbYJfEPplou8xLYQETpkTRNu/GgArk=","received_hash":"N0rhd7FEGVpBHvbYJfEPplou8xLYQETpkTRNu/GgArk=","merchant_oid":"INT271761829076","status":"success","total_amount":"285000"} 
[2025-10-30 16:14:14] local.INFO: Callback verification successful  
[2025-10-30 16:14:14] local.ERROR: Payment callback error {"message":"Attempt to read property \"status\" on null","file":"C:\\xampp\\htdocs\\serbiscrm\\app\\Http\\Controllers\\Frontend\\SubscriptionController.php","line":380,"post_data":{"hash":"N0rhd7FEGVpBHvbYJfEPplou8xLYQETpkTRNu/GgArk=","merchant_oid":"INT271761829076","status":"success","total_amount":"285000","payment_type":"card","payment_amount":"285000","currency":"TL","installment_count":"1","merchant_id":"614136","test_mode":"1"}} 
[2025-10-30 16:14:14] local.INFO: Paytr Callback Received: {"hash":"E46PF12dMiC+C9A5R9woQNvuK/EknHrYtb+Awaaocf8=","merchant_oid":"INT271761829201","status":"success","total_amount":"180000","payment_type":"card","payment_amount":"180000","currency":"TL","installment_count":"1","merchant_id":"614136","test_mode":"1"} 
[2025-10-30 16:14:14] local.INFO: Callback Hash Verification: {"calculated_hash":"E46PF12dMiC+C9A5R9woQNvuK/EknHrYtb+Awaaocf8=","received_hash":"E46PF12dMiC+C9A5R9woQNvuK/EknHrYtb+Awaaocf8=","merchant_oid":"INT271761829201","status":"success","total_amount":"180000"} 
[2025-10-30 16:14:14] local.INFO: Callback verification successful  
[2025-10-30 16:14:14] local.ERROR: Payment callback error {"message":"Attempt to read property \"status\" on null","file":"C:\\xampp\\htdocs\\serbiscrm\\app\\Http\\Controllers\\Frontend\\SubscriptionController.php","line":380,"post_data":{"hash":"E46PF12dMiC+C9A5R9woQNvuK/EknHrYtb+Awaaocf8=","merchant_oid":"INT271761829201","status":"success","total_amount":"180000","payment_type":"card","payment_amount":"180000","currency":"TL","installment_count":"1","merchant_id":"614136","test_mode":"1"}} 
[2025-10-30 16:14:15] local.INFO: Paytr Callback Received: {"hash":"FraceZRstvS3hDhxkjHGUKXCR56lHdxHWboxsKShiJQ=","merchant_oid":"INT271761827437","status":"failed","total_amount":"0","failed_reason_code":"6","failed_reason_msg":"Müşteri ödeme yapmaktan vazgeçti ve ödeme sayfasından ayrıldı.","payment_type":"card","merchant_id":"614136","test_mode":"1"} 
[2025-10-30 16:14:15] local.INFO: Callback Hash Verification: {"calculated_hash":"FraceZRstvS3hDhxkjHGUKXCR56lHdxHWboxsKShiJQ=","received_hash":"FraceZRstvS3hDhxkjHGUKXCR56lHdxHWboxsKShiJQ=","merchant_oid":"INT271761827437","status":"failed","total_amount":"0"} 
[2025-10-30 16:14:15] local.INFO: Callback verification successful  
[2025-10-30 16:14:15] local.ERROR: Payment callback error {"message":"Attempt to read property \"status\" on null","file":"C:\\xampp\\htdocs\\serbiscrm\\app\\Http\\Controllers\\Frontend\\SubscriptionController.php","line":380,"post_data":{"hash":"FraceZRstvS3hDhxkjHGUKXCR56lHdxHWboxsKShiJQ=","merchant_oid":"INT271761827437","status":"failed","total_amount":"0","failed_reason_code":"6","failed_reason_msg":"Müşteri ödeme yapmaktan vazgeçti ve ödeme sayfasından ayrıldı.","payment_type":"card","merchant_id":"614136","test_mode":"1"}} 
[2025-10-30 16:14:15] local.INFO: Paytr Callback Received: {"hash":"VSluNlQT/xy2o+aD2onHyb58hpwEbxCE3M/rNKQE2ok=","merchant_oid":"INT271761829213","status":"success","total_amount":"180000","payment_type":"card","payment_amount":"180000","currency":"TL","installment_count":"1","merchant_id":"614136","test_mode":"1"} 
[2025-10-30 16:14:15] local.INFO: Callback Hash Verification: {"calculated_hash":"VSluNlQT/xy2o+aD2onHyb58hpwEbxCE3M/rNKQE2ok=","received_hash":"VSluNlQT/xy2o+aD2onHyb58hpwEbxCE3M/rNKQE2ok=","merchant_oid":"INT271761829213","status":"success","total_amount":"180000"} 
[2025-10-30 16:14:15] local.INFO: Callback verification successful  
[2025-10-30 16:14:15] local.ERROR: Payment callback error {"message":"Attempt to read property \"status\" on null","file":"C:\\xampp\\htdocs\\serbiscrm\\app\\Http\\Controllers\\Frontend\\SubscriptionController.php","line":380,"post_data":{"hash":"VSluNlQT/xy2o+aD2onHyb58hpwEbxCE3M/rNKQE2ok=","merchant_oid":"INT271761829213","status":"success","total_amount":"180000","payment_type":"card","payment_amount":"180000","currency":"TL","installment_count":"1","merchant_id":"614136","test_mode":"1"}} 
[2025-10-30 16:14:16] local.INFO: Paytr Callback Received: {"hash":"hWQVA1jI/csaLLUBLVq8LAkF60YrYNA9PHYUTW1jMcE=","merchant_oid":"INT271761829790","status":"success","total_amount":"180000","payment_type":"card","payment_amount":"180000","currency":"TL","installment_count":"1","merchant_id":"614136","test_mode":"1"} 
[2025-10-30 16:14:16] local.INFO: Callback Hash Verification: {"calculated_hash":"hWQVA1jI/csaLLUBLVq8LAkF60YrYNA9PHYUTW1jMcE=","received_hash":"hWQVA1jI/csaLLUBLVq8LAkF60YrYNA9PHYUTW1jMcE=","merchant_oid":"INT271761829790","status":"success","total_amount":"180000"} 
[2025-10-30 16:14:16] local.INFO: Callback verification successful  
[2025-10-30 16:14:16] local.ERROR: Payment callback error {"message":"Attempt to read property \"status\" on null","file":"C:\\xampp\\htdocs\\serbiscrm\\app\\Http\\Controllers\\Frontend\\SubscriptionController.php","line":380,"post_data":{"hash":"hWQVA1jI/csaLLUBLVq8LAkF60YrYNA9PHYUTW1jMcE=","merchant_oid":"INT271761829790","status":"success","total_amount":"180000","payment_type":"card","payment_amount":"180000","currency":"TL","installment_count":"1","merchant_id":"614136","test_mode":"1"}} 
[2025-10-30 16:14:16] local.INFO: Paytr Callback Received: {"hash":"+FJrrpEPT+TnkCwQiVrfb2ogeZYYtNy6yXpbQrq+92g=","merchant_oid":"INT271761829973","status":"success","total_amount":"180000","payment_type":"card","payment_amount":"180000","currency":"TL","installment_count":"1","merchant_id":"614136","test_mode":"1"} 
[2025-10-30 16:14:16] local.INFO: Callback Hash Verification: {"calculated_hash":"+FJrrpEPT+TnkCwQiVrfb2ogeZYYtNy6yXpbQrq+92g=","received_hash":"+FJrrpEPT+TnkCwQiVrfb2ogeZYYtNy6yXpbQrq+92g=","merchant_oid":"INT271761829973","status":"success","total_amount":"180000"} 
[2025-10-30 16:14:16] local.INFO: Callback verification successful  
[2025-10-30 16:14:16] local.ERROR: Payment callback error {"message":"Attempt to read property \"status\" on null","file":"C:\\xampp\\htdocs\\serbiscrm\\app\\Http\\Controllers\\Frontend\\SubscriptionController.php","line":380,"post_data":{"hash":"+FJrrpEPT+TnkCwQiVrfb2ogeZYYtNy6yXpbQrq+92g=","merchant_oid":"INT271761829973","status":"success","total_amount":"180000","payment_type":"card","payment_amount":"180000","currency":"TL","installment_count":"1","merchant_id":"614136","test_mode":"1"}} 
[2025-10-30 16:15:00] local.INFO: PayTR Request Data: {"merchant_id":"614136","order_id":"INT271761830100","amount":180000,"user_ip":"78.190.145.61","hash_string":"61413678.190.145.61INT271761830100fiberdev5@gmail.com180000W1siTkVUR1NNIiwiMTgwMC4wMCIsMV1d10TL1","token":"CIptgKWCOQTiPR/TlIG8S8KpU+5kE9hQWHHtNm/fwus="} 
[2025-10-30 16:15:01] local.INFO: PayTR API Response: {"status":"success","token":"355d585ec215e8163a99ff2d8f3800d6cf30fc1ac8e52c80332abfb4535442df-692517657"} 
[2025-10-30 16:15:07] local.INFO: Paytr Callback Received: {"hash":"PbFbCSTT/bJU5lqhoUa5ubZA4odNMiz6VahvtL/G3zk=","merchant_oid":"INT271761830100","status":"success","total_amount":"180000","payment_type":"card","payment_amount":"180000","currency":"TL","installment_count":"1","merchant_id":"614136","test_mode":"1"} 
[2025-10-30 16:15:07] local.INFO: Callback Hash Verification: {"calculated_hash":"PbFbCSTT/bJU5lqhoUa5ubZA4odNMiz6VahvtL/G3zk=","received_hash":"PbFbCSTT/bJU5lqhoUa5ubZA4odNMiz6VahvtL/G3zk=","merchant_oid":"INT271761830100","status":"success","total_amount":"180000"} 
[2025-10-30 16:15:07] local.INFO: Callback verification successful  
[2025-10-30 16:15:07] local.ERROR: Payment callback error {"message":"Attempt to read property \"status\" on null","file":"C:\\xampp\\htdocs\\serbiscrm\\app\\Http\\Controllers\\Frontend\\SubscriptionController.php","line":380,"post_data":{"hash":"PbFbCSTT/bJU5lqhoUa5ubZA4odNMiz6VahvtL/G3zk=","merchant_oid":"INT271761830100","status":"success","total_amount":"180000","payment_type":"card","payment_amount":"180000","currency":"TL","installment_count":"1","merchant_id":"614136","test_mode":"1"}} 
[2025-10-30 16:15:08] local.INFO: Paytr Callback Received: {"hash":"muaOcVanfBEsDaODG0AK/IYyqwKMFwaAYfCUOznOx2k=","merchant_oid":"ST271761812993","status":"failed","total_amount":"0","failed_reason_code":"6","failed_reason_msg":"Müşteri ödeme yapmaktan vazgeçti ve ödeme sayfasından ayrıldı.","payment_type":"card","merchant_id":"614136","test_mode":"1"} 
[2025-10-30 16:15:08] local.INFO: Callback Hash Verification: {"calculated_hash":"muaOcVanfBEsDaODG0AK/IYyqwKMFwaAYfCUOznOx2k=","received_hash":"muaOcVanfBEsDaODG0AK/IYyqwKMFwaAYfCUOznOx2k=","merchant_oid":"ST271761812993","status":"failed","total_amount":"0"} 
[2025-10-30 16:15:08] local.INFO: Callback verification successful  
[2025-10-30 16:15:08] local.ERROR: Payment callback error {"message":"Attempt to read property \"status\" on null","file":"C:\\xampp\\htdocs\\serbiscrm\\app\\Http\\Controllers\\Frontend\\SubscriptionController.php","line":325,"post_data":{"hash":"muaOcVanfBEsDaODG0AK/IYyqwKMFwaAYfCUOznOx2k=","merchant_oid":"ST271761812993","status":"failed","total_amount":"0","failed_reason_code":"6","failed_reason_msg":"Müşteri ödeme yapmaktan vazgeçti ve ödeme sayfasından ayrıldı.","payment_type":"card","merchant_id":"614136","test_mode":"1"}} 
[2025-10-30 16:15:08] local.INFO: Paytr Callback Received: {"hash":"/vyyJ9HCD8GPZEy7MxTU6EcXOi6A14vhKibU7YwqtU8=","merchant_oid":"INT271761828956","status":"success","total_amount":"180000","payment_type":"card","payment_amount":"180000","currency":"TL","installment_count":"1","merchant_id":"614136","test_mode":"1"} 
[2025-10-30 16:15:08] local.INFO: Callback Hash Verification: {"calculated_hash":"/vyyJ9HCD8GPZEy7MxTU6EcXOi6A14vhKibU7YwqtU8=","received_hash":"/vyyJ9HCD8GPZEy7MxTU6EcXOi6A14vhKibU7YwqtU8=","merchant_oid":"INT271761828956","status":"success","total_amount":"180000"} 
[2025-10-30 16:15:08] local.INFO: Callback verification successful  
[2025-10-30 16:15:09] local.ERROR: Payment callback error {"message":"Attempt to read property \"status\" on null","file":"C:\\xampp\\htdocs\\serbiscrm\\app\\Http\\Controllers\\Frontend\\SubscriptionController.php","line":380,"post_data":{"hash":"/vyyJ9HCD8GPZEy7MxTU6EcXOi6A14vhKibU7YwqtU8=","merchant_oid":"INT271761828956","status":"success","total_amount":"180000","payment_type":"card","payment_amount":"180000","currency":"TL","installment_count":"1","merchant_id":"614136","test_mode":"1"}} 
[2025-10-30 16:15:09] local.INFO: Paytr Callback Received: {"hash":"N0rhd7FEGVpBHvbYJfEPplou8xLYQETpkTRNu/GgArk=","merchant_oid":"INT271761829076","status":"success","total_amount":"285000","payment_type":"card","payment_amount":"285000","currency":"TL","installment_count":"1","merchant_id":"614136","test_mode":"1"} 
[2025-10-30 16:15:09] local.INFO: Callback Hash Verification: {"calculated_hash":"N0rhd7FEGVpBHvbYJfEPplou8xLYQETpkTRNu/GgArk=","received_hash":"N0rhd7FEGVpBHvbYJfEPplou8xLYQETpkTRNu/GgArk=","merchant_oid":"INT271761829076","status":"success","total_amount":"285000"} 
[2025-10-30 16:15:09] local.INFO: Callback verification successful  
[2025-10-30 16:15:09] local.ERROR: Payment callback error {"message":"Attempt to read property \"status\" on null","file":"C:\\xampp\\htdocs\\serbiscrm\\app\\Http\\Controllers\\Frontend\\SubscriptionController.php","line":380,"post_data":{"hash":"N0rhd7FEGVpBHvbYJfEPplou8xLYQETpkTRNu/GgArk=","merchant_oid":"INT271761829076","status":"success","total_amount":"285000","payment_type":"card","payment_amount":"285000","currency":"TL","installment_count":"1","merchant_id":"614136","test_mode":"1"}} 
[2025-10-30 16:15:10] local.INFO: Paytr Callback Received: {"hash":"E46PF12dMiC+C9A5R9woQNvuK/EknHrYtb+Awaaocf8=","merchant_oid":"INT271761829201","status":"success","total_amount":"180000","payment_type":"card","payment_amount":"180000","currency":"TL","installment_count":"1","merchant_id":"614136","test_mode":"1"} 
[2025-10-30 16:15:10] local.INFO: Callback Hash Verification: {"calculated_hash":"E46PF12dMiC+C9A5R9woQNvuK/EknHrYtb+Awaaocf8=","received_hash":"E46PF12dMiC+C9A5R9woQNvuK/EknHrYtb+Awaaocf8=","merchant_oid":"INT271761829201","status":"success","total_amount":"180000"} 
[2025-10-30 16:15:10] local.INFO: Callback verification successful  
[2025-10-30 16:15:10] local.ERROR: Payment callback error {"message":"Attempt to read property \"status\" on null","file":"C:\\xampp\\htdocs\\serbiscrm\\app\\Http\\Controllers\\Frontend\\SubscriptionController.php","line":380,"post_data":{"hash":"E46PF12dMiC+C9A5R9woQNvuK/EknHrYtb+Awaaocf8=","merchant_oid":"INT271761829201","status":"success","total_amount":"180000","payment_type":"card","payment_amount":"180000","currency":"TL","installment_count":"1","merchant_id":"614136","test_mode":"1"}} 
[2025-10-30 16:15:10] local.INFO: Paytr Callback Received: {"hash":"FraceZRstvS3hDhxkjHGUKXCR56lHdxHWboxsKShiJQ=","merchant_oid":"INT271761827437","status":"failed","total_amount":"0","failed_reason_code":"6","failed_reason_msg":"Müşteri ödeme yapmaktan vazgeçti ve ödeme sayfasından ayrıldı.","payment_type":"card","merchant_id":"614136","test_mode":"1"} 
[2025-10-30 16:15:10] local.INFO: Callback Hash Verification: {"calculated_hash":"FraceZRstvS3hDhxkjHGUKXCR56lHdxHWboxsKShiJQ=","received_hash":"FraceZRstvS3hDhxkjHGUKXCR56lHdxHWboxsKShiJQ=","merchant_oid":"INT271761827437","status":"failed","total_amount":"0"} 
[2025-10-30 16:15:10] local.INFO: Callback verification successful  
[2025-10-30 16:15:10] local.ERROR: Payment callback error {"message":"Attempt to read property \"status\" on null","file":"C:\\xampp\\htdocs\\serbiscrm\\app\\Http\\Controllers\\Frontend\\SubscriptionController.php","line":380,"post_data":{"hash":"FraceZRstvS3hDhxkjHGUKXCR56lHdxHWboxsKShiJQ=","merchant_oid":"INT271761827437","status":"failed","total_amount":"0","failed_reason_code":"6","failed_reason_msg":"Müşteri ödeme yapmaktan vazgeçti ve ödeme sayfasından ayrıldı.","payment_type":"card","merchant_id":"614136","test_mode":"1"}} 
[2025-10-30 16:15:11] local.INFO: Paytr Callback Received: {"hash":"VSluNlQT/xy2o+aD2onHyb58hpwEbxCE3M/rNKQE2ok=","merchant_oid":"INT271761829213","status":"success","total_amount":"180000","payment_type":"card","payment_amount":"180000","currency":"TL","installment_count":"1","merchant_id":"614136","test_mode":"1"} 
[2025-10-30 16:15:11] local.INFO: Callback Hash Verification: {"calculated_hash":"VSluNlQT/xy2o+aD2onHyb58hpwEbxCE3M/rNKQE2ok=","received_hash":"VSluNlQT/xy2o+aD2onHyb58hpwEbxCE3M/rNKQE2ok=","merchant_oid":"INT271761829213","status":"success","total_amount":"180000"} 
[2025-10-30 16:15:11] local.INFO: Callback verification successful  
[2025-10-30 16:15:11] local.ERROR: Payment callback error {"message":"Attempt to read property \"status\" on null","file":"C:\\xampp\\htdocs\\serbiscrm\\app\\Http\\Controllers\\Frontend\\SubscriptionController.php","line":380,"post_data":{"hash":"VSluNlQT/xy2o+aD2onHyb58hpwEbxCE3M/rNKQE2ok=","merchant_oid":"INT271761829213","status":"success","total_amount":"180000","payment_type":"card","payment_amount":"180000","currency":"TL","installment_count":"1","merchant_id":"614136","test_mode":"1"}} 
[2025-10-30 16:15:11] local.INFO: Paytr Callback Received: {"hash":"hWQVA1jI/csaLLUBLVq8LAkF60YrYNA9PHYUTW1jMcE=","merchant_oid":"INT271761829790","status":"success","total_amount":"180000","payment_type":"card","payment_amount":"180000","currency":"TL","installment_count":"1","merchant_id":"614136","test_mode":"1"} 
[2025-10-30 16:15:11] local.INFO: Callback Hash Verification: {"calculated_hash":"hWQVA1jI/csaLLUBLVq8LAkF60YrYNA9PHYUTW1jMcE=","received_hash":"hWQVA1jI/csaLLUBLVq8LAkF60YrYNA9PHYUTW1jMcE=","merchant_oid":"INT271761829790","status":"success","total_amount":"180000"} 
[2025-10-30 16:15:11] local.INFO: Callback verification successful  
[2025-10-30 16:15:11] local.ERROR: Payment callback error {"message":"Attempt to read property \"status\" on null","file":"C:\\xampp\\htdocs\\serbiscrm\\app\\Http\\Controllers\\Frontend\\SubscriptionController.php","line":380,"post_data":{"hash":"hWQVA1jI/csaLLUBLVq8LAkF60YrYNA9PHYUTW1jMcE=","merchant_oid":"INT271761829790","status":"success","total_amount":"180000","payment_type":"card","payment_amount":"180000","currency":"TL","installment_count":"1","merchant_id":"614136","test_mode":"1"}} 
[2025-10-30 16:15:12] local.INFO: PayTR Request Data: {"merchant_id":"614136","order_id":"INT271761830112","amount":180000,"user_ip":"78.190.145.61","hash_string":"61413678.190.145.61INT271761830112fiberdev5@gmail.com180000W1siTkVUR1NNIiwiMTgwMC4wMCIsMV1d10TL1","token":"QazYS+3FQvQjE+m8JaXY38Bh98VRZRkpo5WxROBxJVg="} 
[2025-10-30 16:15:13] local.INFO: PayTR API Response: {"status":"success","token":"00621edd2bfb4c99da6085db44f2331d1fc273b48c9e5f9f8c282792280f1fc3-692517750"} 
[2025-10-30 16:15:13] local.INFO: Paytr Callback Received: {"hash":"+FJrrpEPT+TnkCwQiVrfb2ogeZYYtNy6yXpbQrq+92g=","merchant_oid":"INT271761829973","status":"success","total_amount":"180000","payment_type":"card","payment_amount":"180000","currency":"TL","installment_count":"1","merchant_id":"614136","test_mode":"1"} 
[2025-10-30 16:15:13] local.INFO: Callback Hash Verification: {"calculated_hash":"+FJrrpEPT+TnkCwQiVrfb2ogeZYYtNy6yXpbQrq+92g=","received_hash":"+FJrrpEPT+TnkCwQiVrfb2ogeZYYtNy6yXpbQrq+92g=","merchant_oid":"INT271761829973","status":"success","total_amount":"180000"} 
[2025-10-30 16:15:13] local.INFO: Callback verification successful  
[2025-10-30 16:15:13] local.ERROR: Payment callback error {"message":"Attempt to read property \"status\" on null","file":"C:\\xampp\\htdocs\\serbiscrm\\app\\Http\\Controllers\\Frontend\\SubscriptionController.php","line":380,"post_data":{"hash":"+FJrrpEPT+TnkCwQiVrfb2ogeZYYtNy6yXpbQrq+92g=","merchant_oid":"INT271761829973","status":"success","total_amount":"180000","payment_type":"card","payment_amount":"180000","currency":"TL","installment_count":"1","merchant_id":"614136","test_mode":"1"}} 
[2025-10-30 16:15:14] local.INFO: Paytr Callback Received: {"hash":"PbFbCSTT/bJU5lqhoUa5ubZA4odNMiz6VahvtL/G3zk=","merchant_oid":"INT271761830100","status":"success","total_amount":"180000","payment_type":"card","payment_amount":"180000","currency":"TL","installment_count":"1","merchant_id":"614136","test_mode":"1"} 
[2025-10-30 16:15:14] local.INFO: Callback Hash Verification: {"calculated_hash":"PbFbCSTT/bJU5lqhoUa5ubZA4odNMiz6VahvtL/G3zk=","received_hash":"PbFbCSTT/bJU5lqhoUa5ubZA4odNMiz6VahvtL/G3zk=","merchant_oid":"INT271761830100","status":"success","total_amount":"180000"} 
[2025-10-30 16:15:14] local.INFO: Callback verification successful  
[2025-10-30 16:15:14] local.ERROR: Payment callback error {"message":"Attempt to read property \"status\" on null","file":"C:\\xampp\\htdocs\\serbiscrm\\app\\Http\\Controllers\\Frontend\\SubscriptionController.php","line":380,"post_data":{"hash":"PbFbCSTT/bJU5lqhoUa5ubZA4odNMiz6VahvtL/G3zk=","merchant_oid":"INT271761830100","status":"success","total_amount":"180000","payment_type":"card","payment_amount":"180000","currency":"TL","installment_count":"1","merchant_id":"614136","test_mode":"1"}} 
[2025-10-30 16:16:12] local.INFO: Paytr Callback Received: {"hash":"muaOcVanfBEsDaODG0AK/IYyqwKMFwaAYfCUOznOx2k=","merchant_oid":"ST271761812993","status":"failed","total_amount":"0","failed_reason_code":"6","failed_reason_msg":"Müşteri ödeme yapmaktan vazgeçti ve ödeme sayfasından ayrıldı.","payment_type":"card","merchant_id":"614136","test_mode":"1"} 
[2025-10-30 16:16:12] local.INFO: Callback Hash Verification: {"calculated_hash":"muaOcVanfBEsDaODG0AK/IYyqwKMFwaAYfCUOznOx2k=","received_hash":"muaOcVanfBEsDaODG0AK/IYyqwKMFwaAYfCUOznOx2k=","merchant_oid":"ST271761812993","status":"failed","total_amount":"0"} 
[2025-10-30 16:16:12] local.INFO: Callback verification successful  
[2025-10-30 16:16:12] local.ERROR: Payment callback error {"message":"Attempt to read property \"status\" on null","file":"C:\\xampp\\htdocs\\serbiscrm\\app\\Http\\Controllers\\Frontend\\SubscriptionController.php","line":325,"post_data":{"hash":"muaOcVanfBEsDaODG0AK/IYyqwKMFwaAYfCUOznOx2k=","merchant_oid":"ST271761812993","status":"failed","total_amount":"0","failed_reason_code":"6","failed_reason_msg":"Müşteri ödeme yapmaktan vazgeçti ve ödeme sayfasından ayrıldı.","payment_type":"card","merchant_id":"614136","test_mode":"1"}} 
[2025-10-30 16:16:13] local.INFO: Paytr Callback Received: {"hash":"/vyyJ9HCD8GPZEy7MxTU6EcXOi6A14vhKibU7YwqtU8=","merchant_oid":"INT271761828956","status":"success","total_amount":"180000","payment_type":"card","payment_amount":"180000","currency":"TL","installment_count":"1","merchant_id":"614136","test_mode":"1"} 
[2025-10-30 16:16:13] local.INFO: Callback Hash Verification: {"calculated_hash":"/vyyJ9HCD8GPZEy7MxTU6EcXOi6A14vhKibU7YwqtU8=","received_hash":"/vyyJ9HCD8GPZEy7MxTU6EcXOi6A14vhKibU7YwqtU8=","merchant_oid":"INT271761828956","status":"success","total_amount":"180000"} 
[2025-10-30 16:16:13] local.INFO: Callback verification successful  
[2025-10-30 16:16:13] local.ERROR: Payment callback error {"message":"Attempt to read property \"status\" on null","file":"C:\\xampp\\htdocs\\serbiscrm\\app\\Http\\Controllers\\Frontend\\SubscriptionController.php","line":380,"post_data":{"hash":"/vyyJ9HCD8GPZEy7MxTU6EcXOi6A14vhKibU7YwqtU8=","merchant_oid":"INT271761828956","status":"success","total_amount":"180000","payment_type":"card","payment_amount":"180000","currency":"TL","installment_count":"1","merchant_id":"614136","test_mode":"1"}} 
[2025-10-30 16:16:13] local.INFO: Paytr Callback Received: {"hash":"N0rhd7FEGVpBHvbYJfEPplou8xLYQETpkTRNu/GgArk=","merchant_oid":"INT271761829076","status":"success","total_amount":"285000","payment_type":"card","payment_amount":"285000","currency":"TL","installment_count":"1","merchant_id":"614136","test_mode":"1"} 
[2025-10-30 16:16:13] local.INFO: Callback Hash Verification: {"calculated_hash":"N0rhd7FEGVpBHvbYJfEPplou8xLYQETpkTRNu/GgArk=","received_hash":"N0rhd7FEGVpBHvbYJfEPplou8xLYQETpkTRNu/GgArk=","merchant_oid":"INT271761829076","status":"success","total_amount":"285000"} 
[2025-10-30 16:16:13] local.INFO: Callback verification successful  
[2025-10-30 16:16:13] local.ERROR: Payment callback error {"message":"Attempt to read property \"status\" on null","file":"C:\\xampp\\htdocs\\serbiscrm\\app\\Http\\Controllers\\Frontend\\SubscriptionController.php","line":380,"post_data":{"hash":"N0rhd7FEGVpBHvbYJfEPplou8xLYQETpkTRNu/GgArk=","merchant_oid":"INT271761829076","status":"success","total_amount":"285000","payment_type":"card","payment_amount":"285000","currency":"TL","installment_count":"1","merchant_id":"614136","test_mode":"1"}} 
[2025-10-30 16:16:14] local.INFO: Paytr Callback Received: {"hash":"E46PF12dMiC+C9A5R9woQNvuK/EknHrYtb+Awaaocf8=","merchant_oid":"INT271761829201","status":"success","total_amount":"180000","payment_type":"card","payment_amount":"180000","currency":"TL","installment_count":"1","merchant_id":"614136","test_mode":"1"} 
[2025-10-30 16:16:14] local.INFO: Callback Hash Verification: {"calculated_hash":"E46PF12dMiC+C9A5R9woQNvuK/EknHrYtb+Awaaocf8=","received_hash":"E46PF12dMiC+C9A5R9woQNvuK/EknHrYtb+Awaaocf8=","merchant_oid":"INT271761829201","status":"success","total_amount":"180000"} 
[2025-10-30 16:16:14] local.INFO: Callback verification successful  
[2025-10-30 16:16:14] local.ERROR: Payment callback error {"message":"Attempt to read property \"status\" on null","file":"C:\\xampp\\htdocs\\serbiscrm\\app\\Http\\Controllers\\Frontend\\SubscriptionController.php","line":380,"post_data":{"hash":"E46PF12dMiC+C9A5R9woQNvuK/EknHrYtb+Awaaocf8=","merchant_oid":"INT271761829201","status":"success","total_amount":"180000","payment_type":"card","payment_amount":"180000","currency":"TL","installment_count":"1","merchant_id":"614136","test_mode":"1"}} 
[2025-10-30 16:16:14] local.INFO: Paytr Callback Received: {"hash":"FraceZRstvS3hDhxkjHGUKXCR56lHdxHWboxsKShiJQ=","merchant_oid":"INT271761827437","status":"failed","total_amount":"0","failed_reason_code":"6","failed_reason_msg":"Müşteri ödeme yapmaktan vazgeçti ve ödeme sayfasından ayrıldı.","payment_type":"card","merchant_id":"614136","test_mode":"1"} 
[2025-10-30 16:16:14] local.INFO: Callback Hash Verification: {"calculated_hash":"FraceZRstvS3hDhxkjHGUKXCR56lHdxHWboxsKShiJQ=","received_hash":"FraceZRstvS3hDhxkjHGUKXCR56lHdxHWboxsKShiJQ=","merchant_oid":"INT271761827437","status":"failed","total_amount":"0"} 
[2025-10-30 16:16:14] local.INFO: Callback verification successful  
[2025-10-30 16:16:14] local.ERROR: Payment callback error {"message":"Attempt to read property \"status\" on null","file":"C:\\xampp\\htdocs\\serbiscrm\\app\\Http\\Controllers\\Frontend\\SubscriptionController.php","line":380,"post_data":{"hash":"FraceZRstvS3hDhxkjHGUKXCR56lHdxHWboxsKShiJQ=","merchant_oid":"INT271761827437","status":"failed","total_amount":"0","failed_reason_code":"6","failed_reason_msg":"Müşteri ödeme yapmaktan vazgeçti ve ödeme sayfasından ayrıldı.","payment_type":"card","merchant_id":"614136","test_mode":"1"}} 
[2025-10-30 16:16:15] local.INFO: Paytr Callback Received: {"hash":"VSluNlQT/xy2o+aD2onHyb58hpwEbxCE3M/rNKQE2ok=","merchant_oid":"INT271761829213","status":"success","total_amount":"180000","payment_type":"card","payment_amount":"180000","currency":"TL","installment_count":"1","merchant_id":"614136","test_mode":"1"} 
[2025-10-30 16:16:15] local.INFO: Callback Hash Verification: {"calculated_hash":"VSluNlQT/xy2o+aD2onHyb58hpwEbxCE3M/rNKQE2ok=","received_hash":"VSluNlQT/xy2o+aD2onHyb58hpwEbxCE3M/rNKQE2ok=","merchant_oid":"INT271761829213","status":"success","total_amount":"180000"} 
[2025-10-30 16:16:15] local.INFO: Callback verification successful  
[2025-10-30 16:16:15] local.ERROR: Payment callback error {"message":"Attempt to read property \"status\" on null","file":"C:\\xampp\\htdocs\\serbiscrm\\app\\Http\\Controllers\\Frontend\\SubscriptionController.php","line":380,"post_data":{"hash":"VSluNlQT/xy2o+aD2onHyb58hpwEbxCE3M/rNKQE2ok=","merchant_oid":"INT271761829213","status":"success","total_amount":"180000","payment_type":"card","payment_amount":"180000","currency":"TL","installment_count":"1","merchant_id":"614136","test_mode":"1"}} 
[2025-10-30 16:16:16] local.INFO: Paytr Callback Received: {"hash":"hWQVA1jI/csaLLUBLVq8LAkF60YrYNA9PHYUTW1jMcE=","merchant_oid":"INT271761829790","status":"success","total_amount":"180000","payment_type":"card","payment_amount":"180000","currency":"TL","installment_count":"1","merchant_id":"614136","test_mode":"1"} 
[2025-10-30 16:16:16] local.INFO: Callback Hash Verification: {"calculated_hash":"hWQVA1jI/csaLLUBLVq8LAkF60YrYNA9PHYUTW1jMcE=","received_hash":"hWQVA1jI/csaLLUBLVq8LAkF60YrYNA9PHYUTW1jMcE=","merchant_oid":"INT271761829790","status":"success","total_amount":"180000"} 
[2025-10-30 16:16:16] local.INFO: Callback verification successful  
[2025-10-30 16:16:16] local.ERROR: Payment callback error {"message":"Attempt to read property \"status\" on null","file":"C:\\xampp\\htdocs\\serbiscrm\\app\\Http\\Controllers\\Frontend\\SubscriptionController.php","line":380,"post_data":{"hash":"hWQVA1jI/csaLLUBLVq8LAkF60YrYNA9PHYUTW1jMcE=","merchant_oid":"INT271761829790","status":"success","total_amount":"180000","payment_type":"card","payment_amount":"180000","currency":"TL","installment_count":"1","merchant_id":"614136","test_mode":"1"}} 
[2025-10-30 16:16:16] local.INFO: Paytr Callback Received: {"hash":"+FJrrpEPT+TnkCwQiVrfb2ogeZYYtNy6yXpbQrq+92g=","merchant_oid":"INT271761829973","status":"success","total_amount":"180000","payment_type":"card","payment_amount":"180000","currency":"TL","installment_count":"1","merchant_id":"614136","test_mode":"1"} 
[2025-10-30 16:16:16] local.INFO: Callback Hash Verification: {"calculated_hash":"+FJrrpEPT+TnkCwQiVrfb2ogeZYYtNy6yXpbQrq+92g=","received_hash":"+FJrrpEPT+TnkCwQiVrfb2ogeZYYtNy6yXpbQrq+92g=","merchant_oid":"INT271761829973","status":"success","total_amount":"180000"} 
[2025-10-30 16:16:16] local.INFO: Callback verification successful  
[2025-10-30 16:16:16] local.ERROR: Payment callback error {"message":"Attempt to read property \"status\" on null","file":"C:\\xampp\\htdocs\\serbiscrm\\app\\Http\\Controllers\\Frontend\\SubscriptionController.php","line":380,"post_data":{"hash":"+FJrrpEPT+TnkCwQiVrfb2ogeZYYtNy6yXpbQrq+92g=","merchant_oid":"INT271761829973","status":"success","total_amount":"180000","payment_type":"card","payment_amount":"180000","currency":"TL","installment_count":"1","merchant_id":"614136","test_mode":"1"}} 
[2025-10-30 16:16:17] local.INFO: Paytr Callback Received: {"hash":"PbFbCSTT/bJU5lqhoUa5ubZA4odNMiz6VahvtL/G3zk=","merchant_oid":"INT271761830100","status":"success","total_amount":"180000","payment_type":"card","payment_amount":"180000","currency":"TL","installment_count":"1","merchant_id":"614136","test_mode":"1"} 
[2025-10-30 16:16:17] local.INFO: Callback Hash Verification: {"calculated_hash":"PbFbCSTT/bJU5lqhoUa5ubZA4odNMiz6VahvtL/G3zk=","received_hash":"PbFbCSTT/bJU5lqhoUa5ubZA4odNMiz6VahvtL/G3zk=","merchant_oid":"INT271761830100","status":"success","total_amount":"180000"} 
[2025-10-30 16:16:17] local.INFO: Callback verification successful  
[2025-10-30 16:16:17] local.ERROR: Payment callback error {"message":"Attempt to read property \"status\" on null","file":"C:\\xampp\\htdocs\\serbiscrm\\app\\Http\\Controllers\\Frontend\\SubscriptionController.php","line":380,"post_data":{"hash":"PbFbCSTT/bJU5lqhoUa5ubZA4odNMiz6VahvtL/G3zk=","merchant_oid":"INT271761830100","status":"success","total_amount":"180000","payment_type":"card","payment_amount":"180000","currency":"TL","installment_count":"1","merchant_id":"614136","test_mode":"1"}} 
[2025-10-30 16:17:10] local.INFO: Paytr Callback Received: {"hash":"VSluNlQT/xy2o+aD2onHyb58hpwEbxCE3M/rNKQE2ok=","merchant_oid":"INT271761829213","status":"success","total_amount":"180000","payment_type":"card","payment_amount":"180000","currency":"TL","installment_count":"1","merchant_id":"614136","test_mode":"1"} 
[2025-10-30 16:17:10] local.INFO: Callback Hash Verification: {"calculated_hash":"VSluNlQT/xy2o+aD2onHyb58hpwEbxCE3M/rNKQE2ok=","received_hash":"VSluNlQT/xy2o+aD2onHyb58hpwEbxCE3M/rNKQE2ok=","merchant_oid":"INT271761829213","status":"success","total_amount":"180000"} 
[2025-10-30 16:17:10] local.INFO: Callback verification successful  
[2025-10-30 16:17:10] local.ERROR: Payment callback error {"message":"Attempt to read property \"status\" on null","file":"C:\\xampp\\htdocs\\serbiscrm\\app\\Http\\Controllers\\Frontend\\SubscriptionController.php","line":380,"post_data":{"hash":"VSluNlQT/xy2o+aD2onHyb58hpwEbxCE3M/rNKQE2ok=","merchant_oid":"INT271761829213","status":"success","total_amount":"180000","payment_type":"card","payment_amount":"180000","currency":"TL","installment_count":"1","merchant_id":"614136","test_mode":"1"}} 
[2025-10-30 16:17:11] local.INFO: Paytr Callback Received: {"hash":"hWQVA1jI/csaLLUBLVq8LAkF60YrYNA9PHYUTW1jMcE=","merchant_oid":"INT271761829790","status":"success","total_amount":"180000","payment_type":"card","payment_amount":"180000","currency":"TL","installment_count":"1","merchant_id":"614136","test_mode":"1"} 
[2025-10-30 16:17:11] local.INFO: Callback Hash Verification: {"calculated_hash":"hWQVA1jI/csaLLUBLVq8LAkF60YrYNA9PHYUTW1jMcE=","received_hash":"hWQVA1jI/csaLLUBLVq8LAkF60YrYNA9PHYUTW1jMcE=","merchant_oid":"INT271761829790","status":"success","total_amount":"180000"} 
[2025-10-30 16:17:11] local.INFO: Callback verification successful  
[2025-10-30 16:17:11] local.ERROR: Payment callback error {"message":"Attempt to read property \"status\" on null","file":"C:\\xampp\\htdocs\\serbiscrm\\app\\Http\\Controllers\\Frontend\\SubscriptionController.php","line":380,"post_data":{"hash":"hWQVA1jI/csaLLUBLVq8LAkF60YrYNA9PHYUTW1jMcE=","merchant_oid":"INT271761829790","status":"success","total_amount":"180000","payment_type":"card","payment_amount":"180000","currency":"TL","installment_count":"1","merchant_id":"614136","test_mode":"1"}} 
[2025-10-30 16:17:11] local.INFO: Paytr Callback Received: {"hash":"+FJrrpEPT+TnkCwQiVrfb2ogeZYYtNy6yXpbQrq+92g=","merchant_oid":"INT271761829973","status":"success","total_amount":"180000","payment_type":"card","payment_amount":"180000","currency":"TL","installment_count":"1","merchant_id":"614136","test_mode":"1"} 
[2025-10-30 16:17:11] local.INFO: Callback Hash Verification: {"calculated_hash":"+FJrrpEPT+TnkCwQiVrfb2ogeZYYtNy6yXpbQrq+92g=","received_hash":"+FJrrpEPT+TnkCwQiVrfb2ogeZYYtNy6yXpbQrq+92g=","merchant_oid":"INT271761829973","status":"success","total_amount":"180000"} 
[2025-10-30 16:17:11] local.INFO: Callback verification successful  
[2025-10-30 16:17:11] local.ERROR: Payment callback error {"message":"Attempt to read property \"status\" on null","file":"C:\\xampp\\htdocs\\serbiscrm\\app\\Http\\Controllers\\Frontend\\SubscriptionController.php","line":380,"post_data":{"hash":"+FJrrpEPT+TnkCwQiVrfb2ogeZYYtNy6yXpbQrq+92g=","merchant_oid":"INT271761829973","status":"success","total_amount":"180000","payment_type":"card","payment_amount":"180000","currency":"TL","installment_count":"1","merchant_id":"614136","test_mode":"1"}} 
[2025-10-30 16:17:12] local.INFO: Paytr Callback Received: {"hash":"PbFbCSTT/bJU5lqhoUa5ubZA4odNMiz6VahvtL/G3zk=","merchant_oid":"INT271761830100","status":"success","total_amount":"180000","payment_type":"card","payment_amount":"180000","currency":"TL","installment_count":"1","merchant_id":"614136","test_mode":"1"} 
[2025-10-30 16:17:12] local.INFO: Callback Hash Verification: {"calculated_hash":"PbFbCSTT/bJU5lqhoUa5ubZA4odNMiz6VahvtL/G3zk=","received_hash":"PbFbCSTT/bJU5lqhoUa5ubZA4odNMiz6VahvtL/G3zk=","merchant_oid":"INT271761830100","status":"success","total_amount":"180000"} 
[2025-10-30 16:17:12] local.INFO: Callback verification successful  
[2025-10-30 16:17:12] local.ERROR: Payment callback error {"message":"Attempt to read property \"status\" on null","file":"C:\\xampp\\htdocs\\serbiscrm\\app\\Http\\Controllers\\Frontend\\SubscriptionController.php","line":380,"post_data":{"hash":"PbFbCSTT/bJU5lqhoUa5ubZA4odNMiz6VahvtL/G3zk=","merchant_oid":"INT271761830100","status":"success","total_amount":"180000","payment_type":"card","payment_amount":"180000","currency":"TL","installment_count":"1","merchant_id":"614136","test_mode":"1"}} 
[2025-10-30 16:17:45] local.INFO: All active products count: 0  
[2025-10-30 16:17:45] local.INFO: Final Alerts Result: {"critical_count":0,"low_count":0,"total_products_checked":0} 
[2025-10-30 16:17:56] local.INFO: PayTR Request Data: {"merchant_id":"614136","order_id":"INT271761830275","amount":180000,"user_ip":"78.190.145.61","hash_string":"61413678.190.145.61INT271761830275fiberdev5@gmail.com180000W1siTkVUR1NNIiwiMTgwMC4wMCIsMV1d10TL1","token":"6pcfAzQ5zylSsrLuLQ6uHf2y7ZMXefx3tBncL8qx2UA="} 
[2025-10-30 16:17:56] local.INFO: PayTR API Response: {"status":"success","token":"582a9787f981d63c07d5d8affc8440f38f055368ffa13114ad5684619287aaed-692518830"} 
[2025-10-30 16:18:03] local.INFO: Paytr Callback Received: {"hash":"MhRburdNPqXeN/FnG6VQYKOeh/2xWWgiqx6LpU32ZhI=","merchant_oid":"INT271761830275","status":"success","total_amount":"180000","payment_type":"card","payment_amount":"180000","currency":"TL","installment_count":"1","merchant_id":"614136","test_mode":"1"} 
[2025-10-30 16:18:03] local.INFO: Callback Hash Verification: {"calculated_hash":"MhRburdNPqXeN/FnG6VQYKOeh/2xWWgiqx6LpU32ZhI=","received_hash":"MhRburdNPqXeN/FnG6VQYKOeh/2xWWgiqx6LpU32ZhI=","merchant_oid":"INT271761830275","status":"success","total_amount":"180000"} 
[2025-10-30 16:18:03] local.INFO: Callback verification successful  
[2025-10-30 16:18:03] local.ERROR: Payment callback error {"message":"Attempt to read property \"status\" on null","file":"C:\\xampp\\htdocs\\serbiscrm\\app\\Http\\Controllers\\Frontend\\SubscriptionController.php","line":380,"post_data":{"hash":"MhRburdNPqXeN/FnG6VQYKOeh/2xWWgiqx6LpU32ZhI=","merchant_oid":"INT271761830275","status":"success","total_amount":"180000","payment_type":"card","payment_amount":"180000","currency":"TL","installment_count":"1","merchant_id":"614136","test_mode":"1"}} 
[2025-10-30 16:18:07] local.INFO: PayTR Request Data: {"merchant_id":"614136","order_id":"INT271761830287","amount":180000,"user_ip":"78.190.145.61","hash_string":"61413678.190.145.61INT271761830287fiberdev5@gmail.com180000W1siTkVUR1NNIiwiMTgwMC4wMCIsMV1d10TL1","token":"lI+ZXUnkr17jJ9//jD2kH/wFYerNkdMfDnXoFNxrrks="} 
[2025-10-30 16:18:08] local.INFO: PayTR API Response: {"status":"success","token":"7141e9447acb69e6bea5ad6246f4cb25d989112cb2bd7d96f34a638333c88673-692518917"} 
[2025-10-30 16:18:12] local.INFO: Paytr Callback Received: {"hash":"muaOcVanfBEsDaODG0AK/IYyqwKMFwaAYfCUOznOx2k=","merchant_oid":"ST271761812993","status":"failed","total_amount":"0","failed_reason_code":"6","failed_reason_msg":"Müşteri ödeme yapmaktan vazgeçti ve ödeme sayfasından ayrıldı.","payment_type":"card","merchant_id":"614136","test_mode":"1"} 
[2025-10-30 16:18:12] local.INFO: Callback Hash Verification: {"calculated_hash":"muaOcVanfBEsDaODG0AK/IYyqwKMFwaAYfCUOznOx2k=","received_hash":"muaOcVanfBEsDaODG0AK/IYyqwKMFwaAYfCUOznOx2k=","merchant_oid":"ST271761812993","status":"failed","total_amount":"0"} 
[2025-10-30 16:18:12] local.INFO: Callback verification successful  
[2025-10-30 16:18:12] local.ERROR: Payment callback error {"message":"Attempt to read property \"status\" on null","file":"C:\\xampp\\htdocs\\serbiscrm\\app\\Http\\Controllers\\Frontend\\SubscriptionController.php","line":325,"post_data":{"hash":"muaOcVanfBEsDaODG0AK/IYyqwKMFwaAYfCUOznOx2k=","merchant_oid":"ST271761812993","status":"failed","total_amount":"0","failed_reason_code":"6","failed_reason_msg":"Müşteri ödeme yapmaktan vazgeçti ve ödeme sayfasından ayrıldı.","payment_type":"card","merchant_id":"614136","test_mode":"1"}} 
[2025-10-30 16:18:13] local.INFO: Paytr Callback Received: {"hash":"/vyyJ9HCD8GPZEy7MxTU6EcXOi6A14vhKibU7YwqtU8=","merchant_oid":"INT271761828956","status":"success","total_amount":"180000","payment_type":"card","payment_amount":"180000","currency":"TL","installment_count":"1","merchant_id":"614136","test_mode":"1"} 
[2025-10-30 16:18:13] local.INFO: Callback Hash Verification: {"calculated_hash":"/vyyJ9HCD8GPZEy7MxTU6EcXOi6A14vhKibU7YwqtU8=","received_hash":"/vyyJ9HCD8GPZEy7MxTU6EcXOi6A14vhKibU7YwqtU8=","merchant_oid":"INT271761828956","status":"success","total_amount":"180000"} 
[2025-10-30 16:18:13] local.INFO: Callback verification successful  
[2025-10-30 16:18:13] local.ERROR: Payment callback error {"message":"Attempt to read property \"status\" on null","file":"C:\\xampp\\htdocs\\serbiscrm\\app\\Http\\Controllers\\Frontend\\SubscriptionController.php","line":380,"post_data":{"hash":"/vyyJ9HCD8GPZEy7MxTU6EcXOi6A14vhKibU7YwqtU8=","merchant_oid":"INT271761828956","status":"success","total_amount":"180000","payment_type":"card","payment_amount":"180000","currency":"TL","installment_count":"1","merchant_id":"614136","test_mode":"1"}} 
[2025-10-30 16:18:14] local.INFO: Paytr Callback Received: {"hash":"N0rhd7FEGVpBHvbYJfEPplou8xLYQETpkTRNu/GgArk=","merchant_oid":"INT271761829076","status":"success","total_amount":"285000","payment_type":"card","payment_amount":"285000","currency":"TL","installment_count":"1","merchant_id":"614136","test_mode":"1"} 
[2025-10-30 16:18:14] local.INFO: Callback Hash Verification: {"calculated_hash":"N0rhd7FEGVpBHvbYJfEPplou8xLYQETpkTRNu/GgArk=","received_hash":"N0rhd7FEGVpBHvbYJfEPplou8xLYQETpkTRNu/GgArk=","merchant_oid":"INT271761829076","status":"success","total_amount":"285000"} 
[2025-10-30 16:18:14] local.INFO: Callback verification successful  
[2025-10-30 16:18:14] local.ERROR: Payment callback error {"message":"Attempt to read property \"status\" on null","file":"C:\\xampp\\htdocs\\serbiscrm\\app\\Http\\Controllers\\Frontend\\SubscriptionController.php","line":380,"post_data":{"hash":"N0rhd7FEGVpBHvbYJfEPplou8xLYQETpkTRNu/GgArk=","merchant_oid":"INT271761829076","status":"success","total_amount":"285000","payment_type":"card","payment_amount":"285000","currency":"TL","installment_count":"1","merchant_id":"614136","test_mode":"1"}} 
[2025-10-30 16:18:14] local.INFO: Paytr Callback Received: {"hash":"E46PF12dMiC+C9A5R9woQNvuK/EknHrYtb+Awaaocf8=","merchant_oid":"INT271761829201","status":"success","total_amount":"180000","payment_type":"card","payment_amount":"180000","currency":"TL","installment_count":"1","merchant_id":"614136","test_mode":"1"} 
[2025-10-30 16:18:14] local.INFO: Callback Hash Verification: {"calculated_hash":"E46PF12dMiC+C9A5R9woQNvuK/EknHrYtb+Awaaocf8=","received_hash":"E46PF12dMiC+C9A5R9woQNvuK/EknHrYtb+Awaaocf8=","merchant_oid":"INT271761829201","status":"success","total_amount":"180000"} 
[2025-10-30 16:18:14] local.INFO: Callback verification successful  
[2025-10-30 16:18:14] local.ERROR: Payment callback error {"message":"Attempt to read property \"status\" on null","file":"C:\\xampp\\htdocs\\serbiscrm\\app\\Http\\Controllers\\Frontend\\SubscriptionController.php","line":380,"post_data":{"hash":"E46PF12dMiC+C9A5R9woQNvuK/EknHrYtb+Awaaocf8=","merchant_oid":"INT271761829201","status":"success","total_amount":"180000","payment_type":"card","payment_amount":"180000","currency":"TL","installment_count":"1","merchant_id":"614136","test_mode":"1"}} 
[2025-10-30 16:18:15] local.INFO: Paytr Callback Received: {"hash":"FraceZRstvS3hDhxkjHGUKXCR56lHdxHWboxsKShiJQ=","merchant_oid":"INT271761827437","status":"failed","total_amount":"0","failed_reason_code":"6","failed_reason_msg":"Müşteri ödeme yapmaktan vazgeçti ve ödeme sayfasından ayrıldı.","payment_type":"card","merchant_id":"614136","test_mode":"1"} 
[2025-10-30 16:18:15] local.INFO: Callback Hash Verification: {"calculated_hash":"FraceZRstvS3hDhxkjHGUKXCR56lHdxHWboxsKShiJQ=","received_hash":"FraceZRstvS3hDhxkjHGUKXCR56lHdxHWboxsKShiJQ=","merchant_oid":"INT271761827437","status":"failed","total_amount":"0"} 
[2025-10-30 16:18:15] local.INFO: Callback verification successful  
[2025-10-30 16:18:15] local.ERROR: Payment callback error {"message":"Attempt to read property \"status\" on null","file":"C:\\xampp\\htdocs\\serbiscrm\\app\\Http\\Controllers\\Frontend\\SubscriptionController.php","line":380,"post_data":{"hash":"FraceZRstvS3hDhxkjHGUKXCR56lHdxHWboxsKShiJQ=","merchant_oid":"INT271761827437","status":"failed","total_amount":"0","failed_reason_code":"6","failed_reason_msg":"Müşteri ödeme yapmaktan vazgeçti ve ödeme sayfasından ayrıldı.","payment_type":"card","merchant_id":"614136","test_mode":"1"}} 
[2025-10-30 16:18:16] local.INFO: Paytr Callback Received: {"hash":"VSluNlQT/xy2o+aD2onHyb58hpwEbxCE3M/rNKQE2ok=","merchant_oid":"INT271761829213","status":"success","total_amount":"180000","payment_type":"card","payment_amount":"180000","currency":"TL","installment_count":"1","merchant_id":"614136","test_mode":"1"} 
[2025-10-30 16:18:16] local.INFO: Callback Hash Verification: {"calculated_hash":"VSluNlQT/xy2o+aD2onHyb58hpwEbxCE3M/rNKQE2ok=","received_hash":"VSluNlQT/xy2o+aD2onHyb58hpwEbxCE3M/rNKQE2ok=","merchant_oid":"INT271761829213","status":"success","total_amount":"180000"} 
[2025-10-30 16:18:16] local.INFO: Callback verification successful  
[2025-10-30 16:18:16] local.ERROR: Payment callback error {"message":"Attempt to read property \"status\" on null","file":"C:\\xampp\\htdocs\\serbiscrm\\app\\Http\\Controllers\\Frontend\\SubscriptionController.php","line":380,"post_data":{"hash":"VSluNlQT/xy2o+aD2onHyb58hpwEbxCE3M/rNKQE2ok=","merchant_oid":"INT271761829213","status":"success","total_amount":"180000","payment_type":"card","payment_amount":"180000","currency":"TL","installment_count":"1","merchant_id":"614136","test_mode":"1"}} 
[2025-10-30 16:18:16] local.INFO: Paytr Callback Received: {"hash":"hWQVA1jI/csaLLUBLVq8LAkF60YrYNA9PHYUTW1jMcE=","merchant_oid":"INT271761829790","status":"success","total_amount":"180000","payment_type":"card","payment_amount":"180000","currency":"TL","installment_count":"1","merchant_id":"614136","test_mode":"1"} 
[2025-10-30 16:18:16] local.INFO: Callback Hash Verification: {"calculated_hash":"hWQVA1jI/csaLLUBLVq8LAkF60YrYNA9PHYUTW1jMcE=","received_hash":"hWQVA1jI/csaLLUBLVq8LAkF60YrYNA9PHYUTW1jMcE=","merchant_oid":"INT271761829790","status":"success","total_amount":"180000"} 
[2025-10-30 16:18:16] local.INFO: Callback verification successful  
[2025-10-30 16:18:16] local.ERROR: Payment callback error {"message":"Attempt to read property \"status\" on null","file":"C:\\xampp\\htdocs\\serbiscrm\\app\\Http\\Controllers\\Frontend\\SubscriptionController.php","line":380,"post_data":{"hash":"hWQVA1jI/csaLLUBLVq8LAkF60YrYNA9PHYUTW1jMcE=","merchant_oid":"INT271761829790","status":"success","total_amount":"180000","payment_type":"card","payment_amount":"180000","currency":"TL","installment_count":"1","merchant_id":"614136","test_mode":"1"}} 
[2025-10-30 16:18:17] local.INFO: Paytr Callback Received: {"hash":"+FJrrpEPT+TnkCwQiVrfb2ogeZYYtNy6yXpbQrq+92g=","merchant_oid":"INT271761829973","status":"success","total_amount":"180000","payment_type":"card","payment_amount":"180000","currency":"TL","installment_count":"1","merchant_id":"614136","test_mode":"1"} 
[2025-10-30 16:18:17] local.INFO: Callback Hash Verification: {"calculated_hash":"+FJrrpEPT+TnkCwQiVrfb2ogeZYYtNy6yXpbQrq+92g=","received_hash":"+FJrrpEPT+TnkCwQiVrfb2ogeZYYtNy6yXpbQrq+92g=","merchant_oid":"INT271761829973","status":"success","total_amount":"180000"} 
[2025-10-30 16:18:17] local.INFO: Callback verification successful  
[2025-10-30 16:18:17] local.ERROR: Payment callback error {"message":"Attempt to read property \"status\" on null","file":"C:\\xampp\\htdocs\\serbiscrm\\app\\Http\\Controllers\\Frontend\\SubscriptionController.php","line":380,"post_data":{"hash":"+FJrrpEPT+TnkCwQiVrfb2ogeZYYtNy6yXpbQrq+92g=","merchant_oid":"INT271761829973","status":"success","total_amount":"180000","payment_type":"card","payment_amount":"180000","currency":"TL","installment_count":"1","merchant_id":"614136","test_mode":"1"}} 
[2025-10-30 16:18:17] local.INFO: Paytr Callback Received: {"hash":"PbFbCSTT/bJU5lqhoUa5ubZA4odNMiz6VahvtL/G3zk=","merchant_oid":"INT271761830100","status":"success","total_amount":"180000","payment_type":"card","payment_amount":"180000","currency":"TL","installment_count":"1","merchant_id":"614136","test_mode":"1"} 
[2025-10-30 16:18:17] local.INFO: Callback Hash Verification: {"calculated_hash":"PbFbCSTT/bJU5lqhoUa5ubZA4odNMiz6VahvtL/G3zk=","received_hash":"PbFbCSTT/bJU5lqhoUa5ubZA4odNMiz6VahvtL/G3zk=","merchant_oid":"INT271761830100","status":"success","total_amount":"180000"} 
[2025-10-30 16:18:17] local.INFO: Callback verification successful  
[2025-10-30 16:18:18] local.ERROR: Payment callback error {"message":"Attempt to read property \"status\" on null","file":"C:\\xampp\\htdocs\\serbiscrm\\app\\Http\\Controllers\\Frontend\\SubscriptionController.php","line":380,"post_data":{"hash":"PbFbCSTT/bJU5lqhoUa5ubZA4odNMiz6VahvtL/G3zk=","merchant_oid":"INT271761830100","status":"success","total_amount":"180000","payment_type":"card","payment_amount":"180000","currency":"TL","installment_count":"1","merchant_id":"614136","test_mode":"1"}} 
[2025-10-30 16:18:18] local.INFO: Paytr Callback Received: {"hash":"MhRburdNPqXeN/FnG6VQYKOeh/2xWWgiqx6LpU32ZhI=","merchant_oid":"INT271761830275","status":"success","total_amount":"180000","payment_type":"card","payment_amount":"180000","currency":"TL","installment_count":"1","merchant_id":"614136","test_mode":"1"} 
[2025-10-30 16:18:18] local.INFO: Callback Hash Verification: {"calculated_hash":"MhRburdNPqXeN/FnG6VQYKOeh/2xWWgiqx6LpU32ZhI=","received_hash":"MhRburdNPqXeN/FnG6VQYKOeh/2xWWgiqx6LpU32ZhI=","merchant_oid":"INT271761830275","status":"success","total_amount":"180000"} 
[2025-10-30 16:18:18] local.INFO: Callback verification successful  
[2025-10-30 16:18:18] local.ERROR: Payment callback error {"message":"Attempt to read property \"status\" on null","file":"C:\\xampp\\htdocs\\serbiscrm\\app\\Http\\Controllers\\Frontend\\SubscriptionController.php","line":380,"post_data":{"hash":"MhRburdNPqXeN/FnG6VQYKOeh/2xWWgiqx6LpU32ZhI=","merchant_oid":"INT271761830275","status":"success","total_amount":"180000","payment_type":"card","payment_amount":"180000","currency":"TL","installment_count":"1","merchant_id":"614136","test_mode":"1"}} 
[2025-10-30 16:19:12] local.INFO: Paytr Callback Received: {"hash":"muaOcVanfBEsDaODG0AK/IYyqwKMFwaAYfCUOznOx2k=","merchant_oid":"ST271761812993","status":"failed","total_amount":"0","failed_reason_code":"6","failed_reason_msg":"Müşteri ödeme yapmaktan vazgeçti ve ödeme sayfasından ayrıldı.","payment_type":"card","merchant_id":"614136","test_mode":"1"} 
[2025-10-30 16:19:12] local.INFO: Callback Hash Verification: {"calculated_hash":"muaOcVanfBEsDaODG0AK/IYyqwKMFwaAYfCUOznOx2k=","received_hash":"muaOcVanfBEsDaODG0AK/IYyqwKMFwaAYfCUOznOx2k=","merchant_oid":"ST271761812993","status":"failed","total_amount":"0"} 
[2025-10-30 16:19:12] local.INFO: Callback verification successful  
[2025-10-30 16:19:12] local.ERROR: Payment callback error {"message":"Attempt to read property \"status\" on null","file":"C:\\xampp\\htdocs\\serbiscrm\\app\\Http\\Controllers\\Frontend\\SubscriptionController.php","line":325,"post_data":{"hash":"muaOcVanfBEsDaODG0AK/IYyqwKMFwaAYfCUOznOx2k=","merchant_oid":"ST271761812993","status":"failed","total_amount":"0","failed_reason_code":"6","failed_reason_msg":"Müşteri ödeme yapmaktan vazgeçti ve ödeme sayfasından ayrıldı.","payment_type":"card","merchant_id":"614136","test_mode":"1"}} 
[2025-10-30 16:19:12] local.INFO: Paytr Callback Received: {"hash":"/vyyJ9HCD8GPZEy7MxTU6EcXOi6A14vhKibU7YwqtU8=","merchant_oid":"INT271761828956","status":"success","total_amount":"180000","payment_type":"card","payment_amount":"180000","currency":"TL","installment_count":"1","merchant_id":"614136","test_mode":"1"} 
[2025-10-30 16:19:12] local.INFO: Callback Hash Verification: {"calculated_hash":"/vyyJ9HCD8GPZEy7MxTU6EcXOi6A14vhKibU7YwqtU8=","received_hash":"/vyyJ9HCD8GPZEy7MxTU6EcXOi6A14vhKibU7YwqtU8=","merchant_oid":"INT271761828956","status":"success","total_amount":"180000"} 
[2025-10-30 16:19:12] local.INFO: Callback verification successful  
[2025-10-30 16:19:12] local.ERROR: Payment callback error {"message":"Attempt to read property \"status\" on null","file":"C:\\xampp\\htdocs\\serbiscrm\\app\\Http\\Controllers\\Frontend\\SubscriptionController.php","line":380,"post_data":{"hash":"/vyyJ9HCD8GPZEy7MxTU6EcXOi6A14vhKibU7YwqtU8=","merchant_oid":"INT271761828956","status":"success","total_amount":"180000","payment_type":"card","payment_amount":"180000","currency":"TL","installment_count":"1","merchant_id":"614136","test_mode":"1"}} 
[2025-10-30 16:19:13] local.INFO: Paytr Callback Received: {"hash":"N0rhd7FEGVpBHvbYJfEPplou8xLYQETpkTRNu/GgArk=","merchant_oid":"INT271761829076","status":"success","total_amount":"285000","payment_type":"card","payment_amount":"285000","currency":"TL","installment_count":"1","merchant_id":"614136","test_mode":"1"} 
[2025-10-30 16:19:13] local.INFO: Callback Hash Verification: {"calculated_hash":"N0rhd7FEGVpBHvbYJfEPplou8xLYQETpkTRNu/GgArk=","received_hash":"N0rhd7FEGVpBHvbYJfEPplou8xLYQETpkTRNu/GgArk=","merchant_oid":"INT271761829076","status":"success","total_amount":"285000"} 
[2025-10-30 16:19:13] local.INFO: Callback verification successful  
[2025-10-30 16:19:13] local.ERROR: Payment callback error {"message":"Attempt to read property \"status\" on null","file":"C:\\xampp\\htdocs\\serbiscrm\\app\\Http\\Controllers\\Frontend\\SubscriptionController.php","line":380,"post_data":{"hash":"N0rhd7FEGVpBHvbYJfEPplou8xLYQETpkTRNu/GgArk=","merchant_oid":"INT271761829076","status":"success","total_amount":"285000","payment_type":"card","payment_amount":"285000","currency":"TL","installment_count":"1","merchant_id":"614136","test_mode":"1"}} 
[2025-10-30 16:19:13] local.INFO: Paytr Callback Received: {"hash":"E46PF12dMiC+C9A5R9woQNvuK/EknHrYtb+Awaaocf8=","merchant_oid":"INT271761829201","status":"success","total_amount":"180000","payment_type":"card","payment_amount":"180000","currency":"TL","installment_count":"1","merchant_id":"614136","test_mode":"1"} 
[2025-10-30 16:19:13] local.INFO: Callback Hash Verification: {"calculated_hash":"E46PF12dMiC+C9A5R9woQNvuK/EknHrYtb+Awaaocf8=","received_hash":"E46PF12dMiC+C9A5R9woQNvuK/EknHrYtb+Awaaocf8=","merchant_oid":"INT271761829201","status":"success","total_amount":"180000"} 
[2025-10-30 16:19:13] local.INFO: Callback verification successful  
[2025-10-30 16:19:13] local.ERROR: Payment callback error {"message":"Attempt to read property \"status\" on null","file":"C:\\xampp\\htdocs\\serbiscrm\\app\\Http\\Controllers\\Frontend\\SubscriptionController.php","line":380,"post_data":{"hash":"E46PF12dMiC+C9A5R9woQNvuK/EknHrYtb+Awaaocf8=","merchant_oid":"INT271761829201","status":"success","total_amount":"180000","payment_type":"card","payment_amount":"180000","currency":"TL","installment_count":"1","merchant_id":"614136","test_mode":"1"}} 
[2025-10-30 16:19:14] local.INFO: Paytr Callback Received: {"hash":"FraceZRstvS3hDhxkjHGUKXCR56lHdxHWboxsKShiJQ=","merchant_oid":"INT271761827437","status":"failed","total_amount":"0","failed_reason_code":"6","failed_reason_msg":"Müşteri ödeme yapmaktan vazgeçti ve ödeme sayfasından ayrıldı.","payment_type":"card","merchant_id":"614136","test_mode":"1"} 
[2025-10-30 16:19:14] local.INFO: Callback Hash Verification: {"calculated_hash":"FraceZRstvS3hDhxkjHGUKXCR56lHdxHWboxsKShiJQ=","received_hash":"FraceZRstvS3hDhxkjHGUKXCR56lHdxHWboxsKShiJQ=","merchant_oid":"INT271761827437","status":"failed","total_amount":"0"} 
[2025-10-30 16:19:14] local.INFO: Callback verification successful  
[2025-10-30 16:19:14] local.ERROR: Payment callback error {"message":"Attempt to read property \"status\" on null","file":"C:\\xampp\\htdocs\\serbiscrm\\app\\Http\\Controllers\\Frontend\\SubscriptionController.php","line":380,"post_data":{"hash":"FraceZRstvS3hDhxkjHGUKXCR56lHdxHWboxsKShiJQ=","merchant_oid":"INT271761827437","status":"failed","total_amount":"0","failed_reason_code":"6","failed_reason_msg":"Müşteri ödeme yapmaktan vazgeçti ve ödeme sayfasından ayrıldı.","payment_type":"card","merchant_id":"614136","test_mode":"1"}} 
[2025-10-30 16:19:14] local.INFO: Paytr Callback Received: {"hash":"VSluNlQT/xy2o+aD2onHyb58hpwEbxCE3M/rNKQE2ok=","merchant_oid":"INT271761829213","status":"success","total_amount":"180000","payment_type":"card","payment_amount":"180000","currency":"TL","installment_count":"1","merchant_id":"614136","test_mode":"1"} 
[2025-10-30 16:19:14] local.INFO: Callback Hash Verification: {"calculated_hash":"VSluNlQT/xy2o+aD2onHyb58hpwEbxCE3M/rNKQE2ok=","received_hash":"VSluNlQT/xy2o+aD2onHyb58hpwEbxCE3M/rNKQE2ok=","merchant_oid":"INT271761829213","status":"success","total_amount":"180000"} 
[2025-10-30 16:19:14] local.INFO: Callback verification successful  
[2025-10-30 16:19:14] local.ERROR: Payment callback error {"message":"Attempt to read property \"status\" on null","file":"C:\\xampp\\htdocs\\serbiscrm\\app\\Http\\Controllers\\Frontend\\SubscriptionController.php","line":380,"post_data":{"hash":"VSluNlQT/xy2o+aD2onHyb58hpwEbxCE3M/rNKQE2ok=","merchant_oid":"INT271761829213","status":"success","total_amount":"180000","payment_type":"card","payment_amount":"180000","currency":"TL","installment_count":"1","merchant_id":"614136","test_mode":"1"}} 
[2025-10-30 16:19:15] local.INFO: Paytr Callback Received: {"hash":"hWQVA1jI/csaLLUBLVq8LAkF60YrYNA9PHYUTW1jMcE=","merchant_oid":"INT271761829790","status":"success","total_amount":"180000","payment_type":"card","payment_amount":"180000","currency":"TL","installment_count":"1","merchant_id":"614136","test_mode":"1"} 
[2025-10-30 16:19:15] local.INFO: Callback Hash Verification: {"calculated_hash":"hWQVA1jI/csaLLUBLVq8LAkF60YrYNA9PHYUTW1jMcE=","received_hash":"hWQVA1jI/csaLLUBLVq8LAkF60YrYNA9PHYUTW1jMcE=","merchant_oid":"INT271761829790","status":"success","total_amount":"180000"} 
[2025-10-30 16:19:15] local.INFO: Callback verification successful  
[2025-10-30 16:19:15] local.ERROR: Payment callback error {"message":"Attempt to read property \"status\" on null","file":"C:\\xampp\\htdocs\\serbiscrm\\app\\Http\\Controllers\\Frontend\\SubscriptionController.php","line":380,"post_data":{"hash":"hWQVA1jI/csaLLUBLVq8LAkF60YrYNA9PHYUTW1jMcE=","merchant_oid":"INT271761829790","status":"success","total_amount":"180000","payment_type":"card","payment_amount":"180000","currency":"TL","installment_count":"1","merchant_id":"614136","test_mode":"1"}} 
[2025-10-30 16:19:16] local.INFO: Paytr Callback Received: {"hash":"+FJrrpEPT+TnkCwQiVrfb2ogeZYYtNy6yXpbQrq+92g=","merchant_oid":"INT271761829973","status":"success","total_amount":"180000","payment_type":"card","payment_amount":"180000","currency":"TL","installment_count":"1","merchant_id":"614136","test_mode":"1"} 
[2025-10-30 16:19:16] local.INFO: Callback Hash Verification: {"calculated_hash":"+FJrrpEPT+TnkCwQiVrfb2ogeZYYtNy6yXpbQrq+92g=","received_hash":"+FJrrpEPT+TnkCwQiVrfb2ogeZYYtNy6yXpbQrq+92g=","merchant_oid":"INT271761829973","status":"success","total_amount":"180000"} 
[2025-10-30 16:19:16] local.INFO: Callback verification successful  
[2025-10-30 16:19:16] local.ERROR: Payment callback error {"message":"Attempt to read property \"status\" on null","file":"C:\\xampp\\htdocs\\serbiscrm\\app\\Http\\Controllers\\Frontend\\SubscriptionController.php","line":380,"post_data":{"hash":"+FJrrpEPT+TnkCwQiVrfb2ogeZYYtNy6yXpbQrq+92g=","merchant_oid":"INT271761829973","status":"success","total_amount":"180000","payment_type":"card","payment_amount":"180000","currency":"TL","installment_count":"1","merchant_id":"614136","test_mode":"1"}} 
[2025-10-30 16:19:16] local.INFO: Paytr Callback Received: {"hash":"PbFbCSTT/bJU5lqhoUa5ubZA4odNMiz6VahvtL/G3zk=","merchant_oid":"INT271761830100","status":"success","total_amount":"180000","payment_type":"card","payment_amount":"180000","currency":"TL","installment_count":"1","merchant_id":"614136","test_mode":"1"} 
[2025-10-30 16:19:16] local.INFO: Callback Hash Verification: {"calculated_hash":"PbFbCSTT/bJU5lqhoUa5ubZA4odNMiz6VahvtL/G3zk=","received_hash":"PbFbCSTT/bJU5lqhoUa5ubZA4odNMiz6VahvtL/G3zk=","merchant_oid":"INT271761830100","status":"success","total_amount":"180000"} 
[2025-10-30 16:19:16] local.INFO: Callback verification successful  
[2025-10-30 16:19:16] local.ERROR: Payment callback error {"message":"Attempt to read property \"status\" on null","file":"C:\\xampp\\htdocs\\serbiscrm\\app\\Http\\Controllers\\Frontend\\SubscriptionController.php","line":380,"post_data":{"hash":"PbFbCSTT/bJU5lqhoUa5ubZA4odNMiz6VahvtL/G3zk=","merchant_oid":"INT271761830100","status":"success","total_amount":"180000","payment_type":"card","payment_amount":"180000","currency":"TL","installment_count":"1","merchant_id":"614136","test_mode":"1"}} 
[2025-10-30 16:19:17] local.INFO: Paytr Callback Received: {"hash":"MhRburdNPqXeN/FnG6VQYKOeh/2xWWgiqx6LpU32ZhI=","merchant_oid":"INT271761830275","status":"success","total_amount":"180000","payment_type":"card","payment_amount":"180000","currency":"TL","installment_count":"1","merchant_id":"614136","test_mode":"1"} 
[2025-10-30 16:19:17] local.INFO: Callback Hash Verification: {"calculated_hash":"MhRburdNPqXeN/FnG6VQYKOeh/2xWWgiqx6LpU32ZhI=","received_hash":"MhRburdNPqXeN/FnG6VQYKOeh/2xWWgiqx6LpU32ZhI=","merchant_oid":"INT271761830275","status":"success","total_amount":"180000"} 
[2025-10-30 16:19:17] local.INFO: Callback verification successful  
[2025-10-30 16:19:17] local.ERROR: Payment callback error {"message":"Attempt to read property \"status\" on null","file":"C:\\xampp\\htdocs\\serbiscrm\\app\\Http\\Controllers\\Frontend\\SubscriptionController.php","line":380,"post_data":{"hash":"MhRburdNPqXeN/FnG6VQYKOeh/2xWWgiqx6LpU32ZhI=","merchant_oid":"INT271761830275","status":"success","total_amount":"180000","payment_type":"card","payment_amount":"180000","currency":"TL","installment_count":"1","merchant_id":"614136","test_mode":"1"}} 
[2025-10-30 16:20:08] local.INFO: Paytr Callback Received: {"hash":"muaOcVanfBEsDaODG0AK/IYyqwKMFwaAYfCUOznOx2k=","merchant_oid":"ST271761812993","status":"failed","total_amount":"0","failed_reason_code":"6","failed_reason_msg":"Müşteri ödeme yapmaktan vazgeçti ve ödeme sayfasından ayrıldı.","payment_type":"card","merchant_id":"614136","test_mode":"1"} 
[2025-10-30 16:20:08] local.INFO: Callback Hash Verification: {"calculated_hash":"muaOcVanfBEsDaODG0AK/IYyqwKMFwaAYfCUOznOx2k=","received_hash":"muaOcVanfBEsDaODG0AK/IYyqwKMFwaAYfCUOznOx2k=","merchant_oid":"ST271761812993","status":"failed","total_amount":"0"} 
[2025-10-30 16:20:08] local.INFO: Callback verification successful  
[2025-10-30 16:20:08] local.ERROR: Payment callback error {"message":"Attempt to read property \"status\" on null","file":"C:\\xampp\\htdocs\\serbiscrm\\app\\Http\\Controllers\\Frontend\\SubscriptionController.php","line":325,"post_data":{"hash":"muaOcVanfBEsDaODG0AK/IYyqwKMFwaAYfCUOznOx2k=","merchant_oid":"ST271761812993","status":"failed","total_amount":"0","failed_reason_code":"6","failed_reason_msg":"Müşteri ödeme yapmaktan vazgeçti ve ödeme sayfasından ayrıldı.","payment_type":"card","merchant_id":"614136","test_mode":"1"}} 
[2025-10-30 16:20:09] local.INFO: Paytr Callback Received: {"hash":"/vyyJ9HCD8GPZEy7MxTU6EcXOi6A14vhKibU7YwqtU8=","merchant_oid":"INT271761828956","status":"success","total_amount":"180000","payment_type":"card","payment_amount":"180000","currency":"TL","installment_count":"1","merchant_id":"614136","test_mode":"1"} 
[2025-10-30 16:20:09] local.INFO: Callback Hash Verification: {"calculated_hash":"/vyyJ9HCD8GPZEy7MxTU6EcXOi6A14vhKibU7YwqtU8=","received_hash":"/vyyJ9HCD8GPZEy7MxTU6EcXOi6A14vhKibU7YwqtU8=","merchant_oid":"INT271761828956","status":"success","total_amount":"180000"} 
[2025-10-30 16:20:09] local.INFO: Callback verification successful  
[2025-10-30 16:20:09] local.ERROR: Payment callback error {"message":"Attempt to read property \"status\" on null","file":"C:\\xampp\\htdocs\\serbiscrm\\app\\Http\\Controllers\\Frontend\\SubscriptionController.php","line":380,"post_data":{"hash":"/vyyJ9HCD8GPZEy7MxTU6EcXOi6A14vhKibU7YwqtU8=","merchant_oid":"INT271761828956","status":"success","total_amount":"180000","payment_type":"card","payment_amount":"180000","currency":"TL","installment_count":"1","merchant_id":"614136","test_mode":"1"}} 
[2025-10-30 16:20:09] local.INFO: Paytr Callback Received: {"hash":"N0rhd7FEGVpBHvbYJfEPplou8xLYQETpkTRNu/GgArk=","merchant_oid":"INT271761829076","status":"success","total_amount":"285000","payment_type":"card","payment_amount":"285000","currency":"TL","installment_count":"1","merchant_id":"614136","test_mode":"1"} 
[2025-10-30 16:20:09] local.INFO: Callback Hash Verification: {"calculated_hash":"N0rhd7FEGVpBHvbYJfEPplou8xLYQETpkTRNu/GgArk=","received_hash":"N0rhd7FEGVpBHvbYJfEPplou8xLYQETpkTRNu/GgArk=","merchant_oid":"INT271761829076","status":"success","total_amount":"285000"} 
[2025-10-30 16:20:09] local.INFO: Callback verification successful  
[2025-10-30 16:20:09] local.ERROR: Payment callback error {"message":"Attempt to read property \"status\" on null","file":"C:\\xampp\\htdocs\\serbiscrm\\app\\Http\\Controllers\\Frontend\\SubscriptionController.php","line":380,"post_data":{"hash":"N0rhd7FEGVpBHvbYJfEPplou8xLYQETpkTRNu/GgArk=","merchant_oid":"INT271761829076","status":"success","total_amount":"285000","payment_type":"card","payment_amount":"285000","currency":"TL","installment_count":"1","merchant_id":"614136","test_mode":"1"}} 
[2025-10-30 16:20:10] local.INFO: Paytr Callback Received: {"hash":"E46PF12dMiC+C9A5R9woQNvuK/EknHrYtb+Awaaocf8=","merchant_oid":"INT271761829201","status":"success","total_amount":"180000","payment_type":"card","payment_amount":"180000","currency":"TL","installment_count":"1","merchant_id":"614136","test_mode":"1"} 
[2025-10-30 16:20:10] local.INFO: Callback Hash Verification: {"calculated_hash":"E46PF12dMiC+C9A5R9woQNvuK/EknHrYtb+Awaaocf8=","received_hash":"E46PF12dMiC+C9A5R9woQNvuK/EknHrYtb+Awaaocf8=","merchant_oid":"INT271761829201","status":"success","total_amount":"180000"} 
[2025-10-30 16:20:10] local.INFO: Callback verification successful  
[2025-10-30 16:20:10] local.ERROR: Payment callback error {"message":"Attempt to read property \"status\" on null","file":"C:\\xampp\\htdocs\\serbiscrm\\app\\Http\\Controllers\\Frontend\\SubscriptionController.php","line":380,"post_data":{"hash":"E46PF12dMiC+C9A5R9woQNvuK/EknHrYtb+Awaaocf8=","merchant_oid":"INT271761829201","status":"success","total_amount":"180000","payment_type":"card","payment_amount":"180000","currency":"TL","installment_count":"1","merchant_id":"614136","test_mode":"1"}} 
[2025-10-30 16:20:10] local.INFO: Paytr Callback Received: {"hash":"FraceZRstvS3hDhxkjHGUKXCR56lHdxHWboxsKShiJQ=","merchant_oid":"INT271761827437","status":"failed","total_amount":"0","failed_reason_code":"6","failed_reason_msg":"Müşteri ödeme yapmaktan vazgeçti ve ödeme sayfasından ayrıldı.","payment_type":"card","merchant_id":"614136","test_mode":"1"} 
[2025-10-30 16:20:10] local.INFO: Callback Hash Verification: {"calculated_hash":"FraceZRstvS3hDhxkjHGUKXCR56lHdxHWboxsKShiJQ=","received_hash":"FraceZRstvS3hDhxkjHGUKXCR56lHdxHWboxsKShiJQ=","merchant_oid":"INT271761827437","status":"failed","total_amount":"0"} 
[2025-10-30 16:20:10] local.INFO: Callback verification successful  
[2025-10-30 16:20:10] local.ERROR: Payment callback error {"message":"Attempt to read property \"status\" on null","file":"C:\\xampp\\htdocs\\serbiscrm\\app\\Http\\Controllers\\Frontend\\SubscriptionController.php","line":380,"post_data":{"hash":"FraceZRstvS3hDhxkjHGUKXCR56lHdxHWboxsKShiJQ=","merchant_oid":"INT271761827437","status":"failed","total_amount":"0","failed_reason_code":"6","failed_reason_msg":"Müşteri ödeme yapmaktan vazgeçti ve ödeme sayfasından ayrıldı.","payment_type":"card","merchant_id":"614136","test_mode":"1"}} 
[2025-10-30 16:20:11] local.INFO: Paytr Callback Received: {"hash":"VSluNlQT/xy2o+aD2onHyb58hpwEbxCE3M/rNKQE2ok=","merchant_oid":"INT271761829213","status":"success","total_amount":"180000","payment_type":"card","payment_amount":"180000","currency":"TL","installment_count":"1","merchant_id":"614136","test_mode":"1"} 
[2025-10-30 16:20:11] local.INFO: Callback Hash Verification: {"calculated_hash":"VSluNlQT/xy2o+aD2onHyb58hpwEbxCE3M/rNKQE2ok=","received_hash":"VSluNlQT/xy2o+aD2onHyb58hpwEbxCE3M/rNKQE2ok=","merchant_oid":"INT271761829213","status":"success","total_amount":"180000"} 
[2025-10-30 16:20:11] local.INFO: Callback verification successful  
[2025-10-30 16:20:11] local.ERROR: Payment callback error {"message":"Attempt to read property \"status\" on null","file":"C:\\xampp\\htdocs\\serbiscrm\\app\\Http\\Controllers\\Frontend\\SubscriptionController.php","line":380,"post_data":{"hash":"VSluNlQT/xy2o+aD2onHyb58hpwEbxCE3M/rNKQE2ok=","merchant_oid":"INT271761829213","status":"success","total_amount":"180000","payment_type":"card","payment_amount":"180000","currency":"TL","installment_count":"1","merchant_id":"614136","test_mode":"1"}} 
[2025-10-30 16:20:12] local.INFO: Paytr Callback Received: {"hash":"hWQVA1jI/csaLLUBLVq8LAkF60YrYNA9PHYUTW1jMcE=","merchant_oid":"INT271761829790","status":"success","total_amount":"180000","payment_type":"card","payment_amount":"180000","currency":"TL","installment_count":"1","merchant_id":"614136","test_mode":"1"} 
[2025-10-30 16:20:12] local.INFO: Callback Hash Verification: {"calculated_hash":"hWQVA1jI/csaLLUBLVq8LAkF60YrYNA9PHYUTW1jMcE=","received_hash":"hWQVA1jI/csaLLUBLVq8LAkF60YrYNA9PHYUTW1jMcE=","merchant_oid":"INT271761829790","status":"success","total_amount":"180000"} 
[2025-10-30 16:20:12] local.INFO: Callback verification successful  
[2025-10-30 16:20:12] local.ERROR: Payment callback error {"message":"Attempt to read property \"status\" on null","file":"C:\\xampp\\htdocs\\serbiscrm\\app\\Http\\Controllers\\Frontend\\SubscriptionController.php","line":380,"post_data":{"hash":"hWQVA1jI/csaLLUBLVq8LAkF60YrYNA9PHYUTW1jMcE=","merchant_oid":"INT271761829790","status":"success","total_amount":"180000","payment_type":"card","payment_amount":"180000","currency":"TL","installment_count":"1","merchant_id":"614136","test_mode":"1"}} 
[2025-10-30 16:20:13] local.INFO: Paytr Callback Received: {"hash":"+FJrrpEPT+TnkCwQiVrfb2ogeZYYtNy6yXpbQrq+92g=","merchant_oid":"INT271761829973","status":"success","total_amount":"180000","payment_type":"card","payment_amount":"180000","currency":"TL","installment_count":"1","merchant_id":"614136","test_mode":"1"} 
[2025-10-30 16:20:13] local.INFO: Callback Hash Verification: {"calculated_hash":"+FJrrpEPT+TnkCwQiVrfb2ogeZYYtNy6yXpbQrq+92g=","received_hash":"+FJrrpEPT+TnkCwQiVrfb2ogeZYYtNy6yXpbQrq+92g=","merchant_oid":"INT271761829973","status":"success","total_amount":"180000"} 
[2025-10-30 16:20:13] local.INFO: Callback verification successful  
[2025-10-30 16:20:13] local.ERROR: Payment callback error {"message":"Attempt to read property \"status\" on null","file":"C:\\xampp\\htdocs\\serbiscrm\\app\\Http\\Controllers\\Frontend\\SubscriptionController.php","line":380,"post_data":{"hash":"+FJrrpEPT+TnkCwQiVrfb2ogeZYYtNy6yXpbQrq+92g=","merchant_oid":"INT271761829973","status":"success","total_amount":"180000","payment_type":"card","payment_amount":"180000","currency":"TL","installment_count":"1","merchant_id":"614136","test_mode":"1"}} 
[2025-10-30 16:20:13] local.INFO: Paytr Callback Received: {"hash":"PbFbCSTT/bJU5lqhoUa5ubZA4odNMiz6VahvtL/G3zk=","merchant_oid":"INT271761830100","status":"success","total_amount":"180000","payment_type":"card","payment_amount":"180000","currency":"TL","installment_count":"1","merchant_id":"614136","test_mode":"1"} 
[2025-10-30 16:20:13] local.INFO: Callback Hash Verification: {"calculated_hash":"PbFbCSTT/bJU5lqhoUa5ubZA4odNMiz6VahvtL/G3zk=","received_hash":"PbFbCSTT/bJU5lqhoUa5ubZA4odNMiz6VahvtL/G3zk=","merchant_oid":"INT271761830100","status":"success","total_amount":"180000"} 
[2025-10-30 16:20:13] local.INFO: Callback verification successful  
[2025-10-30 16:20:13] local.ERROR: Payment callback error {"message":"Attempt to read property \"status\" on null","file":"C:\\xampp\\htdocs\\serbiscrm\\app\\Http\\Controllers\\Frontend\\SubscriptionController.php","line":380,"post_data":{"hash":"PbFbCSTT/bJU5lqhoUa5ubZA4odNMiz6VahvtL/G3zk=","merchant_oid":"INT271761830100","status":"success","total_amount":"180000","payment_type":"card","payment_amount":"180000","currency":"TL","installment_count":"1","merchant_id":"614136","test_mode":"1"}} 
[2025-10-30 16:20:14] local.INFO: Paytr Callback Received: {"hash":"MhRburdNPqXeN/FnG6VQYKOeh/2xWWgiqx6LpU32ZhI=","merchant_oid":"INT271761830275","status":"success","total_amount":"180000","payment_type":"card","payment_amount":"180000","currency":"TL","installment_count":"1","merchant_id":"614136","test_mode":"1"} 
[2025-10-30 16:20:14] local.INFO: Callback Hash Verification: {"calculated_hash":"MhRburdNPqXeN/FnG6VQYKOeh/2xWWgiqx6LpU32ZhI=","received_hash":"MhRburdNPqXeN/FnG6VQYKOeh/2xWWgiqx6LpU32ZhI=","merchant_oid":"INT271761830275","status":"success","total_amount":"180000"} 
[2025-10-30 16:20:14] local.INFO: Callback verification successful  
[2025-10-30 16:20:14] local.ERROR: Payment callback error {"message":"Attempt to read property \"status\" on null","file":"C:\\xampp\\htdocs\\serbiscrm\\app\\Http\\Controllers\\Frontend\\SubscriptionController.php","line":380,"post_data":{"hash":"MhRburdNPqXeN/FnG6VQYKOeh/2xWWgiqx6LpU32ZhI=","merchant_oid":"INT271761830275","status":"success","total_amount":"180000","payment_type":"card","payment_amount":"180000","currency":"TL","installment_count":"1","merchant_id":"614136","test_mode":"1"}} 
[2025-10-30 16:20:19] local.INFO: PayTR Request Data: {"merchant_id":"614136","order_id":"INT271761830419","amount":285000,"user_ip":"78.190.145.61","hash_string":"61413678.190.145.61INT271761830419fiberdev5@gmail.com285000W1siUEFSQVx1MDE1ZVx1MDBkY1QiLCIyODUwLjAwIiwxXV0=10TL1","token":"NGsAHVeGwVp+LWS8ayDzgLKs9ALuSDwtgagus6oPWgQ="} 
[2025-10-30 16:20:20] local.INFO: PayTR API Response: {"status":"success","token":"02726c0a213e09768f2720c95eedfb1384efcdc6e5b26ea6af3b3762321dd01a-692519814"} 
[2025-10-30 16:20:25] local.INFO: Paytr Callback Received: {"hash":"07svjQkSJNEgyppKbPYbpUscIwa9OiPRElkVlYBjRpA=","merchant_oid":"INT271761830419","status":"success","total_amount":"285000","payment_type":"card","payment_amount":"285000","currency":"TL","installment_count":"1","merchant_id":"614136","test_mode":"1"} 
[2025-10-30 16:20:25] local.INFO: Callback Hash Verification: {"calculated_hash":"07svjQkSJNEgyppKbPYbpUscIwa9OiPRElkVlYBjRpA=","received_hash":"07svjQkSJNEgyppKbPYbpUscIwa9OiPRElkVlYBjRpA=","merchant_oid":"INT271761830419","status":"success","total_amount":"285000"} 
[2025-10-30 16:20:25] local.INFO: Callback verification successful  
[2025-10-30 16:20:25] local.ERROR: Payment callback error {"message":"Attempt to read property \"status\" on null","file":"C:\\xampp\\htdocs\\serbiscrm\\app\\Http\\Controllers\\Frontend\\SubscriptionController.php","line":380,"post_data":{"hash":"07svjQkSJNEgyppKbPYbpUscIwa9OiPRElkVlYBjRpA=","merchant_oid":"INT271761830419","status":"success","total_amount":"285000","payment_type":"card","payment_amount":"285000","currency":"TL","installment_count":"1","merchant_id":"614136","test_mode":"1"}} 
[2025-10-30 16:20:29] local.INFO: PayTR Request Data: {"merchant_id":"614136","order_id":"INT271761830429","amount":285000,"user_ip":"78.190.145.61","hash_string":"61413678.190.145.61INT271761830429fiberdev5@gmail.com285000W1siUEFSQVx1MDE1ZVx1MDBkY1QiLCIyODUwLjAwIiwxXV0=10TL1","token":"mMYnuPYVYhP1i5RlL3Gk296HCEY+XouqUYsNTnbmKC8="} 
[2025-10-30 16:20:30] local.INFO: PayTR API Response: {"status":"success","token":"476c7ee43b69f2b97627fc89b54f580cda0ae6621ff0ab167bec89773017ec90-692519916"} 
[2025-10-30 16:21:08] local.INFO: Paytr Callback Received: {"hash":"muaOcVanfBEsDaODG0AK/IYyqwKMFwaAYfCUOznOx2k=","merchant_oid":"ST271761812993","status":"failed","total_amount":"0","failed_reason_code":"6","failed_reason_msg":"Müşteri ödeme yapmaktan vazgeçti ve ödeme sayfasından ayrıldı.","payment_type":"card","merchant_id":"614136","test_mode":"1"} 
[2025-10-30 16:21:08] local.INFO: Callback Hash Verification: {"calculated_hash":"muaOcVanfBEsDaODG0AK/IYyqwKMFwaAYfCUOznOx2k=","received_hash":"muaOcVanfBEsDaODG0AK/IYyqwKMFwaAYfCUOznOx2k=","merchant_oid":"ST271761812993","status":"failed","total_amount":"0"} 
[2025-10-30 16:21:08] local.INFO: Callback verification successful  
[2025-10-30 16:21:08] local.ERROR: Payment callback error {"message":"Attempt to read property \"status\" on null","file":"C:\\xampp\\htdocs\\serbiscrm\\app\\Http\\Controllers\\Frontend\\SubscriptionController.php","line":325,"post_data":{"hash":"muaOcVanfBEsDaODG0AK/IYyqwKMFwaAYfCUOznOx2k=","merchant_oid":"ST271761812993","status":"failed","total_amount":"0","failed_reason_code":"6","failed_reason_msg":"Müşteri ödeme yapmaktan vazgeçti ve ödeme sayfasından ayrıldı.","payment_type":"card","merchant_id":"614136","test_mode":"1"}} 
[2025-10-30 16:21:08] local.INFO: Paytr Callback Received: {"hash":"/vyyJ9HCD8GPZEy7MxTU6EcXOi6A14vhKibU7YwqtU8=","merchant_oid":"INT271761828956","status":"success","total_amount":"180000","payment_type":"card","payment_amount":"180000","currency":"TL","installment_count":"1","merchant_id":"614136","test_mode":"1"} 
[2025-10-30 16:21:08] local.INFO: Callback Hash Verification: {"calculated_hash":"/vyyJ9HCD8GPZEy7MxTU6EcXOi6A14vhKibU7YwqtU8=","received_hash":"/vyyJ9HCD8GPZEy7MxTU6EcXOi6A14vhKibU7YwqtU8=","merchant_oid":"INT271761828956","status":"success","total_amount":"180000"} 
[2025-10-30 16:21:08] local.INFO: Callback verification successful  
[2025-10-30 16:21:08] local.ERROR: Payment callback error {"message":"Attempt to read property \"status\" on null","file":"C:\\xampp\\htdocs\\serbiscrm\\app\\Http\\Controllers\\Frontend\\SubscriptionController.php","line":380,"post_data":{"hash":"/vyyJ9HCD8GPZEy7MxTU6EcXOi6A14vhKibU7YwqtU8=","merchant_oid":"INT271761828956","status":"success","total_amount":"180000","payment_type":"card","payment_amount":"180000","currency":"TL","installment_count":"1","merchant_id":"614136","test_mode":"1"}} 
[2025-10-30 16:21:09] local.INFO: Paytr Callback Received: {"hash":"N0rhd7FEGVpBHvbYJfEPplou8xLYQETpkTRNu/GgArk=","merchant_oid":"INT271761829076","status":"success","total_amount":"285000","payment_type":"card","payment_amount":"285000","currency":"TL","installment_count":"1","merchant_id":"614136","test_mode":"1"} 
[2025-10-30 16:21:09] local.INFO: Callback Hash Verification: {"calculated_hash":"N0rhd7FEGVpBHvbYJfEPplou8xLYQETpkTRNu/GgArk=","received_hash":"N0rhd7FEGVpBHvbYJfEPplou8xLYQETpkTRNu/GgArk=","merchant_oid":"INT271761829076","status":"success","total_amount":"285000"} 
[2025-10-30 16:21:09] local.INFO: Callback verification successful  
[2025-10-30 16:21:09] local.ERROR: Payment callback error {"message":"Attempt to read property \"status\" on null","file":"C:\\xampp\\htdocs\\serbiscrm\\app\\Http\\Controllers\\Frontend\\SubscriptionController.php","line":380,"post_data":{"hash":"N0rhd7FEGVpBHvbYJfEPplou8xLYQETpkTRNu/GgArk=","merchant_oid":"INT271761829076","status":"success","total_amount":"285000","payment_type":"card","payment_amount":"285000","currency":"TL","installment_count":"1","merchant_id":"614136","test_mode":"1"}} 
[2025-10-30 16:21:09] local.INFO: Paytr Callback Received: {"hash":"E46PF12dMiC+C9A5R9woQNvuK/EknHrYtb+Awaaocf8=","merchant_oid":"INT271761829201","status":"success","total_amount":"180000","payment_type":"card","payment_amount":"180000","currency":"TL","installment_count":"1","merchant_id":"614136","test_mode":"1"} 
[2025-10-30 16:21:09] local.INFO: Callback Hash Verification: {"calculated_hash":"E46PF12dMiC+C9A5R9woQNvuK/EknHrYtb+Awaaocf8=","received_hash":"E46PF12dMiC+C9A5R9woQNvuK/EknHrYtb+Awaaocf8=","merchant_oid":"INT271761829201","status":"success","total_amount":"180000"} 
[2025-10-30 16:21:09] local.INFO: Callback verification successful  
[2025-10-30 16:21:10] local.ERROR: Payment callback error {"message":"Attempt to read property \"status\" on null","file":"C:\\xampp\\htdocs\\serbiscrm\\app\\Http\\Controllers\\Frontend\\SubscriptionController.php","line":380,"post_data":{"hash":"E46PF12dMiC+C9A5R9woQNvuK/EknHrYtb+Awaaocf8=","merchant_oid":"INT271761829201","status":"success","total_amount":"180000","payment_type":"card","payment_amount":"180000","currency":"TL","installment_count":"1","merchant_id":"614136","test_mode":"1"}} 
[2025-10-30 16:21:10] local.INFO: Paytr Callback Received: {"hash":"FraceZRstvS3hDhxkjHGUKXCR56lHdxHWboxsKShiJQ=","merchant_oid":"INT271761827437","status":"failed","total_amount":"0","failed_reason_code":"6","failed_reason_msg":"Müşteri ödeme yapmaktan vazgeçti ve ödeme sayfasından ayrıldı.","payment_type":"card","merchant_id":"614136","test_mode":"1"} 
[2025-10-30 16:21:10] local.INFO: Callback Hash Verification: {"calculated_hash":"FraceZRstvS3hDhxkjHGUKXCR56lHdxHWboxsKShiJQ=","received_hash":"FraceZRstvS3hDhxkjHGUKXCR56lHdxHWboxsKShiJQ=","merchant_oid":"INT271761827437","status":"failed","total_amount":"0"} 
[2025-10-30 16:21:10] local.INFO: Callback verification successful  
[2025-10-30 16:21:10] local.ERROR: Payment callback error {"message":"Attempt to read property \"status\" on null","file":"C:\\xampp\\htdocs\\serbiscrm\\app\\Http\\Controllers\\Frontend\\SubscriptionController.php","line":380,"post_data":{"hash":"FraceZRstvS3hDhxkjHGUKXCR56lHdxHWboxsKShiJQ=","merchant_oid":"INT271761827437","status":"failed","total_amount":"0","failed_reason_code":"6","failed_reason_msg":"Müşteri ödeme yapmaktan vazgeçti ve ödeme sayfasından ayrıldı.","payment_type":"card","merchant_id":"614136","test_mode":"1"}} 
[2025-10-30 16:21:11] local.INFO: Paytr Callback Received: {"hash":"VSluNlQT/xy2o+aD2onHyb58hpwEbxCE3M/rNKQE2ok=","merchant_oid":"INT271761829213","status":"success","total_amount":"180000","payment_type":"card","payment_amount":"180000","currency":"TL","installment_count":"1","merchant_id":"614136","test_mode":"1"} 
[2025-10-30 16:21:11] local.INFO: Callback Hash Verification: {"calculated_hash":"VSluNlQT/xy2o+aD2onHyb58hpwEbxCE3M/rNKQE2ok=","received_hash":"VSluNlQT/xy2o+aD2onHyb58hpwEbxCE3M/rNKQE2ok=","merchant_oid":"INT271761829213","status":"success","total_amount":"180000"} 
[2025-10-30 16:21:11] local.INFO: Callback verification successful  
[2025-10-30 16:21:11] local.ERROR: Payment callback error {"message":"Attempt to read property \"status\" on null","file":"C:\\xampp\\htdocs\\serbiscrm\\app\\Http\\Controllers\\Frontend\\SubscriptionController.php","line":380,"post_data":{"hash":"VSluNlQT/xy2o+aD2onHyb58hpwEbxCE3M/rNKQE2ok=","merchant_oid":"INT271761829213","status":"success","total_amount":"180000","payment_type":"card","payment_amount":"180000","currency":"TL","installment_count":"1","merchant_id":"614136","test_mode":"1"}} 
[2025-10-30 16:21:11] local.INFO: Paytr Callback Received: {"hash":"hWQVA1jI/csaLLUBLVq8LAkF60YrYNA9PHYUTW1jMcE=","merchant_oid":"INT271761829790","status":"success","total_amount":"180000","payment_type":"card","payment_amount":"180000","currency":"TL","installment_count":"1","merchant_id":"614136","test_mode":"1"} 
[2025-10-30 16:21:11] local.INFO: Callback Hash Verification: {"calculated_hash":"hWQVA1jI/csaLLUBLVq8LAkF60YrYNA9PHYUTW1jMcE=","received_hash":"hWQVA1jI/csaLLUBLVq8LAkF60YrYNA9PHYUTW1jMcE=","merchant_oid":"INT271761829790","status":"success","total_amount":"180000"} 
[2025-10-30 16:21:11] local.INFO: Callback verification successful  
[2025-10-30 16:21:11] local.ERROR: Payment callback error {"message":"Attempt to read property \"status\" on null","file":"C:\\xampp\\htdocs\\serbiscrm\\app\\Http\\Controllers\\Frontend\\SubscriptionController.php","line":380,"post_data":{"hash":"hWQVA1jI/csaLLUBLVq8LAkF60YrYNA9PHYUTW1jMcE=","merchant_oid":"INT271761829790","status":"success","total_amount":"180000","payment_type":"card","payment_amount":"180000","currency":"TL","installment_count":"1","merchant_id":"614136","test_mode":"1"}} 
[2025-10-30 16:21:12] local.INFO: Paytr Callback Received: {"hash":"+FJrrpEPT+TnkCwQiVrfb2ogeZYYtNy6yXpbQrq+92g=","merchant_oid":"INT271761829973","status":"success","total_amount":"180000","payment_type":"card","payment_amount":"180000","currency":"TL","installment_count":"1","merchant_id":"614136","test_mode":"1"} 
[2025-10-30 16:21:12] local.INFO: Callback Hash Verification: {"calculated_hash":"+FJrrpEPT+TnkCwQiVrfb2ogeZYYtNy6yXpbQrq+92g=","received_hash":"+FJrrpEPT+TnkCwQiVrfb2ogeZYYtNy6yXpbQrq+92g=","merchant_oid":"INT271761829973","status":"success","total_amount":"180000"} 
[2025-10-30 16:21:12] local.INFO: Callback verification successful  
[2025-10-30 16:21:12] local.ERROR: Payment callback error {"message":"Attempt to read property \"status\" on null","file":"C:\\xampp\\htdocs\\serbiscrm\\app\\Http\\Controllers\\Frontend\\SubscriptionController.php","line":380,"post_data":{"hash":"+FJrrpEPT+TnkCwQiVrfb2ogeZYYtNy6yXpbQrq+92g=","merchant_oid":"INT271761829973","status":"success","total_amount":"180000","payment_type":"card","payment_amount":"180000","currency":"TL","installment_count":"1","merchant_id":"614136","test_mode":"1"}} 
[2025-10-30 16:21:13] local.INFO: Paytr Callback Received: {"hash":"PbFbCSTT/bJU5lqhoUa5ubZA4odNMiz6VahvtL/G3zk=","merchant_oid":"INT271761830100","status":"success","total_amount":"180000","payment_type":"card","payment_amount":"180000","currency":"TL","installment_count":"1","merchant_id":"614136","test_mode":"1"} 
[2025-10-30 16:21:13] local.INFO: Callback Hash Verification: {"calculated_hash":"PbFbCSTT/bJU5lqhoUa5ubZA4odNMiz6VahvtL/G3zk=","received_hash":"PbFbCSTT/bJU5lqhoUa5ubZA4odNMiz6VahvtL/G3zk=","merchant_oid":"INT271761830100","status":"success","total_amount":"180000"} 
[2025-10-30 16:21:13] local.INFO: Callback verification successful  
[2025-10-30 16:21:13] local.ERROR: Payment callback error {"message":"Attempt to read property \"status\" on null","file":"C:\\xampp\\htdocs\\serbiscrm\\app\\Http\\Controllers\\Frontend\\SubscriptionController.php","line":380,"post_data":{"hash":"PbFbCSTT/bJU5lqhoUa5ubZA4odNMiz6VahvtL/G3zk=","merchant_oid":"INT271761830100","status":"success","total_amount":"180000","payment_type":"card","payment_amount":"180000","currency":"TL","installment_count":"1","merchant_id":"614136","test_mode":"1"}} 
[2025-10-30 16:21:13] local.INFO: Paytr Callback Received: {"hash":"MhRburdNPqXeN/FnG6VQYKOeh/2xWWgiqx6LpU32ZhI=","merchant_oid":"INT271761830275","status":"success","total_amount":"180000","payment_type":"card","payment_amount":"180000","currency":"TL","installment_count":"1","merchant_id":"614136","test_mode":"1"} 
[2025-10-30 16:21:13] local.INFO: Callback Hash Verification: {"calculated_hash":"MhRburdNPqXeN/FnG6VQYKOeh/2xWWgiqx6LpU32ZhI=","received_hash":"MhRburdNPqXeN/FnG6VQYKOeh/2xWWgiqx6LpU32ZhI=","merchant_oid":"INT271761830275","status":"success","total_amount":"180000"} 
[2025-10-30 16:21:13] local.INFO: Callback verification successful  
[2025-10-30 16:21:13] local.ERROR: Payment callback error {"message":"Attempt to read property \"status\" on null","file":"C:\\xampp\\htdocs\\serbiscrm\\app\\Http\\Controllers\\Frontend\\SubscriptionController.php","line":380,"post_data":{"hash":"MhRburdNPqXeN/FnG6VQYKOeh/2xWWgiqx6LpU32ZhI=","merchant_oid":"INT271761830275","status":"success","total_amount":"180000","payment_type":"card","payment_amount":"180000","currency":"TL","installment_count":"1","merchant_id":"614136","test_mode":"1"}} 
[2025-10-30 16:21:14] local.INFO: Paytr Callback Received: {"hash":"07svjQkSJNEgyppKbPYbpUscIwa9OiPRElkVlYBjRpA=","merchant_oid":"INT271761830419","status":"success","total_amount":"285000","payment_type":"card","payment_amount":"285000","currency":"TL","installment_count":"1","merchant_id":"614136","test_mode":"1"} 
[2025-10-30 16:21:14] local.INFO: Callback Hash Verification: {"calculated_hash":"07svjQkSJNEgyppKbPYbpUscIwa9OiPRElkVlYBjRpA=","received_hash":"07svjQkSJNEgyppKbPYbpUscIwa9OiPRElkVlYBjRpA=","merchant_oid":"INT271761830419","status":"success","total_amount":"285000"} 
[2025-10-30 16:21:14] local.INFO: Callback verification successful  
[2025-10-30 16:21:14] local.ERROR: Payment callback error {"message":"Attempt to read property \"status\" on null","file":"C:\\xampp\\htdocs\\serbiscrm\\app\\Http\\Controllers\\Frontend\\SubscriptionController.php","line":380,"post_data":{"hash":"07svjQkSJNEgyppKbPYbpUscIwa9OiPRElkVlYBjRpA=","merchant_oid":"INT271761830419","status":"success","total_amount":"285000","payment_type":"card","payment_amount":"285000","currency":"TL","installment_count":"1","merchant_id":"614136","test_mode":"1"}} 
[2025-10-30 16:21:14] local.INFO: Paytr Callback Received: {"hash":"9S4e3VzkI46k/1uupPKMmstsega6koHlRALbF3hd8J8=","merchant_oid":"INT271761828574","status":"failed","total_amount":"0","failed_reason_code":"6","failed_reason_msg":"Müşteri ödeme yapmaktan vazgeçti ve ödeme sayfasından ayrıldı.","payment_type":"card","merchant_id":"614136","test_mode":"1"} 
[2025-10-30 16:21:14] local.INFO: Callback Hash Verification: {"calculated_hash":"9S4e3VzkI46k/1uupPKMmstsega6koHlRALbF3hd8J8=","received_hash":"9S4e3VzkI46k/1uupPKMmstsega6koHlRALbF3hd8J8=","merchant_oid":"INT271761828574","status":"failed","total_amount":"0"} 
[2025-10-30 16:21:14] local.INFO: Callback verification successful  
[2025-10-30 16:21:14] local.ERROR: Payment callback error {"message":"Attempt to read property \"status\" on null","file":"C:\\xampp\\htdocs\\serbiscrm\\app\\Http\\Controllers\\Frontend\\SubscriptionController.php","line":380,"post_data":{"hash":"9S4e3VzkI46k/1uupPKMmstsega6koHlRALbF3hd8J8=","merchant_oid":"INT271761828574","status":"failed","total_amount":"0","failed_reason_code":"6","failed_reason_msg":"Müşteri ödeme yapmaktan vazgeçti ve ödeme sayfasından ayrıldı.","payment_type":"card","merchant_id":"614136","test_mode":"1"}} 
[2025-10-30 16:22:09] local.INFO: Paytr Callback Received: {"hash":"muaOcVanfBEsDaODG0AK/IYyqwKMFwaAYfCUOznOx2k=","merchant_oid":"ST271761812993","status":"failed","total_amount":"0","failed_reason_code":"6","failed_reason_msg":"Müşteri ödeme yapmaktan vazgeçti ve ödeme sayfasından ayrıldı.","payment_type":"card","merchant_id":"614136","test_mode":"1"} 
[2025-10-30 16:22:09] local.INFO: Callback Hash Verification: {"calculated_hash":"muaOcVanfBEsDaODG0AK/IYyqwKMFwaAYfCUOznOx2k=","received_hash":"muaOcVanfBEsDaODG0AK/IYyqwKMFwaAYfCUOznOx2k=","merchant_oid":"ST271761812993","status":"failed","total_amount":"0"} 
[2025-10-30 16:22:09] local.INFO: Callback verification successful  
[2025-10-30 16:22:09] local.ERROR: Payment callback error {"message":"Attempt to read property \"status\" on null","file":"C:\\xampp\\htdocs\\serbiscrm\\app\\Http\\Controllers\\Frontend\\SubscriptionController.php","line":325,"post_data":{"hash":"muaOcVanfBEsDaODG0AK/IYyqwKMFwaAYfCUOznOx2k=","merchant_oid":"ST271761812993","status":"failed","total_amount":"0","failed_reason_code":"6","failed_reason_msg":"Müşteri ödeme yapmaktan vazgeçti ve ödeme sayfasından ayrıldı.","payment_type":"card","merchant_id":"614136","test_mode":"1"}} 
[2025-10-30 16:22:09] local.INFO: Paytr Callback Received: {"hash":"/vyyJ9HCD8GPZEy7MxTU6EcXOi6A14vhKibU7YwqtU8=","merchant_oid":"INT271761828956","status":"success","total_amount":"180000","payment_type":"card","payment_amount":"180000","currency":"TL","installment_count":"1","merchant_id":"614136","test_mode":"1"} 
[2025-10-30 16:22:09] local.INFO: Callback Hash Verification: {"calculated_hash":"/vyyJ9HCD8GPZEy7MxTU6EcXOi6A14vhKibU7YwqtU8=","received_hash":"/vyyJ9HCD8GPZEy7MxTU6EcXOi6A14vhKibU7YwqtU8=","merchant_oid":"INT271761828956","status":"success","total_amount":"180000"} 
[2025-10-30 16:22:09] local.INFO: Callback verification successful  
[2025-10-30 16:22:09] local.ERROR: Payment callback error {"message":"Attempt to read property \"status\" on null","file":"C:\\xampp\\htdocs\\serbiscrm\\app\\Http\\Controllers\\Frontend\\SubscriptionController.php","line":380,"post_data":{"hash":"/vyyJ9HCD8GPZEy7MxTU6EcXOi6A14vhKibU7YwqtU8=","merchant_oid":"INT271761828956","status":"success","total_amount":"180000","payment_type":"card","payment_amount":"180000","currency":"TL","installment_count":"1","merchant_id":"614136","test_mode":"1"}} 
[2025-10-30 16:22:10] local.INFO: Paytr Callback Received: {"hash":"N0rhd7FEGVpBHvbYJfEPplou8xLYQETpkTRNu/GgArk=","merchant_oid":"INT271761829076","status":"success","total_amount":"285000","payment_type":"card","payment_amount":"285000","currency":"TL","installment_count":"1","merchant_id":"614136","test_mode":"1"} 
[2025-10-30 16:22:10] local.INFO: Callback Hash Verification: {"calculated_hash":"N0rhd7FEGVpBHvbYJfEPplou8xLYQETpkTRNu/GgArk=","received_hash":"N0rhd7FEGVpBHvbYJfEPplou8xLYQETpkTRNu/GgArk=","merchant_oid":"INT271761829076","status":"success","total_amount":"285000"} 
[2025-10-30 16:22:10] local.INFO: Callback verification successful  
[2025-10-30 16:22:10] local.ERROR: Payment callback error {"message":"Attempt to read property \"status\" on null","file":"C:\\xampp\\htdocs\\serbiscrm\\app\\Http\\Controllers\\Frontend\\SubscriptionController.php","line":380,"post_data":{"hash":"N0rhd7FEGVpBHvbYJfEPplou8xLYQETpkTRNu/GgArk=","merchant_oid":"INT271761829076","status":"success","total_amount":"285000","payment_type":"card","payment_amount":"285000","currency":"TL","installment_count":"1","merchant_id":"614136","test_mode":"1"}} 
[2025-10-30 16:22:11] local.INFO: Paytr Callback Received: {"hash":"E46PF12dMiC+C9A5R9woQNvuK/EknHrYtb+Awaaocf8=","merchant_oid":"INT271761829201","status":"success","total_amount":"180000","payment_type":"card","payment_amount":"180000","currency":"TL","installment_count":"1","merchant_id":"614136","test_mode":"1"} 
[2025-10-30 16:22:11] local.INFO: Callback Hash Verification: {"calculated_hash":"E46PF12dMiC+C9A5R9woQNvuK/EknHrYtb+Awaaocf8=","received_hash":"E46PF12dMiC+C9A5R9woQNvuK/EknHrYtb+Awaaocf8=","merchant_oid":"INT271761829201","status":"success","total_amount":"180000"} 
[2025-10-30 16:22:11] local.INFO: Callback verification successful  
[2025-10-30 16:22:11] local.ERROR: Payment callback error {"message":"Attempt to read property \"status\" on null","file":"C:\\xampp\\htdocs\\serbiscrm\\app\\Http\\Controllers\\Frontend\\SubscriptionController.php","line":380,"post_data":{"hash":"E46PF12dMiC+C9A5R9woQNvuK/EknHrYtb+Awaaocf8=","merchant_oid":"INT271761829201","status":"success","total_amount":"180000","payment_type":"card","payment_amount":"180000","currency":"TL","installment_count":"1","merchant_id":"614136","test_mode":"1"}} 
[2025-10-30 16:22:11] local.INFO: Paytr Callback Received: {"hash":"FraceZRstvS3hDhxkjHGUKXCR56lHdxHWboxsKShiJQ=","merchant_oid":"INT271761827437","status":"failed","total_amount":"0","failed_reason_code":"6","failed_reason_msg":"Müşteri ödeme yapmaktan vazgeçti ve ödeme sayfasından ayrıldı.","payment_type":"card","merchant_id":"614136","test_mode":"1"} 
[2025-10-30 16:22:11] local.INFO: Callback Hash Verification: {"calculated_hash":"FraceZRstvS3hDhxkjHGUKXCR56lHdxHWboxsKShiJQ=","received_hash":"FraceZRstvS3hDhxkjHGUKXCR56lHdxHWboxsKShiJQ=","merchant_oid":"INT271761827437","status":"failed","total_amount":"0"} 
[2025-10-30 16:22:11] local.INFO: Callback verification successful  
[2025-10-30 16:22:11] local.ERROR: Payment callback error {"message":"Attempt to read property \"status\" on null","file":"C:\\xampp\\htdocs\\serbiscrm\\app\\Http\\Controllers\\Frontend\\SubscriptionController.php","line":380,"post_data":{"hash":"FraceZRstvS3hDhxkjHGUKXCR56lHdxHWboxsKShiJQ=","merchant_oid":"INT271761827437","status":"failed","total_amount":"0","failed_reason_code":"6","failed_reason_msg":"Müşteri ödeme yapmaktan vazgeçti ve ödeme sayfasından ayrıldı.","payment_type":"card","merchant_id":"614136","test_mode":"1"}} 
[2025-10-30 16:22:12] local.INFO: Paytr Callback Received: {"hash":"VSluNlQT/xy2o+aD2onHyb58hpwEbxCE3M/rNKQE2ok=","merchant_oid":"INT271761829213","status":"success","total_amount":"180000","payment_type":"card","payment_amount":"180000","currency":"TL","installment_count":"1","merchant_id":"614136","test_mode":"1"} 
[2025-10-30 16:22:12] local.INFO: Callback Hash Verification: {"calculated_hash":"VSluNlQT/xy2o+aD2onHyb58hpwEbxCE3M/rNKQE2ok=","received_hash":"VSluNlQT/xy2o+aD2onHyb58hpwEbxCE3M/rNKQE2ok=","merchant_oid":"INT271761829213","status":"success","total_amount":"180000"} 
[2025-10-30 16:22:12] local.INFO: Callback verification successful  
[2025-10-30 16:22:12] local.ERROR: Payment callback error {"message":"Attempt to read property \"status\" on null","file":"C:\\xampp\\htdocs\\serbiscrm\\app\\Http\\Controllers\\Frontend\\SubscriptionController.php","line":380,"post_data":{"hash":"VSluNlQT/xy2o+aD2onHyb58hpwEbxCE3M/rNKQE2ok=","merchant_oid":"INT271761829213","status":"success","total_amount":"180000","payment_type":"card","payment_amount":"180000","currency":"TL","installment_count":"1","merchant_id":"614136","test_mode":"1"}} 
[2025-10-30 16:22:13] local.INFO: Paytr Callback Received: {"hash":"hWQVA1jI/csaLLUBLVq8LAkF60YrYNA9PHYUTW1jMcE=","merchant_oid":"INT271761829790","status":"success","total_amount":"180000","payment_type":"card","payment_amount":"180000","currency":"TL","installment_count":"1","merchant_id":"614136","test_mode":"1"} 
[2025-10-30 16:22:13] local.INFO: Callback Hash Verification: {"calculated_hash":"hWQVA1jI/csaLLUBLVq8LAkF60YrYNA9PHYUTW1jMcE=","received_hash":"hWQVA1jI/csaLLUBLVq8LAkF60YrYNA9PHYUTW1jMcE=","merchant_oid":"INT271761829790","status":"success","total_amount":"180000"} 
[2025-10-30 16:22:13] local.INFO: Callback verification successful  
[2025-10-30 16:22:13] local.ERROR: Payment callback error {"message":"Attempt to read property \"status\" on null","file":"C:\\xampp\\htdocs\\serbiscrm\\app\\Http\\Controllers\\Frontend\\SubscriptionController.php","line":380,"post_data":{"hash":"hWQVA1jI/csaLLUBLVq8LAkF60YrYNA9PHYUTW1jMcE=","merchant_oid":"INT271761829790","status":"success","total_amount":"180000","payment_type":"card","payment_amount":"180000","currency":"TL","installment_count":"1","merchant_id":"614136","test_mode":"1"}} 
[2025-10-30 16:22:13] local.INFO: Paytr Callback Received: {"hash":"+FJrrpEPT+TnkCwQiVrfb2ogeZYYtNy6yXpbQrq+92g=","merchant_oid":"INT271761829973","status":"success","total_amount":"180000","payment_type":"card","payment_amount":"180000","currency":"TL","installment_count":"1","merchant_id":"614136","test_mode":"1"} 
[2025-10-30 16:22:13] local.INFO: Callback Hash Verification: {"calculated_hash":"+FJrrpEPT+TnkCwQiVrfb2ogeZYYtNy6yXpbQrq+92g=","received_hash":"+FJrrpEPT+TnkCwQiVrfb2ogeZYYtNy6yXpbQrq+92g=","merchant_oid":"INT271761829973","status":"success","total_amount":"180000"} 
[2025-10-30 16:22:13] local.INFO: Callback verification successful  
[2025-10-30 16:22:13] local.ERROR: Payment callback error {"message":"Attempt to read property \"status\" on null","file":"C:\\xampp\\htdocs\\serbiscrm\\app\\Http\\Controllers\\Frontend\\SubscriptionController.php","line":380,"post_data":{"hash":"+FJrrpEPT+TnkCwQiVrfb2ogeZYYtNy6yXpbQrq+92g=","merchant_oid":"INT271761829973","status":"success","total_amount":"180000","payment_type":"card","payment_amount":"180000","currency":"TL","installment_count":"1","merchant_id":"614136","test_mode":"1"}} 
[2025-10-30 16:22:14] local.INFO: Paytr Callback Received: {"hash":"PbFbCSTT/bJU5lqhoUa5ubZA4odNMiz6VahvtL/G3zk=","merchant_oid":"INT271761830100","status":"success","total_amount":"180000","payment_type":"card","payment_amount":"180000","currency":"TL","installment_count":"1","merchant_id":"614136","test_mode":"1"} 
[2025-10-30 16:22:14] local.INFO: Callback Hash Verification: {"calculated_hash":"PbFbCSTT/bJU5lqhoUa5ubZA4odNMiz6VahvtL/G3zk=","received_hash":"PbFbCSTT/bJU5lqhoUa5ubZA4odNMiz6VahvtL/G3zk=","merchant_oid":"INT271761830100","status":"success","total_amount":"180000"} 
[2025-10-30 16:22:14] local.INFO: Callback verification successful  
[2025-10-30 16:22:14] local.ERROR: Payment callback error {"message":"Attempt to read property \"status\" on null","file":"C:\\xampp\\htdocs\\serbiscrm\\app\\Http\\Controllers\\Frontend\\SubscriptionController.php","line":380,"post_data":{"hash":"PbFbCSTT/bJU5lqhoUa5ubZA4odNMiz6VahvtL/G3zk=","merchant_oid":"INT271761830100","status":"success","total_amount":"180000","payment_type":"card","payment_amount":"180000","currency":"TL","installment_count":"1","merchant_id":"614136","test_mode":"1"}} 
[2025-10-30 16:22:15] local.INFO: Paytr Callback Received: {"hash":"MhRburdNPqXeN/FnG6VQYKOeh/2xWWgiqx6LpU32ZhI=","merchant_oid":"INT271761830275","status":"success","total_amount":"180000","payment_type":"card","payment_amount":"180000","currency":"TL","installment_count":"1","merchant_id":"614136","test_mode":"1"} 
[2025-10-30 16:22:15] local.INFO: Callback Hash Verification: {"calculated_hash":"MhRburdNPqXeN/FnG6VQYKOeh/2xWWgiqx6LpU32ZhI=","received_hash":"MhRburdNPqXeN/FnG6VQYKOeh/2xWWgiqx6LpU32ZhI=","merchant_oid":"INT271761830275","status":"success","total_amount":"180000"} 
[2025-10-30 16:22:15] local.INFO: Callback verification successful  
[2025-10-30 16:22:15] local.ERROR: Payment callback error {"message":"Attempt to read property \"status\" on null","file":"C:\\xampp\\htdocs\\serbiscrm\\app\\Http\\Controllers\\Frontend\\SubscriptionController.php","line":380,"post_data":{"hash":"MhRburdNPqXeN/FnG6VQYKOeh/2xWWgiqx6LpU32ZhI=","merchant_oid":"INT271761830275","status":"success","total_amount":"180000","payment_type":"card","payment_amount":"180000","currency":"TL","installment_count":"1","merchant_id":"614136","test_mode":"1"}} 
[2025-10-30 16:22:15] local.INFO: Paytr Callback Received: {"hash":"07svjQkSJNEgyppKbPYbpUscIwa9OiPRElkVlYBjRpA=","merchant_oid":"INT271761830419","status":"success","total_amount":"285000","payment_type":"card","payment_amount":"285000","currency":"TL","installment_count":"1","merchant_id":"614136","test_mode":"1"} 
[2025-10-30 16:22:15] local.INFO: Callback Hash Verification: {"calculated_hash":"07svjQkSJNEgyppKbPYbpUscIwa9OiPRElkVlYBjRpA=","received_hash":"07svjQkSJNEgyppKbPYbpUscIwa9OiPRElkVlYBjRpA=","merchant_oid":"INT271761830419","status":"success","total_amount":"285000"} 
[2025-10-30 16:22:15] local.INFO: Callback verification successful  
[2025-10-30 16:22:15] local.ERROR: Payment callback error {"message":"Attempt to read property \"status\" on null","file":"C:\\xampp\\htdocs\\serbiscrm\\app\\Http\\Controllers\\Frontend\\SubscriptionController.php","line":380,"post_data":{"hash":"07svjQkSJNEgyppKbPYbpUscIwa9OiPRElkVlYBjRpA=","merchant_oid":"INT271761830419","status":"success","total_amount":"285000","payment_type":"card","payment_amount":"285000","currency":"TL","installment_count":"1","merchant_id":"614136","test_mode":"1"}} 
[2025-10-30 16:22:16] local.INFO: Paytr Callback Received: {"hash":"9S4e3VzkI46k/1uupPKMmstsega6koHlRALbF3hd8J8=","merchant_oid":"INT271761828574","status":"failed","total_amount":"0","failed_reason_code":"6","failed_reason_msg":"Müşteri ödeme yapmaktan vazgeçti ve ödeme sayfasından ayrıldı.","payment_type":"card","merchant_id":"614136","test_mode":"1"} 
[2025-10-30 16:22:16] local.INFO: Callback Hash Verification: {"calculated_hash":"9S4e3VzkI46k/1uupPKMmstsega6koHlRALbF3hd8J8=","received_hash":"9S4e3VzkI46k/1uupPKMmstsega6koHlRALbF3hd8J8=","merchant_oid":"INT271761828574","status":"failed","total_amount":"0"} 
[2025-10-30 16:22:16] local.INFO: Callback verification successful  
[2025-10-30 16:22:16] local.ERROR: Payment callback error {"message":"Attempt to read property \"status\" on null","file":"C:\\xampp\\htdocs\\serbiscrm\\app\\Http\\Controllers\\Frontend\\SubscriptionController.php","line":380,"post_data":{"hash":"9S4e3VzkI46k/1uupPKMmstsega6koHlRALbF3hd8J8=","merchant_oid":"INT271761828574","status":"failed","total_amount":"0","failed_reason_code":"6","failed_reason_msg":"Müşteri ödeme yapmaktan vazgeçti ve ödeme sayfasından ayrıldı.","payment_type":"card","merchant_id":"614136","test_mode":"1"}} 
